timestamp,release_name,release_id,is_prerelease,asset_name,os_name,architecture,java_type,total_downloads
2026-10-07T02:56:57+00:00,sapmachine-28+18,405275155,True,sapmachine-jdk-28-ea.18_linux-x64-musl_bin.tar.gz,alpine,x64,jdk,1
2026-10-07T02:56:57+00:00,sapmachine-28+18,405275155,True,sapmachine-jre-28-ea.18_linux-x64-musl_bin.tar.gz,alpine,x64,jre,1
2026-10-07T02:56:57+00:00,sapmachine-28+18,405275155,True,sapmachine-jdk-28-ea.18_linux-x64-musl_bin-symbols.tar.gz,alpine,x64,jdk,0
2026-10-07T02:56:57+00:00,sapmachine-28+18,405275155,True,sapmachine-jdk-28-ea.18_macos-aarch64_bin.tar.gz,macos,aarch64,jdk,1
2026-10-07T02:56:57+00:00,sapmachine-28+18,405275155,True,sapmachine-jre-28-ea.18_macos-aarch64_bin.tar.gz,macos,aarch64,jre,1
2026-10-07T02:56:57+00:00,sapmachine-28+18,405275155,True,sapmachine-jdk-28-ea.18_macos-aarch64_bin-symbols.tar.gz,macos,aarch64,jdk,0
2026-10-07T02:56:57+00:00,sapmachine-28+18,405275155,True,sapmachine-jdk-28-ea.18_macos-aarch64_bin.dmg,macos,aarch64,jdk,1
2026-10-07T02:56:57+00:00,sapmachine-28+18,405275155,True,sapmachine-jre-28-ea.18_macos-aarch64_bin.dmg,macos,aarch64,jre,1
2026-10-07T02:56:57+00:00,sapmachine-28+18,405275155,True,sapmachine-jdk-28-ea.18_linux-x64_bin.tar.gz,linux,x64,jdk,2
2026-10-07T02:56:57+00:00,sapmachine-28+18,405275155,True,sapmachine-jre-28-ea.18_linux-x64_bin.tar.gz,linux,x64,jre,2
2026-10-07T02:56:57+00:00,sapmachine-28+18,405275155,True,sapmachine-jdk-28-ea.18_linux-x64_bin-symbols.tar.gz,linux,x64,jdk,0
2026-10-07T02:56:57+00:00,sapmachine-28+18,405275155,True,sapmachine-jdk-28-ea.18_linux-ppc64le_bin.tar.gz,linux,ppc64,jdk,2
2026-10-07T02:56:57+00:00,sapmachine-28+18,405275155,True,sapmachine-jre-28-ea.18_linux-ppc64le_bin.tar.gz,linux,ppc64,jre,2
2026-10-07T02:56:57+00:00,sapmachine-28+18,405275155,True,sapmachine-jdk-28-ea.18_linux-ppc64le_bin-symbols.tar.gz,linux,ppc64,jdk,0
2026-10-07T02:56:57+00:00,sapmachine-28+18,405275155,True,sapmachine-jdk-28-ea.18_linux-aarch64_bin.tar.gz,linux,aarch64,jdk,1
2026-10-07T02:56:57+00:00,sapmachine-28+18,405275155,True,sapmachine-jre-28-ea.18_linux-aarch64_bin.tar.gz,linux,aarch64,jre,1
2026-10-07T02:56:57+00:00,sapmachine-28+18,405275155,True,sapmachine-jdk-28-ea.18_linux-aarch64_bin-symbols.tar.gz,linux,aarch64,jdk,0
2026-10-07T02:56:57+00:00,sapmachine-17.0.21+8,403294500,True,sapmachine-jdk-17.0.21-ea.8_linux-x64_bin.tar.gz,linux,x64,jdk,77
2026-10-07T02:56:57+00:00,sapmachine-17.0.21+8,403294500,True,sapmachine-jre-17.0.21-ea.8_linux-x64_bin.tar.gz,linux,x64,jre,22
2026-10-07T02:56:57+00:00,sapmachine-17.0.21+8,403294500,True,sapmachine-jdk-17.0.21-ea.8_linux-x64_bin-symbols.tar.gz,linux,x64,jdk,1
2026-10-07T02:56:57+00:00,sapmachine-17.0.21+8,403294500,True,sapmachine-jdk-17.0.21-ea.8_macos-aarch64_bin.tar.gz,macos,aarch64,jdk,220
2026-10-07T02:56:57+00:00,sapmachine-17.0.21+8,403294500,True,sapmachine-jre-17.0.21-ea.8_macos-aarch64_bin.tar.gz,macos,aarch64,jre,24
2026-10-07T02:56:57+00:00,sapmachine-17.0.21+8,403294500,True,sapmachine-jdk-17.0.21-ea.8_macos-aarch64_bin-symbols.tar.gz,macos,aarch64,jdk,2
2026-10-07T02:56:57+00:00,sapmachine-17.0.21+8,403294500,True,sapmachine-jdk-17.0.21-ea.8_macos-aarch64_bin.dmg,macos,aarch64,jdk,23
2026-10-07T02:56:57+00:00,sapmachine-17.0.21+8,403294500,True,sapmachine-jre-17.0.21-ea.8_macos-aarch64_bin.dmg,macos,aarch64,jre,21
2026-10-07T02:56:57+00:00,sapmachine-17.0.21+8,403294500,True,sapmachine-jdk-17.0.21-ea.8_windows-x64_bin.zip,windows,x64,jdk,68
2026-10-07T02:56:57+00:00,sapmachine-17.0.21+8,403294500,True,sapmachine-jre-17.0.21-ea.8_windows-x64_bin.zip,windows,x64,jre,18
2026-10-07T02:56:57+00:00,sapmachine-17.0.21+8,403294500,True,sapmachine-jdk-17.0.21-ea.8_windows-x64_bin-symbols.tar.gz,windows,x64,jdk,0
2026-10-07T02:56:57+00:00,sapmachine-21.0.13+8,403293334,True,sapmachine-jdk-21.0.13-ea.8_linux-x64-musl_bin.tar.gz,alpine,x64,jdk,17
2026-10-07T02:56:57+00:00,sapmachine-21.0.13+8,403293334,True,sapmachine-jre-21.0.13-ea.8_linux-x64-musl_bin.tar.gz,alpine,x64,jre,17
2026-10-07T02:56:57+00:00,sapmachine-21.0.13+8,403293334,True,sapmachine-jdk-21.0.13-ea.8_linux-x64-musl_bin-symbols.tar.gz,alpine,x64,jdk,1
2026-10-07T02:56:57+00:00,sapmachine-21.0.13+8,403293334,True,sapmachine-jdk-21.0.13-ea.8_linux-x64_bin.tar.gz,linux,x64,jdk,74
2026-10-07T02:56:57+00:00,sapmachine-21.0.13+8,403293334,True,sapmachine-jre-21.0.13-ea.8_linux-x64_bin.tar.gz,linux,x64,jre,21
2026-10-07T02:56:57+00:00,sapmachine-21.0.13+8,403293334,True,sapmachine-jdk-21.0.13-ea.8_linux-x64_bin-symbols.tar.gz,linux,x64,jdk,0
2026-10-07T02:56:57+00:00,sapmachine-21.0.13+8,403293334,True,sapmachine-jdk-21.0.13-ea.8_linux-ppc64le_bin.tar.gz,linux,ppc64,jdk,19
2026-10-07T02:56:57+00:00,sapmachine-21.0.13+8,403293334,True,sapmachine-jre-21.0.13-ea.8_linux-ppc64le_bin.tar.gz,linux,ppc64,jre,20
2026-10-07T02:56:57+00:00,sapmachine-21.0.13+8,403293334,True,sapmachine-jdk-21.0.13-ea.8_linux-ppc64le_bin-symbols.tar.gz,linux,ppc64,jdk,0
2026-10-07T02:56:57+00:00,sapmachine-21.0.13+8,403293334,True,sapmachine-jdk-21.0.13-ea.8_linux-aarch64_bin.tar.gz,linux,aarch64,jdk,19
2026-10-07T02:56:57+00:00,sapmachine-21.0.13+8,403293334,True,sapmachine-jre-21.0.13-ea.8_linux-aarch64_bin.tar.gz,linux,aarch64,jre,18
2026-10-07T02:56:57+00:00,sapmachine-21.0.13+8,403293334,True,sapmachine-jdk-21.0.13-ea.8_linux-aarch64_bin-symbols.tar.gz,linux,aarch64,jdk,0
2026-10-07T02:56:57+00:00,sapmachine-21.0.13+8,403293334,True,sapmachine-jdk-21.0.13-ea.8_macos-aarch64_bin.tar.gz,macos,aarch64,jdk,139
2026-10-07T02:56:57+00:00,sapmachine-21.0.13+8,403293334,True,sapmachine-jre-21.0.13-ea.8_macos-aarch64_bin.tar.gz,macos,aarch64,jre,23
2026-10-07T02:56:57+00:00,sapmachine-21.0.13+8,403293334,True,sapmachine-jdk-21.0.13-ea.8_macos-aarch64_bin-symbols.tar.gz,macos,aarch64,jdk,0
2026-10-07T02:56:57+00:00,sapmachine-21.0.13+8,403293334,True,sapmachine-jdk-21.0.13-ea.8_macos-aarch64_bin.dmg,macos,aarch64,jdk,17
2026-10-07T02:56:57+00:00,sapmachine-21.0.13+8,403293334,True,sapmachine-jre-21.0.13-ea.8_macos-aarch64_bin.dmg,macos,aarch64,jre,17
2026-10-07T02:56:57+00:00,sapmachine-21.0.13+8,403293334,True,sapmachine-jdk-21.0.13-ea.8_macos-x64_bin.tar.gz,macos,x64,jdk,15
2026-10-07T02:56:57+00:00,sapmachine-21.0.13+8,403293334,True,sapmachine-jre-21.0.13-ea.8_macos-x64_bin.tar.gz,macos,x64,jre,16
2026-10-07T02:56:57+00:00,sapmachine-21.0.13+8,403293334,True,sapmachine-jdk-21.0.13-ea.8_macos-x64_bin-symbols.tar.gz,macos,x64,jdk,0
2026-10-07T02:56:57+00:00,sapmachine-21.0.13+8,403293334,True,sapmachine-jdk-21.0.13-ea.8_macos-x64_bin.dmg,macos,x64,jdk,15
2026-10-07T02:56:57+00:00,sapmachine-21.0.13+8,403293334,True,sapmachine-jre-21.0.13-ea.8_macos-x64_bin.dmg,macos,x64,jre,16
2026-10-07T02:56:57+00:00,sapmachine-21.0.13+8,403293334,True,sapmachine-jdk-21.0.13-ea.8_aix-ppc64_bin.tar.gz,aix,ppc64,jdk,16
2026-10-07T02:56:57+00:00,sapmachine-21.0.13+8,403293334,True,sapmachine-jre-21.0.13-ea.8_aix-ppc64_bin.tar.gz,aix,ppc64,jre,15
2026-10-07T02:56:57+00:00,sapmachine-21.0.13+8,403293334,True,sapmachine-jdk-21.0.13-ea.8_aix-ppc64_bin-symbols.tar.gz,aix,ppc64,jdk,0
2026-10-07T02:56:57+00:00,sapmachine-21.0.13+8,403293334,True,sapmachine-jdk-21.0.13-ea.8_windows-x64_bin.zip,windows,x64,jdk,70
2026-10-07T02:56:57+00:00,sapmachine-21.0.13+8,403293334,True,sapmachine-jre-21.0.13-ea.8_windows-x64_bin.zip,windows,x64,jre,19
2026-10-07T02:56:57+00:00,sapmachine-21.0.13+8,403293334,True,sapmachine-jdk-21.0.13-ea.8_windows-x64_bin-symbols.tar.gz,windows,x64,jdk,0
2026-10-07T02:56:57+00:00,sapmachine-28+17,398748475,True,sapmachine-jdk-28-ea.17_linux-x64-musl_bin.tar.gz,alpine,x64,jdk,23
2026-10-07T02:56:57+00:00,sapmachine-28+17,398748475,True,sapmachine-jre-28-ea.17_linux-x64-musl_bin.tar.gz,alpine,x64,jre,23
2026-10-07T02:56:57+00:00,sapmachine-28+17,398748475,True,sapmachine-jdk-28-ea.17_linux-x64-musl_bin-symbols.tar.gz,alpine,x64,jdk,0
2026-10-07T02:56:57+00:00,sapmachine-28+17,398748475,True,sapmachine-jdk-28-ea.17_macos-aarch64_bin.tar.gz,macos,aarch64,jdk,24
2026-10-07T02:56:57+00:00,sapmachine-28+17,398748475,True,sapmachine-jre-28-ea.17_macos-aarch64_bin.tar.gz,macos,aarch64,jre,25
2026-10-07T02:56:57+00:00,sapmachine-28+17,398748475,True,sapmachine-jdk-28-ea.17_macos-aarch64_bin-symbols.tar.gz,macos,aarch64,jdk,0
2026-10-07T02:56:57+00:00,sapmachine-28+17,398748475,True,sapmachine-jdk-28-ea.17_macos-aarch64_bin.dmg,macos,aarch64,jdk,29
2026-10-07T02:56:57+00:00,sapmachine-28+17,398748475,True,sapmachine-jre-28-ea.17_macos-aarch64_bin.dmg,macos,aarch64,jre,24
2026-10-07T02:56:57+00:00,sapmachine-28+17,398748475,True,sapmachine-jdk-28-ea.17_linux-x64_bin.tar.gz,linux,x64,jdk,30
2026-10-07T02:56:57+00:00,sapmachine-28+17,398748475,True,sapmachine-jre-28-ea.17_linux-x64_bin.tar.gz,linux,x64,jre,26
2026-10-07T02:56:57+00:00,sapmachine-28+17,398748475,True,sapmachine-jdk-28-ea.17_linux-x64_bin-symbols.tar.gz,linux,x64,jdk,0
2026-10-07T02:56:57+00:00,sapmachine-28+17,398748475,True,sapmachine-jdk-28-ea.17_linux-ppc64le_bin.tar.gz,linux,ppc64,jdk,25
2026-10-07T02:56:57+00:00,sapmachine-28+17,398748475,True,sapmachine-jre-28-ea.17_linux-ppc64le_bin.tar.gz,linux,ppc64,jre,25
2026-10-07T02:56:57+00:00,sapmachine-28+17,398748475,True,sapmachine-jdk-28-ea.17_linux-ppc64le_bin-symbols.tar.gz,linux,ppc64,jdk,0
2026-10-07T02:56:57+00:00,sapmachine-28+17,398748475,True,sapmachine-jdk-28-ea.17_linux-aarch64_bin.tar.gz,linux,aarch64,jdk,24
2026-10-07T02:56:57+00:00,sapmachine-28+17,398748475,True,sapmachine-jre-28-ea.17_linux-aarch64_bin.tar.gz,linux,aarch64,jre,24
2026-10-07T02:56:57+00:00,sapmachine-28+17,398748475,True,sapmachine-jdk-28-ea.17_linux-aarch64_bin-symbols.tar.gz,linux,aarch64,jdk,0
2026-10-07T02:56:57+00:00,sapmachine-28+17,398748475,True,sapmachine-jdk-28-ea.17_aix-ppc64_bin.tar.gz,aix,ppc64,jdk,22
2026-10-07T02:56:57+00:00,sapmachine-28+17,398748475,True,sapmachine-jre-28-ea.17_aix-ppc64_bin.tar.gz,aix,ppc64,jre,23
2026-10-07T02:56:57+00:00,sapmachine-28+17,398748475,True,sapmachine-jdk-28-ea.17_aix-ppc64_bin-symbols.tar.gz,aix,ppc64,jdk,0
2026-10-07T02:56:57+00:00,sapmachine-28+17,398748475,True,sapmachine-jdk-28-ea.17_windows-x64_bin.zip,windows,x64,jdk,27
2026-10-07T02:56:57+00:00,sapmachine-28+17,398748475,True,sapmachine-jre-28-ea.17_windows-x64_bin.zip,windows,x64,jre,25
2026-10-07T02:56:57+00:00,sapmachine-28+17,398748475,True,sapmachine-jdk-28-ea.17_windows-x64_bin-symbols.tar.gz,windows,x64,jdk,0
2026-10-07T02:56:57+00:00,sapmachine-27.0.1+1,396578333,True,sapmachine-jdk-27.0.1-ea.1_linux-x64-musl_bin.tar.gz,alpine,x64,jdk,26
2026-10-07T02:56:57+00:00,sapmachine-27.0.1+1,396578333,True,sapmachine-jre-27.0.1-ea.1_linux-x64-musl_bin.tar.gz,alpine,x64,jre,28
2026-10-07T02:56:57+00:00,sapmachine-27.0.1+1,396578333,True,sapmachine-jdk-27.0.1-ea.1_linux-x64-musl_bin-symbols.tar.gz,alpine,x64,jdk,2
2026-10-07T02:56:57+00:00,sapmachine-27.0.1+1,396578333,True,sapmachine-jdk-27.0.1-ea.1_linux-x64_bin.tar.gz,linux,x64,jdk,34
2026-10-07T02:56:57+00:00,sapmachine-27.0.1+1,396578333,True,sapmachine-jre-27.0.1-ea.1_linux-x64_bin.tar.gz,linux,x64,jre,28
2026-10-07T02:56:57+00:00,sapmachine-27.0.1+1,396578333,True,sapmachine-jdk-27.0.1-ea.1_linux-x64_bin-symbols.tar.gz,linux,x64,jdk,0
2026-10-07T02:56:57+00:00,sapmachine-27.0.1+1,396578333,True,sapmachine-jdk-27.0.1-ea.1_macos-aarch64_bin.tar.gz,macos,aarch64,jdk,32
2026-10-07T02:56:57+00:00,sapmachine-27.0.1+1,396578333,True,sapmachine-jre-27.0.1-ea.1_macos-aarch64_bin.tar.gz,macos,aarch64,jre,30
2026-10-07T02:56:57+00:00,sapmachine-27.0.1+1,396578333,True,sapmachine-jdk-27.0.1-ea.1_macos-aarch64_bin-symbols.tar.gz,macos,aarch64,jdk,0
2026-10-07T02:56:57+00:00,sapmachine-27.0.1+1,396578333,True,sapmachine-jdk-27.0.1-ea.1_macos-aarch64_bin.dmg,macos,aarch64,jdk,31
2026-10-07T02:56:57+00:00,sapmachine-27.0.1+1,396578333,True,sapmachine-jre-27.0.1-ea.1_macos-aarch64_bin.dmg,macos,aarch64,jre,28
2026-10-07T02:56:57+00:00,sapmachine-27.0.1+1,396578333,True,sapmachine-jdk-27.0.1-ea.1_linux-ppc64le_bin.tar.gz,linux,ppc64,jdk,27
2026-10-07T02:56:57+00:00,sapmachine-27.0.1+1,396578333,True,sapmachine-jre-27.0.1-ea.1_linux-ppc64le_bin.tar.gz,linux,ppc64,jre,30
2026-10-07T02:56:57+00:00,sapmachine-27.0.1+1,396578333,True,sapmachine-jdk-27.0.1-ea.1_linux-ppc64le_bin-symbols.tar.gz,linux,ppc64,jdk,0
2026-10-07T02:56:57+00:00,sapmachine-27.0.1+1,396578333,True,sapmachine-jdk-27.0.1-ea.1_aix-ppc64_bin.tar.gz,aix,ppc64,jdk,27
2026-10-07T02:56:57+00:00,sapmachine-27.0.1+1,396578333,True,sapmachine-jre-27.0.1-ea.1_aix-ppc64_bin.tar.gz,aix,ppc64,jre,26
2026-10-07T02:56:57+00:00,sapmachine-27.0.1+1,396578333,True,sapmachine-jdk-27.0.1-ea.1_aix-ppc64_bin-symbols.tar.gz,aix,ppc64,jdk,0
2026-10-07T02:56:57+00:00,sapmachine-27.0.1+1,396578333,True,sapmachine-jdk-27.0.1-ea.1_linux-aarch64_bin.tar.gz,linux,aarch64,jdk,27
2026-10-07T02:56:57+00:00,sapmachine-27.0.1+1,396578333,True,sapmachine-jre-27.0.1-ea.1_linux-aarch64_bin.tar.gz,linux,aarch64,jre,29
2026-10-07T02:56:57+00:00,sapmachine-27.0.1+1,396578333,True,sapmachine-jdk-27.0.1-ea.1_linux-aarch64_bin-symbols.tar.gz,linux,aarch64,jdk,0
2026-10-07T02:56:57+00:00,sapmachine-27.0.1+1,396578333,True,sapmachine-jdk-27.0.1-ea.1_windows-x64_bin.zip,windows,x64,jdk,31
2026-10-07T02:56:57+00:00,sapmachine-27.0.1+1,396578333,True,sapmachine-jre-27.0.1-ea.1_windows-x64_bin.zip,windows,x64,jre,30
2026-10-07T02:56:57+00:00,sapmachine-27.0.1+1,396578333,True,sapmachine-jdk-27.0.1-ea.1_windows-x64_bin-symbols.tar.gz,windows,x64,jdk,0
2026-10-07T02:56:57+00:00,sapmachine-17.0.21+7,393403739,True,sapmachine-jdk-17.0.21-ea.7_linux-x64-musl_bin.tar.gz,alpine,x64,jdk,30
2026-10-07T02:56:57+00:00,sapmachine-17.0.21+7,393403739,True,sapmachine-jre-17.0.21-ea.7_linux-x64-musl_bin.tar.gz,alpine,x64,jre,31
2026-10-07T02:56:57+00:00,sapmachine-17.0.21+7,393403739,True,sapmachine-jdk-17.0.21-ea.7_linux-x64-musl_bin-symbols.tar.gz,alpine,x64,jdk,1
2026-10-07T02:56:57+00:00,sapmachine-17.0.21+7,393403739,True,sapmachine-jdk-17.0.21-ea.7_linux-x64_bin.tar.gz,linux,x64,jdk,422
2026-10-07T02:56:57+00:00,sapmachine-17.0.21+7,393403739,True,sapmachine-jre-17.0.21-ea.7_linux-x64_bin.tar.gz,linux,x64,jre,32
2026-10-07T02:56:57+00:00,sapmachine-17.0.21+7,393403739,True,sapmachine-jdk-17.0.21-ea.7_linux-x64_bin-symbols.tar.gz,linux,x64,jdk,1
2026-10-07T02:56:57+00:00,sapmachine-17.0.21+7,393403739,True,sapmachine-jdk-17.0.21-ea.7_macos-aarch64_bin.tar.gz,macos,aarch64,jdk,869
2026-10-07T02:56:57+00:00,sapmachine-17.0.21+7,393403739,True,sapmachine-jre-17.0.21-ea.7_macos-aarch64_bin.tar.gz,macos,aarch64,jre,35
2026-10-07T02:56:57+00:00,sapmachine-17.0.21+7,393403739,True,sapmachine-jdk-17.0.21-ea.7_macos-aarch64_bin-symbols.tar.gz,macos,aarch64,jdk,1
2026-10-07T02:56:57+00:00,sapmachine-17.0.21+7,393403739,True,sapmachine-jdk-17.0.21-ea.7_macos-aarch64_bin.dmg,macos,aarch64,jdk,36
2026-10-07T02:56:57+00:00,sapmachine-17.0.21+7,393403739,True,sapmachine-jre-17.0.21-ea.7_macos-aarch64_bin.dmg,macos,aarch64,jre,30
2026-10-07T02:56:57+00:00,sapmachine-17.0.21+7,393403739,True,sapmachine-jdk-17.0.21-ea.7_linux-aarch64_bin.tar.gz,linux,aarch64,jdk,29
2026-10-07T02:56:57+00:00,sapmachine-17.0.21+7,393403739,True,sapmachine-jre-17.0.21-ea.7_linux-aarch64_bin.tar.gz,linux,aarch64,jre,29
2026-10-07T02:56:57+00:00,sapmachine-17.0.21+7,393403739,True,sapmachine-jdk-17.0.21-ea.7_linux-aarch64_bin-symbols.tar.gz,linux,aarch64,jdk,0
2026-10-07T02:56:57+00:00,sapmachine-17.0.21+7,393403739,True,sapmachine-jdk-17.0.21-ea.7_macos-x64_bin.tar.gz,macos,x64,jdk,36
2026-10-07T02:56:57+00:00,sapmachine-17.0.21+7,393403739,True,sapmachine-jre-17.0.21-ea.7_macos-x64_bin.tar.gz,macos,x64,jre,29
2026-10-07T02:56:57+00:00,sapmachine-17.0.21+7,393403739,True,sapmachine-jdk-17.0.21-ea.7_macos-x64_bin-symbols.tar.gz,macos,x64,jdk,0
2026-10-07T02:56:57+00:00,sapmachine-17.0.21+7,393403739,True,sapmachine-jdk-17.0.21-ea.7_macos-x64_bin.dmg,macos,x64,jdk,28
2026-10-07T02:56:57+00:00,sapmachine-17.0.21+7,393403739,True,sapmachine-jre-17.0.21-ea.7_macos-x64_bin.dmg,macos,x64,jre,28
2026-10-07T02:56:57+00:00,sapmachine-17.0.21+7,393403739,True,sapmachine-jdk-17.0.21-ea.7_windows-x64_bin.zip,windows,x64,jdk,398
2026-10-07T02:56:57+00:00,sapmachine-17.0.21+7,393403739,True,sapmachine-jre-17.0.21-ea.7_windows-x64_bin.zip,windows,x64,jre,29
2026-10-07T02:56:57+00:00,sapmachine-17.0.21+7,393403739,True,sapmachine-jdk-17.0.21-ea.7_windows-x64_bin-symbols.tar.gz,windows,x64,jdk,0
2026-10-07T02:56:57+00:00,sapmachine-17.0.21+7,393403739,True,sapmachine-jdk-17.0.21-ea.7_linux-ppc64le_bin.tar.gz,linux,ppc64,jdk,28
2026-10-07T02:56:57+00:00,sapmachine-17.0.21+7,393403739,True,sapmachine-jre-17.0.21-ea.7_linux-ppc64le_bin.tar.gz,linux,ppc64,jre,29
2026-10-07T02:56:57+00:00,sapmachine-17.0.21+7,393403739,True,sapmachine-jdk-17.0.21-ea.7_linux-ppc64le_bin-symbols.tar.gz,linux,ppc64,jdk,0
2026-10-07T02:56:57+00:00,sapmachine-21.0.13+7,393400323,True,sapmachine-jdk-21.0.13-ea.7_macos-aarch64_bin.tar.gz,macos,aarch64,jdk,466
2026-10-07T02:56:57+00:00,sapmachine-21.0.13+7,393400323,True,sapmachine-jre-21.0.13-ea.7_macos-aarch64_bin.tar.gz,macos,aarch64,jre,36
2026-10-07T02:56:57+00:00,sapmachine-21.0.13+7,393400323,True,sapmachine-jdk-21.0.13-ea.7_macos-aarch64_bin-symbols.tar.gz,macos,aarch64,jdk,1
2026-10-07T02:56:57+00:00,sapmachine-21.0.13+7,393400323,True,sapmachine-jdk-21.0.13-ea.7_macos-aarch64_bin.dmg,macos,aarch64,jdk,36
2026-10-07T02:56:57+00:00,sapmachine-21.0.13+7,393400323,True,sapmachine-jre-21.0.13-ea.7_macos-aarch64_bin.dmg,macos,aarch64,jre,33
2026-10-07T02:56:57+00:00,sapmachine-21.0.13+7,393400323,True,sapmachine-jdk-21.0.13-ea.7_linux-x64-musl_bin.tar.gz,alpine,x64,jdk,33
2026-10-07T02:56:57+00:00,sapmachine-21.0.13+7,393400323,True,sapmachine-jre-21.0.13-ea.7_linux-x64-musl_bin.tar.gz,alpine,x64,jre,31
2026-10-07T02:56:57+00:00,sapmachine-21.0.13+7,393400323,True,sapmachine-jdk-21.0.13-ea.7_linux-x64-musl_bin-symbols.tar.gz,alpine,x64,jdk,1
2026-10-07T02:56:57+00:00,sapmachine-21.0.13+7,393400323,True,sapmachine-jdk-21.0.13-ea.7_aix-ppc64_bin.tar.gz,aix,ppc64,jdk,30
2026-10-07T02:56:57+00:00,sapmachine-21.0.13+7,393400323,True,sapmachine-jre-21.0.13-ea.7_aix-ppc64_bin.tar.gz,aix,ppc64,jre,30
2026-10-07T02:56:57+00:00,sapmachine-21.0.13+7,393400323,True,sapmachine-jdk-21.0.13-ea.7_aix-ppc64_bin-symbols.tar.gz,aix,ppc64,jdk,1
2026-10-07T02:56:57+00:00,sapmachine-21.0.13+7,393400323,True,sapmachine-jdk-21.0.13-ea.7_linux-x64_bin.tar.gz,linux,x64,jdk,443
2026-10-07T02:56:57+00:00,sapmachine-21.0.13+7,393400323,True,sapmachine-jre-21.0.13-ea.7_linux-x64_bin.tar.gz,linux,x64,jre,38
2026-10-07T02:56:57+00:00,sapmachine-21.0.13+7,393400323,True,sapmachine-jdk-21.0.13-ea.7_linux-x64_bin-symbols.tar.gz,linux,x64,jdk,0
2026-10-07T02:56:57+00:00,sapmachine-21.0.13+7,393400323,True,sapmachine-jdk-21.0.13-ea.7_macos-x64_bin.tar.gz,macos,x64,jdk,30
2026-10-07T02:56:57+00:00,sapmachine-21.0.13+7,393400323,True,sapmachine-jre-21.0.13-ea.7_macos-x64_bin.tar.gz,macos,x64,jre,29
2026-10-07T02:56:57+00:00,sapmachine-21.0.13+7,393400323,True,sapmachine-jdk-21.0.13-ea.7_macos-x64_bin-symbols.tar.gz,macos,x64,jdk,0
2026-10-07T02:56:57+00:00,sapmachine-21.0.13+7,393400323,True,sapmachine-jdk-21.0.13-ea.7_macos-x64_bin.dmg,macos,x64,jdk,29
2026-10-07T02:56:57+00:00,sapmachine-21.0.13+7,393400323,True,sapmachine-jre-21.0.13-ea.7_macos-x64_bin.dmg,macos,x64,jre,28
2026-10-07T02:56:57+00:00,sapmachine-21.0.13+7,393400323,True,sapmachine-jdk-21.0.13-ea.7_linux-aarch64_bin.tar.gz,linux,aarch64,jdk,29
2026-10-07T02:56:57+00:00,sapmachine-21.0.13+7,393400323,True,sapmachine-jre-21.0.13-ea.7_linux-aarch64_bin.tar.gz,linux,aarch64,jre,30
2026-10-07T02:56:57+00:00,sapmachine-21.0.13+7,393400323,True,sapmachine-jdk-21.0.13-ea.7_linux-aarch64_bin-symbols.tar.gz,linux,aarch64,jdk,0
2026-10-07T02:56:57+00:00,sapmachine-21.0.13+7,393400323,True,sapmachine-jdk-21.0.13-ea.7_windows-x64_bin.zip,windows,x64,jdk,396
2026-10-07T02:56:57+00:00,sapmachine-21.0.13+7,393400323,True,sapmachine-jre-21.0.13-ea.7_windows-x64_bin.zip,windows,x64,jre,30
2026-10-07T02:56:57+00:00,sapmachine-21.0.13+7,393400323,True,sapmachine-jdk-21.0.13-ea.7_windows-x64_bin-symbols.tar.gz,windows,x64,jdk,0
2026-10-07T02:56:57+00:00,sapmachine-25.0.5+7,393395411,True,sapmachine-jdk-25.0.5-ea.7_aix-ppc64_bin.tar.gz,aix,ppc64,jdk,31
2026-10-07T02:56:57+00:00,sapmachine-25.0.5+7,393395411,True,sapmachine-jre-25.0.5-ea.7_aix-ppc64_bin.tar.gz,aix,ppc64,jre,31
2026-10-07T02:56:57+00:00,sapmachine-25.0.5+7,393395411,True,sapmachine-jdk-25.0.5-ea.7_aix-ppc64_bin-symbols.tar.gz,aix,ppc64,jdk,1
2026-10-07T02:56:57+00:00,sapmachine-25.0.5+7,393395411,True,sapmachine-jdk-25.0.5-ea.7_linux-x64_bin.tar.gz,linux,x64,jdk,60
2026-10-07T02:56:57+00:00,sapmachine-25.0.5+7,393395411,True,sapmachine-jre-25.0.5-ea.7_linux-x64_bin.tar.gz,linux,x64,jre,36
2026-10-07T02:56:57+00:00,sapmachine-25.0.5+7,393395411,True,sapmachine-jdk-25.0.5-ea.7_linux-x64_bin-symbols.tar.gz,linux,x64,jdk,1
2026-10-07T02:56:57+00:00,sapmachine-25.0.5+7,393395411,True,sapmachine-jdk-25.0.5-ea.7_linux-x64-musl_bin.tar.gz,alpine,x64,jdk,30
2026-10-07T02:56:57+00:00,sapmachine-25.0.5+7,393395411,True,sapmachine-jre-25.0.5-ea.7_linux-x64-musl_bin.tar.gz,alpine,x64,jre,30
2026-10-07T02:56:57+00:00,sapmachine-25.0.5+7,393395411,True,sapmachine-jdk-25.0.5-ea.7_linux-x64-musl_bin-symbols.tar.gz,alpine,x64,jdk,0
2026-10-07T02:56:57+00:00,sapmachine-25.0.5+7,393395411,True,sapmachine-jdk-25.0.5-ea.7_macos-aarch64_bin.tar.gz,macos,aarch64,jdk,90
2026-10-07T02:56:57+00:00,sapmachine-25.0.5+7,393395411,True,sapmachine-jre-25.0.5-ea.7_macos-aarch64_bin.tar.gz,macos,aarch64,jre,30
2026-10-07T02:56:57+00:00,sapmachine-25.0.5+7,393395411,True,sapmachine-jdk-25.0.5-ea.7_macos-aarch64_bin-symbols.tar.gz,macos,aarch64,jdk,2
2026-10-07T02:56:57+00:00,sapmachine-25.0.5+7,393395411,True,sapmachine-jdk-25.0.5-ea.7_macos-aarch64_bin.dmg,macos,aarch64,jdk,31
2026-10-07T02:56:57+00:00,sapmachine-25.0.5+7,393395411,True,sapmachine-jre-25.0.5-ea.7_macos-aarch64_bin.dmg,macos,aarch64,jre,29
2026-10-07T02:56:57+00:00,sapmachine-25.0.5+7,393395411,True,sapmachine-jdk-25.0.5-ea.7_linux-aarch64_bin.tar.gz,linux,aarch64,jdk,33
2026-10-07T02:56:57+00:00,sapmachine-25.0.5+7,393395411,True,sapmachine-jre-25.0.5-ea.7_linux-aarch64_bin.tar.gz,linux,aarch64,jre,31
2026-10-07T02:56:57+00:00,sapmachine-25.0.5+7,393395411,True,sapmachine-jdk-25.0.5-ea.7_linux-aarch64_bin-symbols.tar.gz,linux,aarch64,jdk,0
2026-10-07T02:56:57+00:00,sapmachine-25.0.5+7,393395411,True,sapmachine-jdk-25.0.5-ea.7_windows-x64_bin.zip,windows,x64,jdk,32
2026-10-07T02:56:57+00:00,sapmachine-25.0.5+7,393395411,True,sapmachine-jre-25.0.5-ea.7_windows-x64_bin.zip,windows,x64,jre,31
2026-10-07T02:56:57+00:00,sapmachine-25.0.5+7,393395411,True,sapmachine-jdk-25.0.5-ea.7_windows-x64_bin-symbols.tar.gz,windows,x64,jdk,0
2026-10-07T02:56:57+00:00,sapmachine-25.0.5+7,393395411,True,sapmachine-jdk-25.0.5-ea.7_linux-ppc64le_bin.tar.gz,linux,ppc64,jdk,31
2026-10-07T02:56:57+00:00,sapmachine-25.0.5+7,393395411,True,sapmachine-jre-25.0.5-ea.7_linux-ppc64le_bin.tar.gz,linux,ppc64,jre,30
2026-10-07T02:56:57+00:00,sapmachine-25.0.5+7,393395411,True,sapmachine-jdk-25.0.5-ea.7_linux-ppc64le_bin-symbols.tar.gz,linux,ppc64,jdk,0
2026-10-07T02:56:57+00:00,sapmachine-28+16,393394323,True,sapmachine-jdk-28-ea.16_macos-aarch64_bin.tar.gz,macos,aarch64,jdk,34
2026-10-07T02:56:57+00:00,sapmachine-28+16,393394323,True,sapmachine-jre-28-ea.16_macos-aarch64_bin.tar.gz,macos,aarch64,jre,33
2026-10-07T02:56:57+00:00,sapmachine-28+16,393394323,True,sapmachine-jdk-28-ea.16_macos-aarch64_bin-symbols.tar.gz,macos,aarch64,jdk,1
2026-10-07T02:56:57+00:00,sapmachine-28+16,393394323,True,sapmachine-jdk-28-ea.16_macos-aarch64_bin.dmg,macos,aarch64,jdk,34
2026-10-07T02:56:57+00:00,sapmachine-28+16,393394323,True,sapmachine-jre-28-ea.16_macos-aarch64_bin.dmg,macos,aarch64,jre,32
2026-10-07T02:56:57+00:00,sapmachine-28+16,393394323,True,sapmachine-jdk-28-ea.16_linux-x64-musl_bin.tar.gz,alpine,x64,jdk,32
2026-10-07T02:56:57+00:00,sapmachine-28+16,393394323,True,sapmachine-jre-28-ea.16_linux-x64-musl_bin.tar.gz,alpine,x64,jre,32
2026-10-07T02:56:57+00:00,sapmachine-28+16,393394323,True,sapmachine-jdk-28-ea.16_linux-x64-musl_bin-symbols.tar.gz,alpine,x64,jdk,1
2026-10-07T02:56:57+00:00,sapmachine-28+16,393394323,True,sapmachine-jdk-28-ea.16_linux-x64_bin.tar.gz,linux,x64,jdk,47
2026-10-07T02:56:57+00:00,sapmachine-28+16,393394323,True,sapmachine-jre-28-ea.16_linux-x64_bin.tar.gz,linux,x64,jre,31
2026-10-07T02:56:57+00:00,sapmachine-28+16,393394323,True,sapmachine-jdk-28-ea.16_linux-x64_bin-symbols.tar.gz,linux,x64,jdk,0
2026-10-07T02:56:57+00:00,sapmachine-28+16,393394323,True,sapmachine-jdk-28-ea.16_aix-ppc64_bin.tar.gz,aix,ppc64,jdk,30
2026-10-07T02:56:57+00:00,sapmachine-28+16,393394323,True,sapmachine-jre-28-ea.16_aix-ppc64_bin.tar.gz,aix,ppc64,jre,30
2026-10-07T02:56:57+00:00,sapmachine-28+16,393394323,True,sapmachine-jdk-28-ea.16_aix-ppc64_bin-symbols.tar.gz,aix,ppc64,jdk,0
2026-10-07T02:56:57+00:00,sapmachine-28+16,393394323,True,sapmachine-jdk-28-ea.16_linux-aarch64_bin.tar.gz,linux,aarch64,jdk,32
2026-10-07T02:56:57+00:00,sapmachine-28+16,393394323,True,sapmachine-jre-28-ea.16_linux-aarch64_bin.tar.gz,linux,aarch64,jre,31
2026-10-07T02:56:57+00:00,sapmachine-28+16,393394323,True,sapmachine-jdk-28-ea.16_linux-aarch64_bin-symbols.tar.gz,linux,aarch64,jdk,0
2026-10-07T02:56:57+00:00,sapmachine-28+16,393394323,True,sapmachine-jdk-28-ea.16_windows-x64_bin.zip,windows,x64,jdk,33
2026-10-07T02:56:57+00:00,sapmachine-28+16,393394323,True,sapmachine-jre-28-ea.16_windows-x64_bin.zip,windows,x64,jre,30
2026-10-07T02:56:57+00:00,sapmachine-28+16,393394323,True,sapmachine-jdk-28-ea.16_windows-x64_bin-symbols.tar.gz,windows,x64,jdk,0
2026-10-07T02:56:57+00:00,sapmachine-28+16,393394323,True,sapmachine-jdk-28-ea.16_linux-ppc64le_bin.tar.gz,linux,ppc64,jdk,29
2026-10-07T02:56:57+00:00,sapmachine-28+16,393394323,True,sapmachine-jre-28-ea.16_linux-ppc64le_bin.tar.gz,linux,ppc64,jre,29
2026-10-07T02:56:57+00:00,sapmachine-28+16,393394323,True,sapmachine-jdk-28-ea.16_linux-ppc64le_bin-symbols.tar.gz,linux,ppc64,jdk,0
2026-10-07T02:56:57+00:00,sapmachine-21.0.13+6,391159599,True,sapmachine-jdk-21.0.13-ea.6_aix-ppc64_bin.tar.gz,aix,ppc64,jdk,36
2026-10-07T02:56:57+00:00,sapmachine-21.0.13+6,391159599,True,sapmachine-jre-21.0.13-ea.6_aix-ppc64_bin.tar.gz,aix,ppc64,jre,35
2026-10-07T02:56:57+00:00,sapmachine-21.0.13+6,391159599,True,sapmachine-jdk-21.0.13-ea.6_aix-ppc64_bin-symbols.tar.gz,aix,ppc64,jdk,2
2026-10-07T02:56:57+00:00,sapmachine-21.0.13+6,391159599,True,sapmachine-jdk-21.0.13-ea.6_linux-x64-musl_bin.tar.gz,alpine,x64,jdk,36
2026-10-07T02:56:57+00:00,sapmachine-21.0.13+6,391159599,True,sapmachine-jre-21.0.13-ea.6_linux-x64-musl_bin.tar.gz,alpine,x64,jre,36
2026-10-07T02:56:57+00:00,sapmachine-21.0.13+6,391159599,True,sapmachine-jdk-21.0.13-ea.6_linux-x64-musl_bin-symbols.tar.gz,alpine,x64,jdk,2
2026-10-07T02:56:57+00:00,sapmachine-21.0.13+6,391159599,True,sapmachine-jdk-21.0.13-ea.6_linux-x64_bin.tar.gz,linux,x64,jdk,169
2026-10-07T02:56:57+00:00,sapmachine-21.0.13+6,391159599,True,sapmachine-jre-21.0.13-ea.6_linux-x64_bin.tar.gz,linux,x64,jre,39
2026-10-07T02:56:57+00:00,sapmachine-21.0.13+6,391159599,True,sapmachine-jdk-21.0.13-ea.6_linux-x64_bin-symbols.tar.gz,linux,x64,jdk,1
2026-10-07T02:56:57+00:00,sapmachine-21.0.13+6,391159599,True,sapmachine-jdk-21.0.13-ea.6_macos-aarch64_bin.tar.gz,macos,aarch64,jdk,229
2026-10-07T02:56:57+00:00,sapmachine-21.0.13+6,391159599,True,sapmachine-jre-21.0.13-ea.6_macos-aarch64_bin.tar.gz,macos,aarch64,jre,41
2026-10-07T02:56:57+00:00,sapmachine-21.0.13+6,391159599,True,sapmachine-jdk-21.0.13-ea.6_macos-aarch64_bin-symbols.tar.gz,macos,aarch64,jdk,1
2026-10-07T02:56:57+00:00,sapmachine-21.0.13+6,391159599,True,sapmachine-jdk-21.0.13-ea.6_macos-aarch64_bin.dmg,macos,aarch64,jdk,37
2026-10-07T02:56:57+00:00,sapmachine-21.0.13+6,391159599,True,sapmachine-jre-21.0.13-ea.6_macos-aarch64_bin.dmg,macos,aarch64,jre,35
2026-10-07T02:56:57+00:00,sapmachine-21.0.13+6,391159599,True,sapmachine-jdk-21.0.13-ea.6_linux-ppc64le_bin.tar.gz,linux,ppc64,jdk,35
2026-10-07T02:56:57+00:00,sapmachine-21.0.13+6,391159599,True,sapmachine-jre-21.0.13-ea.6_linux-ppc64le_bin.tar.gz,linux,ppc64,jre,34
2026-10-07T02:56:57+00:00,sapmachine-21.0.13+6,391159599,True,sapmachine-jdk-21.0.13-ea.6_linux-ppc64le_bin-symbols.tar.gz,linux,ppc64,jdk,1
2026-10-07T02:56:57+00:00,sapmachine-21.0.13+6,391159599,True,sapmachine-jdk-21.0.13-ea.6_macos-x64_bin.tar.gz,macos,x64,jdk,34
2026-10-07T02:56:57+00:00,sapmachine-21.0.13+6,391159599,True,sapmachine-jre-21.0.13-ea.6_macos-x64_bin.tar.gz,macos,x64,jre,33
2026-10-07T02:56:57+00:00,sapmachine-21.0.13+6,391159599,True,sapmachine-jdk-21.0.13-ea.6_macos-x64_bin-symbols.tar.gz,macos,x64,jdk,1
2026-10-07T02:56:57+00:00,sapmachine-21.0.13+6,391159599,True,sapmachine-jdk-21.0.13-ea.6_macos-x64_bin.dmg,macos,x64,jdk,33
2026-10-07T02:56:57+00:00,sapmachine-21.0.13+6,391159599,True,sapmachine-jre-21.0.13-ea.6_macos-x64_bin.dmg,macos,x64,jre,33
2026-10-07T02:56:57+00:00,sapmachine-21.0.13+6,391159599,True,sapmachine-jdk-21.0.13-ea.6_linux-aarch64_bin.tar.gz,linux,aarch64,jdk,34
2026-10-07T02:56:57+00:00,sapmachine-21.0.13+6,391159599,True,sapmachine-jre-21.0.13-ea.6_linux-aarch64_bin.tar.gz,linux,aarch64,jre,35
2026-10-07T02:56:57+00:00,sapmachine-21.0.13+6,391159599,True,sapmachine-jdk-21.0.13-ea.6_linux-aarch64_bin-symbols.tar.gz,linux,aarch64,jdk,1
2026-10-07T02:56:57+00:00,sapmachine-21.0.13+6,391159599,True,sapmachine-jdk-21.0.13-ea.6_windows-x64_bin.zip,windows,x64,jdk,148
2026-10-07T02:56:57+00:00,sapmachine-21.0.13+6,391159599,True,sapmachine-jre-21.0.13-ea.6_windows-x64_bin.zip,windows,x64,jre,38
2026-10-07T02:56:57+00:00,sapmachine-21.0.13+6,391159599,True,sapmachine-jdk-21.0.13-ea.6_windows-x64_bin-symbols.tar.gz,windows,x64,jdk,1
2026-10-07T02:56:57+00:00,sapmachine-25.0.5+6,391155473,True,sapmachine-jdk-25.0.5-ea.6_linux-x64-musl_bin.tar.gz,alpine,x64,jdk,38
2026-10-07T02:56:57+00:00,sapmachine-25.0.5+6,391155473,True,sapmachine-jre-25.0.5-ea.6_linux-x64-musl_bin.tar.gz,alpine,x64,jre,35
2026-10-07T02:56:57+00:00,sapmachine-25.0.5+6,391155473,True,sapmachine-jdk-25.0.5-ea.6_linux-x64-musl_bin-symbols.tar.gz,alpine,x64,jdk,1
2026-10-07T02:56:57+00:00,sapmachine-25.0.5+6,391155473,True,sapmachine-jdk-25.0.5-ea.6_linux-ppc64le_bin.tar.gz,linux,ppc64,jdk,35
2026-10-07T02:56:57+00:00,sapmachine-25.0.5+6,391155473,True,sapmachine-jre-25.0.5-ea.6_linux-ppc64le_bin.tar.gz,linux,ppc64,jre,36
2026-10-07T02:56:57+00:00,sapmachine-25.0.5+6,391155473,True,sapmachine-jdk-25.0.5-ea.6_linux-ppc64le_bin-symbols.tar.gz,linux,ppc64,jdk,1
2026-10-07T02:56:57+00:00,sapmachine-25.0.5+6,391155473,True,sapmachine-jdk-25.0.5-ea.6_macos-aarch64_bin.tar.gz,macos,aarch64,jdk,93
2026-10-07T02:56:57+00:00,sapmachine-25.0.5+6,391155473,True,sapmachine-jre-25.0.5-ea.6_macos-aarch64_bin.tar.gz,macos,aarch64,jre,36
2026-10-07T02:56:57+00:00,sapmachine-25.0.5+6,391155473,True,sapmachine-jdk-25.0.5-ea.6_macos-aarch64_bin-symbols.tar.gz,macos,aarch64,jdk,1
2026-10-07T02:56:57+00:00,sapmachine-25.0.5+6,391155473,True,sapmachine-jdk-25.0.5-ea.6_macos-aarch64_bin.dmg,macos,aarch64,jdk,37
2026-10-07T02:56:57+00:00,sapmachine-25.0.5+6,391155473,True,sapmachine-jre-25.0.5-ea.6_macos-aarch64_bin.dmg,macos,aarch64,jre,36
2026-10-07T02:56:57+00:00,sapmachine-25.0.5+6,391155473,True,sapmachine-jdk-25.0.5-ea.6_linux-x64_bin.tar.gz,linux,x64,jdk,47
2026-10-07T02:56:57+00:00,sapmachine-25.0.5+6,391155473,True,sapmachine-jre-25.0.5-ea.6_linux-x64_bin.tar.gz,linux,x64,jre,37
2026-10-07T02:56:57+00:00,sapmachine-25.0.5+6,391155473,True,sapmachine-jdk-25.0.5-ea.6_linux-x64_bin-symbols.tar.gz,linux,x64,jdk,1
2026-10-07T02:56:57+00:00,sapmachine-25.0.5+6,391155473,True,sapmachine-jdk-25.0.5-ea.6_linux-aarch64_bin.tar.gz,linux,aarch64,jdk,34
2026-10-07T02:56:57+00:00,sapmachine-25.0.5+6,391155473,True,sapmachine-jre-25.0.5-ea.6_linux-aarch64_bin.tar.gz,linux,aarch64,jre,35
2026-10-07T02:56:57+00:00,sapmachine-25.0.5+6,391155473,True,sapmachine-jdk-25.0.5-ea.6_linux-aarch64_bin-symbols.tar.gz,linux,aarch64,jdk,1
2026-10-07T02:56:57+00:00,sapmachine-25.0.5+6,391155473,True,sapmachine-jdk-25.0.5-ea.6_windows-x64_bin.zip,windows,x64,jdk,35
2026-10-07T02:56:57+00:00,sapmachine-25.0.5+6,391155473,True,sapmachine-jre-25.0.5-ea.6_windows-x64_bin.zip,windows,x64,jre,34
2026-10-07T02:56:57+00:00,sapmachine-25.0.5+6,391155473,True,sapmachine-jdk-25.0.5-ea.6_windows-x64_bin-symbols.tar.gz,windows,x64,jdk,1
2026-10-07T02:56:57+00:00,sapmachine-25.0.5+6,391155473,True,sapmachine-jdk-25.0.5-ea.6_aix-ppc64_bin.tar.gz,aix,ppc64,jdk,34
2026-10-07T02:56:57+00:00,sapmachine-25.0.5+6,391155473,True,sapmachine-jre-25.0.5-ea.6_aix-ppc64_bin.tar.gz,aix,ppc64,jre,34
2026-10-07T02:56:57+00:00,sapmachine-25.0.5+6,391155473,True,sapmachine-jdk-25.0.5-ea.6_aix-ppc64_bin-symbols.tar.gz,aix,ppc64,jdk,1
2026-10-07T02:56:57+00:00,sapmachine-17.0.21+6,390380351,True,sapmachine-jdk-17.0.21-ea.6_linux-x64-musl_bin.tar.gz,alpine,x64,jdk,38
2026-10-07T02:56:57+00:00,sapmachine-17.0.21+6,390380351,True,sapmachine-jre-17.0.21-ea.6_linux-x64-musl_bin.tar.gz,alpine,x64,jre,38
2026-10-07T02:56:57+00:00,sapmachine-17.0.21+6,390380351,True,sapmachine-jdk-17.0.21-ea.6_linux-x64-musl_bin-symbols.tar.gz,alpine,x64,jdk,2
2026-10-07T02:56:57+00:00,sapmachine-17.0.21+6,390380351,True,sapmachine-jdk-17.0.21-ea.6_macos-aarch64_bin.tar.gz,macos,aarch64,jdk,429
2026-10-07T02:56:57+00:00,sapmachine-17.0.21+6,390380351,True,sapmachine-jre-17.0.21-ea.6_macos-aarch64_bin.tar.gz,macos,aarch64,jre,43
2026-10-07T02:56:57+00:00,sapmachine-17.0.21+6,390380351,True,sapmachine-jdk-17.0.21-ea.6_macos-aarch64_bin-symbols.tar.gz,macos,aarch64,jdk,2
2026-10-07T02:56:57+00:00,sapmachine-17.0.21+6,390380351,True,sapmachine-jdk-17.0.21-ea.6_macos-aarch64_bin.dmg,macos,aarch64,jdk,40
2026-10-07T02:56:57+00:00,sapmachine-17.0.21+6,390380351,True,sapmachine-jre-17.0.21-ea.6_macos-aarch64_bin.dmg,macos,aarch64,jre,41
2026-10-07T02:56:57+00:00,sapmachine-17.0.21+6,390380351,True,sapmachine-jdk-17.0.21-ea.6_linux-x64_bin.tar.gz,linux,x64,jdk,191
2026-10-07T02:56:57+00:00,sapmachine-17.0.21+6,390380351,True,sapmachine-jre-17.0.21-ea.6_linux-x64_bin.tar.gz,linux,x64,jre,41
2026-10-07T02:56:57+00:00,sapmachine-17.0.21+6,390380351,True,sapmachine-jdk-17.0.21-ea.6_linux-x64_bin-symbols.tar.gz,linux,x64,jdk,1
2026-10-07T02:56:57+00:00,sapmachine-17.0.21+6,390380351,True,sapmachine-jdk-17.0.21-ea.6_linux-ppc64le_bin.tar.gz,linux,ppc64,jdk,35
2026-10-07T02:56:57+00:00,sapmachine-17.0.21+6,390380351,True,sapmachine-jre-17.0.21-ea.6_linux-ppc64le_bin.tar.gz,linux,ppc64,jre,35
2026-10-07T02:56:57+00:00,sapmachine-17.0.21+6,390380351,True,sapmachine-jdk-17.0.21-ea.6_linux-ppc64le_bin-symbols.tar.gz,linux,ppc64,jdk,1
2026-10-07T02:56:57+00:00,sapmachine-17.0.21+6,390380351,True,sapmachine-jdk-17.0.21-ea.6_linux-aarch64_bin.tar.gz,linux,aarch64,jdk,38
2026-10-07T02:56:57+00:00,sapmachine-17.0.21+6,390380351,True,sapmachine-jre-17.0.21-ea.6_linux-aarch64_bin.tar.gz,linux,aarch64,jre,36
2026-10-07T02:56:57+00:00,sapmachine-17.0.21+6,390380351,True,sapmachine-jdk-17.0.21-ea.6_linux-aarch64_bin-symbols.tar.gz,linux,aarch64,jdk,1
2026-10-07T02:56:57+00:00,sapmachine-17.0.21+6,390380351,True,sapmachine-jdk-17.0.21-ea.6_macos-x64_bin.tar.gz,macos,x64,jdk,37
2026-10-07T02:56:57+00:00,sapmachine-17.0.21+6,390380351,True,sapmachine-jre-17.0.21-ea.6_macos-x64_bin.tar.gz,macos,x64,jre,36
2026-10-07T02:56:57+00:00,sapmachine-17.0.21+6,390380351,True,sapmachine-jdk-17.0.21-ea.6_macos-x64_bin-symbols.tar.gz,macos,x64,jdk,1
2026-10-07T02:56:57+00:00,sapmachine-17.0.21+6,390380351,True,sapmachine-jdk-17.0.21-ea.6_macos-x64_bin.dmg,macos,x64,jdk,36
2026-10-07T02:56:57+00:00,sapmachine-17.0.21+6,390380351,True,sapmachine-jre-17.0.21-ea.6_macos-x64_bin.dmg,macos,x64,jre,37
2026-10-07T02:56:57+00:00,sapmachine-17.0.21+6,390380351,True,sapmachine-jdk-17.0.21-ea.6_windows-x64_bin.zip,windows,x64,jdk,180
2026-10-07T02:56:57+00:00,sapmachine-17.0.21+6,390380351,True,sapmachine-jre-17.0.21-ea.6_windows-x64_bin.zip,windows,x64,jre,37
2026-10-07T02:56:57+00:00,sapmachine-17.0.21+6,390380351,True,sapmachine-jdk-17.0.21-ea.6_windows-x64_bin-symbols.tar.gz,windows,x64,jdk,1
2026-10-07T02:56:57+00:00,sapmachine-28+15,390373829,True,sapmachine-jdk-28-ea.15_linux-x64-musl_bin.tar.gz,alpine,x64,jdk,39
2026-10-07T02:56:57+00:00,sapmachine-28+15,390373829,True,sapmachine-jre-28-ea.15_linux-x64-musl_bin.tar.gz,alpine,x64,jre,40
2026-10-07T02:56:57+00:00,sapmachine-28+15,390373829,True,sapmachine-jdk-28-ea.15_linux-x64-musl_bin-symbols.tar.gz,alpine,x64,jdk,2
2026-10-07T02:56:57+00:00,sapmachine-28+15,390373829,True,sapmachine-jdk-28-ea.15_linux-x64_bin.tar.gz,linux,x64,jdk,44
2026-10-07T02:56:57+00:00,sapmachine-28+15,390373829,True,sapmachine-jre-28-ea.15_linux-x64_bin.tar.gz,linux,x64,jre,38
2026-10-07T02:56:57+00:00,sapmachine-28+15,390373829,True,sapmachine-jdk-28-ea.15_linux-x64_bin-symbols.tar.gz,linux,x64,jdk,2
2026-10-07T02:56:57+00:00,sapmachine-28+15,390373829,True,sapmachine-jdk-28-ea.15_linux-ppc64le_bin.tar.gz,linux,ppc64,jdk,36
2026-10-07T02:56:57+00:00,sapmachine-28+15,390373829,True,sapmachine-jre-28-ea.15_linux-ppc64le_bin.tar.gz,linux,ppc64,jre,36
2026-10-07T02:56:57+00:00,sapmachine-28+15,390373829,True,sapmachine-jdk-28-ea.15_linux-ppc64le_bin-symbols.tar.gz,linux,ppc64,jdk,1
2026-10-07T02:56:57+00:00,sapmachine-28+15,390373829,True,sapmachine-jdk-28-ea.15_linux-aarch64_bin.tar.gz,linux,aarch64,jdk,37
2026-10-07T02:56:57+00:00,sapmachine-28+15,390373829,True,sapmachine-jre-28-ea.15_linux-aarch64_bin.tar.gz,linux,aarch64,jre,37
2026-10-07T02:56:57+00:00,sapmachine-28+15,390373829,True,sapmachine-jdk-28-ea.15_linux-aarch64_bin-symbols.tar.gz,linux,aarch64,jdk,1
2026-10-07T02:56:57+00:00,sapmachine-28+15,390373829,True,sapmachine-jdk-28-ea.15_aix-ppc64_bin.tar.gz,aix,ppc64,jdk,36
2026-10-07T02:56:57+00:00,sapmachine-28+15,390373829,True,sapmachine-jre-28-ea.15_aix-ppc64_bin.tar.gz,aix,ppc64,jre,35
2026-10-07T02:56:57+00:00,sapmachine-28+15,390373829,True,sapmachine-jdk-28-ea.15_aix-ppc64_bin-symbols.tar.gz,aix,ppc64,jdk,1
2026-10-07T02:56:57+00:00,sapmachine-28+15,390373829,True,sapmachine-jdk-28-ea.15_windows-x64_bin.zip,windows,x64,jdk,41
2026-10-07T02:56:57+00:00,sapmachine-28+15,390373829,True,sapmachine-jre-28-ea.15_windows-x64_bin.zip,windows,x64,jre,39
2026-10-07T02:56:57+00:00,sapmachine-28+15,390373829,True,sapmachine-jdk-28-ea.15_windows-x64_bin-symbols.tar.gz,windows,x64,jdk,1
2026-10-07T02:56:57+00:00,sapmachine-28+15,390373829,True,sapmachine-jdk-28-ea.15_macos-aarch64_bin.tar.gz,macos,aarch64,jdk,38
2026-10-07T02:56:57+00:00,sapmachine-28+15,390373829,True,sapmachine-jre-28-ea.15_macos-aarch64_bin.tar.gz,macos,aarch64,jre,37
2026-10-07T02:56:57+00:00,sapmachine-28+15,390373829,True,sapmachine-jdk-28-ea.15_macos-aarch64_bin-symbols.tar.gz,macos,aarch64,jdk,1
2026-10-07T02:56:57+00:00,sapmachine-28+15,390373829,True,sapmachine-jdk-28-ea.15_macos-aarch64_bin.dmg,macos,aarch64,jdk,39
2026-10-07T02:56:57+00:00,sapmachine-28+15,390373829,True,sapmachine-jre-28-ea.15_macos-aarch64_bin.dmg,macos,aarch64,jre,36
2026-10-07T02:56:57+00:00,sapmachine-27,388994246,False,sapmachine-jdk-27_aix-ppc64_bin-symbols.tar.gz,aix,ppc64,jdk,4
2026-10-07T02:56:57+00:00,sapmachine-27,388994246,False,sapmachine-jdk-27_aix-ppc64_bin.tar.gz,aix,ppc64,jdk,92
2026-10-07T02:56:57+00:00,sapmachine-27,388994246,False,sapmachine-jdk-27_linux-aarch64_bin-symbols.tar.gz,linux,aarch64,jdk,5
2026-10-07T02:56:57+00:00,sapmachine-27,388994246,False,sapmachine-jdk-27_linux-aarch64_bin.tar.gz,linux,aarch64,jdk,151
2026-10-07T02:56:57+00:00,sapmachine-27,388994246,False,sapmachine-jdk-27_linux-ppc64le_bin-symbols.tar.gz,linux,ppc64,jdk,1
2026-10-07T02:56:57+00:00,sapmachine-27,388994246,False,sapmachine-jdk-27_linux-ppc64le_bin.tar.gz,linux,ppc64,jdk,91
2026-10-07T02:56:57+00:00,sapmachine-27,388994246,False,sapmachine-jdk-27_linux-x64-musl_bin-symbols.tar.gz,alpine,x64,jdk,1
2026-10-07T02:56:57+00:00,sapmachine-27,388994246,False,sapmachine-jdk-27_linux-x64-musl_bin.tar.gz,alpine,x64,jdk,90
2026-10-07T02:56:57+00:00,sapmachine-27,388994246,False,sapmachine-jdk-27_linux-x64_bin-symbols.tar.gz,linux,x64,jdk,2
2026-10-07T02:56:57+00:00,sapmachine-27,388994246,False,sapmachine-jdk-27_linux-x64_bin.tar.gz,linux,x64,jdk,1695
2026-10-07T02:56:57+00:00,sapmachine-27,388994246,False,sapmachine-jdk-27_macos-aarch64_bin-symbols.tar.gz,macos,aarch64,jdk,1
2026-10-07T02:56:57+00:00,sapmachine-27,388994246,False,sapmachine-jdk-27_macos-aarch64_bin.dmg,macos,aarch64,jdk,792
2026-10-07T02:56:57+00:00,sapmachine-27,388994246,False,sapmachine-jdk-27_macos-aarch64_bin.tar.gz,macos,aarch64,jdk,381
2026-10-07T02:56:57+00:00,sapmachine-27,388994246,False,sapmachine-jdk-27_windows-x64_bin-symbols.tar.gz,windows,x64,jdk,1
2026-10-07T02:56:57+00:00,sapmachine-27,388994246,False,sapmachine-jdk-27_windows-x64_bin.msi,windows,x64,jdk,126
2026-10-07T02:56:57+00:00,sapmachine-27,388994246,False,sapmachine-jdk-27_windows-x64_bin.zip,windows,x64,jdk,437
2026-10-07T02:56:57+00:00,sapmachine-27,388994246,False,sapmachine-jre-27_aix-ppc64_bin.tar.gz,aix,ppc64,jre,54
2026-10-07T02:56:57+00:00,sapmachine-27,388994246,False,sapmachine-jre-27_linux-aarch64_bin.tar.gz,linux,aarch64,jre,94
2026-10-07T02:56:57+00:00,sapmachine-27,388994246,False,sapmachine-jre-27_linux-ppc64le_bin.tar.gz,linux,ppc64,jre,53
2026-10-07T02:56:57+00:00,sapmachine-27,388994246,False,sapmachine-jre-27_linux-x64-musl_bin.tar.gz,alpine,x64,jre,58
2026-10-07T02:56:57+00:00,sapmachine-27,388994246,False,sapmachine-jre-27_linux-x64_bin.tar.gz,linux,x64,jre,118
2026-10-07T02:56:57+00:00,sapmachine-27,388994246,False,sapmachine-jre-27_macos-aarch64_bin.dmg,macos,aarch64,jre,55
2026-10-07T02:56:57+00:00,sapmachine-27,388994246,False,sapmachine-jre-27_macos-aarch64_bin.tar.gz,macos,aarch64,jre,74
2026-10-07T02:56:57+00:00,sapmachine-27,388994246,False,sapmachine-jre-27_windows-x64_bin.msi,windows,x64,jre,66
2026-10-07T02:56:57+00:00,sapmachine-27,388994246,False,sapmachine-jre-27_windows-x64_bin.zip,windows,x64,jre,58
2026-10-07T02:56:57+00:00,sapmachine-17.0.21+5,384393701,True,sapmachine-jdk-17.0.21-ea.5_linux-x64_bin.tar.gz,linux,x64,jdk,338
2026-10-07T02:56:57+00:00,sapmachine-17.0.21+5,384393701,True,sapmachine-jre-17.0.21-ea.5_linux-x64_bin.tar.gz,linux,x64,jre,47
2026-10-07T02:56:57+00:00,sapmachine-17.0.21+5,384393701,True,sapmachine-jdk-17.0.21-ea.5_linux-x64_bin-symbols.tar.gz,linux,x64,jdk,2
2026-10-07T02:56:57+00:00,sapmachine-17.0.21+5,384393701,True,sapmachine-jdk-17.0.21-ea.5_linux-x64-musl_bin.tar.gz,alpine,x64,jdk,47
2026-10-07T02:56:57+00:00,sapmachine-17.0.21+5,384393701,True,sapmachine-jre-17.0.21-ea.5_linux-x64-musl_bin.tar.gz,alpine,x64,jre,47
2026-10-07T02:56:57+00:00,sapmachine-17.0.21+5,384393701,True,sapmachine-jdk-17.0.21-ea.5_linux-x64-musl_bin-symbols.tar.gz,alpine,x64,jdk,2
2026-10-07T02:56:57+00:00,sapmachine-17.0.21+5,384393701,True,sapmachine-jdk-17.0.21-ea.5_macos-aarch64_bin.tar.gz,macos,aarch64,jdk,570
2026-10-07T02:56:57+00:00,sapmachine-17.0.21+5,384393701,True,sapmachine-jre-17.0.21-ea.5_macos-aarch64_bin.tar.gz,macos,aarch64,jre,48
2026-10-07T02:56:57+00:00,sapmachine-17.0.21+5,384393701,True,sapmachine-jdk-17.0.21-ea.5_macos-aarch64_bin-symbols.tar.gz,macos,aarch64,jdk,1
2026-10-07T02:56:57+00:00,sapmachine-17.0.21+5,384393701,True,sapmachine-jdk-17.0.21-ea.5_macos-aarch64_bin.dmg,macos,aarch64,jdk,46
2026-10-07T02:56:57+00:00,sapmachine-17.0.21+5,384393701,True,sapmachine-jre-17.0.21-ea.5_macos-aarch64_bin.dmg,macos,aarch64,jre,46
2026-10-07T02:56:57+00:00,sapmachine-17.0.21+5,384393701,True,sapmachine-jdk-17.0.21-ea.5_linux-aarch64_bin.tar.gz,linux,aarch64,jdk,43
2026-10-07T02:56:57+00:00,sapmachine-17.0.21+5,384393701,True,sapmachine-jre-17.0.21-ea.5_linux-aarch64_bin.tar.gz,linux,aarch64,jre,45
2026-10-07T02:56:57+00:00,sapmachine-17.0.21+5,384393701,True,sapmachine-jdk-17.0.21-ea.5_linux-aarch64_bin-symbols.tar.gz,linux,aarch64,jdk,1
2026-10-07T02:56:57+00:00,sapmachine-17.0.21+5,384393701,True,sapmachine-jdk-17.0.21-ea.5_linux-ppc64le_bin.tar.gz,linux,ppc64,jdk,44
2026-10-07T02:56:57+00:00,sapmachine-17.0.21+5,384393701,True,sapmachine-jre-17.0.21-ea.5_linux-ppc64le_bin.tar.gz,linux,ppc64,jre,43
2026-10-07T02:56:57+00:00,sapmachine-17.0.21+5,384393701,True,sapmachine-jdk-17.0.21-ea.5_linux-ppc64le_bin-symbols.tar.gz,linux,ppc64,jdk,1
2026-10-07T02:56:57+00:00,sapmachine-17.0.21+5,384393701,True,sapmachine-jdk-17.0.21-ea.5_windows-x64_bin.zip,windows,x64,jdk,329
2026-10-07T02:56:57+00:00,sapmachine-17.0.21+5,384393701,True,sapmachine-jre-17.0.21-ea.5_windows-x64_bin.zip,windows,x64,jre,44
2026-10-07T02:56:57+00:00,sapmachine-17.0.21+5,384393701,True,sapmachine-jdk-17.0.21-ea.5_windows-x64_bin-symbols.tar.gz,windows,x64,jdk,2
2026-10-07T02:56:57+00:00,sapmachine-17.0.21+5,384393701,True,sapmachine-jdk-17.0.21-ea.5_macos-x64_bin.tar.gz,macos,x64,jdk,43
2026-10-07T02:56:57+00:00,sapmachine-17.0.21+5,384393701,True,sapmachine-jre-17.0.21-ea.5_macos-x64_bin.tar.gz,macos,x64,jre,43
2026-10-07T02:56:57+00:00,sapmachine-17.0.21+5,384393701,True,sapmachine-jdk-17.0.21-ea.5_macos-x64_bin-symbols.tar.gz,macos,x64,jdk,1
2026-10-07T02:56:57+00:00,sapmachine-17.0.21+5,384393701,True,sapmachine-jdk-17.0.21-ea.5_macos-x64_bin.dmg,macos,x64,jdk,45
2026-10-07T02:56:57+00:00,sapmachine-17.0.21+5,384393701,True,sapmachine-jre-17.0.21-ea.5_macos-x64_bin.dmg,macos,x64,jre,46
2026-10-07T02:56:57+00:00,sapmachine-21.0.13+5,384389960,True,sapmachine-jdk-21.0.13-ea.5_linux-x64-musl_bin.tar.gz,alpine,x64,jdk,45
2026-10-07T02:56:57+00:00,sapmachine-21.0.13+5,384389960,True,sapmachine-jre-21.0.13-ea.5_linux-x64-musl_bin.tar.gz,alpine,x64,jre,45
2026-10-07T02:56:57+00:00,sapmachine-21.0.13+5,384389960,True,sapmachine-jdk-21.0.13-ea.5_linux-x64-musl_bin-symbols.tar.gz,alpine,x64,jdk,2
2026-10-07T02:56:57+00:00,sapmachine-21.0.13+5,384389960,True,sapmachine-jdk-21.0.13-ea.5_aix-ppc64_bin.tar.gz,aix,ppc64,jdk,45
2026-10-07T02:56:57+00:00,sapmachine-21.0.13+5,384389960,True,sapmachine-jre-21.0.13-ea.5_aix-ppc64_bin.tar.gz,aix,ppc64,jre,45
2026-10-07T02:56:57+00:00,sapmachine-21.0.13+5,384389960,True,sapmachine-jdk-21.0.13-ea.5_aix-ppc64_bin-symbols.tar.gz,aix,ppc64,jdk,2
2026-10-07T02:56:57+00:00,sapmachine-21.0.13+5,384389960,True,sapmachine-jdk-21.0.13-ea.5_linux-x64_bin.tar.gz,linux,x64,jdk,392
2026-10-07T02:56:57+00:00,sapmachine-21.0.13+5,384389960,True,sapmachine-jre-21.0.13-ea.5_linux-x64_bin.tar.gz,linux,x64,jre,58
2026-10-07T02:56:57+00:00,sapmachine-21.0.13+5,384389960,True,sapmachine-jdk-21.0.13-ea.5_linux-x64_bin-symbols.tar.gz,linux,x64,jdk,1
2026-10-07T02:56:57+00:00,sapmachine-21.0.13+5,384389960,True,sapmachine-jdk-21.0.13-ea.5_linux-ppc64le_bin.tar.gz,linux,ppc64,jdk,44
2026-10-07T02:56:57+00:00,sapmachine-21.0.13+5,384389960,True,sapmachine-jre-21.0.13-ea.5_linux-ppc64le_bin.tar.gz,linux,ppc64,jre,45
2026-10-07T02:56:57+00:00,sapmachine-21.0.13+5,384389960,True,sapmachine-jdk-21.0.13-ea.5_linux-ppc64le_bin-symbols.tar.gz,linux,ppc64,jdk,1
2026-10-07T02:56:57+00:00,sapmachine-21.0.13+5,384389960,True,sapmachine-jdk-21.0.13-ea.5_linux-aarch64_bin.tar.gz,linux,aarch64,jdk,44
2026-10-07T02:56:57+00:00,sapmachine-21.0.13+5,384389960,True,sapmachine-jre-21.0.13-ea.5_linux-aarch64_bin.tar.gz,linux,aarch64,jre,45
2026-10-07T02:56:57+00:00,sapmachine-21.0.13+5,384389960,True,sapmachine-jdk-21.0.13-ea.5_linux-aarch64_bin-symbols.tar.gz,linux,aarch64,jdk,1
2026-10-07T02:56:57+00:00,sapmachine-21.0.13+5,384389960,True,sapmachine-jdk-21.0.13-ea.5_macos-aarch64_bin.tar.gz,macos,aarch64,jdk,490
2026-10-07T02:56:57+00:00,sapmachine-21.0.13+5,384389960,True,sapmachine-jre-21.0.13-ea.5_macos-aarch64_bin.tar.gz,macos,aarch64,jre,48
2026-10-07T02:56:57+00:00,sapmachine-21.0.13+5,384389960,True,sapmachine-jdk-21.0.13-ea.5_macos-aarch64_bin-symbols.tar.gz,macos,aarch64,jdk,1
2026-10-07T02:56:57+00:00,sapmachine-21.0.13+5,384389960,True,sapmachine-jdk-21.0.13-ea.5_macos-aarch64_bin.dmg,macos,aarch64,jdk,50
2026-10-07T02:56:57+00:00,sapmachine-21.0.13+5,384389960,True,sapmachine-jre-21.0.13-ea.5_macos-aarch64_bin.dmg,macos,aarch64,jre,45
2026-10-07T02:56:57+00:00,sapmachine-21.0.13+5,384389960,True,sapmachine-jdk-21.0.13-ea.5_macos-x64_bin.tar.gz,macos,x64,jdk,43
2026-10-07T02:56:57+00:00,sapmachine-21.0.13+5,384389960,True,sapmachine-jre-21.0.13-ea.5_macos-x64_bin.tar.gz,macos,x64,jre,43
2026-10-07T02:56:57+00:00,sapmachine-21.0.13+5,384389960,True,sapmachine-jdk-21.0.13-ea.5_macos-x64_bin-symbols.tar.gz,macos,x64,jdk,2
2026-10-07T02:56:57+00:00,sapmachine-21.0.13+5,384389960,True,sapmachine-jdk-21.0.13-ea.5_macos-x64_bin.dmg,macos,x64,jdk,45
2026-10-07T02:56:57+00:00,sapmachine-21.0.13+5,384389960,True,sapmachine-jre-21.0.13-ea.5_macos-x64_bin.dmg,macos,x64,jre,44
2026-10-07T02:56:57+00:00,sapmachine-21.0.13+5,384389960,True,sapmachine-jdk-21.0.13-ea.5_windows-x64_bin.zip,windows,x64,jdk,349
2026-10-07T02:56:57+00:00,sapmachine-21.0.13+5,384389960,True,sapmachine-jre-21.0.13-ea.5_windows-x64_bin.zip,windows,x64,jre,46
2026-10-07T02:56:57+00:00,sapmachine-21.0.13+5,384389960,True,sapmachine-jdk-21.0.13-ea.5_windows-x64_bin-symbols.tar.gz,windows,x64,jdk,1
2026-10-07T02:56:57+00:00,sapmachine-28+14,384389777,True,sapmachine-jdk-28-ea.14_linux-x64-musl_bin.tar.gz,alpine,x64,jdk,46
2026-10-07T02:56:57+00:00,sapmachine-28+14,384389777,True,sapmachine-jre-28-ea.14_linux-x64-musl_bin.tar.gz,alpine,x64,jre,47
2026-10-07T02:56:57+00:00,sapmachine-28+14,384389777,True,sapmachine-jdk-28-ea.14_linux-x64-musl_bin-symbols.tar.gz,alpine,x64,jdk,3
2026-10-07T02:56:57+00:00,sapmachine-28+14,384389777,True,sapmachine-jdk-28-ea.14_macos-aarch64_bin.tar.gz,macos,aarch64,jdk,45
2026-10-07T02:56:57+00:00,sapmachine-28+14,384389777,True,sapmachine-jre-28-ea.14_macos-aarch64_bin.tar.gz,macos,aarch64,jre,45
2026-10-07T02:56:57+00:00,sapmachine-28+14,384389777,True,sapmachine-jdk-28-ea.14_macos-aarch64_bin-symbols.tar.gz,macos,aarch64,jdk,1
2026-10-07T02:56:57+00:00,sapmachine-28+14,384389777,True,sapmachine-jdk-28-ea.14_macos-aarch64_bin.dmg,macos,aarch64,jdk,50
2026-10-07T02:56:57+00:00,sapmachine-28+14,384389777,True,sapmachine-jre-28-ea.14_macos-aarch64_bin.dmg,macos,aarch64,jre,47
2026-10-07T02:56:57+00:00,sapmachine-28+14,384389777,True,sapmachine-jdk-28-ea.14_linux-x64_bin.tar.gz,linux,x64,jdk,47
2026-10-07T02:56:57+00:00,sapmachine-28+14,384389777,True,sapmachine-jre-28-ea.14_linux-x64_bin.tar.gz,linux,x64,jre,46
2026-10-07T02:56:57+00:00,sapmachine-28+14,384389777,True,sapmachine-jdk-28-ea.14_linux-x64_bin-symbols.tar.gz,linux,x64,jdk,1
2026-10-07T02:56:57+00:00,sapmachine-28+14,384389777,True,sapmachine-jdk-28-ea.14_linux-aarch64_bin.tar.gz,linux,aarch64,jdk,46
2026-10-07T02:56:57+00:00,sapmachine-28+14,384389777,True,sapmachine-jre-28-ea.14_linux-aarch64_bin.tar.gz,linux,aarch64,jre,45
2026-10-07T02:56:57+00:00,sapmachine-28+14,384389777,True,sapmachine-jdk-28-ea.14_linux-aarch64_bin-symbols.tar.gz,linux,aarch64,jdk,1
2026-10-07T02:56:57+00:00,sapmachine-28+14,384389777,True,sapmachine-jdk-28-ea.14_linux-ppc64le_bin.tar.gz,linux,ppc64,jdk,45
2026-10-07T02:56:57+00:00,sapmachine-28+14,384389777,True,sapmachine-jre-28-ea.14_linux-ppc64le_bin.tar.gz,linux,ppc64,jre,45
2026-10-07T02:56:57+00:00,sapmachine-28+14,384389777,True,sapmachine-jdk-28-ea.14_linux-ppc64le_bin-symbols.tar.gz,linux,ppc64,jdk,1
2026-10-07T02:56:57+00:00,sapmachine-28+14,384389777,True,sapmachine-jdk-28-ea.14_aix-ppc64_bin.tar.gz,aix,ppc64,jdk,44
2026-10-07T02:56:57+00:00,sapmachine-28+14,384389777,True,sapmachine-jre-28-ea.14_aix-ppc64_bin.tar.gz,aix,ppc64,jre,44
2026-10-07T02:56:57+00:00,sapmachine-28+14,384389777,True,sapmachine-jdk-28-ea.14_aix-ppc64_bin-symbols.tar.gz,aix,ppc64,jdk,1
2026-10-07T02:56:57+00:00,sapmachine-28+14,384389777,True,sapmachine-jdk-28-ea.14_windows-x64_bin.zip,windows,x64,jdk,55
2026-10-07T02:56:57+00:00,sapmachine-28+14,384389777,True,sapmachine-jre-28-ea.14_windows-x64_bin.zip,windows,x64,jre,49
2026-10-07T02:56:57+00:00,sapmachine-28+14,384389777,True,sapmachine-jdk-28-ea.14_windows-x64_bin-symbols.tar.gz,windows,x64,jdk,1
2026-10-07T02:56:57+00:00,sapmachine-25.0.5+5,383777589,True,sapmachine-jdk-25.0.5-ea.5_linux-x64-musl_bin.tar.gz,alpine,x64,jdk,48
2026-10-07T02:56:57+00:00,sapmachine-25.0.5+5,383777589,True,sapmachine-jre-25.0.5-ea.5_linux-x64-musl_bin.tar.gz,alpine,x64,jre,49
2026-10-07T02:56:57+00:00,sapmachine-25.0.5+5,383777589,True,sapmachine-jdk-25.0.5-ea.5_linux-x64-musl_bin-symbols.tar.gz,alpine,x64,jdk,4
2026-10-07T02:56:57+00:00,sapmachine-25.0.5+5,383777589,True,sapmachine-jdk-25.0.5-ea.5_linux-x64_bin.tar.gz,linux,x64,jdk,62
2026-10-07T02:56:57+00:00,sapmachine-25.0.5+5,383777589,True,sapmachine-jre-25.0.5-ea.5_linux-x64_bin.tar.gz,linux,x64,jre,49
2026-10-07T02:56:57+00:00,sapmachine-25.0.5+5,383777589,True,sapmachine-jdk-25.0.5-ea.5_linux-x64_bin-symbols.tar.gz,linux,x64,jdk,4
2026-10-07T02:56:57+00:00,sapmachine-25.0.5+5,383777589,True,sapmachine-jdk-25.0.5-ea.5_aix-ppc64_bin.tar.gz,aix,ppc64,jdk,46
2026-10-07T02:56:57+00:00,sapmachine-25.0.5+5,383777589,True,sapmachine-jre-25.0.5-ea.5_aix-ppc64_bin.tar.gz,aix,ppc64,jre,47
2026-10-07T02:56:57+00:00,sapmachine-25.0.5+5,383777589,True,sapmachine-jdk-25.0.5-ea.5_aix-ppc64_bin-symbols.tar.gz,aix,ppc64,jdk,1
2026-10-07T02:56:57+00:00,sapmachine-25.0.5+5,383777589,True,sapmachine-jdk-25.0.5-ea.5_linux-ppc64le_bin.tar.gz,linux,ppc64,jdk,46
2026-10-07T02:56:57+00:00,sapmachine-25.0.5+5,383777589,True,sapmachine-jre-25.0.5-ea.5_linux-ppc64le_bin.tar.gz,linux,ppc64,jre,45
2026-10-07T02:56:57+00:00,sapmachine-25.0.5+5,383777589,True,sapmachine-jdk-25.0.5-ea.5_linux-ppc64le_bin-symbols.tar.gz,linux,ppc64,jdk,1
2026-10-07T02:56:57+00:00,sapmachine-25.0.5+5,383777589,True,sapmachine-jdk-25.0.5-ea.5_linux-aarch64_bin.tar.gz,linux,aarch64,jdk,46
2026-10-07T02:56:57+00:00,sapmachine-25.0.5+5,383777589,True,sapmachine-jre-25.0.5-ea.5_linux-aarch64_bin.tar.gz,linux,aarch64,jre,46
2026-10-07T02:56:57+00:00,sapmachine-25.0.5+5,383777589,True,sapmachine-jdk-25.0.5-ea.5_linux-aarch64_bin-symbols.tar.gz,linux,aarch64,jdk,1
2026-10-07T02:56:57+00:00,sapmachine-25.0.5+5,383777589,True,sapmachine-jdk-25.0.5-ea.5_macos-aarch64_bin.tar.gz,macos,aarch64,jdk,66
2026-10-07T02:56:57+00:00,sapmachine-25.0.5+5,383777589,True,sapmachine-jre-25.0.5-ea.5_macos-aarch64_bin.tar.gz,macos,aarch64,jre,48
2026-10-07T02:56:57+00:00,sapmachine-25.0.5+5,383777589,True,sapmachine-jdk-25.0.5-ea.5_macos-aarch64_bin-symbols.tar.gz,macos,aarch64,jdk,1
2026-10-07T02:56:57+00:00,sapmachine-25.0.5+5,383777589,True,sapmachine-jdk-25.0.5-ea.5_macos-aarch64_bin.dmg,macos,aarch64,jdk,53
2026-10-07T02:56:57+00:00,sapmachine-25.0.5+5,383777589,True,sapmachine-jre-25.0.5-ea.5_macos-aarch64_bin.dmg,macos,aarch64,jre,47
2026-10-07T02:56:57+00:00,sapmachine-25.0.5+5,383777589,True,sapmachine-jdk-25.0.5-ea.5_windows-x64_bin.zip,windows,x64,jdk,53
2026-10-07T02:56:57+00:00,sapmachine-25.0.5+5,383777589,True,sapmachine-jre-25.0.5-ea.5_windows-x64_bin.zip,windows,x64,jre,47
2026-10-07T02:56:57+00:00,sapmachine-25.0.5+5,383777589,True,sapmachine-jdk-25.0.5-ea.5_windows-x64_bin-symbols.tar.gz,windows,x64,jdk,1
2026-10-07T02:56:57+00:00,sapmachine-28+13,382721864,True,sapmachine-jdk-28-ea.13_linux-x64-musl_bin.tar.gz,alpine,x64,jdk,53
2026-10-07T02:56:57+00:00,sapmachine-28+13,382721864,True,sapmachine-jre-28-ea.13_linux-x64-musl_bin.tar.gz,alpine,x64,jre,52
2026-10-07T02:56:57+00:00,sapmachine-28+13,382721864,True,sapmachine-jdk-28-ea.13_linux-x64-musl_bin-symbols.tar.gz,alpine,x64,jdk,4
2026-10-07T02:56:57+00:00,sapmachine-28+13,382721864,True,sapmachine-jdk-28-ea.13_linux-x64_bin.tar.gz,linux,x64,jdk,54
2026-10-07T02:56:57+00:00,sapmachine-28+13,382721864,True,sapmachine-jre-28-ea.13_linux-x64_bin.tar.gz,linux,x64,jre,52
2026-10-07T02:56:57+00:00,sapmachine-28+13,382721864,True,sapmachine-jdk-28-ea.13_linux-x64_bin-symbols.tar.gz,linux,x64,jdk,6
2026-10-07T02:56:57+00:00,sapmachine-28+13,382721864,True,sapmachine-jdk-28-ea.13_macos-aarch64_bin.tar.gz,macos,aarch64,jdk,51
2026-10-07T02:56:57+00:00,sapmachine-28+13,382721864,True,sapmachine-jre-28-ea.13_macos-aarch64_bin.tar.gz,macos,aarch64,jre,52
2026-10-07T02:56:57+00:00,sapmachine-28+13,382721864,True,sapmachine-jdk-28-ea.13_macos-aarch64_bin-symbols.tar.gz,macos,aarch64,jdk,4
2026-10-07T02:56:57+00:00,sapmachine-28+13,382721864,True,sapmachine-jdk-28-ea.13_macos-aarch64_bin.dmg,macos,aarch64,jdk,54
2026-10-07T02:56:57+00:00,sapmachine-28+13,382721864,True,sapmachine-jre-28-ea.13_macos-aarch64_bin.dmg,macos,aarch64,jre,52
2026-10-07T02:56:57+00:00,sapmachine-28+13,382721864,True,sapmachine-jdk-28-ea.13_linux-ppc64le_bin.tar.gz,linux,ppc64,jdk,51
2026-10-07T02:56:57+00:00,sapmachine-28+13,382721864,True,sapmachine-jre-28-ea.13_linux-ppc64le_bin.tar.gz,linux,ppc64,jre,50
2026-10-07T02:56:57+00:00,sapmachine-28+13,382721864,True,sapmachine-jdk-28-ea.13_linux-ppc64le_bin-symbols.tar.gz,linux,ppc64,jdk,3
2026-10-07T02:56:57+00:00,sapmachine-28+13,382721864,True,sapmachine-jdk-28-ea.13_aix-ppc64_bin.tar.gz,aix,ppc64,jdk,50
2026-10-07T02:56:57+00:00,sapmachine-28+13,382721864,True,sapmachine-jre-28-ea.13_aix-ppc64_bin.tar.gz,aix,ppc64,jre,51
2026-10-07T02:56:57+00:00,sapmachine-28+13,382721864,True,sapmachine-jdk-28-ea.13_aix-ppc64_bin-symbols.tar.gz,aix,ppc64,jdk,3
2026-10-07T02:56:57+00:00,sapmachine-28+13,382721864,True,sapmachine-jdk-28-ea.13_linux-aarch64_bin.tar.gz,linux,aarch64,jdk,53
2026-10-07T02:56:57+00:00,sapmachine-28+13,382721864,True,sapmachine-jre-28-ea.13_linux-aarch64_bin.tar.gz,linux,aarch64,jre,51
2026-10-07T02:56:57+00:00,sapmachine-28+13,382721864,True,sapmachine-jdk-28-ea.13_linux-aarch64_bin-symbols.tar.gz,linux,aarch64,jdk,3
2026-10-07T02:56:57+00:00,sapmachine-28+13,382721864,True,sapmachine-jdk-28-ea.13_windows-x64_bin.zip,windows,x64,jdk,53
2026-10-07T02:56:57+00:00,sapmachine-28+13,382721864,True,sapmachine-jre-28-ea.13_windows-x64_bin.zip,windows,x64,jre,53
2026-10-07T02:56:57+00:00,sapmachine-28+13,382721864,True,sapmachine-jdk-28-ea.13_windows-x64_bin-symbols.tar.gz,windows,x64,jdk,4
2026-10-07T02:56:57+00:00,sapmachine-17.0.21+4,382421693,True,sapmachine-jdk-17.0.21-ea.4_linux-x64-musl_bin.tar.gz,alpine,x64,jdk,53
2026-10-07T02:56:57+00:00,sapmachine-17.0.21+4,382421693,True,sapmachine-jre-17.0.21-ea.4_linux-x64-musl_bin.tar.gz,alpine,x64,jre,55
2026-10-07T02:56:57+00:00,sapmachine-17.0.21+4,382421693,True,sapmachine-jdk-17.0.21-ea.4_linux-x64-musl_bin-symbols.tar.gz,alpine,x64,jdk,5
2026-10-07T02:56:57+00:00,sapmachine-17.0.21+4,382421693,True,sapmachine-jdk-17.0.21-ea.4_macos-aarch64_bin.tar.gz,macos,aarch64,jdk,383
2026-10-07T02:56:57+00:00,sapmachine-17.0.21+4,382421693,True,sapmachine-jre-17.0.21-ea.4_macos-aarch64_bin.tar.gz,macos,aarch64,jre,58
2026-10-07T02:56:57+00:00,sapmachine-17.0.21+4,382421693,True,sapmachine-jdk-17.0.21-ea.4_macos-aarch64_bin-symbols.tar.gz,macos,aarch64,jdk,4
2026-10-07T02:56:57+00:00,sapmachine-17.0.21+4,382421693,True,sapmachine-jdk-17.0.21-ea.4_macos-aarch64_bin.dmg,macos,aarch64,jdk,57
2026-10-07T02:56:57+00:00,sapmachine-17.0.21+4,382421693,True,sapmachine-jre-17.0.21-ea.4_macos-aarch64_bin.dmg,macos,aarch64,jre,54
2026-10-07T02:56:57+00:00,sapmachine-17.0.21+4,382421693,True,sapmachine-jdk-17.0.21-ea.4_linux-x64_bin.tar.gz,linux,x64,jdk,197
2026-10-07T02:56:57+00:00,sapmachine-17.0.21+4,382421693,True,sapmachine-jre-17.0.21-ea.4_linux-x64_bin.tar.gz,linux,x64,jre,52
2026-10-07T02:56:57+00:00,sapmachine-17.0.21+4,382421693,True,sapmachine-jdk-17.0.21-ea.4_linux-x64_bin-symbols.tar.gz,linux,x64,jdk,4
2026-10-07T02:56:57+00:00,sapmachine-17.0.21+4,382421693,True,sapmachine-jdk-17.0.21-ea.4_linux-ppc64le_bin.tar.gz,linux,ppc64,jdk,52
2026-10-07T02:56:57+00:00,sapmachine-17.0.21+4,382421693,True,sapmachine-jre-17.0.21-ea.4_linux-ppc64le_bin.tar.gz,linux,ppc64,jre,52
2026-10-07T02:56:57+00:00,sapmachine-17.0.21+4,382421693,True,sapmachine-jdk-17.0.21-ea.4_linux-ppc64le_bin-symbols.tar.gz,linux,ppc64,jdk,4
2026-10-07T02:56:57+00:00,sapmachine-17.0.21+4,382421693,True,sapmachine-jdk-17.0.21-ea.4_linux-aarch64_bin.tar.gz,linux,aarch64,jdk,53
2026-10-07T02:56:57+00:00,sapmachine-17.0.21+4,382421693,True,sapmachine-jre-17.0.21-ea.4_linux-aarch64_bin.tar.gz,linux,aarch64,jre,53
2026-10-07T02:56:57+00:00,sapmachine-17.0.21+4,382421693,True,sapmachine-jdk-17.0.21-ea.4_linux-aarch64_bin-symbols.tar.gz,linux,aarch64,jdk,3
2026-10-07T02:56:57+00:00,sapmachine-17.0.21+4,382421693,True,sapmachine-jdk-17.0.21-ea.4_windows-x64_bin.zip,windows,x64,jdk,193
2026-10-07T02:56:57+00:00,sapmachine-17.0.21+4,382421693,True,sapmachine-jre-17.0.21-ea.4_windows-x64_bin.zip,windows,x64,jre,52
2026-10-07T02:56:57+00:00,sapmachine-17.0.21+4,382421693,True,sapmachine-jdk-17.0.21-ea.4_windows-x64_bin-symbols.tar.gz,windows,x64,jdk,3
2026-10-07T02:56:57+00:00,sapmachine-17.0.21+4,382421693,True,sapmachine-jdk-17.0.21-ea.4_macos-x64_bin.tar.gz,macos,x64,jdk,53
2026-10-07T02:56:57+00:00,sapmachine-17.0.21+4,382421693,True,sapmachine-jre-17.0.21-ea.4_macos-x64_bin.tar.gz,macos,x64,jre,53
2026-10-07T02:56:57+00:00,sapmachine-17.0.21+4,382421693,True,sapmachine-jdk-17.0.21-ea.4_macos-x64_bin-symbols.tar.gz,macos,x64,jdk,3
2026-10-07T02:56:57+00:00,sapmachine-17.0.21+4,382421693,True,sapmachine-jdk-17.0.21-ea.4_macos-x64_bin.dmg,macos,x64,jdk,51
2026-10-07T02:56:57+00:00,sapmachine-17.0.21+4,382421693,True,sapmachine-jre-17.0.21-ea.4_macos-x64_bin.dmg,macos,x64,jre,51
2026-10-07T02:56:57+00:00,sapmachine-21.0.13+4,382421849,True,sapmachine-jdk-21.0.13-ea.4_linux-x64-musl_bin.tar.gz,alpine,x64,jdk,56
2026-10-07T02:56:57+00:00,sapmachine-21.0.13+4,382421849,True,sapmachine-jre-21.0.13-ea.4_linux-x64-musl_bin.tar.gz,alpine,x64,jre,55
2026-10-07T02:56:57+00:00,sapmachine-21.0.13+4,382421849,True,sapmachine-jdk-21.0.13-ea.4_linux-x64-musl_bin-symbols.tar.gz,alpine,x64,jdk,6
2026-10-07T02:56:57+00:00,sapmachine-21.0.13+4,382421849,True,sapmachine-jdk-21.0.13-ea.4_linux-x64_bin.tar.gz,linux,x64,jdk,201
2026-10-07T02:56:57+00:00,sapmachine-21.0.13+4,382421849,True,sapmachine-jre-21.0.13-ea.4_linux-x64_bin.tar.gz,linux,x64,jre,56
2026-10-07T02:56:57+00:00,sapmachine-21.0.13+4,382421849,True,sapmachine-jdk-21.0.13-ea.4_linux-x64_bin-symbols.tar.gz,linux,x64,jdk,6
2026-10-07T02:56:57+00:00,sapmachine-21.0.13+4,382421849,True,sapmachine-jdk-21.0.13-ea.4_macos-aarch64_bin.tar.gz,macos,aarch64,jdk,291
2026-10-07T02:56:57+00:00,sapmachine-21.0.13+4,382421849,True,sapmachine-jre-21.0.13-ea.4_macos-aarch64_bin.tar.gz,macos,aarch64,jre,57
2026-10-07T02:56:57+00:00,sapmachine-21.0.13+4,382421849,True,sapmachine-jdk-21.0.13-ea.4_macos-aarch64_bin-symbols.tar.gz,macos,aarch64,jdk,4
2026-10-07T02:56:57+00:00,sapmachine-21.0.13+4,382421849,True,sapmachine-jdk-21.0.13-ea.4_macos-aarch64_bin.dmg,macos,aarch64,jdk,54
2026-10-07T02:56:57+00:00,sapmachine-21.0.13+4,382421849,True,sapmachine-jre-21.0.13-ea.4_macos-aarch64_bin.dmg,macos,aarch64,jre,53
2026-10-07T02:56:57+00:00,sapmachine-21.0.13+4,382421849,True,sapmachine-jdk-21.0.13-ea.4_linux-ppc64le_bin.tar.gz,linux,ppc64,jdk,52
2026-10-07T02:56:57+00:00,sapmachine-21.0.13+4,382421849,True,sapmachine-jre-21.0.13-ea.4_linux-ppc64le_bin.tar.gz,linux,ppc64,jre,54
2026-10-07T02:56:57+00:00,sapmachine-21.0.13+4,382421849,True,sapmachine-jdk-21.0.13-ea.4_linux-ppc64le_bin-symbols.tar.gz,linux,ppc64,jdk,3
2026-10-07T02:56:57+00:00,sapmachine-21.0.13+4,382421849,True,sapmachine-jdk-21.0.13-ea.4_linux-aarch64_bin.tar.gz,linux,aarch64,jdk,55
2026-10-07T02:56:57+00:00,sapmachine-21.0.13+4,382421849,True,sapmachine-jre-21.0.13-ea.4_linux-aarch64_bin.tar.gz,linux,aarch64,jre,54
2026-10-07T02:56:57+00:00,sapmachine-21.0.13+4,382421849,True,sapmachine-jdk-21.0.13-ea.4_linux-aarch64_bin-symbols.tar.gz,linux,aarch64,jdk,3
2026-10-07T02:56:57+00:00,sapmachine-21.0.13+4,382421849,True,sapmachine-jdk-21.0.13-ea.4_windows-x64_bin.zip,windows,x64,jdk,198
2026-10-07T02:56:57+00:00,sapmachine-21.0.13+4,382421849,True,sapmachine-jre-21.0.13-ea.4_windows-x64_bin.zip,windows,x64,jre,51
2026-10-07T02:56:57+00:00,sapmachine-21.0.13+4,382421849,True,sapmachine-jdk-21.0.13-ea.4_windows-x64_bin-symbols.tar.gz,windows,x64,jdk,4
2026-10-07T02:56:57+00:00,sapmachine-21.0.13+4,382421849,True,sapmachine-jdk-21.0.13-ea.4_macos-x64_bin.tar.gz,macos,x64,jdk,52
2026-10-07T02:56:57+00:00,sapmachine-21.0.13+4,382421849,True,sapmachine-jre-21.0.13-ea.4_macos-x64_bin.tar.gz,macos,x64,jre,51
2026-10-07T02:56:57+00:00,sapmachine-21.0.13+4,382421849,True,sapmachine-jdk-21.0.13-ea.4_macos-x64_bin-symbols.tar.gz,macos,x64,jdk,4
2026-10-07T02:56:57+00:00,sapmachine-21.0.13+4,382421849,True,sapmachine-jdk-21.0.13-ea.4_macos-x64_bin.dmg,macos,x64,jdk,51
2026-10-07T02:56:57+00:00,sapmachine-21.0.13+4,382421849,True,sapmachine-jre-21.0.13-ea.4_macos-x64_bin.dmg,macos,x64,jre,52
2026-10-07T02:56:57+00:00,sapmachine-21.0.13+4,382421849,True,sapmachine-jdk-21.0.13-ea.4_aix-ppc64_bin.tar.gz,aix,ppc64,jdk,51
2026-10-07T02:56:57+00:00,sapmachine-21.0.13+4,382421849,True,sapmachine-jre-21.0.13-ea.4_aix-ppc64_bin.tar.gz,aix,ppc64,jre,52
2026-10-07T02:56:57+00:00,sapmachine-21.0.13+4,382421849,True,sapmachine-jdk-21.0.13-ea.4_aix-ppc64_bin-symbols.tar.gz,aix,ppc64,jdk,3
2026-10-07T02:56:57+00:00,sapmachine-28+12,381855867,True,sapmachine-jdk-28-ea.12_linux-x64-musl_bin.tar.gz,alpine,x64,jdk,52
2026-10-07T02:56:57+00:00,sapmachine-28+12,381855867,True,sapmachine-jre-28-ea.12_linux-x64-musl_bin.tar.gz,alpine,x64,jre,53
2026-10-07T02:56:57+00:00,sapmachine-28+12,381855867,True,sapmachine-jdk-28-ea.12_linux-x64-musl_bin-symbols.tar.gz,alpine,x64,jdk,2
2026-10-07T02:56:57+00:00,sapmachine-28+12,381855867,True,sapmachine-jdk-28-ea.12_linux-x64_bin.tar.gz,linux,x64,jdk,53
2026-10-07T02:56:57+00:00,sapmachine-28+12,381855867,True,sapmachine-jre-28-ea.12_linux-x64_bin.tar.gz,linux,x64,jre,52
2026-10-07T02:56:57+00:00,sapmachine-28+12,381855867,True,sapmachine-jdk-28-ea.12_linux-x64_bin-symbols.tar.gz,linux,x64,jdk,2
2026-10-07T02:56:57+00:00,sapmachine-28+12,381855867,True,sapmachine-jdk-28-ea.12_macos-aarch64_bin.tar.gz,macos,aarch64,jdk,52
2026-10-07T02:56:57+00:00,sapmachine-28+12,381855867,True,sapmachine-jre-28-ea.12_macos-aarch64_bin.tar.gz,macos,aarch64,jre,52
2026-10-07T02:56:57+00:00,sapmachine-28+12,381855867,True,sapmachine-jdk-28-ea.12_macos-aarch64_bin-symbols.tar.gz,macos,aarch64,jdk,3
2026-10-07T02:56:57+00:00,sapmachine-28+12,381855867,True,sapmachine-jdk-28-ea.12_macos-aarch64_bin.dmg,macos,aarch64,jdk,59
2026-10-07T02:56:57+00:00,sapmachine-28+12,381855867,True,sapmachine-jre-28-ea.12_macos-aarch64_bin.dmg,macos,aarch64,jre,53
2026-10-07T02:56:57+00:00,sapmachine-28+12,381855867,True,sapmachine-jdk-28-ea.12_linux-ppc64le_bin.tar.gz,linux,ppc64,jdk,52
2026-10-07T02:56:57+00:00,sapmachine-28+12,381855867,True,sapmachine-jre-28-ea.12_linux-ppc64le_bin.tar.gz,linux,ppc64,jre,51
2026-10-07T02:56:57+00:00,sapmachine-28+12,381855867,True,sapmachine-jdk-28-ea.12_linux-ppc64le_bin-symbols.tar.gz,linux,ppc64,jdk,3
2026-10-07T02:56:57+00:00,sapmachine-28+12,381855867,True,sapmachine-jdk-28-ea.12_linux-aarch64_bin.tar.gz,linux,aarch64,jdk,52
2026-10-07T02:56:57+00:00,sapmachine-28+12,381855867,True,sapmachine-jre-28-ea.12_linux-aarch64_bin.tar.gz,linux,aarch64,jre,55
2026-10-07T02:56:57+00:00,sapmachine-28+12,381855867,True,sapmachine-jdk-28-ea.12_linux-aarch64_bin-symbols.tar.gz,linux,aarch64,jdk,2
2026-10-07T02:56:57+00:00,sapmachine-28+12,381855867,True,sapmachine-jdk-28-ea.12_aix-ppc64_bin.tar.gz,aix,ppc64,jdk,52
2026-10-07T02:56:57+00:00,sapmachine-28+12,381855867,True,sapmachine-jre-28-ea.12_aix-ppc64_bin.tar.gz,aix,ppc64,jre,52
2026-10-07T02:56:57+00:00,sapmachine-28+12,381855867,True,sapmachine-jdk-28-ea.12_aix-ppc64_bin-symbols.tar.gz,aix,ppc64,jdk,2
2026-10-07T02:56:57+00:00,sapmachine-28+12,381855867,True,sapmachine-jdk-28-ea.12_windows-x64_bin.zip,windows,x64,jdk,52
2026-10-07T02:56:57+00:00,sapmachine-28+12,381855867,True,sapmachine-jre-28-ea.12_windows-x64_bin.zip,windows,x64,jre,52
2026-10-07T02:56:57+00:00,sapmachine-28+12,381855867,True,sapmachine-jdk-28-ea.12_windows-x64_bin-symbols.tar.gz,windows,x64,jdk,2
2026-10-07T02:56:57+00:00,sapmachine-25.0.5+4,381197640,True,sapmachine-jdk-25.0.5-ea.4_linux-x64-musl_bin.tar.gz,alpine,x64,jdk,52
2026-10-07T02:56:57+00:00,sapmachine-25.0.5+4,381197640,True,sapmachine-jre-25.0.5-ea.4_linux-x64-musl_bin.tar.gz,alpine,x64,jre,52
2026-10-07T02:56:57+00:00,sapmachine-25.0.5+4,381197640,True,sapmachine-jdk-25.0.5-ea.4_linux-x64-musl_bin-symbols.tar.gz,alpine,x64,jdk,2
2026-10-07T02:56:57+00:00,sapmachine-25.0.5+4,381197640,True,sapmachine-jdk-25.0.5-ea.4_aix-ppc64_bin.tar.gz,aix,ppc64,jdk,52
2026-10-07T02:56:57+00:00,sapmachine-25.0.5+4,381197640,True,sapmachine-jre-25.0.5-ea.4_aix-ppc64_bin.tar.gz,aix,ppc64,jre,52
2026-10-07T02:56:57+00:00,sapmachine-25.0.5+4,381197640,True,sapmachine-jdk-25.0.5-ea.4_aix-ppc64_bin-symbols.tar.gz,aix,ppc64,jdk,2
2026-10-07T02:56:57+00:00,sapmachine-25.0.5+4,381197640,True,sapmachine-jdk-25.0.5-ea.4_macos-aarch64_bin.tar.gz,macos,aarch64,jdk,74
2026-10-07T02:56:57+00:00,sapmachine-25.0.5+4,381197640,True,sapmachine-jre-25.0.5-ea.4_macos-aarch64_bin.tar.gz,macos,aarch64,jre,53
2026-10-07T02:56:57+00:00,sapmachine-25.0.5+4,381197640,True,sapmachine-jdk-25.0.5-ea.4_macos-aarch64_bin-symbols.tar.gz,macos,aarch64,jdk,1
2026-10-07T02:56:57+00:00,sapmachine-25.0.5+4,381197640,True,sapmachine-jdk-25.0.5-ea.4_macos-aarch64_bin.dmg,macos,aarch64,jdk,54
2026-10-07T02:56:57+00:00,sapmachine-25.0.5+4,381197640,True,sapmachine-jre-25.0.5-ea.4_macos-aarch64_bin.dmg,macos,aarch64,jre,54
2026-10-07T02:56:57+00:00,sapmachine-25.0.5+4,381197640,True,sapmachine-jdk-25.0.5-ea.4_windows-x64_bin.zip,windows,x64,jdk,53
2026-10-07T02:56:57+00:00,sapmachine-25.0.5+4,381197640,True,sapmachine-jre-25.0.5-ea.4_windows-x64_bin.zip,windows,x64,jre,54
2026-10-07T02:56:57+00:00,sapmachine-25.0.5+4,381197640,True,sapmachine-jdk-25.0.5-ea.4_windows-x64_bin-symbols.tar.gz,windows,x64,jdk,2
2026-10-07T02:56:57+00:00,sapmachine-25.0.5+4,381197640,True,sapmachine-jdk-25.0.5-ea.4_linux-aarch64_bin.tar.gz,linux,aarch64,jdk,55
2026-10-07T02:56:57+00:00,sapmachine-25.0.5+4,381197640,True,sapmachine-jre-25.0.5-ea.4_linux-aarch64_bin.tar.gz,linux,aarch64,jre,53
2026-10-07T02:56:57+00:00,sapmachine-25.0.5+4,381197640,True,sapmachine-jdk-25.0.5-ea.4_linux-aarch64_bin-symbols.tar.gz,linux,aarch64,jdk,2
2026-10-07T02:56:57+00:00,sapmachine-25.0.5+4,381197640,True,sapmachine-jdk-25.0.5-ea.4_linux-x64_bin.tar.gz,linux,x64,jdk,58
2026-10-07T02:56:57+00:00,sapmachine-25.0.5+4,381197640,True,sapmachine-jre-25.0.5-ea.4_linux-x64_bin.tar.gz,linux,x64,jre,53
2026-10-07T02:56:57+00:00,sapmachine-25.0.5+4,381197640,True,sapmachine-jdk-25.0.5-ea.4_linux-x64_bin-symbols.tar.gz,linux,x64,jdk,1
2026-10-07T02:56:57+00:00,sapmachine-25.0.5+4,381197640,True,sapmachine-jdk-25.0.5-ea.4_linux-ppc64le_bin.tar.gz,linux,ppc64,jdk,58
2026-10-07T02:56:57+00:00,sapmachine-25.0.5+4,381197640,True,sapmachine-jre-25.0.5-ea.4_linux-ppc64le_bin.tar.gz,linux,ppc64,jre,53
2026-10-07T02:56:57+00:00,sapmachine-25.0.5+4,381197640,True,sapmachine-jdk-25.0.5-ea.4_linux-ppc64le_bin-symbols.tar.gz,linux,ppc64,jdk,2
2026-10-07T02:56:57+00:00,sapmachine-17.0.21+3,376093539,True,sapmachine-jdk-17.0.21-ea.3_linux-x64-musl_bin.tar.gz,alpine,x64,jdk,69
2026-10-07T02:56:57+00:00,sapmachine-17.0.21+3,376093539,True,sapmachine-jre-17.0.21-ea.3_linux-x64-musl_bin.tar.gz,alpine,x64,jre,68
2026-10-07T02:56:57+00:00,sapmachine-17.0.21+3,376093539,True,sapmachine-jdk-17.0.21-ea.3_linux-x64-musl_bin-symbols.tar.gz,alpine,x64,jdk,2
2026-10-07T02:56:57+00:00,sapmachine-17.0.21+3,376093539,True,sapmachine-jdk-17.0.21-ea.3_linux-x64_bin.tar.gz,linux,x64,jdk,458
2026-10-07T02:56:57+00:00,sapmachine-17.0.21+3,376093539,True,sapmachine-jre-17.0.21-ea.3_linux-x64_bin.tar.gz,linux,x64,jre,67
2026-10-07T02:56:57+00:00,sapmachine-17.0.21+3,376093539,True,sapmachine-jdk-17.0.21-ea.3_linux-x64_bin-symbols.tar.gz,linux,x64,jdk,3
2026-10-07T02:56:57+00:00,sapmachine-17.0.21+3,376093539,True,sapmachine-jdk-17.0.21-ea.3_linux-ppc64le_bin.tar.gz,linux,ppc64,jdk,68
2026-10-07T02:56:57+00:00,sapmachine-17.0.21+3,376093539,True,sapmachine-jre-17.0.21-ea.3_linux-ppc64le_bin.tar.gz,linux,ppc64,jre,67
2026-10-07T02:56:57+00:00,sapmachine-17.0.21+3,376093539,True,sapmachine-jdk-17.0.21-ea.3_linux-ppc64le_bin-symbols.tar.gz,linux,ppc64,jdk,1
2026-10-07T02:56:57+00:00,sapmachine-17.0.21+3,376093539,True,sapmachine-jdk-17.0.21-ea.3_linux-aarch64_bin.tar.gz,linux,aarch64,jdk,70
2026-10-07T02:56:57+00:00,sapmachine-17.0.21+3,376093539,True,sapmachine-jre-17.0.21-ea.3_linux-aarch64_bin.tar.gz,linux,aarch64,jre,66
2026-10-07T02:56:57+00:00,sapmachine-17.0.21+3,376093539,True,sapmachine-jdk-17.0.21-ea.3_linux-aarch64_bin-symbols.tar.gz,linux,aarch64,jdk,1
2026-10-07T02:56:57+00:00,sapmachine-17.0.21+3,376093539,True,sapmachine-jdk-17.0.21-ea.3_windows-x64_bin.zip,windows,x64,jdk,391
2026-10-07T02:56:57+00:00,sapmachine-17.0.21+3,376093539,True,sapmachine-jre-17.0.21-ea.3_windows-x64_bin.zip,windows,x64,jre,75
2026-10-07T02:56:57+00:00,sapmachine-17.0.21+3,376093539,True,sapmachine-jdk-17.0.21-ea.3_windows-x64_bin-symbols.tar.gz,windows,x64,jdk,1
2026-10-07T02:56:57+00:00,sapmachine-17.0.21+3,376093539,True,sapmachine-jdk-17.0.21-ea.3_macos-x64_bin.tar.gz,macos,x64,jdk,64
2026-10-07T02:56:57+00:00,sapmachine-17.0.21+3,376093539,True,sapmachine-jre-17.0.21-ea.3_macos-x64_bin.tar.gz,macos,x64,jre,66
2026-10-07T02:56:57+00:00,sapmachine-17.0.21+3,376093539,True,sapmachine-jdk-17.0.21-ea.3_macos-x64_bin-symbols.tar.gz,macos,x64,jdk,2
2026-10-07T02:56:57+00:00,sapmachine-17.0.21+3,376093539,True,sapmachine-jdk-17.0.21-ea.3_macos-x64_bin.dmg,macos,x64,jdk,69
2026-10-07T02:56:57+00:00,sapmachine-17.0.21+3,376093539,True,sapmachine-jre-17.0.21-ea.3_macos-x64_bin.dmg,macos,x64,jre,66
2026-10-07T02:56:57+00:00,sapmachine-17.0.21+3,376093539,True,sapmachine-jdk-17.0.21-ea.3_macos-aarch64_bin.tar.gz,macos,aarch64,jdk,763
2026-10-07T02:56:57+00:00,sapmachine-17.0.21+3,376093539,True,sapmachine-jre-17.0.21-ea.3_macos-aarch64_bin.tar.gz,macos,aarch64,jre,66
2026-10-07T02:56:57+00:00,sapmachine-17.0.21+3,376093539,True,sapmachine-jdk-17.0.21-ea.3_macos-aarch64_bin-symbols.tar.gz,macos,aarch64,jdk,2
2026-10-07T02:56:57+00:00,sapmachine-17.0.21+3,376093539,True,sapmachine-jdk-17.0.21-ea.3_macos-aarch64_bin.dmg,macos,aarch64,jdk,71
2026-10-07T02:56:57+00:00,sapmachine-17.0.21+3,376093539,True,sapmachine-jre-17.0.21-ea.3_macos-aarch64_bin.dmg,macos,aarch64,jre,74
2026-10-07T02:56:57+00:00,sapmachine-21.0.13+3,376089838,True,sapmachine-jdk-21.0.13-ea.3_linux-x64_bin.tar.gz,linux,x64,jdk,396
2026-10-07T02:56:57+00:00,sapmachine-21.0.13+3,376089838,True,sapmachine-jre-21.0.13-ea.3_linux-x64_bin.tar.gz,linux,x64,jre,70
2026-10-07T02:56:57+00:00,sapmachine-21.0.13+3,376089838,True,sapmachine-jdk-21.0.13-ea.3_linux-x64_bin-symbols.tar.gz,linux,x64,jdk,2
2026-10-07T02:56:57+00:00,sapmachine-21.0.13+3,376089838,True,sapmachine-jdk-21.0.13-ea.3_aix-ppc64_bin.tar.gz,aix,ppc64,jdk,76
2026-10-07T02:56:57+00:00,sapmachine-21.0.13+3,376089838,True,sapmachine-jre-21.0.13-ea.3_aix-ppc64_bin.tar.gz,aix,ppc64,jre,68
2026-10-07T02:56:57+00:00,sapmachine-21.0.13+3,376089838,True,sapmachine-jdk-21.0.13-ea.3_aix-ppc64_bin-symbols.tar.gz,aix,ppc64,jdk,2
2026-10-07T02:56:57+00:00,sapmachine-21.0.13+3,376089838,True,sapmachine-jdk-21.0.13-ea.3_linux-x64-musl_bin.tar.gz,alpine,x64,jdk,67
2026-10-07T02:56:57+00:00,sapmachine-21.0.13+3,376089838,True,sapmachine-jre-21.0.13-ea.3_linux-x64-musl_bin.tar.gz,alpine,x64,jre,67
2026-10-07T02:56:57+00:00,sapmachine-21.0.13+3,376089838,True,sapmachine-jdk-21.0.13-ea.3_linux-x64-musl_bin-symbols.tar.gz,alpine,x64,jdk,1
2026-10-07T02:56:57+00:00,sapmachine-21.0.13+3,376089838,True,sapmachine-jdk-21.0.13-ea.3_linux-ppc64le_bin.tar.gz,linux,ppc64,jdk,66
2026-10-07T02:56:57+00:00,sapmachine-21.0.13+3,376089838,True,sapmachine-jre-21.0.13-ea.3_linux-ppc64le_bin.tar.gz,linux,ppc64,jre,68
2026-10-07T02:56:57+00:00,sapmachine-21.0.13+3,376089838,True,sapmachine-jdk-21.0.13-ea.3_linux-ppc64le_bin-symbols.tar.gz,linux,ppc64,jdk,1
2026-10-07T02:56:57+00:00,sapmachine-21.0.13+3,376089838,True,sapmachine-jdk-21.0.13-ea.3_linux-aarch64_bin.tar.gz,linux,aarch64,jdk,68
2026-10-07T02:56:57+00:00,sapmachine-21.0.13+3,376089838,True,sapmachine-jre-21.0.13-ea.3_linux-aarch64_bin.tar.gz,linux,aarch64,jre,65
2026-10-07T02:56:57+00:00,sapmachine-21.0.13+3,376089838,True,sapmachine-jdk-21.0.13-ea.3_linux-aarch64_bin-symbols.tar.gz,linux,aarch64,jdk,1
2026-10-07T02:56:57+00:00,sapmachine-21.0.13+3,376089838,True,sapmachine-jdk-21.0.13-ea.3_macos-x64_bin.tar.gz,macos,x64,jdk,69
2026-10-07T02:56:57+00:00,sapmachine-21.0.13+3,376089838,True,sapmachine-jre-21.0.13-ea.3_macos-x64_bin.tar.gz,macos,x64,jre,67
2026-10-07T02:56:57+00:00,sapmachine-21.0.13+3,376089838,True,sapmachine-jdk-21.0.13-ea.3_macos-x64_bin-symbols.tar.gz,macos,x64,jdk,2
2026-10-07T02:56:57+00:00,sapmachine-21.0.13+3,376089838,True,sapmachine-jdk-21.0.13-ea.3_macos-x64_bin.dmg,macos,x64,jdk,68
2026-10-07T02:56:57+00:00,sapmachine-21.0.13+3,376089838,True,sapmachine-jre-21.0.13-ea.3_macos-x64_bin.dmg,macos,x64,jre,65
2026-10-07T02:56:57+00:00,sapmachine-21.0.13+3,376089838,True,sapmachine-jdk-21.0.13-ea.3_windows-x64_bin.zip,windows,x64,jdk,389
2026-10-07T02:56:57+00:00,sapmachine-21.0.13+3,376089838,True,sapmachine-jre-21.0.13-ea.3_windows-x64_bin.zip,windows,x64,jre,67
2026-10-07T02:56:57+00:00,sapmachine-21.0.13+3,376089838,True,sapmachine-jdk-21.0.13-ea.3_windows-x64_bin-symbols.tar.gz,windows,x64,jdk,1
2026-10-07T02:56:57+00:00,sapmachine-21.0.13+3,376089838,True,sapmachine-jdk-21.0.13-ea.3_macos-aarch64_bin.tar.gz,macos,aarch64,jdk,520
2026-10-07T02:56:57+00:00,sapmachine-21.0.13+3,376089838,True,sapmachine-jre-21.0.13-ea.3_macos-aarch64_bin.tar.gz,macos,aarch64,jre,71
2026-10-07T02:56:57+00:00,sapmachine-21.0.13+3,376089838,True,sapmachine-jdk-21.0.13-ea.3_macos-aarch64_bin-symbols.tar.gz,macos,aarch64,jdk,2
2026-10-07T02:56:57+00:00,sapmachine-21.0.13+3,376089838,True,sapmachine-jdk-21.0.13-ea.3_macos-aarch64_bin.dmg,macos,aarch64,jdk,69
2026-10-07T02:56:57+00:00,sapmachine-21.0.13+3,376089838,True,sapmachine-jre-21.0.13-ea.3_macos-aarch64_bin.dmg,macos,aarch64,jre,67
2026-10-07T02:56:57+00:00,sapmachine-27+35,376088749,True,sapmachine-jdk-27-ea.35_linux-x64-musl_bin.tar.gz,alpine,x64,jdk,70
2026-10-07T02:56:57+00:00,sapmachine-27+35,376088749,True,sapmachine-jre-27-ea.35_linux-x64-musl_bin.tar.gz,alpine,x64,jre,69
2026-10-07T02:56:57+00:00,sapmachine-27+35,376088749,True,sapmachine-jdk-27-ea.35_linux-x64-musl_bin-symbols.tar.gz,alpine,x64,jdk,2
2026-10-07T02:56:57+00:00,sapmachine-27+35,376088749,True,sapmachine-jdk-27-ea.35_linux-x64_bin.tar.gz,linux,x64,jdk,82
2026-10-07T02:56:57+00:00,sapmachine-27+35,376088749,True,sapmachine-jre-27-ea.35_linux-x64_bin.tar.gz,linux,x64,jre,69
2026-10-07T02:56:57+00:00,sapmachine-27+35,376088749,True,sapmachine-jdk-27-ea.35_linux-x64_bin-symbols.tar.gz,linux,x64,jdk,2
2026-10-07T02:56:57+00:00,sapmachine-27+35,376088749,True,sapmachine-jdk-27-ea.35_linux-aarch64_bin.tar.gz,linux,aarch64,jdk,76
2026-10-07T02:56:57+00:00,sapmachine-27+35,376088749,True,sapmachine-jre-27-ea.35_linux-aarch64_bin.tar.gz,linux,aarch64,jre,68
2026-10-07T02:56:57+00:00,sapmachine-27+35,376088749,True,sapmachine-jdk-27-ea.35_linux-aarch64_bin-symbols.tar.gz,linux,aarch64,jdk,1
2026-10-07T02:56:57+00:00,sapmachine-27+35,376088749,True,sapmachine-jdk-27-ea.35_linux-ppc64le_bin.tar.gz,linux,ppc64,jdk,71
2026-10-07T02:56:57+00:00,sapmachine-27+35,376088749,True,sapmachine-jre-27-ea.35_linux-ppc64le_bin.tar.gz,linux,ppc64,jre,74
2026-10-07T02:56:57+00:00,sapmachine-27+35,376088749,True,sapmachine-jdk-27-ea.35_linux-ppc64le_bin-symbols.tar.gz,linux,ppc64,jdk,1
2026-10-07T02:56:57+00:00,sapmachine-27+35,376088749,True,sapmachine-jdk-27-ea.35_aix-ppc64_bin.tar.gz,aix,ppc64,jdk,68
2026-10-07T02:56:57+00:00,sapmachine-27+35,376088749,True,sapmachine-jre-27-ea.35_aix-ppc64_bin.tar.gz,aix,ppc64,jre,68
2026-10-07T02:56:57+00:00,sapmachine-27+35,376088749,True,sapmachine-jdk-27-ea.35_aix-ppc64_bin-symbols.tar.gz,aix,ppc64,jdk,1
2026-10-07T02:56:57+00:00,sapmachine-27+35,376088749,True,sapmachine-jdk-27-ea.35_macos-aarch64_bin.tar.gz,macos,aarch64,jdk,74
2026-10-07T02:56:57+00:00,sapmachine-27+35,376088749,True,sapmachine-jre-27-ea.35_macos-aarch64_bin.tar.gz,macos,aarch64,jre,72
2026-10-07T02:56:57+00:00,sapmachine-27+35,376088749,True,sapmachine-jdk-27-ea.35_macos-aarch64_bin-symbols.tar.gz,macos,aarch64,jdk,1
2026-10-07T02:56:57+00:00,sapmachine-27+35,376088749,True,sapmachine-jdk-27-ea.35_macos-aarch64_bin.dmg,macos,aarch64,jdk,73
2026-10-07T02:56:57+00:00,sapmachine-27+35,376088749,True,sapmachine-jre-27-ea.35_macos-aarch64_bin.dmg,macos,aarch64,jre,68
2026-10-07T02:56:57+00:00,sapmachine-27+35,376088749,True,sapmachine-jdk-27-ea.35_windows-x64_bin.zip,windows,x64,jdk,74
2026-10-07T02:56:57+00:00,sapmachine-27+35,376088749,True,sapmachine-jre-27-ea.35_windows-x64_bin.zip,windows,x64,jre,67
2026-10-07T02:56:57+00:00,sapmachine-27+35,376088749,True,sapmachine-jdk-27-ea.35_windows-x64_bin-symbols.tar.gz,windows,x64,jdk,1
2026-10-07T02:56:57+00:00,sapmachine-25.0.5+3,375384200,True,sapmachine-jdk-25.0.5-ea.3_linux-x64-musl_bin.tar.gz,alpine,x64,jdk,72
2026-10-07T02:56:57+00:00,sapmachine-25.0.5+3,375384200,True,sapmachine-jre-25.0.5-ea.3_linux-x64-musl_bin.tar.gz,alpine,x64,jre,66
2026-10-07T02:56:57+00:00,sapmachine-25.0.5+3,375384200,True,sapmachine-jdk-25.0.5-ea.3_linux-x64-musl_bin-symbols.tar.gz,alpine,x64,jdk,3
2026-10-07T02:56:57+00:00,sapmachine-25.0.5+3,375384200,True,sapmachine-jdk-25.0.5-ea.3_linux-x64_bin.tar.gz,linux,x64,jdk,78
2026-10-07T02:56:57+00:00,sapmachine-25.0.5+3,375384200,True,sapmachine-jre-25.0.5-ea.3_linux-x64_bin.tar.gz,linux,x64,jre,72
2026-10-07T02:56:57+00:00,sapmachine-25.0.5+3,375384200,True,sapmachine-jdk-25.0.5-ea.3_linux-x64_bin-symbols.tar.gz,linux,x64,jdk,2
2026-10-07T02:56:57+00:00,sapmachine-25.0.5+3,375384200,True,sapmachine-jdk-25.0.5-ea.3_linux-ppc64le_bin.tar.gz,linux,ppc64,jdk,70
2026-10-07T02:56:57+00:00,sapmachine-25.0.5+3,375384200,True,sapmachine-jre-25.0.5-ea.3_linux-ppc64le_bin.tar.gz,linux,ppc64,jre,69
2026-10-07T02:56:57+00:00,sapmachine-25.0.5+3,375384200,True,sapmachine-jdk-25.0.5-ea.3_linux-ppc64le_bin-symbols.tar.gz,linux,ppc64,jdk,2
2026-10-07T02:56:57+00:00,sapmachine-25.0.5+3,375384200,True,sapmachine-jdk-25.0.5-ea.3_linux-aarch64_bin.tar.gz,linux,aarch64,jdk,71
2026-10-07T02:56:57+00:00,sapmachine-25.0.5+3,375384200,True,sapmachine-jre-25.0.5-ea.3_linux-aarch64_bin.tar.gz,linux,aarch64,jre,71
2026-10-07T02:56:57+00:00,sapmachine-25.0.5+3,375384200,True,sapmachine-jdk-25.0.5-ea.3_linux-aarch64_bin-symbols.tar.gz,linux,aarch64,jdk,1
2026-10-07T02:56:57+00:00,sapmachine-25.0.5+3,375384200,True,sapmachine-jdk-25.0.5-ea.3_aix-ppc64_bin.tar.gz,aix,ppc64,jdk,68
2026-10-07T02:56:57+00:00,sapmachine-25.0.5+3,375384200,True,sapmachine-jre-25.0.5-ea.3_aix-ppc64_bin.tar.gz,aix,ppc64,jre,68
2026-10-07T02:56:57+00:00,sapmachine-25.0.5+3,375384200,True,sapmachine-jdk-25.0.5-ea.3_aix-ppc64_bin-symbols.tar.gz,aix,ppc64,jdk,1
2026-10-07T02:56:57+00:00,sapmachine-25.0.5+3,375384200,True,sapmachine-jdk-25.0.5-ea.3_macos-aarch64_bin.tar.gz,macos,aarch64,jdk,85
2026-10-07T02:56:57+00:00,sapmachine-25.0.5+3,375384200,True,sapmachine-jre-25.0.5-ea.3_macos-aarch64_bin.tar.gz,macos,aarch64,jre,68
2026-10-07T02:56:57+00:00,sapmachine-25.0.5+3,375384200,True,sapmachine-jdk-25.0.5-ea.3_macos-aarch64_bin-symbols.tar.gz,macos,aarch64,jdk,1
2026-10-07T02:56:57+00:00,sapmachine-25.0.5+3,375384200,True,sapmachine-jdk-25.0.5-ea.3_macos-aarch64_bin.dmg,macos,aarch64,jdk,68
2026-10-07T02:56:57+00:00,sapmachine-25.0.5+3,375384200,True,sapmachine-jre-25.0.5-ea.3_macos-aarch64_bin.dmg,macos,aarch64,jre,67
2026-10-07T02:56:57+00:00,sapmachine-25.0.5+3,375384200,True,sapmachine-jdk-25.0.5-ea.3_windows-x64_bin.zip,windows,x64,jdk,73
2026-10-07T02:56:57+00:00,sapmachine-25.0.5+3,375384200,True,sapmachine-jre-25.0.5-ea.3_windows-x64_bin.zip,windows,x64,jre,72
2026-10-07T02:56:57+00:00,sapmachine-25.0.5+3,375384200,True,sapmachine-jdk-25.0.5-ea.3_windows-x64_bin-symbols.tar.gz,windows,x64,jdk,1
2026-10-07T02:56:57+00:00,sapmachine-17.0.21+2,370777100,True,sapmachine-jdk-17.0.21-ea.2_linux-x64-musl_bin.tar.gz,alpine,x64,jdk,65
2026-10-07T02:56:57+00:00,sapmachine-17.0.21+2,370777100,True,sapmachine-jre-17.0.21-ea.2_linux-x64-musl_bin.tar.gz,alpine,x64,jre,64
2026-10-07T02:56:57+00:00,sapmachine-17.0.21+2,370777100,True,sapmachine-jdk-17.0.21-ea.2_linux-x64-musl_bin-symbols.tar.gz,alpine,x64,jdk,1
2026-10-07T02:56:57+00:00,sapmachine-17.0.21+2,370777100,True,sapmachine-jdk-17.0.21-ea.2_linux-x64_bin.tar.gz,linux,x64,jdk,382
2026-10-07T02:56:57+00:00,sapmachine-17.0.21+2,370777100,True,sapmachine-jre-17.0.21-ea.2_linux-x64_bin.tar.gz,linux,x64,jre,74
2026-10-07T02:56:57+00:00,sapmachine-17.0.21+2,370777100,True,sapmachine-jdk-17.0.21-ea.2_linux-x64_bin-symbols.tar.gz,linux,x64,jdk,1
2026-10-07T02:56:57+00:00,sapmachine-17.0.21+2,370777100,True,sapmachine-jdk-17.0.21-ea.2_macos-aarch64_bin.tar.gz,macos,aarch64,jdk,693
2026-10-07T02:56:57+00:00,sapmachine-17.0.21+2,370777100,True,sapmachine-jre-17.0.21-ea.2_macos-aarch64_bin.tar.gz,macos,aarch64,jre,73
2026-10-07T02:56:57+00:00,sapmachine-17.0.21+2,370777100,True,sapmachine-jdk-17.0.21-ea.2_macos-aarch64_bin-symbols.tar.gz,macos,aarch64,jdk,1
2026-10-07T02:56:57+00:00,sapmachine-17.0.21+2,370777100,True,sapmachine-jdk-17.0.21-ea.2_macos-aarch64_bin.dmg,macos,aarch64,jdk,72
2026-10-07T02:56:57+00:00,sapmachine-17.0.21+2,370777100,True,sapmachine-jre-17.0.21-ea.2_macos-aarch64_bin.dmg,macos,aarch64,jre,67
2026-10-07T02:56:57+00:00,sapmachine-17.0.21+2,370777100,True,sapmachine-jdk-17.0.21-ea.2_linux-ppc64le_bin.tar.gz,linux,ppc64,jdk,70
2026-10-07T02:56:57+00:00,sapmachine-17.0.21+2,370777100,True,sapmachine-jre-17.0.21-ea.2_linux-ppc64le_bin.tar.gz,linux,ppc64,jre,69
2026-10-07T02:56:57+00:00,sapmachine-17.0.21+2,370777100,True,sapmachine-jdk-17.0.21-ea.2_linux-ppc64le_bin-symbols.tar.gz,linux,ppc64,jdk,1
2026-10-07T02:56:57+00:00,sapmachine-17.0.21+2,370777100,True,sapmachine-jdk-17.0.21-ea.2_linux-aarch64_bin.tar.gz,linux,aarch64,jdk,74
2026-10-07T02:56:57+00:00,sapmachine-17.0.21+2,370777100,True,sapmachine-jre-17.0.21-ea.2_linux-aarch64_bin.tar.gz,linux,aarch64,jre,69
2026-10-07T02:56:57+00:00,sapmachine-17.0.21+2,370777100,True,sapmachine-jdk-17.0.21-ea.2_linux-aarch64_bin-symbols.tar.gz,linux,aarch64,jdk,1
2026-10-07T02:56:57+00:00,sapmachine-17.0.21+2,370777100,True,sapmachine-jdk-17.0.21-ea.2_windows-x64_bin.zip,windows,x64,jdk,374
2026-10-07T02:56:57+00:00,sapmachine-17.0.21+2,370777100,True,sapmachine-jre-17.0.21-ea.2_windows-x64_bin.zip,windows,x64,jre,67
2026-10-07T02:56:57+00:00,sapmachine-17.0.21+2,370777100,True,sapmachine-jdk-17.0.21-ea.2_windows-x64_bin-symbols.tar.gz,windows,x64,jdk,1
2026-10-07T02:56:57+00:00,sapmachine-17.0.21+2,370777100,True,sapmachine-jdk-17.0.21-ea.2_macos-x64_bin.tar.gz,macos,x64,jdk,68
2026-10-07T02:56:57+00:00,sapmachine-17.0.21+2,370777100,True,sapmachine-jre-17.0.21-ea.2_macos-x64_bin.tar.gz,macos,x64,jre,67
2026-10-07T02:56:57+00:00,sapmachine-17.0.21+2,370777100,True,sapmachine-jdk-17.0.21-ea.2_macos-x64_bin-symbols.tar.gz,macos,x64,jdk,1
2026-10-07T02:56:57+00:00,sapmachine-17.0.21+2,370777100,True,sapmachine-jdk-17.0.21-ea.2_macos-x64_bin.dmg,macos,x64,jdk,67
2026-10-07T02:56:57+00:00,sapmachine-17.0.21+2,370777100,True,sapmachine-jre-17.0.21-ea.2_macos-x64_bin.dmg,macos,x64,jre,63
2026-10-07T02:56:57+00:00,sapmachine-21.0.13+2,370772499,True,sapmachine-jdk-21.0.13-ea.2_linux-x64-musl_bin.tar.gz,alpine,x64,jdk,69
2026-10-07T02:56:57+00:00,sapmachine-21.0.13+2,370772499,True,sapmachine-jre-21.0.13-ea.2_linux-x64-musl_bin.tar.gz,alpine,x64,jre,66
2026-10-07T02:56:57+00:00,sapmachine-21.0.13+2,370772499,True,sapmachine-jdk-21.0.13-ea.2_linux-x64-musl_bin-symbols.tar.gz,alpine,x64,jdk,1
2026-10-07T02:56:57+00:00,sapmachine-21.0.13+2,370772499,True,sapmachine-jdk-21.0.13-ea.2_linux-x64_bin.tar.gz,linux,x64,jdk,379
2026-10-07T02:56:57+00:00,sapmachine-21.0.13+2,370772499,True,sapmachine-jre-21.0.13-ea.2_linux-x64_bin.tar.gz,linux,x64,jre,66
2026-10-07T02:56:57+00:00,sapmachine-21.0.13+2,370772499,True,sapmachine-jdk-21.0.13-ea.2_linux-x64_bin-symbols.tar.gz,linux,x64,jdk,1
2026-10-07T02:56:57+00:00,sapmachine-21.0.13+2,370772499,True,sapmachine-jdk-21.0.13-ea.2_aix-ppc64_bin.tar.gz,aix,ppc64,jdk,70
2026-10-07T02:56:57+00:00,sapmachine-21.0.13+2,370772499,True,sapmachine-jre-21.0.13-ea.2_aix-ppc64_bin.tar.gz,aix,ppc64,jre,67
2026-10-07T02:56:57+00:00,sapmachine-21.0.13+2,370772499,True,sapmachine-jdk-21.0.13-ea.2_aix-ppc64_bin-symbols.tar.gz,aix,ppc64,jdk,1
2026-10-07T02:56:57+00:00,sapmachine-21.0.13+2,370772499,True,sapmachine-jdk-21.0.13-ea.2_macos-aarch64_bin.tar.gz,macos,aarch64,jdk,459
2026-10-07T02:56:57+00:00,sapmachine-21.0.13+2,370772499,True,sapmachine-jre-21.0.13-ea.2_macos-aarch64_bin.tar.gz,macos,aarch64,jre,70
2026-10-07T02:56:57+00:00,sapmachine-21.0.13+2,370772499,True,sapmachine-jdk-21.0.13-ea.2_macos-aarch64_bin-symbols.tar.gz,macos,aarch64,jdk,1
2026-10-07T02:56:57+00:00,sapmachine-21.0.13+2,370772499,True,sapmachine-jdk-21.0.13-ea.2_macos-aarch64_bin.dmg,macos,aarch64,jdk,71
2026-10-07T02:56:57+00:00,sapmachine-21.0.13+2,370772499,True,sapmachine-jre-21.0.13-ea.2_macos-aarch64_bin.dmg,macos,aarch64,jre,69
2026-10-07T02:56:57+00:00,sapmachine-21.0.13+2,370772499,True,sapmachine-jdk-21.0.13-ea.2_linux-ppc64le_bin.tar.gz,linux,ppc64,jdk,68
2026-10-07T02:56:57+00:00,sapmachine-21.0.13+2,370772499,True,sapmachine-jre-21.0.13-ea.2_linux-ppc64le_bin.tar.gz,linux,ppc64,jre,70
2026-10-07T02:56:57+00:00,sapmachine-21.0.13+2,370772499,True,sapmachine-jdk-21.0.13-ea.2_linux-ppc64le_bin-symbols.tar.gz,linux,ppc64,jdk,1
2026-10-07T02:56:57+00:00,sapmachine-21.0.13+2,370772499,True,sapmachine-jdk-21.0.13-ea.2_linux-aarch64_bin.tar.gz,linux,aarch64,jdk,67
2026-10-07T02:56:57+00:00,sapmachine-21.0.13+2,370772499,True,sapmachine-jre-21.0.13-ea.2_linux-aarch64_bin.tar.gz,linux,aarch64,jre,70
2026-10-07T02:56:57+00:00,sapmachine-21.0.13+2,370772499,True,sapmachine-jdk-21.0.13-ea.2_linux-aarch64_bin-symbols.tar.gz,linux,aarch64,jdk,1
2026-10-07T02:56:57+00:00,sapmachine-21.0.13+2,370772499,True,sapmachine-jdk-21.0.13-ea.2_macos-x64_bin.tar.gz,macos,x64,jdk,66
2026-10-07T02:56:57+00:00,sapmachine-21.0.13+2,370772499,True,sapmachine-jre-21.0.13-ea.2_macos-x64_bin.tar.gz,macos,x64,jre,64
2026-10-07T02:56:57+00:00,sapmachine-21.0.13+2,370772499,True,sapmachine-jdk-21.0.13-ea.2_macos-x64_bin-symbols.tar.gz,macos,x64,jdk,1
2026-10-07T02:56:57+00:00,sapmachine-21.0.13+2,370772499,True,sapmachine-jdk-21.0.13-ea.2_macos-x64_bin.dmg,macos,x64,jdk,65
2026-10-07T02:56:57+00:00,sapmachine-21.0.13+2,370772499,True,sapmachine-jre-21.0.13-ea.2_macos-x64_bin.dmg,macos,x64,jre,65
2026-10-07T02:56:57+00:00,sapmachine-21.0.13+2,370772499,True,sapmachine-jdk-21.0.13-ea.2_windows-x64_bin.zip,windows,x64,jdk,388
2026-10-07T02:56:57+00:00,sapmachine-21.0.13+2,370772499,True,sapmachine-jre-21.0.13-ea.2_windows-x64_bin.zip,windows,x64,jre,70
2026-10-07T02:56:57+00:00,sapmachine-21.0.13+2,370772499,True,sapmachine-jdk-21.0.13-ea.2_windows-x64_bin-symbols.tar.gz,windows,x64,jdk,1
2026-10-07T02:56:57+00:00,sapmachine-25.0.5+2,370767000,True,sapmachine-jdk-25.0.5-ea.2_linux-x64-musl_bin.tar.gz,alpine,x64,jdk,69
2026-10-07T02:56:57+00:00,sapmachine-25.0.5+2,370767000,True,sapmachine-jre-25.0.5-ea.2_linux-x64-musl_bin.tar.gz,alpine,x64,jre,68
2026-10-07T02:56:57+00:00,sapmachine-25.0.5+2,370767000,True,sapmachine-jdk-25.0.5-ea.2_linux-x64-musl_bin-symbols.tar.gz,alpine,x64,jdk,2
2026-10-07T02:56:57+00:00,sapmachine-25.0.5+2,370767000,True,sapmachine-jdk-25.0.5-ea.2_linux-x64_bin.tar.gz,linux,x64,jdk,68
2026-10-07T02:56:57+00:00,sapmachine-25.0.5+2,370767000,True,sapmachine-jre-25.0.5-ea.2_linux-x64_bin.tar.gz,linux,x64,jre,69
2026-10-07T02:56:57+00:00,sapmachine-25.0.5+2,370767000,True,sapmachine-jdk-25.0.5-ea.2_linux-x64_bin-symbols.tar.gz,linux,x64,jdk,1
2026-10-07T02:56:57+00:00,sapmachine-25.0.5+2,370767000,True,sapmachine-jdk-25.0.5-ea.2_aix-ppc64_bin.tar.gz,aix,ppc64,jdk,68
2026-10-07T02:56:57+00:00,sapmachine-25.0.5+2,370767000,True,sapmachine-jre-25.0.5-ea.2_aix-ppc64_bin.tar.gz,aix,ppc64,jre,64
2026-10-07T02:56:57+00:00,sapmachine-25.0.5+2,370767000,True,sapmachine-jdk-25.0.5-ea.2_aix-ppc64_bin-symbols.tar.gz,aix,ppc64,jdk,1
2026-10-07T02:56:57+00:00,sapmachine-25.0.5+2,370767000,True,sapmachine-jdk-25.0.5-ea.2_macos-aarch64_bin.tar.gz,macos,aarch64,jdk,100
2026-10-07T02:56:57+00:00,sapmachine-25.0.5+2,370767000,True,sapmachine-jre-25.0.5-ea.2_macos-aarch64_bin.tar.gz,macos,aarch64,jre,67
2026-10-07T02:56:57+00:00,sapmachine-25.0.5+2,370767000,True,sapmachine-jdk-25.0.5-ea.2_macos-aarch64_bin-symbols.tar.gz,macos,aarch64,jdk,3
2026-10-07T02:56:57+00:00,sapmachine-25.0.5+2,370767000,True,sapmachine-jdk-25.0.5-ea.2_macos-aarch64_bin.dmg,macos,aarch64,jdk,68
2026-10-07T02:56:57+00:00,sapmachine-25.0.5+2,370767000,True,sapmachine-jre-25.0.5-ea.2_macos-aarch64_bin.dmg,macos,aarch64,jre,70
2026-10-07T02:56:57+00:00,sapmachine-25.0.5+2,370767000,True,sapmachine-jdk-25.0.5-ea.2_linux-ppc64le_bin.tar.gz,linux,ppc64,jdk,70
2026-10-07T02:56:57+00:00,sapmachine-25.0.5+2,370767000,True,sapmachine-jre-25.0.5-ea.2_linux-ppc64le_bin.tar.gz,linux,ppc64,jre,68
2026-10-07T02:56:57+00:00,sapmachine-25.0.5+2,370767000,True,sapmachine-jdk-25.0.5-ea.2_linux-ppc64le_bin-symbols.tar.gz,linux,ppc64,jdk,1
2026-10-07T02:56:57+00:00,sapmachine-25.0.5+2,370767000,True,sapmachine-jdk-25.0.5-ea.2_linux-aarch64_bin.tar.gz,linux,aarch64,jdk,70
2026-10-07T02:56:57+00:00,sapmachine-25.0.5+2,370767000,True,sapmachine-jre-25.0.5-ea.2_linux-aarch64_bin.tar.gz,linux,aarch64,jre,71
2026-10-07T02:56:57+00:00,sapmachine-25.0.5+2,370767000,True,sapmachine-jdk-25.0.5-ea.2_linux-aarch64_bin-symbols.tar.gz,linux,aarch64,jdk,1
2026-10-07T02:56:57+00:00,sapmachine-25.0.5+2,370767000,True,sapmachine-jdk-25.0.5-ea.2_windows-x64_bin.zip,windows,x64,jdk,70
2026-10-07T02:56:57+00:00,sapmachine-25.0.5+2,370767000,True,sapmachine-jre-25.0.5-ea.2_windows-x64_bin.zip,windows,x64,jre,71
2026-10-07T02:56:57+00:00,sapmachine-25.0.5+2,370767000,True,sapmachine-jdk-25.0.5-ea.2_windows-x64_bin-symbols.tar.gz,windows,x64,jdk,1
2026-10-07T02:56:57+00:00,sapmachine-28+11,370765788,True,sapmachine-jdk-28-ea.11_linux-x64_bin.tar.gz,linux,x64,jdk,72
2026-10-07T02:56:57+00:00,sapmachine-28+11,370765788,True,sapmachine-jre-28-ea.11_linux-x64_bin.tar.gz,linux,x64,jre,71
2026-10-07T02:56:57+00:00,sapmachine-28+11,370765788,True,sapmachine-jdk-28-ea.11_linux-x64_bin-symbols.tar.gz,linux,x64,jdk,2
2026-10-07T02:56:57+00:00,sapmachine-28+11,370765788,True,sapmachine-jdk-28-ea.11_linux-x64-musl_bin.tar.gz,alpine,x64,jdk,72
2026-10-07T02:56:57+00:00,sapmachine-28+11,370765788,True,sapmachine-jre-28-ea.11_linux-x64-musl_bin.tar.gz,alpine,x64,jre,69
2026-10-07T02:56:57+00:00,sapmachine-28+11,370765788,True,sapmachine-jdk-28-ea.11_linux-x64-musl_bin-symbols.tar.gz,alpine,x64,jdk,2
2026-10-07T02:56:57+00:00,sapmachine-28+11,370765788,True,sapmachine-jdk-28-ea.11_aix-ppc64_bin.tar.gz,aix,ppc64,jdk,70
2026-10-07T02:56:57+00:00,sapmachine-28+11,370765788,True,sapmachine-jre-28-ea.11_aix-ppc64_bin.tar.gz,aix,ppc64,jre,66
2026-10-07T02:56:57+00:00,sapmachine-28+11,370765788,True,sapmachine-jdk-28-ea.11_aix-ppc64_bin-symbols.tar.gz,aix,ppc64,jdk,1
2026-10-07T02:56:57+00:00,sapmachine-28+11,370765788,True,sapmachine-jdk-28-ea.11_macos-aarch64_bin.tar.gz,macos,aarch64,jdk,71
2026-10-07T02:56:57+00:00,sapmachine-28+11,370765788,True,sapmachine-jre-28-ea.11_macos-aarch64_bin.tar.gz,macos,aarch64,jre,72
2026-10-07T02:56:57+00:00,sapmachine-28+11,370765788,True,sapmachine-jdk-28-ea.11_macos-aarch64_bin-symbols.tar.gz,macos,aarch64,jdk,1
2026-10-07T02:56:57+00:00,sapmachine-28+11,370765788,True,sapmachine-jdk-28-ea.11_macos-aarch64_bin.dmg,macos,aarch64,jdk,76
2026-10-07T02:56:57+00:00,sapmachine-28+11,370765788,True,sapmachine-jre-28-ea.11_macos-aarch64_bin.dmg,macos,aarch64,jre,74
2026-10-07T02:56:57+00:00,sapmachine-28+11,370765788,True,sapmachine-jdk-28-ea.11_linux-ppc64le_bin.tar.gz,linux,ppc64,jdk,67
2026-10-07T02:56:57+00:00,sapmachine-28+11,370765788,True,sapmachine-jre-28-ea.11_linux-ppc64le_bin.tar.gz,linux,ppc64,jre,67
2026-10-07T02:56:57+00:00,sapmachine-28+11,370765788,True,sapmachine-jdk-28-ea.11_linux-ppc64le_bin-symbols.tar.gz,linux,ppc64,jdk,1
2026-10-07T02:56:57+00:00,sapmachine-28+11,370765788,True,sapmachine-jdk-28-ea.11_linux-aarch64_bin.tar.gz,linux,aarch64,jdk,69
2026-10-07T02:56:57+00:00,sapmachine-28+11,370765788,True,sapmachine-jre-28-ea.11_linux-aarch64_bin.tar.gz,linux,aarch64,jre,66
2026-10-07T02:56:57+00:00,sapmachine-28+11,370765788,True,sapmachine-jdk-28-ea.11_linux-aarch64_bin-symbols.tar.gz,linux,aarch64,jdk,1
2026-10-07T02:56:57+00:00,sapmachine-28+11,370765788,True,sapmachine-jdk-28-ea.11_windows-x64_bin.zip,windows,x64,jdk,69
2026-10-07T02:56:57+00:00,sapmachine-28+11,370765788,True,sapmachine-jre-28-ea.11_windows-x64_bin.zip,windows,x64,jre,72
2026-10-07T02:56:57+00:00,sapmachine-28+11,370765788,True,sapmachine-jdk-28-ea.11_windows-x64_bin-symbols.tar.gz,windows,x64,jdk,1
2026-10-07T02:56:57+00:00,sapmachine-17.0.20.1,372686560,False,sapmachine-17.0.20.1-sbom-linux-aarch64.json,linux,aarch64,,54
2026-10-07T02:56:57+00:00,sapmachine-17.0.20.1,372686560,False,sapmachine-17.0.20.1-sbom-linux-ppc64le.json,linux,ppc64,,54
2026-10-07T02:56:57+00:00,sapmachine-17.0.20.1,372686560,False,sapmachine-17.0.20.1-sbom-linux-x64-musl.json,alpine,x64,,54
2026-10-07T02:56:57+00:00,sapmachine-17.0.20.1,372686560,False,sapmachine-17.0.20.1-sbom-linux-x64.json,linux,x64,,55
2026-10-07T02:56:57+00:00,sapmachine-17.0.20.1,372686560,False,sapmachine-17.0.20.1-sbom-macos-aarch64.json,macos,aarch64,,54
2026-10-07T02:56:57+00:00,sapmachine-17.0.20.1,372686560,False,sapmachine-17.0.20.1-sbom-macos-x64.json,macos,x64,,55
2026-10-07T02:56:57+00:00,sapmachine-17.0.20.1,372686560,False,sapmachine-17.0.20.1-sbom-windows-x64.json,windows,x64,,55
2026-10-07T02:56:57+00:00,sapmachine-17.0.20.1,372686560,False,sapmachine-jdk-17.0.20.1_linux-aarch64_bin-symbols.tar.gz,linux,aarch64,jdk,3
2026-10-07T02:56:57+00:00,sapmachine-17.0.20.1,372686560,False,sapmachine-jdk-17.0.20.1_linux-aarch64_bin.tar.gz,linux,aarch64,jdk,371
2026-10-07T02:56:57+00:00,sapmachine-17.0.20.1,372686560,False,sapmachine-jdk-17.0.20.1_linux-ppc64le_bin-symbols.tar.gz,linux,ppc64,jdk,3
2026-10-07T02:56:57+00:00,sapmachine-17.0.20.1,372686560,False,sapmachine-jdk-17.0.20.1_linux-ppc64le_bin.tar.gz,linux,ppc64,jdk,107
2026-10-07T02:56:57+00:00,sapmachine-17.0.20.1,372686560,False,sapmachine-jdk-17.0.20.1_linux-x64-musl_bin-symbols.tar.gz,alpine,x64,jdk,3
2026-10-07T02:56:57+00:00,sapmachine-17.0.20.1,372686560,False,sapmachine-jdk-17.0.20.1_linux-x64-musl_bin.tar.gz,alpine,x64,jdk,2120
2026-10-07T02:56:57+00:00,sapmachine-17.0.20.1,372686560,False,sapmachine-jdk-17.0.20.1_linux-x64_bin-symbols.tar.gz,linux,x64,jdk,3
2026-10-07T02:56:57+00:00,sapmachine-17.0.20.1,372686560,False,sapmachine-jdk-17.0.20.1_linux-x64_bin.tar.gz,linux,x64,jdk,40718
2026-10-07T02:56:57+00:00,sapmachine-17.0.20.1,372686560,False,sapmachine-jdk-17.0.20.1_macos-aarch64_bin-symbols.tar.gz,macos,aarch64,jdk,3
2026-10-07T02:56:57+00:00,sapmachine-17.0.20.1,372686560,False,sapmachine-jdk-17.0.20.1_macos-aarch64_bin.dmg,macos,aarch64,jdk,805
2026-10-07T02:56:57+00:00,sapmachine-17.0.20.1,372686560,False,sapmachine-jdk-17.0.20.1_macos-aarch64_bin.tar.gz,macos,aarch64,jdk,18449
2026-10-07T02:56:57+00:00,sapmachine-17.0.20.1,372686560,False,sapmachine-jdk-17.0.20.1_macos-x64_bin-symbols.tar.gz,macos,x64,jdk,3
2026-10-07T02:56:57+00:00,sapmachine-17.0.20.1,372686560,False,sapmachine-jdk-17.0.20.1_macos-x64_bin.dmg,macos,x64,jdk,341
2026-10-07T02:56:57+00:00,sapmachine-17.0.20.1,372686560,False,sapmachine-jdk-17.0.20.1_macos-x64_bin.tar.gz,macos,x64,jdk,2643
2026-10-07T02:56:57+00:00,sapmachine-17.0.20.1,372686560,False,sapmachine-jdk-17.0.20.1_windows-x64_bin-symbols.tar.gz,windows,x64,jdk,4
2026-10-07T02:56:57+00:00,sapmachine-17.0.20.1,372686560,False,sapmachine-jdk-17.0.20.1_windows-x64_bin.msi,windows,x64,jdk,1354
2026-10-07T02:56:57+00:00,sapmachine-17.0.20.1,372686560,False,sapmachine-jdk-17.0.20.1_windows-x64_bin.zip,windows,x64,jdk,4753
2026-10-07T02:56:57+00:00,sapmachine-17.0.20.1,372686560,False,sapmachine-jre-17.0.20.1_linux-aarch64_bin.tar.gz,linux,aarch64,jre,240
2026-10-07T02:56:57+00:00,sapmachine-17.0.20.1,372686560,False,sapmachine-jre-17.0.20.1_linux-ppc64le_bin.tar.gz,linux,ppc64,jre,85
2026-10-07T02:56:57+00:00,sapmachine-17.0.20.1,372686560,False,sapmachine-jre-17.0.20.1_linux-x64-musl_bin.tar.gz,alpine,x64,jre,110
2026-10-07T02:56:57+00:00,sapmachine-17.0.20.1,372686560,False,sapmachine-jre-17.0.20.1_linux-x64_bin.tar.gz,linux,x64,jre,27465
2026-10-07T02:56:57+00:00,sapmachine-17.0.20.1,372686560,False,sapmachine-jre-17.0.20.1_macos-aarch64_bin.dmg,macos,aarch64,jre,88
2026-10-07T02:56:57+00:00,sapmachine-17.0.20.1,372686560,False,sapmachine-jre-17.0.20.1_macos-aarch64_bin.tar.gz,macos,aarch64,jre,1325
2026-10-07T02:56:57+00:00,sapmachine-17.0.20.1,372686560,False,sapmachine-jre-17.0.20.1_macos-x64_bin.dmg,macos,x64,jre,84
2026-10-07T02:56:57+00:00,sapmachine-17.0.20.1,372686560,False,sapmachine-jre-17.0.20.1_macos-x64_bin.tar.gz,macos,x64,jre,1625
2026-10-07T02:56:57+00:00,sapmachine-17.0.20.1,372686560,False,sapmachine-jre-17.0.20.1_windows-x64_bin.msi,windows,x64,jre,2071
2026-10-07T02:56:57+00:00,sapmachine-17.0.20.1,372686560,False,sapmachine-jre-17.0.20.1_windows-x64_bin.zip,windows,x64,jre,1687
2026-10-07T02:56:57+00:00,sapmachine-21.0.12.1,372718652,False,sapmachine-21.0.12.1-sbom-aix-ppc64.json,aix,ppc64,,52
2026-10-07T02:56:57+00:00,sapmachine-21.0.12.1,372718652,False,sapmachine-21.0.12.1-sbom-linux-aarch64.json,linux,aarch64,,52
2026-10-07T02:56:57+00:00,sapmachine-21.0.12.1,372718652,False,sapmachine-21.0.12.1-sbom-linux-ppc64le.json,linux,ppc64,,52
2026-10-07T02:56:57+00:00,sapmachine-21.0.12.1,372718652,False,sapmachine-21.0.12.1-sbom-linux-x64-musl.json,alpine,x64,,52
2026-10-07T02:56:57+00:00,sapmachine-21.0.12.1,372718652,False,sapmachine-21.0.12.1-sbom-linux-x64.json,linux,x64,,53
2026-10-07T02:56:57+00:00,sapmachine-21.0.12.1,372718652,False,sapmachine-21.0.12.1-sbom-macos-aarch64.json,macos,aarch64,,53
2026-10-07T02:56:57+00:00,sapmachine-21.0.12.1,372718652,False,sapmachine-21.0.12.1-sbom-windows-x64.json,windows,x64,,52
2026-10-07T02:56:57+00:00,sapmachine-21.0.12.1,372718652,False,sapmachine-jdk-21.0.12.1_aix-ppc64_bin-symbols.tar.gz,aix,ppc64,jdk,2
2026-10-07T02:56:57+00:00,sapmachine-21.0.12.1,372718652,False,sapmachine-jdk-21.0.12.1_aix-ppc64_bin.tar.gz,aix,ppc64,jdk,158
2026-10-07T02:56:57+00:00,sapmachine-21.0.12.1,372718652,False,sapmachine-jdk-21.0.12.1_linux-aarch64_bin-symbols.tar.gz,linux,aarch64,jdk,2
2026-10-07T02:56:57+00:00,sapmachine-21.0.12.1,372718652,False,sapmachine-jdk-21.0.12.1_linux-aarch64_bin.tar.gz,linux,aarch64,jdk,3673
2026-10-07T02:56:57+00:00,sapmachine-21.0.12.1,372718652,False,sapmachine-jdk-21.0.12.1_linux-ppc64le_bin-symbols.tar.gz,linux,ppc64,jdk,2
2026-10-07T02:56:57+00:00,sapmachine-21.0.12.1,372718652,False,sapmachine-jdk-21.0.12.1_linux-ppc64le_bin.tar.gz,linux,ppc64,jdk,120
2026-10-07T02:56:57+00:00,sapmachine-21.0.12.1,372718652,False,sapmachine-jdk-21.0.12.1_linux-x64-musl_bin-symbols.tar.gz,alpine,x64,jdk,2
2026-10-07T02:56:57+00:00,sapmachine-21.0.12.1,372718652,False,sapmachine-jdk-21.0.12.1_linux-x64-musl_bin.tar.gz,alpine,x64,jdk,2109
2026-10-07T02:56:57+00:00,sapmachine-21.0.12.1,372718652,False,sapmachine-jdk-21.0.12.1_linux-x64_bin-symbols.tar.gz,linux,x64,jdk,2
2026-10-07T02:56:57+00:00,sapmachine-21.0.12.1,372718652,False,sapmachine-jdk-21.0.12.1_linux-x64_bin.tar.gz,linux,x64,jdk,119188
2026-10-07T02:56:57+00:00,sapmachine-21.0.12.1,372718652,False,sapmachine-jdk-21.0.12.1_macos-aarch64_bin-symbols.tar.gz,macos,aarch64,jdk,2
2026-10-07T02:56:57+00:00,sapmachine-21.0.12.1,372718652,False,sapmachine-jdk-21.0.12.1_macos-aarch64_bin.dmg,macos,aarch64,jdk,1337
2026-10-07T02:56:57+00:00,sapmachine-21.0.12.1,372718652,False,sapmachine-jdk-21.0.12.1_macos-aarch64_bin.tar.gz,macos,aarch64,jdk,33019
2026-10-07T02:56:57+00:00,sapmachine-21.0.12.1,372718652,False,sapmachine-jdk-21.0.12.1_macos-x64_bin-symbols.tar.gz,macos,x64,jdk,3
2026-10-07T02:56:57+00:00,sapmachine-21.0.12.1,372718652,False,sapmachine-jdk-21.0.12.1_macos-x64_bin.dmg,macos,x64,jdk,558
2026-10-07T02:56:57+00:00,sapmachine-21.0.12.1,372718652,False,sapmachine-jdk-21.0.12.1_macos-x64_bin.tar.gz,macos,x64,jdk,2952
2026-10-07T02:56:57+00:00,sapmachine-21.0.12.1,372718652,False,sapmachine-jdk-21.0.12.1_windows-x64_bin-symbols.tar.gz,windows,x64,jdk,3
2026-10-07T02:56:57+00:00,sapmachine-21.0.12.1,372718652,False,sapmachine-jdk-21.0.12.1_windows-x64_bin.msi,windows,x64,jdk,1673
2026-10-07T02:56:57+00:00,sapmachine-21.0.12.1,372718652,False,sapmachine-jdk-21.0.12.1_windows-x64_bin.zip,windows,x64,jdk,3527
2026-10-07T02:56:57+00:00,sapmachine-21.0.12.1,372718652,False,sapmachine-jre-21.0.12.1_aix-ppc64_bin.tar.gz,aix,ppc64,jre,87
2026-10-07T02:56:57+00:00,sapmachine-21.0.12.1,372718652,False,sapmachine-jre-21.0.12.1_linux-aarch64_bin.tar.gz,linux,aarch64,jre,251
2026-10-07T02:56:57+00:00,sapmachine-21.0.12.1,372718652,False,sapmachine-jre-21.0.12.1_linux-ppc64le_bin.tar.gz,linux,ppc64,jre,84
2026-10-07T02:56:57+00:00,sapmachine-21.0.12.1,372718652,False,sapmachine-jre-21.0.12.1_linux-x64-musl_bin.tar.gz,alpine,x64,jre,140
2026-10-07T02:56:57+00:00,sapmachine-21.0.12.1,372718652,False,sapmachine-jre-21.0.12.1_linux-x64_bin.tar.gz,linux,x64,jre,56675
2026-10-07T02:56:57+00:00,sapmachine-21.0.12.1,372718652,False,sapmachine-jre-21.0.12.1_macos-aarch64_bin.dmg,macos,aarch64,jre,103
2026-10-07T02:56:57+00:00,sapmachine-21.0.12.1,372718652,False,sapmachine-jre-21.0.12.1_macos-aarch64_bin.tar.gz,macos,aarch64,jre,677
2026-10-07T02:56:57+00:00,sapmachine-21.0.12.1,372718652,False,sapmachine-jre-21.0.12.1_macos-x64_bin.dmg,macos,x64,jre,78
2026-10-07T02:56:57+00:00,sapmachine-21.0.12.1,372718652,False,sapmachine-jre-21.0.12.1_macos-x64_bin.tar.gz,macos,x64,jre,437
2026-10-07T02:56:57+00:00,sapmachine-21.0.12.1,372718652,False,sapmachine-jre-21.0.12.1_windows-x64_bin.msi,windows,x64,jre,673
2026-10-07T02:56:57+00:00,sapmachine-21.0.12.1,372718652,False,sapmachine-jre-21.0.12.1_windows-x64_bin.zip,windows,x64,jre,468
2026-10-07T02:56:57+00:00,sapmachine-25.0.4.1,372726787,False,sapmachine-25.0.4.1-sbom-aix-ppc64.json,aix,ppc64,,53
2026-10-07T02:56:57+00:00,sapmachine-25.0.4.1,372726787,False,sapmachine-25.0.4.1-sbom-linux-aarch64.json,linux,aarch64,,54
2026-10-07T02:56:57+00:00,sapmachine-25.0.4.1,372726787,False,sapmachine-25.0.4.1-sbom-linux-ppc64le.json,linux,ppc64,,53
2026-10-07T02:56:57+00:00,sapmachine-25.0.4.1,372726787,False,sapmachine-25.0.4.1-sbom-linux-x64-musl.json,alpine,x64,,53
2026-10-07T02:56:57+00:00,sapmachine-25.0.4.1,372726787,False,sapmachine-25.0.4.1-sbom-linux-x64.json,linux,x64,,54
2026-10-07T02:56:57+00:00,sapmachine-25.0.4.1,372726787,False,sapmachine-25.0.4.1-sbom-macos-aarch64.json,macos,aarch64,,53
2026-10-07T02:56:57+00:00,sapmachine-25.0.4.1,372726787,False,sapmachine-25.0.4.1-sbom-windows-x64.json,windows,x64,,53
2026-10-07T02:56:57+00:00,sapmachine-25.0.4.1,372726787,False,sapmachine-jdk-25.0.4.1_aix-ppc64_bin-symbols.tar.gz,aix,ppc64,jdk,3
2026-10-07T02:56:57+00:00,sapmachine-25.0.4.1,372726787,False,sapmachine-jdk-25.0.4.1_aix-ppc64_bin.tar.gz,aix,ppc64,jdk,197
2026-10-07T02:56:57+00:00,sapmachine-25.0.4.1,372726787,False,sapmachine-jdk-25.0.4.1_linux-aarch64_bin-symbols.tar.gz,linux,aarch64,jdk,4
2026-10-07T02:56:57+00:00,sapmachine-25.0.4.1,372726787,False,sapmachine-jdk-25.0.4.1_linux-aarch64_bin.tar.gz,linux,aarch64,jdk,369
2026-10-07T02:56:57+00:00,sapmachine-25.0.4.1,372726787,False,sapmachine-jdk-25.0.4.1_linux-ppc64le_bin-symbols.tar.gz,linux,ppc64,jdk,4
2026-10-07T02:56:57+00:00,sapmachine-25.0.4.1,372726787,False,sapmachine-jdk-25.0.4.1_linux-ppc64le_bin.tar.gz,linux,ppc64,jdk,129
2026-10-07T02:56:57+00:00,sapmachine-25.0.4.1,372726787,False,sapmachine-jdk-25.0.4.1_linux-x64-musl_bin-symbols.tar.gz,alpine,x64,jdk,4
2026-10-07T02:56:57+00:00,sapmachine-25.0.4.1,372726787,False,sapmachine-jdk-25.0.4.1_linux-x64-musl_bin.tar.gz,alpine,x64,jdk,132
2026-10-07T02:56:57+00:00,sapmachine-25.0.4.1,372726787,False,sapmachine-jdk-25.0.4.1_linux-x64_bin-symbols.tar.gz,linux,x64,jdk,4
2026-10-07T02:56:57+00:00,sapmachine-25.0.4.1,372726787,False,sapmachine-jdk-25.0.4.1_linux-x64_bin.tar.gz,linux,x64,jdk,91390
2026-10-07T02:56:57+00:00,sapmachine-25.0.4.1,372726787,False,sapmachine-jdk-25.0.4.1_macos-aarch64_bin-symbols.tar.gz,macos,aarch64,jdk,4
2026-10-07T02:56:57+00:00,sapmachine-25.0.4.1,372726787,False,sapmachine-jdk-25.0.4.1_macos-aarch64_bin.dmg,macos,aarch64,jdk,890
2026-10-07T02:56:57+00:00,sapmachine-25.0.4.1,372726787,False,sapmachine-jdk-25.0.4.1_macos-aarch64_bin.tar.gz,macos,aarch64,jdk,27159
2026-10-07T02:56:57+00:00,sapmachine-25.0.4.1,372726787,False,sapmachine-jdk-25.0.4.1_windows-x64_bin-symbols.tar.gz,windows,x64,jdk,5
2026-10-07T02:56:57+00:00,sapmachine-25.0.4.1,372726787,False,sapmachine-jdk-25.0.4.1_windows-x64_bin.msi,windows,x64,jdk,1985
2026-10-07T02:56:57+00:00,sapmachine-25.0.4.1,372726787,False,sapmachine-jdk-25.0.4.1_windows-x64_bin.zip,windows,x64,jdk,1917
2026-10-07T02:56:57+00:00,sapmachine-25.0.4.1,372726787,False,sapmachine-jre-25.0.4.1_aix-ppc64_bin.tar.gz,aix,ppc64,jre,86
2026-10-07T02:56:57+00:00,sapmachine-25.0.4.1,372726787,False,sapmachine-jre-25.0.4.1_linux-aarch64_bin.tar.gz,linux,aarch64,jre,217
2026-10-07T02:56:57+00:00,sapmachine-25.0.4.1,372726787,False,sapmachine-jre-25.0.4.1_linux-ppc64le_bin.tar.gz,linux,ppc64,jre,85
2026-10-07T02:56:57+00:00,sapmachine-25.0.4.1,372726787,False,sapmachine-jre-25.0.4.1_linux-x64-musl_bin.tar.gz,alpine,x64,jre,94
2026-10-07T02:56:57+00:00,sapmachine-25.0.4.1,372726787,False,sapmachine-jre-25.0.4.1_linux-x64_bin.tar.gz,linux,x64,jre,22112
2026-10-07T02:56:57+00:00,sapmachine-25.0.4.1,372726787,False,sapmachine-jre-25.0.4.1_macos-aarch64_bin.dmg,macos,aarch64,jre,102
2026-10-07T02:56:57+00:00,sapmachine-25.0.4.1,372726787,False,sapmachine-jre-25.0.4.1_macos-aarch64_bin.tar.gz,macos,aarch64,jre,245
2026-10-07T02:56:57+00:00,sapmachine-25.0.4.1,372726787,False,sapmachine-jre-25.0.4.1_windows-x64_bin.msi,windows,x64,jre,443
2026-10-07T02:56:57+00:00,sapmachine-25.0.4.1,372726787,False,sapmachine-jre-25.0.4.1_windows-x64_bin.zip,windows,x64,jre,229
2026-10-07T02:56:57+00:00,sapmachine-26.0.2.1,372737378,False,sapmachine-jdk-26.0.2.1_aix-ppc64_bin-symbols.tar.gz,aix,ppc64,jdk,7
2026-10-07T02:56:57+00:00,sapmachine-26.0.2.1,372737378,False,sapmachine-jdk-26.0.2.1_aix-ppc64_bin.tar.gz,aix,ppc64,jdk,121
2026-10-07T02:56:57+00:00,sapmachine-26.0.2.1,372737378,False,sapmachine-jdk-26.0.2.1_linux-aarch64_bin-symbols.tar.gz,linux,aarch64,jdk,5
2026-10-07T02:56:57+00:00,sapmachine-26.0.2.1,372737378,False,sapmachine-jdk-26.0.2.1_linux-aarch64_bin.tar.gz,linux,aarch64,jdk,168
2026-10-07T02:56:57+00:00,sapmachine-26.0.2.1,372737378,False,sapmachine-jdk-26.0.2.1_linux-ppc64le_bin-symbols.tar.gz,linux,ppc64,jdk,5
2026-10-07T02:56:57+00:00,sapmachine-26.0.2.1,372737378,False,sapmachine-jdk-26.0.2.1_linux-ppc64le_bin.tar.gz,linux,ppc64,jdk,116
2026-10-07T02:56:57+00:00,sapmachine-26.0.2.1,372737378,False,sapmachine-jdk-26.0.2.1_linux-x64-musl_bin-symbols.tar.gz,alpine,x64,jdk,4
2026-10-07T02:56:57+00:00,sapmachine-26.0.2.1,372737378,False,sapmachine-jdk-26.0.2.1_linux-x64-musl_bin.tar.gz,alpine,x64,jdk,109
2026-10-07T02:56:57+00:00,sapmachine-26.0.2.1,372737378,False,sapmachine-jdk-26.0.2.1_linux-x64_bin-symbols.tar.gz,linux,x64,jdk,4
2026-10-07T02:56:57+00:00,sapmachine-26.0.2.1,372737378,False,sapmachine-jdk-26.0.2.1_linux-x64_bin.tar.gz,linux,x64,jdk,1428
2026-10-07T02:56:57+00:00,sapmachine-26.0.2.1,372737378,False,sapmachine-jdk-26.0.2.1_macos-aarch64_bin-symbols.tar.gz,macos,aarch64,jdk,4
2026-10-07T02:56:57+00:00,sapmachine-26.0.2.1,372737378,False,sapmachine-jdk-26.0.2.1_macos-aarch64_bin.dmg,macos,aarch64,jdk,1148
2026-10-07T02:56:57+00:00,sapmachine-26.0.2.1,372737378,False,sapmachine-jdk-26.0.2.1_macos-aarch64_bin.tar.gz,macos,aarch64,jdk,1722
2026-10-07T02:56:57+00:00,sapmachine-26.0.2.1,372737378,False,sapmachine-jdk-26.0.2.1_windows-x64_bin-symbols.tar.gz,windows,x64,jdk,3
2026-10-07T02:56:57+00:00,sapmachine-26.0.2.1,372737378,False,sapmachine-jdk-26.0.2.1_windows-x64_bin.msi,windows,x64,jdk,576
2026-10-07T02:56:57+00:00,sapmachine-26.0.2.1,372737378,False,sapmachine-jdk-26.0.2.1_windows-x64_bin.zip,windows,x64,jdk,566
2026-10-07T02:56:57+00:00,sapmachine-26.0.2.1,372737378,False,sapmachine-jre-26.0.2.1_aix-ppc64_bin.tar.gz,aix,ppc64,jre,68
2026-10-07T02:56:57+00:00,sapmachine-26.0.2.1,372737378,False,sapmachine-jre-26.0.2.1_linux-aarch64_bin.tar.gz,linux,aarch64,jre,118
2026-10-07T02:56:57+00:00,sapmachine-26.0.2.1,372737378,False,sapmachine-jre-26.0.2.1_linux-ppc64le_bin.tar.gz,linux,ppc64,jre,76
2026-10-07T02:56:57+00:00,sapmachine-26.0.2.1,372737378,False,sapmachine-jre-26.0.2.1_linux-x64-musl_bin.tar.gz,alpine,x64,jre,71
2026-10-07T02:56:57+00:00,sapmachine-26.0.2.1,372737378,False,sapmachine-jre-26.0.2.1_linux-x64_bin.tar.gz,linux,x64,jre,172
2026-10-07T02:56:57+00:00,sapmachine-26.0.2.1,372737378,False,sapmachine-jre-26.0.2.1_macos-aarch64_bin.dmg,macos,aarch64,jre,78
2026-10-07T02:56:57+00:00,sapmachine-26.0.2.1,372737378,False,sapmachine-jre-26.0.2.1_macos-aarch64_bin.tar.gz,macos,aarch64,jre,211
2026-10-07T02:56:57+00:00,sapmachine-26.0.2.1,372737378,False,sapmachine-jre-26.0.2.1_windows-x64_bin.msi,windows,x64,jre,291
2026-10-07T02:56:57+00:00,sapmachine-26.0.2.1,372737378,False,sapmachine-jre-26.0.2.1_windows-x64_bin.zip,windows,x64,jre,92
2026-10-07T02:56:57+00:00,sapmachine-21.0.13+1,369673274,True,sapmachine-jdk-21.0.13-ea.1_linux-x64-musl_bin.tar.gz,alpine,x64,jdk,73
2026-10-07T02:56:57+00:00,sapmachine-21.0.13+1,369673274,True,sapmachine-jre-21.0.13-ea.1_linux-x64-musl_bin.tar.gz,alpine,x64,jre,72
2026-10-07T02:56:57+00:00,sapmachine-21.0.13+1,369673274,True,sapmachine-jdk-21.0.13-ea.1_linux-x64-musl_bin-symbols.tar.gz,alpine,x64,jdk,2
2026-10-07T02:56:57+00:00,sapmachine-21.0.13+1,369673274,True,sapmachine-jdk-21.0.13-ea.1_macos-aarch64_bin.tar.gz,macos,aarch64,jdk,150
2026-10-07T02:56:57+00:00,sapmachine-21.0.13+1,369673274,True,sapmachine-jre-21.0.13-ea.1_macos-aarch64_bin.tar.gz,macos,aarch64,jre,79
2026-10-07T02:56:57+00:00,sapmachine-21.0.13+1,369673274,True,sapmachine-jdk-21.0.13-ea.1_macos-aarch64_bin-symbols.tar.gz,macos,aarch64,jdk,2
2026-10-07T02:56:57+00:00,sapmachine-21.0.13+1,369673274,True,sapmachine-jdk-21.0.13-ea.1_macos-aarch64_bin.dmg,macos,aarch64,jdk,71
2026-10-07T02:56:57+00:00,sapmachine-21.0.13+1,369673274,True,sapmachine-jre-21.0.13-ea.1_macos-aarch64_bin.dmg,macos,aarch64,jre,74
2026-10-07T02:56:57+00:00,sapmachine-21.0.13+1,369673274,True,sapmachine-jdk-21.0.13-ea.1_linux-x64_bin.tar.gz,linux,x64,jdk,102
2026-10-07T02:56:57+00:00,sapmachine-21.0.13+1,369673274,True,sapmachine-jre-21.0.13-ea.1_linux-x64_bin.tar.gz,linux,x64,jre,74
2026-10-07T02:56:57+00:00,sapmachine-21.0.13+1,369673274,True,sapmachine-jdk-21.0.13-ea.1_linux-x64_bin-symbols.tar.gz,linux,x64,jdk,1
2026-10-07T02:56:57+00:00,sapmachine-21.0.13+1,369673274,True,sapmachine-jdk-21.0.13-ea.1_aix-ppc64_bin.tar.gz,aix,ppc64,jdk,71
2026-10-07T02:56:57+00:00,sapmachine-21.0.13+1,369673274,True,sapmachine-jre-21.0.13-ea.1_aix-ppc64_bin.tar.gz,aix,ppc64,jre,70
2026-10-07T02:56:57+00:00,sapmachine-21.0.13+1,369673274,True,sapmachine-jdk-21.0.13-ea.1_aix-ppc64_bin-symbols.tar.gz,aix,ppc64,jdk,1
2026-10-07T02:56:57+00:00,sapmachine-21.0.13+1,369673274,True,sapmachine-jdk-21.0.13-ea.1_linux-ppc64le_bin.tar.gz,linux,ppc64,jdk,74
2026-10-07T02:56:57+00:00,sapmachine-21.0.13+1,369673274,True,sapmachine-jre-21.0.13-ea.1_linux-ppc64le_bin.tar.gz,linux,ppc64,jre,72
2026-10-07T02:56:57+00:00,sapmachine-21.0.13+1,369673274,True,sapmachine-jdk-21.0.13-ea.1_linux-ppc64le_bin-symbols.tar.gz,linux,ppc64,jdk,1
2026-10-07T02:56:57+00:00,sapmachine-21.0.13+1,369673274,True,sapmachine-jdk-21.0.13-ea.1_macos-x64_bin.tar.gz,macos,x64,jdk,69
2026-10-07T02:56:57+00:00,sapmachine-21.0.13+1,369673274,True,sapmachine-jre-21.0.13-ea.1_macos-x64_bin.tar.gz,macos,x64,jre,72
2026-10-07T02:56:57+00:00,sapmachine-21.0.13+1,369673274,True,sapmachine-jdk-21.0.13-ea.1_macos-x64_bin-symbols.tar.gz,macos,x64,jdk,1
2026-10-07T02:56:57+00:00,sapmachine-21.0.13+1,369673274,True,sapmachine-jdk-21.0.13-ea.1_macos-x64_bin.dmg,macos,x64,jdk,71
2026-10-07T02:56:57+00:00,sapmachine-21.0.13+1,369673274,True,sapmachine-jre-21.0.13-ea.1_macos-x64_bin.dmg,macos,x64,jre,68
2026-10-07T02:56:57+00:00,sapmachine-21.0.13+1,369673274,True,sapmachine-jdk-21.0.13-ea.1_linux-aarch64_bin.tar.gz,linux,aarch64,jdk,74
2026-10-07T02:56:57+00:00,sapmachine-21.0.13+1,369673274,True,sapmachine-jre-21.0.13-ea.1_linux-aarch64_bin.tar.gz,linux,aarch64,jre,74
2026-10-07T02:56:57+00:00,sapmachine-21.0.13+1,369673274,True,sapmachine-jdk-21.0.13-ea.1_linux-aarch64_bin-symbols.tar.gz,linux,aarch64,jdk,1
2026-10-07T02:56:57+00:00,sapmachine-21.0.13+1,369673274,True,sapmachine-jdk-21.0.13-ea.1_windows-x64_bin.zip,windows,x64,jdk,105
2026-10-07T02:56:57+00:00,sapmachine-21.0.13+1,369673274,True,sapmachine-jre-21.0.13-ea.1_windows-x64_bin.zip,windows,x64,jre,75
2026-10-07T02:56:57+00:00,sapmachine-21.0.13+1,369673274,True,sapmachine-jdk-21.0.13-ea.1_windows-x64_bin-symbols.tar.gz,windows,x64,jdk,1
2026-10-07T02:56:57+00:00,sapmachine-25.0.5+1,369669143,True,sapmachine-jdk-25.0.5-ea.1_linux-x64-musl_bin.tar.gz,alpine,x64,jdk,70
2026-10-07T02:56:57+00:00,sapmachine-25.0.5+1,369669143,True,sapmachine-jre-25.0.5-ea.1_linux-x64-musl_bin.tar.gz,alpine,x64,jre,70
2026-10-07T02:56:57+00:00,sapmachine-25.0.5+1,369669143,True,sapmachine-jdk-25.0.5-ea.1_linux-x64-musl_bin-symbols.tar.gz,alpine,x64,jdk,2
2026-10-07T02:56:57+00:00,sapmachine-25.0.5+1,369669143,True,sapmachine-jdk-25.0.5-ea.1_linux-x64_bin.tar.gz,linux,x64,jdk,77
2026-10-07T02:56:57+00:00,sapmachine-25.0.5+1,369669143,True,sapmachine-jre-25.0.5-ea.1_linux-x64_bin.tar.gz,linux,x64,jre,71
2026-10-07T02:56:57+00:00,sapmachine-25.0.5+1,369669143,True,sapmachine-jdk-25.0.5-ea.1_linux-x64_bin-symbols.tar.gz,linux,x64,jdk,1
2026-10-07T02:56:57+00:00,sapmachine-25.0.5+1,369669143,True,sapmachine-jdk-25.0.5-ea.1_macos-aarch64_bin.tar.gz,macos,aarch64,jdk,92
2026-10-07T02:56:57+00:00,sapmachine-25.0.5+1,369669143,True,sapmachine-jre-25.0.5-ea.1_macos-aarch64_bin.tar.gz,macos,aarch64,jre,74
2026-10-07T02:56:57+00:00,sapmachine-25.0.5+1,369669143,True,sapmachine-jdk-25.0.5-ea.1_macos-aarch64_bin-symbols.tar.gz,macos,aarch64,jdk,2
2026-10-07T02:56:57+00:00,sapmachine-25.0.5+1,369669143,True,sapmachine-jdk-25.0.5-ea.1_macos-aarch64_bin.dmg,macos,aarch64,jdk,75
2026-10-07T02:56:57+00:00,sapmachine-25.0.5+1,369669143,True,sapmachine-jre-25.0.5-ea.1_macos-aarch64_bin.dmg,macos,aarch64,jre,75
2026-10-07T02:56:57+00:00,sapmachine-25.0.5+1,369669143,True,sapmachine-jdk-25.0.5-ea.1_linux-aarch64_bin.tar.gz,linux,aarch64,jdk,71
2026-10-07T02:56:57+00:00,sapmachine-25.0.5+1,369669143,True,sapmachine-jre-25.0.5-ea.1_linux-aarch64_bin.tar.gz,linux,aarch64,jre,73
2026-10-07T02:56:57+00:00,sapmachine-25.0.5+1,369669143,True,sapmachine-jdk-25.0.5-ea.1_linux-aarch64_bin-symbols.tar.gz,linux,aarch64,jdk,1
2026-10-07T02:56:57+00:00,sapmachine-25.0.5+1,369669143,True,sapmachine-jdk-25.0.5-ea.1_linux-ppc64le_bin.tar.gz,linux,ppc64,jdk,75
2026-10-07T02:56:57+00:00,sapmachine-25.0.5+1,369669143,True,sapmachine-jre-25.0.5-ea.1_linux-ppc64le_bin.tar.gz,linux,ppc64,jre,73
2026-10-07T02:56:57+00:00,sapmachine-25.0.5+1,369669143,True,sapmachine-jdk-25.0.5-ea.1_linux-ppc64le_bin-symbols.tar.gz,linux,ppc64,jdk,1
2026-10-07T02:56:57+00:00,sapmachine-25.0.5+1,369669143,True,sapmachine-jdk-25.0.5-ea.1_aix-ppc64_bin.tar.gz,aix,ppc64,jdk,70
2026-10-07T02:56:57+00:00,sapmachine-25.0.5+1,369669143,True,sapmachine-jre-25.0.5-ea.1_aix-ppc64_bin.tar.gz,aix,ppc64,jre,72
2026-10-07T02:56:57+00:00,sapmachine-25.0.5+1,369669143,True,sapmachine-jdk-25.0.5-ea.1_aix-ppc64_bin-symbols.tar.gz,aix,ppc64,jdk,3
2026-10-07T02:56:57+00:00,sapmachine-25.0.5+1,369669143,True,sapmachine-jdk-25.0.5-ea.1_windows-x64_bin.zip,windows,x64,jdk,74
2026-10-07T02:56:57+00:00,sapmachine-25.0.5+1,369669143,True,sapmachine-jre-25.0.5-ea.1_windows-x64_bin.zip,windows,x64,jre,72
2026-10-07T02:56:57+00:00,sapmachine-25.0.5+1,369669143,True,sapmachine-jdk-25.0.5-ea.1_windows-x64_bin-symbols.tar.gz,windows,x64,jdk,1
2026-10-07T02:56:57+00:00,sapmachine-28+10,368940347,True,sapmachine-jdk-28-ea.10_linux-x64-musl_bin.tar.gz,alpine,x64,jdk,74
2026-10-07T02:56:57+00:00,sapmachine-28+10,368940347,True,sapmachine-jre-28-ea.10_linux-x64-musl_bin.tar.gz,alpine,x64,jre,70
2026-10-07T02:56:57+00:00,sapmachine-28+10,368940347,True,sapmachine-jdk-28-ea.10_linux-x64-musl_bin-symbols.tar.gz,alpine,x64,jdk,2
2026-10-07T02:56:57+00:00,sapmachine-28+10,368940347,True,sapmachine-jdk-28-ea.10_macos-aarch64_bin.tar.gz,macos,aarch64,jdk,74
2026-10-07T02:56:57+00:00,sapmachine-28+10,368940347,True,sapmachine-jre-28-ea.10_macos-aarch64_bin.tar.gz,macos,aarch64,jre,75
2026-10-07T02:56:57+00:00,sapmachine-28+10,368940347,True,sapmachine-jdk-28-ea.10_macos-aarch64_bin-symbols.tar.gz,macos,aarch64,jdk,2
2026-10-07T02:56:57+00:00,sapmachine-28+10,368940347,True,sapmachine-jdk-28-ea.10_macos-aarch64_bin.dmg,macos,aarch64,jdk,73
2026-10-07T02:56:57+00:00,sapmachine-28+10,368940347,True,sapmachine-jre-28-ea.10_macos-aarch64_bin.dmg,macos,aarch64,jre,75
2026-10-07T02:56:57+00:00,sapmachine-28+10,368940347,True,sapmachine-jdk-28-ea.10_linux-x64_bin.tar.gz,linux,x64,jdk,80
2026-10-07T02:56:57+00:00,sapmachine-28+10,368940347,True,sapmachine-jre-28-ea.10_linux-x64_bin.tar.gz,linux,x64,jre,75
2026-10-07T02:56:57+00:00,sapmachine-28+10,368940347,True,sapmachine-jdk-28-ea.10_linux-x64_bin-symbols.tar.gz,linux,x64,jdk,2
2026-10-07T02:56:57+00:00,sapmachine-28+10,368940347,True,sapmachine-jdk-28-ea.10_linux-ppc64le_bin.tar.gz,linux,ppc64,jdk,73
2026-10-07T02:56:57+00:00,sapmachine-28+10,368940347,True,sapmachine-jre-28-ea.10_linux-ppc64le_bin.tar.gz,linux,ppc64,jre,73
2026-10-07T02:56:57+00:00,sapmachine-28+10,368940347,True,sapmachine-jdk-28-ea.10_linux-ppc64le_bin-symbols.tar.gz,linux,ppc64,jdk,1
2026-10-07T02:56:57+00:00,sapmachine-28+10,368940347,True,sapmachine-jdk-28-ea.10_linux-aarch64_bin.tar.gz,linux,aarch64,jdk,72
2026-10-07T02:56:57+00:00,sapmachine-28+10,368940347,True,sapmachine-jre-28-ea.10_linux-aarch64_bin.tar.gz,linux,aarch64,jre,76
2026-10-07T02:56:57+00:00,sapmachine-28+10,368940347,True,sapmachine-jdk-28-ea.10_linux-aarch64_bin-symbols.tar.gz,linux,aarch64,jdk,1
2026-10-07T02:56:57+00:00,sapmachine-28+10,368940347,True,sapmachine-jdk-28-ea.10_aix-ppc64_bin.tar.gz,aix,ppc64,jdk,71
2026-10-07T02:56:57+00:00,sapmachine-28+10,368940347,True,sapmachine-jre-28-ea.10_aix-ppc64_bin.tar.gz,aix,ppc64,jre,72
2026-10-07T02:56:57+00:00,sapmachine-28+10,368940347,True,sapmachine-jdk-28-ea.10_aix-ppc64_bin-symbols.tar.gz,aix,ppc64,jdk,1
2026-10-07T02:56:57+00:00,sapmachine-28+10,368940347,True,sapmachine-jdk-28-ea.10_windows-x64_bin.zip,windows,x64,jdk,69
2026-10-07T02:56:57+00:00,sapmachine-28+10,368940347,True,sapmachine-jre-28-ea.10_windows-x64_bin.zip,windows,x64,jre,72
2026-10-07T02:56:57+00:00,sapmachine-28+10,368940347,True,sapmachine-jdk-28-ea.10_windows-x64_bin-symbols.tar.gz,windows,x64,jdk,1
2026-10-07T02:56:57+00:00,sapmachine-17.0.21+1,367347641,True,sapmachine-jdk-17.0.21-ea.1_linux-x64-musl_bin.tar.gz,alpine,x64,jdk,77
2026-10-07T02:56:57+00:00,sapmachine-17.0.21+1,367347641,True,sapmachine-jre-17.0.21-ea.1_linux-x64-musl_bin.tar.gz,alpine,x64,jre,77
2026-10-07T02:56:57+00:00,sapmachine-17.0.21+1,367347641,True,sapmachine-jdk-17.0.21-ea.1_linux-x64-musl_bin-symbols.tar.gz,alpine,x64,jdk,1
2026-10-07T02:56:57+00:00,sapmachine-17.0.21+1,367347641,True,sapmachine-jdk-17.0.21-ea.1_linux-x64_bin.tar.gz,linux,x64,jdk,194
2026-10-07T02:56:57+00:00,sapmachine-17.0.21+1,367347641,True,sapmachine-jre-17.0.21-ea.1_linux-x64_bin.tar.gz,linux,x64,jre,80
2026-10-07T02:56:57+00:00,sapmachine-17.0.21+1,367347641,True,sapmachine-jdk-17.0.21-ea.1_linux-x64_bin-symbols.tar.gz,linux,x64,jdk,1
2026-10-07T02:56:57+00:00,sapmachine-17.0.21+1,367347641,True,sapmachine-jdk-17.0.21-ea.1_linux-ppc64le_bin.tar.gz,linux,ppc64,jdk,78
2026-10-07T02:56:57+00:00,sapmachine-17.0.21+1,367347641,True,sapmachine-jre-17.0.21-ea.1_linux-ppc64le_bin.tar.gz,linux,ppc64,jre,80
2026-10-07T02:56:57+00:00,sapmachine-17.0.21+1,367347641,True,sapmachine-jdk-17.0.21-ea.1_linux-ppc64le_bin-symbols.tar.gz,linux,ppc64,jdk,1
2026-10-07T02:56:57+00:00,sapmachine-17.0.21+1,367347641,True,sapmachine-jdk-17.0.21-ea.1_linux-aarch64_bin.tar.gz,linux,aarch64,jdk,80
2026-10-07T02:56:57+00:00,sapmachine-17.0.21+1,367347641,True,sapmachine-jre-17.0.21-ea.1_linux-aarch64_bin.tar.gz,linux,aarch64,jre,80
2026-10-07T02:56:57+00:00,sapmachine-17.0.21+1,367347641,True,sapmachine-jdk-17.0.21-ea.1_linux-aarch64_bin-symbols.tar.gz,linux,aarch64,jdk,1
2026-10-07T02:56:57+00:00,sapmachine-17.0.21+1,367347641,True,sapmachine-jdk-17.0.21-ea.1_macos-x64_bin.tar.gz,macos,x64,jdk,78
2026-10-07T02:56:57+00:00,sapmachine-17.0.21+1,367347641,True,sapmachine-jre-17.0.21-ea.1_macos-x64_bin.tar.gz,macos,x64,jre,77
2026-10-07T02:56:57+00:00,sapmachine-17.0.21+1,367347641,True,sapmachine-jdk-17.0.21-ea.1_macos-x64_bin-symbols.tar.gz,macos,x64,jdk,1
2026-10-07T02:56:57+00:00,sapmachine-17.0.21+1,367347641,True,sapmachine-jdk-17.0.21-ea.1_macos-x64_bin.dmg,macos,x64,jdk,83
2026-10-07T02:56:57+00:00,sapmachine-17.0.21+1,367347641,True,sapmachine-jre-17.0.21-ea.1_macos-x64_bin.dmg,macos,x64,jre,74
2026-10-07T02:56:57+00:00,sapmachine-17.0.21+1,367347641,True,sapmachine-jdk-17.0.21-ea.1_macos-aarch64_bin.tar.gz,macos,aarch64,jdk,470
2026-10-07T02:56:57+00:00,sapmachine-17.0.21+1,367347641,True,sapmachine-jre-17.0.21-ea.1_macos-aarch64_bin.tar.gz,macos,aarch64,jre,78
2026-10-07T02:56:57+00:00,sapmachine-17.0.21+1,367347641,True,sapmachine-jdk-17.0.21-ea.1_macos-aarch64_bin-symbols.tar.gz,macos,aarch64,jdk,1
2026-10-07T02:56:57+00:00,sapmachine-17.0.21+1,367347641,True,sapmachine-jdk-17.0.21-ea.1_macos-aarch64_bin.dmg,macos,aarch64,jdk,81
2026-10-07T02:56:57+00:00,sapmachine-17.0.21+1,367347641,True,sapmachine-jre-17.0.21-ea.1_macos-aarch64_bin.dmg,macos,aarch64,jre,84
2026-10-07T02:56:57+00:00,sapmachine-17.0.21+1,367347641,True,sapmachine-jdk-17.0.21-ea.1_windows-x64_bin.zip,windows,x64,jdk,181
2026-10-07T02:56:57+00:00,sapmachine-17.0.21+1,367347641,True,sapmachine-jre-17.0.21-ea.1_windows-x64_bin.zip,windows,x64,jre,83
2026-10-07T02:56:57+00:00,sapmachine-17.0.21+1,367347641,True,sapmachine-jdk-17.0.21-ea.1_windows-x64_bin-symbols.tar.gz,windows,x64,jdk,1
2026-10-07T02:56:57+00:00,sapmachine-27+33,364570882,True,sapmachine-jdk-27-ea.33_linux-x64-musl_bin.tar.gz,alpine,x64,jdk,86
2026-10-07T02:56:57+00:00,sapmachine-27+33,364570882,True,sapmachine-jre-27-ea.33_linux-x64-musl_bin.tar.gz,alpine,x64,jre,86
2026-10-07T02:56:57+00:00,sapmachine-27+33,364570882,True,sapmachine-jdk-27-ea.33_linux-x64-musl_bin-symbols.tar.gz,alpine,x64,jdk,4
2026-10-07T02:56:57+00:00,sapmachine-27+33,364570882,True,sapmachine-jdk-27-ea.33_aix-ppc64_bin.tar.gz,aix,ppc64,jdk,83
2026-10-07T02:56:57+00:00,sapmachine-27+33,364570882,True,sapmachine-jre-27-ea.33_aix-ppc64_bin.tar.gz,aix,ppc64,jre,85
2026-10-07T02:56:57+00:00,sapmachine-27+33,364570882,True,sapmachine-jdk-27-ea.33_aix-ppc64_bin-symbols.tar.gz,aix,ppc64,jdk,3
2026-10-07T02:56:57+00:00,sapmachine-27+33,364570882,True,sapmachine-jdk-27-ea.33_linux-x64_bin.tar.gz,linux,x64,jdk,113
2026-10-07T02:56:57+00:00,sapmachine-27+33,364570882,True,sapmachine-jre-27-ea.33_linux-x64_bin.tar.gz,linux,x64,jre,88
2026-10-07T02:56:57+00:00,sapmachine-27+33,364570882,True,sapmachine-jdk-27-ea.33_linux-x64_bin-symbols.tar.gz,linux,x64,jdk,3
2026-10-07T02:56:57+00:00,sapmachine-27+33,364570882,True,sapmachine-jdk-27-ea.33_linux-ppc64le_bin.tar.gz,linux,ppc64,jdk,87
2026-10-07T02:56:57+00:00,sapmachine-27+33,364570882,True,sapmachine-jre-27-ea.33_linux-ppc64le_bin.tar.gz,linux,ppc64,jre,84
2026-10-07T02:56:57+00:00,sapmachine-27+33,364570882,True,sapmachine-jdk-27-ea.33_linux-ppc64le_bin-symbols.tar.gz,linux,ppc64,jdk,3
2026-10-07T02:56:57+00:00,sapmachine-27+33,364570882,True,sapmachine-jdk-27-ea.33_linux-aarch64_bin.tar.gz,linux,aarch64,jdk,88
2026-10-07T02:56:57+00:00,sapmachine-27+33,364570882,True,sapmachine-jre-27-ea.33_linux-aarch64_bin.tar.gz,linux,aarch64,jre,89
2026-10-07T02:56:57+00:00,sapmachine-27+33,364570882,True,sapmachine-jdk-27-ea.33_linux-aarch64_bin-symbols.tar.gz,linux,aarch64,jdk,3
2026-10-07T02:56:57+00:00,sapmachine-27+33,364570882,True,sapmachine-jdk-27-ea.33_macos-aarch64_bin.tar.gz,macos,aarch64,jdk,88
2026-10-07T02:56:57+00:00,sapmachine-27+33,364570882,True,sapmachine-jre-27-ea.33_macos-aarch64_bin.tar.gz,macos,aarch64,jre,86
2026-10-07T02:56:57+00:00,sapmachine-27+33,364570882,True,sapmachine-jdk-27-ea.33_macos-aarch64_bin-symbols.tar.gz,macos,aarch64,jdk,3
2026-10-07T02:56:57+00:00,sapmachine-27+33,364570882,True,sapmachine-jdk-27-ea.33_macos-aarch64_bin.dmg,macos,aarch64,jdk,87
2026-10-07T02:56:57+00:00,sapmachine-27+33,364570882,True,sapmachine-jre-27-ea.33_macos-aarch64_bin.dmg,macos,aarch64,jre,83
2026-10-07T02:56:57+00:00,sapmachine-27+33,364570882,True,sapmachine-jdk-27-ea.33_windows-x64_bin.zip,windows,x64,jdk,86
2026-10-07T02:56:57+00:00,sapmachine-27+33,364570882,True,sapmachine-jre-27-ea.33_windows-x64_bin.zip,windows,x64,jre,87
2026-10-07T02:56:57+00:00,sapmachine-27+33,364570882,True,sapmachine-jdk-27-ea.33_windows-x64_bin-symbols.tar.gz,windows,x64,jdk,3
2026-10-07T02:56:57+00:00,sapmachine-28+9,364570758,True,sapmachine-jdk-28-ea.9_linux-x64-musl_bin.tar.gz,alpine,x64,jdk,84
2026-10-07T02:56:57+00:00,sapmachine-28+9,364570758,True,sapmachine-jre-28-ea.9_linux-x64-musl_bin.tar.gz,alpine,x64,jre,82
2026-10-07T02:56:57+00:00,sapmachine-28+9,364570758,True,sapmachine-jdk-28-ea.9_linux-x64-musl_bin-symbols.tar.gz,alpine,x64,jdk,4
2026-10-07T02:56:57+00:00,sapmachine-28+9,364570758,True,sapmachine-jdk-28-ea.9_linux-x64_bin.tar.gz,linux,x64,jdk,86
2026-10-07T02:56:57+00:00,sapmachine-28+9,364570758,True,sapmachine-jre-28-ea.9_linux-x64_bin.tar.gz,linux,x64,jre,87
2026-10-07T02:56:57+00:00,sapmachine-28+9,364570758,True,sapmachine-jdk-28-ea.9_linux-x64_bin-symbols.tar.gz,linux,x64,jdk,4
2026-10-07T02:56:57+00:00,sapmachine-28+9,364570758,True,sapmachine-jdk-28-ea.9_macos-aarch64_bin.tar.gz,macos,aarch64,jdk,86
2026-10-07T02:56:57+00:00,sapmachine-28+9,364570758,True,sapmachine-jre-28-ea.9_macos-aarch64_bin.tar.gz,macos,aarch64,jre,88
2026-10-07T02:56:57+00:00,sapmachine-28+9,364570758,True,sapmachine-jdk-28-ea.9_macos-aarch64_bin-symbols.tar.gz,macos,aarch64,jdk,3
2026-10-07T02:56:57+00:00,sapmachine-28+9,364570758,True,sapmachine-jdk-28-ea.9_macos-aarch64_bin.dmg,macos,aarch64,jdk,87
2026-10-07T02:56:57+00:00,sapmachine-28+9,364570758,True,sapmachine-jre-28-ea.9_macos-aarch64_bin.dmg,macos,aarch64,jre,84
2026-10-07T02:56:57+00:00,sapmachine-28+9,364570758,True,sapmachine-jdk-28-ea.9_linux-aarch64_bin.tar.gz,linux,aarch64,jdk,86
2026-10-07T02:56:57+00:00,sapmachine-28+9,364570758,True,sapmachine-jre-28-ea.9_linux-aarch64_bin.tar.gz,linux,aarch64,jre,87
2026-10-07T02:56:57+00:00,sapmachine-28+9,364570758,True,sapmachine-jdk-28-ea.9_linux-aarch64_bin-symbols.tar.gz,linux,aarch64,jdk,3
2026-10-07T02:56:57+00:00,sapmachine-28+9,364570758,True,sapmachine-jdk-28-ea.9_linux-ppc64le_bin.tar.gz,linux,ppc64,jdk,86
2026-10-07T02:56:57+00:00,sapmachine-28+9,364570758,True,sapmachine-jre-28-ea.9_linux-ppc64le_bin.tar.gz,linux,ppc64,jre,85
2026-10-07T02:56:57+00:00,sapmachine-28+9,364570758,True,sapmachine-jdk-28-ea.9_linux-ppc64le_bin-symbols.tar.gz,linux,ppc64,jdk,3
2026-10-07T02:56:57+00:00,sapmachine-28+9,364570758,True,sapmachine-jdk-28-ea.9_aix-ppc64_bin.tar.gz,aix,ppc64,jdk,84
2026-10-07T02:56:57+00:00,sapmachine-28+9,364570758,True,sapmachine-jre-28-ea.9_aix-ppc64_bin.tar.gz,aix,ppc64,jre,85
2026-10-07T02:56:57+00:00,sapmachine-28+9,364570758,True,sapmachine-jdk-28-ea.9_aix-ppc64_bin-symbols.tar.gz,aix,ppc64,jdk,4
2026-10-07T02:56:57+00:00,sapmachine-28+9,364570758,True,sapmachine-jdk-28-ea.9_windows-x64_bin.zip,windows,x64,jdk,79
2026-10-07T02:56:57+00:00,sapmachine-28+9,364570758,True,sapmachine-jre-28-ea.9_windows-x64_bin.zip,windows,x64,jre,83
2026-10-07T02:56:57+00:00,sapmachine-28+9,364570758,True,sapmachine-jdk-28-ea.9_windows-x64_bin-symbols.tar.gz,windows,x64,jdk,3
2026-10-07T02:56:57+00:00,sapmachine-27+32,361458805,True,sapmachine-jdk-27-ea.32_linux-x64-musl_bin.tar.gz,alpine,x64,jdk,90
2026-10-07T02:56:57+00:00,sapmachine-27+32,361458805,True,sapmachine-jre-27-ea.32_linux-x64-musl_bin.tar.gz,alpine,x64,jre,91
2026-10-07T02:56:57+00:00,sapmachine-27+32,361458805,True,sapmachine-jdk-27-ea.32_linux-x64-musl_bin-symbols.tar.gz,alpine,x64,jdk,2
2026-10-07T02:56:57+00:00,sapmachine-27+32,361458805,True,sapmachine-jdk-27-ea.32_aix-ppc64_bin.tar.gz,aix,ppc64,jdk,88
2026-10-07T02:56:57+00:00,sapmachine-27+32,361458805,True,sapmachine-jre-27-ea.32_aix-ppc64_bin.tar.gz,aix,ppc64,jre,93
2026-10-07T02:56:57+00:00,sapmachine-27+32,361458805,True,sapmachine-jdk-27-ea.32_aix-ppc64_bin-symbols.tar.gz,aix,ppc64,jdk,1
2026-10-07T02:56:57+00:00,sapmachine-27+32,361458805,True,sapmachine-jdk-27-ea.32_linux-x64_bin.tar.gz,linux,x64,jdk,95
2026-10-07T02:56:57+00:00,sapmachine-27+32,361458805,True,sapmachine-jre-27-ea.32_linux-x64_bin.tar.gz,linux,x64,jre,92
2026-10-07T02:56:57+00:00,sapmachine-27+32,361458805,True,sapmachine-jdk-27-ea.32_linux-x64_bin-symbols.tar.gz,linux,x64,jdk,1
2026-10-07T02:56:57+00:00,sapmachine-27+32,361458805,True,sapmachine-jdk-27-ea.32_linux-aarch64_bin.tar.gz,linux,aarch64,jdk,93
2026-10-07T02:56:57+00:00,sapmachine-27+32,361458805,True,sapmachine-jre-27-ea.32_linux-aarch64_bin.tar.gz,linux,aarch64,jre,90
2026-10-07T02:56:57+00:00,sapmachine-27+32,361458805,True,sapmachine-jdk-27-ea.32_linux-aarch64_bin-symbols.tar.gz,linux,aarch64,jdk,1
2026-10-07T02:56:57+00:00,sapmachine-27+32,361458805,True,sapmachine-jdk-27-ea.32_macos-aarch64_bin.tar.gz,macos,aarch64,jdk,94
2026-10-07T02:56:57+00:00,sapmachine-27+32,361458805,True,sapmachine-jre-27-ea.32_macos-aarch64_bin.tar.gz,macos,aarch64,jre,92
2026-10-07T02:56:57+00:00,sapmachine-27+32,361458805,True,sapmachine-jdk-27-ea.32_macos-aarch64_bin-symbols.tar.gz,macos,aarch64,jdk,1
2026-10-07T02:56:57+00:00,sapmachine-27+32,361458805,True,sapmachine-jdk-27-ea.32_macos-aarch64_bin.dmg,macos,aarch64,jdk,94
2026-10-07T02:56:57+00:00,sapmachine-27+32,361458805,True,sapmachine-jre-27-ea.32_macos-aarch64_bin.dmg,macos,aarch64,jre,90
2026-10-07T02:56:57+00:00,sapmachine-27+32,361458805,True,sapmachine-jdk-27-ea.32_linux-ppc64le_bin.tar.gz,linux,ppc64,jdk,90
2026-10-07T02:56:57+00:00,sapmachine-27+32,361458805,True,sapmachine-jre-27-ea.32_linux-ppc64le_bin.tar.gz,linux,ppc64,jre,91
2026-10-07T02:56:57+00:00,sapmachine-27+32,361458805,True,sapmachine-jdk-27-ea.32_linux-ppc64le_bin-symbols.tar.gz,linux,ppc64,jdk,1
2026-10-07T02:56:57+00:00,sapmachine-27+32,361458805,True,sapmachine-jdk-27-ea.32_windows-x64_bin.zip,windows,x64,jdk,94
2026-10-07T02:56:57+00:00,sapmachine-27+32,361458805,True,sapmachine-jre-27-ea.32_windows-x64_bin.zip,windows,x64,jre,89
2026-10-07T02:56:57+00:00,sapmachine-27+32,361458805,True,sapmachine-jdk-27-ea.32_windows-x64_bin-symbols.tar.gz,windows,x64,jdk,1
2026-10-07T02:56:57+00:00,sapmachine-28+8,361458945,True,sapmachine-jdk-28-ea.8_linux-x64-musl_bin.tar.gz,alpine,x64,jdk,93
2026-10-07T02:56:57+00:00,sapmachine-28+8,361458945,True,sapmachine-jre-28-ea.8_linux-x64-musl_bin.tar.gz,alpine,x64,jre,87
2026-10-07T02:56:57+00:00,sapmachine-28+8,361458945,True,sapmachine-jdk-28-ea.8_linux-x64-musl_bin-symbols.tar.gz,alpine,x64,jdk,2
2026-10-07T02:56:57+00:00,sapmachine-28+8,361458945,True,sapmachine-jdk-28-ea.8_linux-x64_bin.tar.gz,linux,x64,jdk,92
2026-10-07T02:56:57+00:00,sapmachine-28+8,361458945,True,sapmachine-jre-28-ea.8_linux-x64_bin.tar.gz,linux,x64,jre,92
2026-10-07T02:56:57+00:00,sapmachine-28+8,361458945,True,sapmachine-jdk-28-ea.8_linux-x64_bin-symbols.tar.gz,linux,x64,jdk,1
2026-10-07T02:56:57+00:00,sapmachine-28+8,361458945,True,sapmachine-jdk-28-ea.8_macos-aarch64_bin.tar.gz,macos,aarch64,jdk,86
2026-10-07T02:56:57+00:00,sapmachine-28+8,361458945,True,sapmachine-jre-28-ea.8_macos-aarch64_bin.tar.gz,macos,aarch64,jre,85
2026-10-07T02:56:57+00:00,sapmachine-28+8,361458945,True,sapmachine-jdk-28-ea.8_macos-aarch64_bin-symbols.tar.gz,macos,aarch64,jdk,1
2026-10-07T02:56:57+00:00,sapmachine-28+8,361458945,True,sapmachine-jdk-28-ea.8_macos-aarch64_bin.dmg,macos,aarch64,jdk,89
2026-10-07T02:56:57+00:00,sapmachine-28+8,361458945,True,sapmachine-jre-28-ea.8_macos-aarch64_bin.dmg,macos,aarch64,jre,85
2026-10-07T02:56:57+00:00,sapmachine-28+8,361458945,True,sapmachine-jdk-28-ea.8_linux-aarch64_bin.tar.gz,linux,aarch64,jdk,92
2026-10-07T02:56:57+00:00,sapmachine-28+8,361458945,True,sapmachine-jre-28-ea.8_linux-aarch64_bin.tar.gz,linux,aarch64,jre,90
2026-10-07T02:56:57+00:00,sapmachine-28+8,361458945,True,sapmachine-jdk-28-ea.8_linux-aarch64_bin-symbols.tar.gz,linux,aarch64,jdk,1
2026-10-07T02:56:57+00:00,sapmachine-28+8,361458945,True,sapmachine-jdk-28-ea.8_linux-ppc64le_bin.tar.gz,linux,ppc64,jdk,87
2026-10-07T02:56:57+00:00,sapmachine-28+8,361458945,True,sapmachine-jre-28-ea.8_linux-ppc64le_bin.tar.gz,linux,ppc64,jre,91
2026-10-07T02:56:57+00:00,sapmachine-28+8,361458945,True,sapmachine-jdk-28-ea.8_linux-ppc64le_bin-symbols.tar.gz,linux,ppc64,jdk,1
2026-10-07T02:56:57+00:00,sapmachine-28+8,361458945,True,sapmachine-jdk-28-ea.8_aix-ppc64_bin.tar.gz,aix,ppc64,jdk,88
2026-10-07T02:56:57+00:00,sapmachine-28+8,361458945,True,sapmachine-jre-28-ea.8_aix-ppc64_bin.tar.gz,aix,ppc64,jre,88
2026-10-07T02:56:57+00:00,sapmachine-28+8,361458945,True,sapmachine-jdk-28-ea.8_aix-ppc64_bin-symbols.tar.gz,aix,ppc64,jdk,1
2026-10-07T02:56:57+00:00,sapmachine-28+8,361458945,True,sapmachine-jdk-28-ea.8_windows-x64_bin.zip,windows,x64,jdk,94
2026-10-07T02:56:57+00:00,sapmachine-28+8,361458945,True,sapmachine-jre-28-ea.8_windows-x64_bin.zip,windows,x64,jre,91
2026-10-07T02:56:57+00:00,sapmachine-28+8,361458945,True,sapmachine-jdk-28-ea.8_windows-x64_bin-symbols.tar.gz,windows,x64,jdk,1
2026-10-07T02:56:57+00:00,sapmachine-27+31,357067002,True,sapmachine-jdk-27-ea.31_linux-x64_bin.tar.gz,linux,x64,jdk,112
2026-10-07T02:56:57+00:00,sapmachine-27+31,357067002,True,sapmachine-jre-27-ea.31_linux-x64_bin.tar.gz,linux,x64,jre,109
2026-10-07T02:56:57+00:00,sapmachine-27+31,357067002,True,sapmachine-jdk-27-ea.31_linux-x64_bin-symbols.tar.gz,linux,x64,jdk,2
2026-10-07T02:56:57+00:00,sapmachine-27+31,357067002,True,sapmachine-jdk-27-ea.31_aix-ppc64_bin.tar.gz,aix,ppc64,jdk,109
2026-10-07T02:56:57+00:00,sapmachine-27+31,357067002,True,sapmachine-jre-27-ea.31_aix-ppc64_bin.tar.gz,aix,ppc64,jre,106
2026-10-07T02:56:57+00:00,sapmachine-27+31,357067002,True,sapmachine-jdk-27-ea.31_aix-ppc64_bin-symbols.tar.gz,aix,ppc64,jdk,2
2026-10-07T02:56:57+00:00,sapmachine-27+31,357067002,True,sapmachine-jdk-27-ea.31_linux-x64-musl_bin.tar.gz,alpine,x64,jdk,108
2026-10-07T02:56:57+00:00,sapmachine-27+31,357067002,True,sapmachine-jre-27-ea.31_linux-x64-musl_bin.tar.gz,alpine,x64,jre,108
2026-10-07T02:56:57+00:00,sapmachine-27+31,357067002,True,sapmachine-jdk-27-ea.31_linux-x64-musl_bin-symbols.tar.gz,alpine,x64,jdk,1
2026-10-07T02:56:57+00:00,sapmachine-27+31,357067002,True,sapmachine-jdk-27-ea.31_linux-ppc64le_bin.tar.gz,linux,ppc64,jdk,110
2026-10-07T02:56:57+00:00,sapmachine-27+31,357067002,True,sapmachine-jre-27-ea.31_linux-ppc64le_bin.tar.gz,linux,ppc64,jre,110
2026-10-07T02:56:57+00:00,sapmachine-27+31,357067002,True,sapmachine-jdk-27-ea.31_linux-ppc64le_bin-symbols.tar.gz,linux,ppc64,jdk,1
2026-10-07T02:56:57+00:00,sapmachine-27+31,357067002,True,sapmachine-jdk-27-ea.31_macos-aarch64_bin.tar.gz,macos,aarch64,jdk,114
2026-10-07T02:56:57+00:00,sapmachine-27+31,357067002,True,sapmachine-jre-27-ea.31_macos-aarch64_bin.tar.gz,macos,aarch64,jre,111
2026-10-07T02:56:57+00:00,sapmachine-27+31,357067002,True,sapmachine-jdk-27-ea.31_macos-aarch64_bin-symbols.tar.gz,macos,aarch64,jdk,1
2026-10-07T02:56:57+00:00,sapmachine-27+31,357067002,True,sapmachine-jdk-27-ea.31_macos-aarch64_bin.dmg,macos,aarch64,jdk,113
2026-10-07T02:56:57+00:00,sapmachine-27+31,357067002,True,sapmachine-jre-27-ea.31_macos-aarch64_bin.dmg,macos,aarch64,jre,109
2026-10-07T02:56:57+00:00,sapmachine-27+31,357067002,True,sapmachine-jdk-27-ea.31_linux-aarch64_bin.tar.gz,linux,aarch64,jdk,110
2026-10-07T02:56:57+00:00,sapmachine-27+31,357067002,True,sapmachine-jre-27-ea.31_linux-aarch64_bin.tar.gz,linux,aarch64,jre,109
2026-10-07T02:56:57+00:00,sapmachine-27+31,357067002,True,sapmachine-jdk-27-ea.31_linux-aarch64_bin-symbols.tar.gz,linux,aarch64,jdk,1
2026-10-07T02:56:57+00:00,sapmachine-27+31,357067002,True,sapmachine-jdk-27-ea.31_windows-x64_bin.zip,windows,x64,jdk,106
2026-10-07T02:56:57+00:00,sapmachine-27+31,357067002,True,sapmachine-jre-27-ea.31_windows-x64_bin.zip,windows,x64,jre,108
2026-10-07T02:56:57+00:00,sapmachine-27+31,357067002,True,sapmachine-jdk-27-ea.31_windows-x64_bin-symbols.tar.gz,windows,x64,jdk,1
2026-10-07T02:56:57+00:00,sapmachine-28+7,357065760,True,sapmachine-jdk-28-ea.7_linux-x64-musl_bin.tar.gz,alpine,x64,jdk,102
2026-10-07T02:56:57+00:00,sapmachine-28+7,357065760,True,sapmachine-jre-28-ea.7_linux-x64-musl_bin.tar.gz,alpine,x64,jre,100
2026-10-07T02:56:57+00:00,sapmachine-28+7,357065760,True,sapmachine-jdk-28-ea.7_linux-x64-musl_bin-symbols.tar.gz,alpine,x64,jdk,2
2026-10-07T02:56:57+00:00,sapmachine-28+7,357065760,True,sapmachine-jdk-28-ea.7_linux-x64_bin.tar.gz,linux,x64,jdk,110
2026-10-07T02:56:57+00:00,sapmachine-28+7,357065760,True,sapmachine-jre-28-ea.7_linux-x64_bin.tar.gz,linux,x64,jre,107
2026-10-07T02:56:57+00:00,sapmachine-28+7,357065760,True,sapmachine-jdk-28-ea.7_linux-x64_bin-symbols.tar.gz,linux,x64,jdk,1
2026-10-07T02:56:57+00:00,sapmachine-28+7,357065760,True,sapmachine-jdk-28-ea.7_macos-aarch64_bin.tar.gz,macos,aarch64,jdk,100
2026-10-07T02:56:57+00:00,sapmachine-28+7,357065760,True,sapmachine-jre-28-ea.7_macos-aarch64_bin.tar.gz,macos,aarch64,jre,98
2026-10-07T02:56:57+00:00,sapmachine-28+7,357065760,True,sapmachine-jdk-28-ea.7_macos-aarch64_bin-symbols.tar.gz,macos,aarch64,jdk,1
2026-10-07T02:56:57+00:00,sapmachine-28+7,357065760,True,sapmachine-jdk-28-ea.7_macos-aarch64_bin.dmg,macos,aarch64,jdk,101
2026-10-07T02:56:57+00:00,sapmachine-28+7,357065760,True,sapmachine-jre-28-ea.7_macos-aarch64_bin.dmg,macos,aarch64,jre,100
2026-10-07T02:56:57+00:00,sapmachine-28+7,357065760,True,sapmachine-jdk-28-ea.7_linux-aarch64_bin.tar.gz,linux,aarch64,jdk,107
2026-10-07T02:56:57+00:00,sapmachine-28+7,357065760,True,sapmachine-jre-28-ea.7_linux-aarch64_bin.tar.gz,linux,aarch64,jre,107
2026-10-07T02:56:57+00:00,sapmachine-28+7,357065760,True,sapmachine-jdk-28-ea.7_linux-aarch64_bin-symbols.tar.gz,linux,aarch64,jdk,1
2026-10-07T02:56:57+00:00,sapmachine-28+7,357065760,True,sapmachine-jdk-28-ea.7_linux-ppc64le_bin.tar.gz,linux,ppc64,jdk,106
2026-10-07T02:56:57+00:00,sapmachine-28+7,357065760,True,sapmachine-jre-28-ea.7_linux-ppc64le_bin.tar.gz,linux,ppc64,jre,105
2026-10-07T02:56:57+00:00,sapmachine-28+7,357065760,True,sapmachine-jdk-28-ea.7_linux-ppc64le_bin-symbols.tar.gz,linux,ppc64,jdk,1
2026-10-07T02:56:57+00:00,sapmachine-28+7,357065760,True,sapmachine-jdk-28-ea.7_aix-ppc64_bin.tar.gz,aix,ppc64,jdk,98
2026-10-07T02:56:57+00:00,sapmachine-28+7,357065760,True,sapmachine-jre-28-ea.7_aix-ppc64_bin.tar.gz,aix,ppc64,jre,94
2026-10-07T02:56:57+00:00,sapmachine-28+7,357065760,True,sapmachine-jdk-28-ea.7_aix-ppc64_bin-symbols.tar.gz,aix,ppc64,jdk,1
2026-10-07T02:56:57+00:00,sapmachine-28+7,357065760,True,sapmachine-jdk-28-ea.7_windows-x64_bin.zip,windows,x64,jdk,104
2026-10-07T02:56:57+00:00,sapmachine-28+7,357065760,True,sapmachine-jre-28-ea.7_windows-x64_bin.zip,windows,x64,jre,104
2026-10-07T02:56:57+00:00,sapmachine-28+7,357065760,True,sapmachine-jdk-28-ea.7_windows-x64_bin-symbols.tar.gz,windows,x64,jdk,1
2026-10-07T02:56:57+00:00,sapmachine-17.0.20+8,357843096,True,sapmachine-jdk-17.0.20-ea.8_linux-x64-musl_bin.tar.gz,alpine,x64,jdk,100
2026-10-07T02:56:57+00:00,sapmachine-17.0.20+8,357843096,True,sapmachine-jre-17.0.20-ea.8_linux-x64-musl_bin.tar.gz,alpine,x64,jre,102
2026-10-07T02:56:57+00:00,sapmachine-17.0.20+8,357843096,True,sapmachine-jdk-17.0.20-ea.8_linux-x64-musl_bin-symbols.tar.gz,alpine,x64,jdk,2
2026-10-07T02:56:57+00:00,sapmachine-17.0.20+8,357843096,True,sapmachine-jdk-17.0.20-ea.8_linux-ppc64le_bin.tar.gz,linux,ppc64,jdk,99
2026-10-07T02:56:57+00:00,sapmachine-17.0.20+8,357843096,True,sapmachine-jre-17.0.20-ea.8_linux-ppc64le_bin.tar.gz,linux,ppc64,jre,99
2026-10-07T02:56:57+00:00,sapmachine-17.0.20+8,357843096,True,sapmachine-jdk-17.0.20-ea.8_linux-ppc64le_bin-symbols.tar.gz,linux,ppc64,jdk,1
2026-10-07T02:56:57+00:00,sapmachine-17.0.20+8,357843096,True,sapmachine-jdk-17.0.20-ea.8_macos-aarch64_bin.tar.gz,macos,aarch64,jdk,3484
2026-10-07T02:56:57+00:00,sapmachine-17.0.20+8,357843096,True,sapmachine-jre-17.0.20-ea.8_macos-aarch64_bin.tar.gz,macos,aarch64,jre,310
2026-10-07T02:56:57+00:00,sapmachine-17.0.20+8,357843096,True,sapmachine-jdk-17.0.20-ea.8_macos-aarch64_bin-symbols.tar.gz,macos,aarch64,jdk,1
2026-10-07T02:56:57+00:00,sapmachine-17.0.20+8,357843096,True,sapmachine-jdk-17.0.20-ea.8_macos-aarch64_bin.dmg,macos,aarch64,jdk,103
2026-10-07T02:56:57+00:00,sapmachine-17.0.20+8,357843096,True,sapmachine-jre-17.0.20-ea.8_macos-aarch64_bin.dmg,macos,aarch64,jre,98
2026-10-07T02:56:57+00:00,sapmachine-17.0.20+8,357843096,True,sapmachine-jdk-17.0.20-ea.8_linux-x64_bin.tar.gz,linux,x64,jdk,897
2026-10-07T02:56:57+00:00,sapmachine-17.0.20+8,357843096,True,sapmachine-jre-17.0.20-ea.8_linux-x64_bin.tar.gz,linux,x64,jre,99
2026-10-07T02:56:57+00:00,sapmachine-17.0.20+8,357843096,True,sapmachine-jdk-17.0.20-ea.8_linux-x64_bin-symbols.tar.gz,linux,x64,jdk,1
2026-10-07T02:56:57+00:00,sapmachine-17.0.20+8,357843096,True,sapmachine-jdk-17.0.20-ea.8_linux-aarch64_bin.tar.gz,linux,aarch64,jdk,101
2026-10-07T02:56:57+00:00,sapmachine-17.0.20+8,357843096,True,sapmachine-jre-17.0.20-ea.8_linux-aarch64_bin.tar.gz,linux,aarch64,jre,100
2026-10-07T02:56:57+00:00,sapmachine-17.0.20+8,357843096,True,sapmachine-jdk-17.0.20-ea.8_linux-aarch64_bin-symbols.tar.gz,linux,aarch64,jdk,1
2026-10-07T02:56:57+00:00,sapmachine-17.0.20+8,357843096,True,sapmachine-jdk-17.0.20-ea.8_macos-x64_bin.tar.gz,macos,x64,jdk,101
2026-10-07T02:56:57+00:00,sapmachine-17.0.20+8,357843096,True,sapmachine-jre-17.0.20-ea.8_macos-x64_bin.tar.gz,macos,x64,jre,107
2026-10-07T02:56:57+00:00,sapmachine-17.0.20+8,357843096,True,sapmachine-jdk-17.0.20-ea.8_macos-x64_bin-symbols.tar.gz,macos,x64,jdk,1
2026-10-07T02:56:57+00:00,sapmachine-17.0.20+8,357843096,True,sapmachine-jdk-17.0.20-ea.8_macos-x64_bin.dmg,macos,x64,jdk,101
2026-10-07T02:56:57+00:00,sapmachine-17.0.20+8,357843096,True,sapmachine-jre-17.0.20-ea.8_macos-x64_bin.dmg,macos,x64,jre,100
2026-10-07T02:56:57+00:00,sapmachine-17.0.20+8,357843096,True,sapmachine-jdk-17.0.20-ea.8_windows-x64_bin.zip,windows,x64,jdk,884
2026-10-07T02:56:57+00:00,sapmachine-17.0.20+8,357843096,True,sapmachine-jre-17.0.20-ea.8_windows-x64_bin.zip,windows,x64,jre,102
2026-10-07T02:56:57+00:00,sapmachine-17.0.20+8,357843096,True,sapmachine-jdk-17.0.20-ea.8_windows-x64_bin-symbols.tar.gz,windows,x64,jdk,1
2026-10-07T02:56:57+00:00,sapmachine-17.0.20,357795553,False,sapmachine-17.0.20-sbom-linux-aarch64.json,linux,aarch64,,83
2026-10-07T02:56:57+00:00,sapmachine-17.0.20,357795553,False,sapmachine-17.0.20-sbom-linux-ppc64le.json,linux,ppc64,,82
2026-10-07T02:56:57+00:00,sapmachine-17.0.20,357795553,False,sapmachine-17.0.20-sbom-linux-x64-musl.json,alpine,x64,,82
2026-10-07T02:56:57+00:00,sapmachine-17.0.20,357795553,False,sapmachine-17.0.20-sbom-linux-x64.json,linux,x64,,83
2026-10-07T02:56:57+00:00,sapmachine-17.0.20,357795553,False,sapmachine-17.0.20-sbom-macos-aarch64.json,macos,aarch64,,83
2026-10-07T02:56:57+00:00,sapmachine-17.0.20,357795553,False,sapmachine-17.0.20-sbom-macos-x64.json,macos,x64,,82
2026-10-07T02:56:57+00:00,sapmachine-17.0.20,357795553,False,sapmachine-17.0.20-sbom-windows-x64.json,windows,x64,,82
2026-10-07T02:56:57+00:00,sapmachine-17.0.20,357795553,False,sapmachine-jdk-17.0.20_linux-aarch64_bin-symbols.tar.gz,linux,aarch64,jdk,2
2026-10-07T02:56:57+00:00,sapmachine-17.0.20,357795553,False,sapmachine-jdk-17.0.20_linux-aarch64_bin.tar.gz,linux,aarch64,jdk,404
2026-10-07T02:56:57+00:00,sapmachine-17.0.20,357795553,False,sapmachine-jdk-17.0.20_linux-ppc64le_bin-symbols.tar.gz,linux,ppc64,jdk,2
2026-10-07T02:56:57+00:00,sapmachine-17.0.20,357795553,False,sapmachine-jdk-17.0.20_linux-ppc64le_bin.tar.gz,linux,ppc64,jdk,139
2026-10-07T02:56:57+00:00,sapmachine-17.0.20,357795553,False,sapmachine-jdk-17.0.20_linux-x64-musl_bin-symbols.tar.gz,alpine,x64,jdk,2
2026-10-07T02:56:57+00:00,sapmachine-17.0.20,357795553,False,sapmachine-jdk-17.0.20_linux-x64-musl_bin.tar.gz,alpine,x64,jdk,1515
2026-10-07T02:56:57+00:00,sapmachine-17.0.20,357795553,False,sapmachine-jdk-17.0.20_linux-x64_bin-symbols.tar.gz,linux,x64,jdk,2
2026-10-07T02:56:57+00:00,sapmachine-17.0.20,357795553,False,sapmachine-jdk-17.0.20_linux-x64_bin.tar.gz,linux,x64,jdk,25521
2026-10-07T02:56:57+00:00,sapmachine-17.0.20,357795553,False,sapmachine-jdk-17.0.20_macos-aarch64_bin-symbols.tar.gz,macos,aarch64,jdk,2
2026-10-07T02:56:57+00:00,sapmachine-17.0.20,357795553,False,sapmachine-jdk-17.0.20_macos-aarch64_bin.dmg,macos,aarch64,jdk,534
2026-10-07T02:56:57+00:00,sapmachine-17.0.20,357795553,False,sapmachine-jdk-17.0.20_macos-aarch64_bin.tar.gz,macos,aarch64,jdk,16827
2026-10-07T02:56:57+00:00,sapmachine-17.0.20,357795553,False,sapmachine-jdk-17.0.20_macos-x64_bin-symbols.tar.gz,macos,x64,jdk,2
2026-10-07T02:56:57+00:00,sapmachine-17.0.20,357795553,False,sapmachine-jdk-17.0.20_macos-x64_bin.dmg,macos,x64,jdk,326
2026-10-07T02:56:57+00:00,sapmachine-17.0.20,357795553,False,sapmachine-jdk-17.0.20_macos-x64_bin.tar.gz,macos,x64,jdk,1746
2026-10-07T02:56:57+00:00,sapmachine-17.0.20,357795553,False,sapmachine-jdk-17.0.20_windows-x64_bin-symbols.tar.gz,windows,x64,jdk,2
2026-10-07T02:56:57+00:00,sapmachine-17.0.20,357795553,False,sapmachine-jdk-17.0.20_windows-x64_bin.msi,windows,x64,jdk,734
2026-10-07T02:56:57+00:00,sapmachine-17.0.20,357795553,False,sapmachine-jdk-17.0.20_windows-x64_bin.zip,windows,x64,jdk,3013
2026-10-07T02:56:57+00:00,sapmachine-17.0.20,357795553,False,sapmachine-jre-17.0.20_linux-aarch64_bin.tar.gz,linux,aarch64,jre,370
2026-10-07T02:56:57+00:00,sapmachine-17.0.20,357795553,False,sapmachine-jre-17.0.20_linux-ppc64le_bin.tar.gz,linux,ppc64,jre,111
2026-10-07T02:56:57+00:00,sapmachine-17.0.20,357795553,False,sapmachine-jre-17.0.20_linux-x64-musl_bin.tar.gz,alpine,x64,jre,114
2026-10-07T02:56:57+00:00,sapmachine-17.0.20,357795553,False,sapmachine-jre-17.0.20_linux-x64_bin.tar.gz,linux,x64,jre,20864
2026-10-07T02:56:57+00:00,sapmachine-17.0.20,357795553,False,sapmachine-jre-17.0.20_macos-aarch64_bin.dmg,macos,aarch64,jre,112
2026-10-07T02:56:57+00:00,sapmachine-17.0.20,357795553,False,sapmachine-jre-17.0.20_macos-aarch64_bin.tar.gz,macos,aarch64,jre,718
2026-10-07T02:56:57+00:00,sapmachine-17.0.20,357795553,False,sapmachine-jre-17.0.20_macos-x64_bin.dmg,macos,x64,jre,106
2026-10-07T02:56:57+00:00,sapmachine-17.0.20,357795553,False,sapmachine-jre-17.0.20_macos-x64_bin.tar.gz,macos,x64,jre,1060
2026-10-07T02:56:57+00:00,sapmachine-17.0.20,357795553,False,sapmachine-jre-17.0.20_windows-x64_bin.msi,windows,x64,jre,1310
2026-10-07T02:56:57+00:00,sapmachine-17.0.20,357795553,False,sapmachine-jre-17.0.20_windows-x64_bin.zip,windows,x64,jre,1146
2026-10-07T02:56:57+00:00,sapmachine-21.0.12,357792575,False,sapmachine-21.0.12-sbom-aix-ppc64.json,aix,ppc64,,82
2026-10-07T02:56:57+00:00,sapmachine-21.0.12,357792575,False,sapmachine-21.0.12-sbom-linux-aarch64.json,linux,aarch64,,82
2026-10-07T02:56:57+00:00,sapmachine-21.0.12,357792575,False,sapmachine-21.0.12-sbom-linux-ppc64le.json,linux,ppc64,,82
2026-10-07T02:56:57+00:00,sapmachine-21.0.12,357792575,False,sapmachine-21.0.12-sbom-linux-x64-musl.json,alpine,x64,,82
2026-10-07T02:56:57+00:00,sapmachine-21.0.12,357792575,False,sapmachine-21.0.12-sbom-linux-x64.json,linux,x64,,85
2026-10-07T02:56:57+00:00,sapmachine-21.0.12,357792575,False,sapmachine-21.0.12-sbom-macos-aarch64.json,macos,aarch64,,84
2026-10-07T02:56:57+00:00,sapmachine-21.0.12,357792575,False,sapmachine-21.0.12-sbom-macos-x64.json,macos,x64,,83
2026-10-07T02:56:57+00:00,sapmachine-21.0.12,357792575,False,sapmachine-21.0.12-sbom-windows-x64.json,windows,x64,,84
2026-10-07T02:56:57+00:00,sapmachine-21.0.12,357792575,False,sapmachine-jdk-21.0.12_aix-ppc64_bin-symbols.tar.gz,aix,ppc64,jdk,4
2026-10-07T02:56:57+00:00,sapmachine-21.0.12,357792575,False,sapmachine-jdk-21.0.12_aix-ppc64_bin.tar.gz,aix,ppc64,jdk,153
2026-10-07T02:56:57+00:00,sapmachine-21.0.12,357792575,False,sapmachine-jdk-21.0.12_linux-aarch64_bin-symbols.tar.gz,linux,aarch64,jdk,4
2026-10-07T02:56:57+00:00,sapmachine-21.0.12,357792575,False,sapmachine-jdk-21.0.12_linux-aarch64_bin.tar.gz,linux,aarch64,jdk,1845
2026-10-07T02:56:57+00:00,sapmachine-21.0.12,357792575,False,sapmachine-jdk-21.0.12_linux-ppc64le_bin-symbols.tar.gz,linux,ppc64,jdk,4
2026-10-07T02:56:57+00:00,sapmachine-21.0.12,357792575,False,sapmachine-jdk-21.0.12_linux-ppc64le_bin.tar.gz,linux,ppc64,jdk,151
2026-10-07T02:56:57+00:00,sapmachine-21.0.12,357792575,False,sapmachine-jdk-21.0.12_linux-x64-musl_bin-symbols.tar.gz,alpine,x64,jdk,4
2026-10-07T02:56:57+00:00,sapmachine-21.0.12,357792575,False,sapmachine-jdk-21.0.12_linux-x64-musl_bin.tar.gz,alpine,x64,jdk,1518
2026-10-07T02:56:57+00:00,sapmachine-21.0.12,357792575,False,sapmachine-jdk-21.0.12_linux-x64_bin-symbols.tar.gz,linux,x64,jdk,4
2026-10-07T02:56:57+00:00,sapmachine-21.0.12,357792575,False,sapmachine-jdk-21.0.12_linux-x64_bin.tar.gz,linux,x64,jdk,63670
2026-10-07T02:56:57+00:00,sapmachine-21.0.12,357792575,False,sapmachine-jdk-21.0.12_macos-aarch64_bin-symbols.tar.gz,macos,aarch64,jdk,4
2026-10-07T02:56:57+00:00,sapmachine-21.0.12,357792575,False,sapmachine-jdk-21.0.12_macos-aarch64_bin.dmg,macos,aarch64,jdk,961
2026-10-07T02:56:57+00:00,sapmachine-21.0.12,357792575,False,sapmachine-jdk-21.0.12_macos-aarch64_bin.tar.gz,macos,aarch64,jdk,28154
2026-10-07T02:56:57+00:00,sapmachine-21.0.12,357792575,False,sapmachine-jdk-21.0.12_macos-x64_bin-symbols.tar.gz,macos,x64,jdk,4
2026-10-07T02:56:57+00:00,sapmachine-21.0.12,357792575,False,sapmachine-jdk-21.0.12_macos-x64_bin.dmg,macos,x64,jdk,498
2026-10-07T02:56:57+00:00,sapmachine-21.0.12,357792575,False,sapmachine-jdk-21.0.12_macos-x64_bin.tar.gz,macos,x64,jdk,2283
2026-10-07T02:56:57+00:00,sapmachine-21.0.12,357792575,False,sapmachine-jdk-21.0.12_windows-x64_bin-symbols.tar.gz,windows,x64,jdk,5
2026-10-07T02:56:57+00:00,sapmachine-21.0.12,357792575,False,sapmachine-jdk-21.0.12_windows-x64_bin.msi,windows,x64,jdk,1094
2026-10-07T02:56:57+00:00,sapmachine-21.0.12,357792575,False,sapmachine-jdk-21.0.12_windows-x64_bin.zip,windows,x64,jdk,2216
2026-10-07T02:56:57+00:00,sapmachine-21.0.12,357792575,False,sapmachine-jre-21.0.12_aix-ppc64_bin.tar.gz,aix,ppc64,jre,115
2026-10-07T02:56:57+00:00,sapmachine-21.0.12,357792575,False,sapmachine-jre-21.0.12_linux-aarch64_bin.tar.gz,linux,aarch64,jre,639
2026-10-07T02:56:57+00:00,sapmachine-21.0.12,357792575,False,sapmachine-jre-21.0.12_linux-ppc64le_bin.tar.gz,linux,ppc64,jre,119
2026-10-07T02:56:57+00:00,sapmachine-21.0.12,357792575,False,sapmachine-jre-21.0.12_linux-x64-musl_bin.tar.gz,alpine,x64,jre,111
2026-10-07T02:56:57+00:00,sapmachine-21.0.12,357792575,False,sapmachine-jre-21.0.12_linux-x64_bin.tar.gz,linux,x64,jre,31203
2026-10-07T02:56:57+00:00,sapmachine-21.0.12,357792575,False,sapmachine-jre-21.0.12_macos-aarch64_bin.dmg,macos,aarch64,jre,141
2026-10-07T02:56:57+00:00,sapmachine-21.0.12,357792575,False,sapmachine-jre-21.0.12_macos-aarch64_bin.tar.gz,macos,aarch64,jre,465
2026-10-07T02:56:57+00:00,sapmachine-21.0.12,357792575,False,sapmachine-jre-21.0.12_macos-x64_bin.dmg,macos,x64,jre,116
2026-10-07T02:56:57+00:00,sapmachine-21.0.12,357792575,False,sapmachine-jre-21.0.12_macos-x64_bin.tar.gz,macos,x64,jre,247
2026-10-07T02:56:57+00:00,sapmachine-21.0.12,357792575,False,sapmachine-jre-21.0.12_windows-x64_bin.msi,windows,x64,jre,494
2026-10-07T02:56:57+00:00,sapmachine-21.0.12,357792575,False,sapmachine-jre-21.0.12_windows-x64_bin.zip,windows,x64,jre,270
2026-10-07T02:56:57+00:00,sapmachine-21.0.12+8,357843630,True,sapmachine-jdk-21.0.12-ea.8_linux-x64-musl_bin.tar.gz,alpine,x64,jdk,95
2026-10-07T02:56:57+00:00,sapmachine-21.0.12+8,357843630,True,sapmachine-jre-21.0.12-ea.8_linux-x64-musl_bin.tar.gz,alpine,x64,jre,97
2026-10-07T02:56:57+00:00,sapmachine-21.0.12+8,357843630,True,sapmachine-jdk-21.0.12-ea.8_linux-x64-musl_bin-symbols.tar.gz,alpine,x64,jdk,2
2026-10-07T02:56:57+00:00,sapmachine-21.0.12+8,357843630,True,sapmachine-jdk-21.0.12-ea.8_linux-x64_bin.tar.gz,linux,x64,jdk,960
2026-10-07T02:56:57+00:00,sapmachine-21.0.12+8,357843630,True,sapmachine-jre-21.0.12-ea.8_linux-x64_bin.tar.gz,linux,x64,jre,98
2026-10-07T02:56:57+00:00,sapmachine-21.0.12+8,357843630,True,sapmachine-jdk-21.0.12-ea.8_linux-x64_bin-symbols.tar.gz,linux,x64,jdk,2
2026-10-07T02:56:57+00:00,sapmachine-21.0.12+8,357843630,True,sapmachine-jdk-21.0.12-ea.8_linux-aarch64_bin.tar.gz,linux,aarch64,jdk,102
2026-10-07T02:56:57+00:00,sapmachine-21.0.12+8,357843630,True,sapmachine-jre-21.0.12-ea.8_linux-aarch64_bin.tar.gz,linux,aarch64,jre,97
2026-10-07T02:56:57+00:00,sapmachine-21.0.12+8,357843630,True,sapmachine-jdk-21.0.12-ea.8_linux-aarch64_bin-symbols.tar.gz,linux,aarch64,jdk,1
2026-10-07T02:56:57+00:00,sapmachine-21.0.12+8,357843630,True,sapmachine-jdk-21.0.12-ea.8_linux-ppc64le_bin.tar.gz,linux,ppc64,jdk,99
2026-10-07T02:56:57+00:00,sapmachine-21.0.12+8,357843630,True,sapmachine-jre-21.0.12-ea.8_linux-ppc64le_bin.tar.gz,linux,ppc64,jre,99
2026-10-07T02:56:57+00:00,sapmachine-21.0.12+8,357843630,True,sapmachine-jdk-21.0.12-ea.8_linux-ppc64le_bin-symbols.tar.gz,linux,ppc64,jdk,1
2026-10-07T02:56:57+00:00,sapmachine-21.0.12+8,357843630,True,sapmachine-jdk-21.0.12-ea.8_aix-ppc64_bin.tar.gz,aix,ppc64,jdk,98
2026-10-07T02:56:57+00:00,sapmachine-21.0.12+8,357843630,True,sapmachine-jre-21.0.12-ea.8_aix-ppc64_bin.tar.gz,aix,ppc64,jre,99
2026-10-07T02:56:57+00:00,sapmachine-21.0.12+8,357843630,True,sapmachine-jdk-21.0.12-ea.8_aix-ppc64_bin-symbols.tar.gz,aix,ppc64,jdk,1
2026-10-07T02:56:57+00:00,sapmachine-21.0.12+8,357843630,True,sapmachine-jdk-21.0.12-ea.8_macos-aarch64_bin.tar.gz,macos,aarch64,jdk,2815
2026-10-07T02:56:57+00:00,sapmachine-21.0.12+8,357843630,True,sapmachine-jre-21.0.12-ea.8_macos-aarch64_bin.tar.gz,macos,aarch64,jre,282
2026-10-07T02:56:57+00:00,sapmachine-21.0.12+8,357843630,True,sapmachine-jdk-21.0.12-ea.8_macos-aarch64_bin-symbols.tar.gz,macos,aarch64,jdk,1
2026-10-07T02:56:57+00:00,sapmachine-21.0.12+8,357843630,True,sapmachine-jdk-21.0.12-ea.8_macos-aarch64_bin.dmg,macos,aarch64,jdk,101
2026-10-07T02:56:57+00:00,sapmachine-21.0.12+8,357843630,True,sapmachine-jre-21.0.12-ea.8_macos-aarch64_bin.dmg,macos,aarch64,jre,97
2026-10-07T02:56:57+00:00,sapmachine-21.0.12+8,357843630,True,sapmachine-jdk-21.0.12-ea.8_macos-x64_bin.tar.gz,macos,x64,jdk,126
2026-10-07T02:56:57+00:00,sapmachine-21.0.12+8,357843630,True,sapmachine-jre-21.0.12-ea.8_macos-x64_bin.tar.gz,macos,x64,jre,98
2026-10-07T02:56:57+00:00,sapmachine-21.0.12+8,357843630,True,sapmachine-jdk-21.0.12-ea.8_macos-x64_bin-symbols.tar.gz,macos,x64,jdk,1
2026-10-07T02:56:57+00:00,sapmachine-21.0.12+8,357843630,True,sapmachine-jdk-21.0.12-ea.8_macos-x64_bin.dmg,macos,x64,jdk,100
2026-10-07T02:56:57+00:00,sapmachine-21.0.12+8,357843630,True,sapmachine-jre-21.0.12-ea.8_macos-x64_bin.dmg,macos,x64,jre,98
2026-10-07T02:56:57+00:00,sapmachine-21.0.12+8,357843630,True,sapmachine-jdk-21.0.12-ea.8_windows-x64_bin.zip,windows,x64,jdk,955
2026-10-07T02:56:57+00:00,sapmachine-21.0.12+8,357843630,True,sapmachine-jre-21.0.12-ea.8_windows-x64_bin.zip,windows,x64,jre,106
2026-10-07T02:56:57+00:00,sapmachine-21.0.12+8,357843630,True,sapmachine-jdk-21.0.12-ea.8_windows-x64_bin-symbols.tar.gz,windows,x64,jdk,1
2026-10-07T02:56:57+00:00,sapmachine-25.0.4+7,357805950,True,sapmachine-jdk-25.0.4-ea.7_linux-x64-musl_bin.tar.gz,alpine,x64,jdk,101
2026-10-07T02:56:57+00:00,sapmachine-25.0.4+7,357805950,True,sapmachine-jre-25.0.4-ea.7_linux-x64-musl_bin.tar.gz,alpine,x64,jre,100
2026-10-07T02:56:57+00:00,sapmachine-25.0.4+7,357805950,True,sapmachine-jdk-25.0.4-ea.7_linux-x64-musl_bin-symbols.tar.gz,alpine,x64,jdk,2
2026-10-07T02:56:57+00:00,sapmachine-25.0.4+7,357805950,True,sapmachine-jdk-25.0.4-ea.7_aix-ppc64_bin.tar.gz,aix,ppc64,jdk,101
2026-10-07T02:56:57+00:00,sapmachine-25.0.4+7,357805950,True,sapmachine-jre-25.0.4-ea.7_aix-ppc64_bin.tar.gz,aix,ppc64,jre,101
2026-10-07T02:56:57+00:00,sapmachine-25.0.4+7,357805950,True,sapmachine-jdk-25.0.4-ea.7_aix-ppc64_bin-symbols.tar.gz,aix,ppc64,jdk,2
2026-10-07T02:56:57+00:00,sapmachine-25.0.4+7,357805950,True,sapmachine-jdk-25.0.4-ea.7_linux-x64_bin.tar.gz,linux,x64,jdk,112
2026-10-07T02:56:57+00:00,sapmachine-25.0.4+7,357805950,True,sapmachine-jre-25.0.4-ea.7_linux-x64_bin.tar.gz,linux,x64,jre,101
2026-10-07T02:56:57+00:00,sapmachine-25.0.4+7,357805950,True,sapmachine-jdk-25.0.4-ea.7_linux-x64_bin-symbols.tar.gz,linux,x64,jdk,1
2026-10-07T02:56:57+00:00,sapmachine-25.0.4+7,357805950,True,sapmachine-jdk-25.0.4-ea.7_linux-ppc64le_bin.tar.gz,linux,ppc64,jdk,103
2026-10-07T02:56:57+00:00,sapmachine-25.0.4+7,357805950,True,sapmachine-jre-25.0.4-ea.7_linux-ppc64le_bin.tar.gz,linux,ppc64,jre,103
2026-10-07T02:56:57+00:00,sapmachine-25.0.4+7,357805950,True,sapmachine-jdk-25.0.4-ea.7_linux-ppc64le_bin-symbols.tar.gz,linux,ppc64,jdk,1
2026-10-07T02:56:57+00:00,sapmachine-25.0.4+7,357805950,True,sapmachine-jdk-25.0.4-ea.7_macos-aarch64_bin.tar.gz,macos,aarch64,jdk,117
2026-10-07T02:56:57+00:00,sapmachine-25.0.4+7,357805950,True,sapmachine-jre-25.0.4-ea.7_macos-aarch64_bin.tar.gz,macos,aarch64,jre,100
2026-10-07T02:56:57+00:00,sapmachine-25.0.4+7,357805950,True,sapmachine-jdk-25.0.4-ea.7_macos-aarch64_bin-symbols.tar.gz,macos,aarch64,jdk,1
2026-10-07T02:56:57+00:00,sapmachine-25.0.4+7,357805950,True,sapmachine-jdk-25.0.4-ea.7_macos-aarch64_bin.dmg,macos,aarch64,jdk,102
2026-10-07T02:56:57+00:00,sapmachine-25.0.4+7,357805950,True,sapmachine-jre-25.0.4-ea.7_macos-aarch64_bin.dmg,macos,aarch64,jre,100
2026-10-07T02:56:57+00:00,sapmachine-25.0.4+7,357805950,True,sapmachine-jdk-25.0.4-ea.7_linux-aarch64_bin.tar.gz,linux,aarch64,jdk,103
2026-10-07T02:56:57+00:00,sapmachine-25.0.4+7,357805950,True,sapmachine-jre-25.0.4-ea.7_linux-aarch64_bin.tar.gz,linux,aarch64,jre,103
2026-10-07T02:56:57+00:00,sapmachine-25.0.4+7,357805950,True,sapmachine-jdk-25.0.4-ea.7_linux-aarch64_bin-symbols.tar.gz,linux,aarch64,jdk,1
2026-10-07T02:56:57+00:00,sapmachine-25.0.4+7,357805950,True,sapmachine-jdk-25.0.4-ea.7_windows-x64_bin.zip,windows,x64,jdk,110
2026-10-07T02:56:57+00:00,sapmachine-25.0.4+7,357805950,True,sapmachine-jre-25.0.4-ea.7_windows-x64_bin.zip,windows,x64,jre,103
2026-10-07T02:56:57+00:00,sapmachine-25.0.4+7,357805950,True,sapmachine-jdk-25.0.4-ea.7_windows-x64_bin-symbols.tar.gz,windows,x64,jdk,1
2026-10-07T02:56:57+00:00,sapmachine-25.0.4,357626706,False,sapmachine-25.0.4-sbom-aix-ppc64.json,aix,ppc64,,84
2026-10-07T02:56:57+00:00,sapmachine-25.0.4,357626706,False,sapmachine-25.0.4-sbom-linux-aarch64.json,linux,aarch64,,82
2026-10-07T02:56:57+00:00,sapmachine-25.0.4,357626706,False,sapmachine-25.0.4-sbom-linux-ppc64le.json,linux,ppc64,,82
2026-10-07T02:56:57+00:00,sapmachine-25.0.4,357626706,False,sapmachine-25.0.4-sbom-linux-x64-musl.json,alpine,x64,,82
2026-10-07T02:56:57+00:00,sapmachine-25.0.4,357626706,False,sapmachine-25.0.4-sbom-linux-x64.json,linux,x64,,84
2026-10-07T02:56:57+00:00,sapmachine-25.0.4,357626706,False,sapmachine-25.0.4-sbom-macos-aarch64.json,macos,aarch64,,83
2026-10-07T02:56:57+00:00,sapmachine-25.0.4,357626706,False,sapmachine-25.0.4-sbom-windows-x64.json,windows,x64,,84
2026-10-07T02:56:57+00:00,sapmachine-25.0.4,357626706,False,sapmachine-jdk-25.0.4_aix-ppc64_bin-symbols.tar.gz,aix,ppc64,jdk,2
2026-10-07T02:56:57+00:00,sapmachine-25.0.4,357626706,False,sapmachine-jdk-25.0.4_aix-ppc64_bin.tar.gz,aix,ppc64,jdk,140
2026-10-07T02:56:57+00:00,sapmachine-25.0.4,357626706,False,sapmachine-jdk-25.0.4_linux-aarch64_bin-symbols.tar.gz,linux,aarch64,jdk,2
2026-10-07T02:56:57+00:00,sapmachine-25.0.4,357626706,False,sapmachine-jdk-25.0.4_linux-aarch64_bin.tar.gz,linux,aarch64,jdk,437
2026-10-07T02:56:57+00:00,sapmachine-25.0.4,357626706,False,sapmachine-jdk-25.0.4_linux-ppc64le_bin-symbols.tar.gz,linux,ppc64,jdk,2
2026-10-07T02:56:57+00:00,sapmachine-25.0.4,357626706,False,sapmachine-jdk-25.0.4_linux-ppc64le_bin.tar.gz,linux,ppc64,jdk,156
2026-10-07T02:56:57+00:00,sapmachine-25.0.4,357626706,False,sapmachine-jdk-25.0.4_linux-x64-musl_bin-symbols.tar.gz,alpine,x64,jdk,2
2026-10-07T02:56:57+00:00,sapmachine-25.0.4,357626706,False,sapmachine-jdk-25.0.4_linux-x64-musl_bin.tar.gz,alpine,x64,jdk,157
2026-10-07T02:56:57+00:00,sapmachine-25.0.4,357626706,False,sapmachine-jdk-25.0.4_linux-x64_bin-symbols.tar.gz,linux,x64,jdk,4
2026-10-07T02:56:57+00:00,sapmachine-25.0.4,357626706,False,sapmachine-jdk-25.0.4_linux-x64_bin.tar.gz,linux,x64,jdk,45108
2026-10-07T02:56:57+00:00,sapmachine-25.0.4,357626706,False,sapmachine-jdk-25.0.4_macos-aarch64_bin-symbols.tar.gz,macos,aarch64,jdk,2
2026-10-07T02:56:57+00:00,sapmachine-25.0.4,357626706,False,sapmachine-jdk-25.0.4_macos-aarch64_bin.dmg,macos,aarch64,jdk,485
2026-10-07T02:56:57+00:00,sapmachine-25.0.4,357626706,False,sapmachine-jdk-25.0.4_macos-aarch64_bin.tar.gz,macos,aarch64,jdk,18652
2026-10-07T02:56:57+00:00,sapmachine-25.0.4,357626706,False,sapmachine-jdk-25.0.4_windows-x64_bin-symbols.tar.gz,windows,x64,jdk,2
2026-10-07T02:56:57+00:00,sapmachine-25.0.4,357626706,False,sapmachine-jdk-25.0.4_windows-x64_bin.msi,windows,x64,jdk,701
2026-10-07T02:56:57+00:00,sapmachine-25.0.4,357626706,False,sapmachine-jdk-25.0.4_windows-x64_bin.zip,windows,x64,jdk,994
2026-10-07T02:56:57+00:00,sapmachine-25.0.4,357626706,False,sapmachine-jre-25.0.4_aix-ppc64_bin.tar.gz,aix,ppc64,jre,117
2026-10-07T02:56:57+00:00,sapmachine-25.0.4,357626706,False,sapmachine-jre-25.0.4_linux-aarch64_bin.tar.gz,linux,aarch64,jre,329
2026-10-07T02:56:57+00:00,sapmachine-25.0.4,357626706,False,sapmachine-jre-25.0.4_linux-ppc64le_bin.tar.gz,linux,ppc64,jre,113
2026-10-07T02:56:57+00:00,sapmachine-25.0.4,357626706,False,sapmachine-jre-25.0.4_linux-x64-musl_bin.tar.gz,alpine,x64,jre,112
2026-10-07T02:56:57+00:00,sapmachine-25.0.4,357626706,False,sapmachine-jre-25.0.4_linux-x64_bin.tar.gz,linux,x64,jre,9732
2026-10-07T02:56:57+00:00,sapmachine-25.0.4,357626706,False,sapmachine-jre-25.0.4_macos-aarch64_bin.dmg,macos,aarch64,jre,126
2026-10-07T02:56:57+00:00,sapmachine-25.0.4,357626706,False,sapmachine-jre-25.0.4_macos-aarch64_bin.tar.gz,macos,aarch64,jre,233
2026-10-07T02:56:57+00:00,sapmachine-25.0.4,357626706,False,sapmachine-jre-25.0.4_windows-x64_bin.msi,windows,x64,jre,324
2026-10-07T02:56:57+00:00,sapmachine-25.0.4,357626706,False,sapmachine-jre-25.0.4_windows-x64_bin.zip,windows,x64,jre,154
2026-10-07T02:56:57+00:00,sapmachine-26.0.2,357619279,False,sapmachine-jdk-26.0.2_aix-ppc64_bin-symbols.tar.gz,aix,ppc64,jdk,3
2026-10-07T02:56:57+00:00,sapmachine-26.0.2,357619279,False,sapmachine-jdk-26.0.2_aix-ppc64_bin.tar.gz,aix,ppc64,jdk,174
2026-10-07T02:56:57+00:00,sapmachine-26.0.2,357619279,False,sapmachine-jdk-26.0.2_linux-aarch64_bin-symbols.tar.gz,linux,aarch64,jdk,2
2026-10-07T02:56:57+00:00,sapmachine-26.0.2,357619279,False,sapmachine-jdk-26.0.2_linux-aarch64_bin.tar.gz,linux,aarch64,jdk,287
2026-10-07T02:56:57+00:00,sapmachine-26.0.2,357619279,False,sapmachine-jdk-26.0.2_linux-ppc64le_bin-symbols.tar.gz,linux,ppc64,jdk,1
2026-10-07T02:56:57+00:00,sapmachine-26.0.2,357619279,False,sapmachine-jdk-26.0.2_linux-ppc64le_bin.tar.gz,linux,ppc64,jdk,180
2026-10-07T02:56:57+00:00,sapmachine-26.0.2,357619279,False,sapmachine-jdk-26.0.2_linux-x64-musl_bin-symbols.tar.gz,alpine,x64,jdk,2
2026-10-07T02:56:57+00:00,sapmachine-26.0.2,357619279,False,sapmachine-jdk-26.0.2_linux-x64-musl_bin.tar.gz,alpine,x64,jdk,155
2026-10-07T02:56:57+00:00,sapmachine-26.0.2,357619279,False,sapmachine-jdk-26.0.2_linux-x64_bin-symbols.tar.gz,linux,x64,jdk,1
2026-10-07T02:56:57+00:00,sapmachine-26.0.2,357619279,False,sapmachine-jdk-26.0.2_linux-x64_bin.tar.gz,linux,x64,jdk,1091
2026-10-07T02:56:57+00:00,sapmachine-26.0.2,357619279,False,sapmachine-jdk-26.0.2_macos-aarch64_bin-symbols.tar.gz,macos,aarch64,jdk,1
2026-10-07T02:56:57+00:00,sapmachine-26.0.2,357619279,False,sapmachine-jdk-26.0.2_macos-aarch64_bin.dmg,macos,aarch64,jdk,1402
2026-10-07T02:56:57+00:00,sapmachine-26.0.2,357619279,False,sapmachine-jdk-26.0.2_macos-aarch64_bin.tar.gz,macos,aarch64,jdk,1164
2026-10-07T02:56:57+00:00,sapmachine-26.0.2,357619279,False,sapmachine-jdk-26.0.2_windows-x64_bin-symbols.tar.gz,windows,x64,jdk,1
2026-10-07T02:56:57+00:00,sapmachine-26.0.2,357619279,False,sapmachine-jdk-26.0.2_windows-x64_bin.msi,windows,x64,jdk,1414
2026-10-07T02:56:57+00:00,sapmachine-26.0.2,357619279,False,sapmachine-jdk-26.0.2_windows-x64_bin.zip,windows,x64,jdk,455
2026-10-07T02:56:57+00:00,sapmachine-26.0.2,357619279,False,sapmachine-jre-26.0.2_aix-ppc64_bin.tar.gz,aix,ppc64,jre,105
2026-10-07T02:56:57+00:00,sapmachine-26.0.2,357619279,False,sapmachine-jre-26.0.2_linux-aarch64_bin.tar.gz,linux,aarch64,jre,234
2026-10-07T02:56:57+00:00,sapmachine-26.0.2,357619279,False,sapmachine-jre-26.0.2_linux-ppc64le_bin.tar.gz,linux,ppc64,jre,110
2026-10-07T02:56:57+00:00,sapmachine-26.0.2,357619279,False,sapmachine-jre-26.0.2_linux-x64-musl_bin.tar.gz,alpine,x64,jre,110
2026-10-07T02:56:57+00:00,sapmachine-26.0.2,357619279,False,sapmachine-jre-26.0.2_linux-x64_bin.tar.gz,linux,x64,jre,674
2026-10-07T02:56:57+00:00,sapmachine-26.0.2,357619279,False,sapmachine-jre-26.0.2_macos-aarch64_bin.dmg,macos,aarch64,jre,115
2026-10-07T02:56:57+00:00,sapmachine-26.0.2,357619279,False,sapmachine-jre-26.0.2_macos-aarch64_bin.tar.gz,macos,aarch64,jre,195
2026-10-07T02:56:57+00:00,sapmachine-26.0.2,357619279,False,sapmachine-jre-26.0.2_windows-x64_bin.msi,windows,x64,jre,394
2026-10-07T02:56:57+00:00,sapmachine-26.0.2,357619279,False,sapmachine-jre-26.0.2_windows-x64_bin.zip,windows,x64,jre,145
2026-10-07T02:56:57+00:00,sapmachine-27+30,355155816,True,sapmachine-jdk-27-ea.30_linux-x64-musl_bin.tar.gz,alpine,x64,jdk,103
2026-10-07T02:56:57+00:00,sapmachine-27+30,355155816,True,sapmachine-jre-27-ea.30_linux-x64-musl_bin.tar.gz,alpine,x64,jre,105
2026-10-07T02:56:57+00:00,sapmachine-27+30,355155816,True,sapmachine-jdk-27-ea.30_linux-x64-musl_bin-symbols.tar.gz,alpine,x64,jdk,1
2026-10-07T02:56:57+00:00,sapmachine-27+30,355155816,True,sapmachine-jdk-27-ea.30_linux-x64_bin.tar.gz,linux,x64,jdk,105
2026-10-07T02:56:57+00:00,sapmachine-27+30,355155816,True,sapmachine-jre-27-ea.30_linux-x64_bin.tar.gz,linux,x64,jre,106
2026-10-07T02:56:57+00:00,sapmachine-27+30,355155816,True,sapmachine-jdk-27-ea.30_linux-x64_bin-symbols.tar.gz,linux,x64,jdk,1
2026-10-07T02:56:57+00:00,sapmachine-27+30,355155816,True,sapmachine-jdk-27-ea.30_linux-aarch64_bin.tar.gz,linux,aarch64,jdk,105
2026-10-07T02:56:57+00:00,sapmachine-27+30,355155816,True,sapmachine-jre-27-ea.30_linux-aarch64_bin.tar.gz,linux,aarch64,jre,105
2026-10-07T02:56:57+00:00,sapmachine-27+30,355155816,True,sapmachine-jdk-27-ea.30_linux-aarch64_bin-symbols.tar.gz,linux,aarch64,jdk,1
2026-10-07T02:56:57+00:00,sapmachine-27+30,355155816,True,sapmachine-jdk-27-ea.30_aix-ppc64_bin.tar.gz,aix,ppc64,jdk,105
2026-10-07T02:56:57+00:00,sapmachine-27+30,355155816,True,sapmachine-jre-27-ea.30_aix-ppc64_bin.tar.gz,aix,ppc64,jre,104
2026-10-07T02:56:57+00:00,sapmachine-27+30,355155816,True,sapmachine-jdk-27-ea.30_aix-ppc64_bin-symbols.tar.gz,aix,ppc64,jdk,1
2026-10-07T02:56:57+00:00,sapmachine-27+30,355155816,True,sapmachine-jdk-27-ea.30_linux-ppc64le_bin.tar.gz,linux,ppc64,jdk,108
2026-10-07T02:56:57+00:00,sapmachine-27+30,355155816,True,sapmachine-jre-27-ea.30_linux-ppc64le_bin.tar.gz,linux,ppc64,jre,107
2026-10-07T02:56:57+00:00,sapmachine-27+30,355155816,True,sapmachine-jdk-27-ea.30_linux-ppc64le_bin-symbols.tar.gz,linux,ppc64,jdk,1
2026-10-07T02:56:57+00:00,sapmachine-27+30,355155816,True,sapmachine-jdk-27-ea.30_macos-aarch64_bin.tar.gz,macos,aarch64,jdk,112
2026-10-07T02:56:57+00:00,sapmachine-27+30,355155816,True,sapmachine-jre-27-ea.30_macos-aarch64_bin.tar.gz,macos,aarch64,jre,111
2026-10-07T02:56:57+00:00,sapmachine-27+30,355155816,True,sapmachine-jdk-27-ea.30_macos-aarch64_bin-symbols.tar.gz,macos,aarch64,jdk,1
2026-10-07T02:56:57+00:00,sapmachine-27+30,355155816,True,sapmachine-jdk-27-ea.30_macos-aarch64_bin.dmg,macos,aarch64,jdk,108
2026-10-07T02:56:57+00:00,sapmachine-27+30,355155816,True,sapmachine-jre-27-ea.30_macos-aarch64_bin.dmg,macos,aarch64,jre,106
2026-10-07T02:56:57+00:00,sapmachine-27+30,355155816,True,sapmachine-jdk-27-ea.30_windows-x64_bin.zip,windows,x64,jdk,108
2026-10-07T02:56:57+00:00,sapmachine-27+30,355155816,True,sapmachine-jre-27-ea.30_windows-x64_bin.zip,windows,x64,jre,105
2026-10-07T02:56:57+00:00,sapmachine-27+30,355155816,True,sapmachine-jdk-27-ea.30_windows-x64_bin-symbols.tar.gz,windows,x64,jdk,1
2026-10-07T02:56:57+00:00,sapmachine-28+6,355175502,True,sapmachine-jdk-28-ea.6_linux-x64-musl_bin.tar.gz,alpine,x64,jdk,104
2026-10-07T02:56:57+00:00,sapmachine-28+6,355175502,True,sapmachine-jre-28-ea.6_linux-x64-musl_bin.tar.gz,alpine,x64,jre,105
2026-10-07T02:56:57+00:00,sapmachine-28+6,355175502,True,sapmachine-jdk-28-ea.6_linux-x64-musl_bin-symbols.tar.gz,alpine,x64,jdk,2
2026-10-07T02:56:57+00:00,sapmachine-28+6,355175502,True,sapmachine-jdk-28-ea.6_linux-aarch64_bin.tar.gz,linux,aarch64,jdk,108
2026-10-07T02:56:57+00:00,sapmachine-28+6,355175502,True,sapmachine-jre-28-ea.6_linux-aarch64_bin.tar.gz,linux,aarch64,jre,108
2026-10-07T02:56:57+00:00,sapmachine-28+6,355175502,True,sapmachine-jdk-28-ea.6_linux-aarch64_bin-symbols.tar.gz,linux,aarch64,jdk,1
2026-10-07T02:56:57+00:00,sapmachine-28+6,355175502,True,sapmachine-jdk-28-ea.6_linux-x64_bin.tar.gz,linux,x64,jdk,103
2026-10-07T02:56:57+00:00,sapmachine-28+6,355175502,True,sapmachine-jre-28-ea.6_linux-x64_bin.tar.gz,linux,x64,jre,106
2026-10-07T02:56:57+00:00,sapmachine-28+6,355175502,True,sapmachine-jdk-28-ea.6_linux-x64_bin-symbols.tar.gz,linux,x64,jdk,1
2026-10-07T02:56:57+00:00,sapmachine-28+6,355175502,True,sapmachine-jdk-28-ea.6_macos-aarch64_bin.tar.gz,macos,aarch64,jdk,100
2026-10-07T02:56:57+00:00,sapmachine-28+6,355175502,True,sapmachine-jre-28-ea.6_macos-aarch64_bin.tar.gz,macos,aarch64,jre,104
2026-10-07T02:56:57+00:00,sapmachine-28+6,355175502,True,sapmachine-jdk-28-ea.6_macos-aarch64_bin-symbols.tar.gz,macos,aarch64,jdk,1
2026-10-07T02:56:57+00:00,sapmachine-28+6,355175502,True,sapmachine-jdk-28-ea.6_macos-aarch64_bin.dmg,macos,aarch64,jdk,104
2026-10-07T02:56:57+00:00,sapmachine-28+6,355175502,True,sapmachine-jre-28-ea.6_macos-aarch64_bin.dmg,macos,aarch64,jre,103
2026-10-07T02:56:57+00:00,sapmachine-28+6,355175502,True,sapmachine-jdk-28-ea.6_aix-ppc64_bin.tar.gz,aix,ppc64,jdk,99
2026-10-07T02:56:57+00:00,sapmachine-28+6,355175502,True,sapmachine-jre-28-ea.6_aix-ppc64_bin.tar.gz,aix,ppc64,jre,105
2026-10-07T02:56:57+00:00,sapmachine-28+6,355175502,True,sapmachine-jdk-28-ea.6_aix-ppc64_bin-symbols.tar.gz,aix,ppc64,jdk,1
2026-10-07T02:56:57+00:00,sapmachine-28+6,355175502,True,sapmachine-jdk-28-ea.6_linux-ppc64le_bin.tar.gz,linux,ppc64,jdk,105
2026-10-07T02:56:57+00:00,sapmachine-28+6,355175502,True,sapmachine-jre-28-ea.6_linux-ppc64le_bin.tar.gz,linux,ppc64,jre,105
2026-10-07T02:56:57+00:00,sapmachine-28+6,355175502,True,sapmachine-jdk-28-ea.6_linux-ppc64le_bin-symbols.tar.gz,linux,ppc64,jdk,1
2026-10-07T02:56:57+00:00,sapmachine-28+6,355175502,True,sapmachine-jdk-28-ea.6_windows-x64_bin.zip,windows,x64,jdk,102
2026-10-07T02:56:57+00:00,sapmachine-28+6,355175502,True,sapmachine-jre-28-ea.6_windows-x64_bin.zip,windows,x64,jre,100
2026-10-07T02:56:57+00:00,sapmachine-28+6,355175502,True,sapmachine-jdk-28-ea.6_windows-x64_bin-symbols.tar.gz,windows,x64,jdk,1
2026-10-07T02:56:57+00:00,sapmachine-27+29,348838230,True,sapmachine-jdk-27-ea.29_linux-x64_bin.tar.gz,linux,x64,jdk,120
2026-10-07T02:56:57+00:00,sapmachine-27+29,348838230,True,sapmachine-jre-27-ea.29_linux-x64_bin.tar.gz,linux,x64,jre,121
2026-10-07T02:56:57+00:00,sapmachine-27+29,348838230,True,sapmachine-jdk-27-ea.29_linux-x64_bin-symbols.tar.gz,linux,x64,jdk,2
2026-10-07T02:56:57+00:00,sapmachine-27+29,348838230,True,sapmachine-jdk-27-ea.29_aix-ppc64_bin.tar.gz,aix,ppc64,jdk,115
2026-10-07T02:56:57+00:00,sapmachine-27+29,348838230,True,sapmachine-jre-27-ea.29_aix-ppc64_bin.tar.gz,aix,ppc64,jre,115
2026-10-07T02:56:57+00:00,sapmachine-27+29,348838230,True,sapmachine-jdk-27-ea.29_aix-ppc64_bin-symbols.tar.gz,aix,ppc64,jdk,2
2026-10-07T02:56:57+00:00,sapmachine-27+29,348838230,True,sapmachine-jdk-27-ea.29_macos-aarch64_bin.tar.gz,macos,aarch64,jdk,126
2026-10-07T02:56:57+00:00,sapmachine-27+29,348838230,True,sapmachine-jre-27-ea.29_macos-aarch64_bin.tar.gz,macos,aarch64,jre,119
2026-10-07T02:56:57+00:00,sapmachine-27+29,348838230,True,sapmachine-jdk-27-ea.29_macos-aarch64_bin-symbols.tar.gz,macos,aarch64,jdk,2
2026-10-07T02:56:57+00:00,sapmachine-27+29,348838230,True,sapmachine-jdk-27-ea.29_macos-aarch64_bin.dmg,macos,aarch64,jdk,120
2026-10-07T02:56:57+00:00,sapmachine-27+29,348838230,True,sapmachine-jre-27-ea.29_macos-aarch64_bin.dmg,macos,aarch64,jre,119
2026-10-07T02:56:57+00:00,sapmachine-27+29,348838230,True,sapmachine-jdk-27-ea.29_linux-x64-musl_bin.tar.gz,alpine,x64,jdk,116
2026-10-07T02:56:57+00:00,sapmachine-27+29,348838230,True,sapmachine-jre-27-ea.29_linux-x64-musl_bin.tar.gz,alpine,x64,jre,114
2026-10-07T02:56:57+00:00,sapmachine-27+29,348838230,True,sapmachine-jdk-27-ea.29_linux-x64-musl_bin-symbols.tar.gz,alpine,x64,jdk,1
2026-10-07T02:56:57+00:00,sapmachine-27+29,348838230,True,sapmachine-jdk-27-ea.29_linux-ppc64le_bin.tar.gz,linux,ppc64,jdk,125
2026-10-07T02:56:57+00:00,sapmachine-27+29,348838230,True,sapmachine-jre-27-ea.29_linux-ppc64le_bin.tar.gz,linux,ppc64,jre,122
2026-10-07T02:56:57+00:00,sapmachine-27+29,348838230,True,sapmachine-jdk-27-ea.29_linux-ppc64le_bin-symbols.tar.gz,linux,ppc64,jdk,1
2026-10-07T02:56:57+00:00,sapmachine-27+29,348838230,True,sapmachine-jdk-27-ea.29_linux-aarch64_bin.tar.gz,linux,aarch64,jdk,120
2026-10-07T02:56:57+00:00,sapmachine-27+29,348838230,True,sapmachine-jre-27-ea.29_linux-aarch64_bin.tar.gz,linux,aarch64,jre,120
2026-10-07T02:56:57+00:00,sapmachine-27+29,348838230,True,sapmachine-jdk-27-ea.29_linux-aarch64_bin-symbols.tar.gz,linux,aarch64,jdk,1
2026-10-07T02:56:57+00:00,sapmachine-27+29,348838230,True,sapmachine-jdk-27-ea.29_windows-x64_bin.zip,windows,x64,jdk,120
2026-10-07T02:56:57+00:00,sapmachine-27+29,348838230,True,sapmachine-jre-27-ea.29_windows-x64_bin.zip,windows,x64,jre,123
2026-10-07T02:56:57+00:00,sapmachine-27+29,348838230,True,sapmachine-jdk-27-ea.29_windows-x64_bin-symbols.tar.gz,windows,x64,jdk,1
2026-10-07T02:56:57+00:00,sapmachine-28+5,348837538,True,sapmachine-jdk-28-ea.5_linux-x64-musl_bin.tar.gz,alpine,x64,jdk,122
2026-10-07T02:56:57+00:00,sapmachine-28+5,348837538,True,sapmachine-jre-28-ea.5_linux-x64-musl_bin.tar.gz,alpine,x64,jre,124
2026-10-07T02:56:57+00:00,sapmachine-28+5,348837538,True,sapmachine-jdk-28-ea.5_linux-x64-musl_bin-symbols.tar.gz,alpine,x64,jdk,3
2026-10-07T02:56:57+00:00,sapmachine-28+5,348837538,True,sapmachine-jdk-28-ea.5_macos-aarch64_bin.tar.gz,macos,aarch64,jdk,122
2026-10-07T02:56:57+00:00,sapmachine-28+5,348837538,True,sapmachine-jre-28-ea.5_macos-aarch64_bin.tar.gz,macos,aarch64,jre,127
2026-10-07T02:56:57+00:00,sapmachine-28+5,348837538,True,sapmachine-jdk-28-ea.5_macos-aarch64_bin-symbols.tar.gz,macos,aarch64,jdk,3
2026-10-07T02:56:57+00:00,sapmachine-28+5,348837538,True,sapmachine-jdk-28-ea.5_macos-aarch64_bin.dmg,macos,aarch64,jdk,121
2026-10-07T02:56:57+00:00,sapmachine-28+5,348837538,True,sapmachine-jre-28-ea.5_macos-aarch64_bin.dmg,macos,aarch64,jre,125
2026-10-07T02:56:57+00:00,sapmachine-28+5,348837538,True,sapmachine-jdk-28-ea.5_linux-x64_bin.tar.gz,linux,x64,jdk,117
2026-10-07T02:56:57+00:00,sapmachine-28+5,348837538,True,sapmachine-jre-28-ea.5_linux-x64_bin.tar.gz,linux,x64,jre,116
2026-10-07T02:56:57+00:00,sapmachine-28+5,348837538,True,sapmachine-jdk-28-ea.5_linux-x64_bin-symbols.tar.gz,linux,x64,jdk,1
2026-10-07T02:56:57+00:00,sapmachine-28+5,348837538,True,sapmachine-jdk-28-ea.5_linux-aarch64_bin.tar.gz,linux,aarch64,jdk,116
2026-10-07T02:56:57+00:00,sapmachine-28+5,348837538,True,sapmachine-jre-28-ea.5_linux-aarch64_bin.tar.gz,linux,aarch64,jre,121
2026-10-07T02:56:57+00:00,sapmachine-28+5,348837538,True,sapmachine-jdk-28-ea.5_linux-aarch64_bin-symbols.tar.gz,linux,aarch64,jdk,1
2026-10-07T02:56:57+00:00,sapmachine-28+5,348837538,True,sapmachine-jdk-28-ea.5_aix-ppc64_bin.tar.gz,aix,ppc64,jdk,121
2026-10-07T02:56:57+00:00,sapmachine-28+5,348837538,True,sapmachine-jre-28-ea.5_aix-ppc64_bin.tar.gz,aix,ppc64,jre,121
2026-10-07T02:56:57+00:00,sapmachine-28+5,348837538,True,sapmachine-jdk-28-ea.5_aix-ppc64_bin-symbols.tar.gz,aix,ppc64,jdk,1
2026-10-07T02:56:57+00:00,sapmachine-28+5,348837538,True,sapmachine-jdk-28-ea.5_linux-ppc64le_bin.tar.gz,linux,ppc64,jdk,113
2026-10-07T02:56:57+00:00,sapmachine-28+5,348837538,True,sapmachine-jre-28-ea.5_linux-ppc64le_bin.tar.gz,linux,ppc64,jre,117
2026-10-07T02:56:57+00:00,sapmachine-28+5,348837538,True,sapmachine-jdk-28-ea.5_linux-ppc64le_bin-symbols.tar.gz,linux,ppc64,jdk,1
2026-10-07T02:56:57+00:00,sapmachine-28+5,348837538,True,sapmachine-jdk-28-ea.5_windows-x64_bin.zip,windows,x64,jdk,132
2026-10-07T02:56:57+00:00,sapmachine-28+5,348837538,True,sapmachine-jre-28-ea.5_windows-x64_bin.zip,windows,x64,jre,118
2026-10-07T02:56:57+00:00,sapmachine-28+5,348837538,True,sapmachine-jdk-28-ea.5_windows-x64_bin-symbols.tar.gz,windows,x64,jdk,1
2026-10-07T02:56:57+00:00,sapmachine-28+4,347179004,True,sapmachine-jdk-28-ea.4_linux-x64-musl_bin.tar.gz,alpine,x64,jdk,126
2026-10-07T02:56:57+00:00,sapmachine-28+4,347179004,True,sapmachine-jre-28-ea.4_linux-x64-musl_bin.tar.gz,alpine,x64,jre,126
2026-10-07T02:56:57+00:00,sapmachine-28+4,347179004,True,sapmachine-jdk-28-ea.4_linux-x64-musl_bin-symbols.tar.gz,alpine,x64,jdk,2
2026-10-07T02:56:57+00:00,sapmachine-28+4,347179004,True,sapmachine-jdk-28-ea.4_macos-aarch64_bin.tar.gz,macos,aarch64,jdk,125
2026-10-07T02:56:57+00:00,sapmachine-28+4,347179004,True,sapmachine-jre-28-ea.4_macos-aarch64_bin.tar.gz,macos,aarch64,jre,126
2026-10-07T02:56:57+00:00,sapmachine-28+4,347179004,True,sapmachine-jdk-28-ea.4_macos-aarch64_bin-symbols.tar.gz,macos,aarch64,jdk,2
2026-10-07T02:56:57+00:00,sapmachine-28+4,347179004,True,sapmachine-jdk-28-ea.4_macos-aarch64_bin.dmg,macos,aarch64,jdk,127
2026-10-07T02:56:57+00:00,sapmachine-28+4,347179004,True,sapmachine-jre-28-ea.4_macos-aarch64_bin.dmg,macos,aarch64,jre,123
2026-10-07T02:56:57+00:00,sapmachine-28+4,347179004,True,sapmachine-jdk-28-ea.4_linux-x64_bin.tar.gz,linux,x64,jdk,123
2026-10-07T02:56:57+00:00,sapmachine-28+4,347179004,True,sapmachine-jre-28-ea.4_linux-x64_bin.tar.gz,linux,x64,jre,127
2026-10-07T02:56:57+00:00,sapmachine-28+4,347179004,True,sapmachine-jdk-28-ea.4_linux-x64_bin-symbols.tar.gz,linux,x64,jdk,1
2026-10-07T02:56:57+00:00,sapmachine-28+4,347179004,True,sapmachine-jdk-28-ea.4_linux-ppc64le_bin.tar.gz,linux,ppc64,jdk,122
2026-10-07T02:56:57+00:00,sapmachine-28+4,347179004,True,sapmachine-jre-28-ea.4_linux-ppc64le_bin.tar.gz,linux,ppc64,jre,125
2026-10-07T02:56:57+00:00,sapmachine-28+4,347179004,True,sapmachine-jdk-28-ea.4_linux-ppc64le_bin-symbols.tar.gz,linux,ppc64,jdk,1
2026-10-07T02:56:57+00:00,sapmachine-28+4,347179004,True,sapmachine-jdk-28-ea.4_linux-aarch64_bin.tar.gz,linux,aarch64,jdk,123
2026-10-07T02:56:57+00:00,sapmachine-28+4,347179004,True,sapmachine-jre-28-ea.4_linux-aarch64_bin.tar.gz,linux,aarch64,jre,119
2026-10-07T02:56:57+00:00,sapmachine-28+4,347179004,True,sapmachine-jdk-28-ea.4_linux-aarch64_bin-symbols.tar.gz,linux,aarch64,jdk,1
2026-10-07T02:56:57+00:00,sapmachine-28+4,347179004,True,sapmachine-jdk-28-ea.4_aix-ppc64_bin.tar.gz,aix,ppc64,jdk,124
2026-10-07T02:56:57+00:00,sapmachine-28+4,347179004,True,sapmachine-jre-28-ea.4_aix-ppc64_bin.tar.gz,aix,ppc64,jre,124
2026-10-07T02:56:57+00:00,sapmachine-28+4,347179004,True,sapmachine-jdk-28-ea.4_aix-ppc64_bin-symbols.tar.gz,aix,ppc64,jdk,1
2026-10-07T02:56:57+00:00,sapmachine-28+4,347179004,True,sapmachine-jdk-28-ea.4_windows-x64_bin.zip,windows,x64,jdk,123
2026-10-07T02:56:57+00:00,sapmachine-28+4,347179004,True,sapmachine-jre-28-ea.4_windows-x64_bin.zip,windows,x64,jre,122
2026-10-07T02:56:57+00:00,sapmachine-28+4,347179004,True,sapmachine-jdk-28-ea.4_windows-x64_bin-symbols.tar.gz,windows,x64,jdk,1
2026-10-07T02:56:57+00:00,sapmachine-27+28,345266471,True,sapmachine-jdk-27-ea.28_linux-x64-musl_bin.tar.gz,alpine,x64,jdk,129
2026-10-07T02:56:57+00:00,sapmachine-27+28,345266471,True,sapmachine-jre-27-ea.28_linux-x64-musl_bin.tar.gz,alpine,x64,jre,130
2026-10-07T02:56:57+00:00,sapmachine-27+28,345266471,True,sapmachine-jdk-27-ea.28_linux-x64-musl_bin-symbols.tar.gz,alpine,x64,jdk,1
2026-10-07T02:56:57+00:00,sapmachine-27+28,345266471,True,sapmachine-jdk-27-ea.28_linux-x64_bin.tar.gz,linux,x64,jdk,130
2026-10-07T02:56:57+00:00,sapmachine-27+28,345266471,True,sapmachine-jre-27-ea.28_linux-x64_bin.tar.gz,linux,x64,jre,130
2026-10-07T02:56:57+00:00,sapmachine-27+28,345266471,True,sapmachine-jdk-27-ea.28_linux-x64_bin-symbols.tar.gz,linux,x64,jdk,1
2026-10-07T02:56:57+00:00,sapmachine-27+28,345266471,True,sapmachine-jdk-27-ea.28_linux-ppc64le_bin.tar.gz,linux,ppc64,jdk,132
2026-10-07T02:56:57+00:00,sapmachine-27+28,345266471,True,sapmachine-jre-27-ea.28_linux-ppc64le_bin.tar.gz,linux,ppc64,jre,134
2026-10-07T02:56:57+00:00,sapmachine-27+28,345266471,True,sapmachine-jdk-27-ea.28_linux-ppc64le_bin-symbols.tar.gz,linux,ppc64,jdk,1
2026-10-07T02:56:57+00:00,sapmachine-27+28,345266471,True,sapmachine-jdk-27-ea.28_macos-aarch64_bin.tar.gz,macos,aarch64,jdk,142
2026-10-07T02:56:57+00:00,sapmachine-27+28,345266471,True,sapmachine-jre-27-ea.28_macos-aarch64_bin.tar.gz,macos,aarch64,jre,132
2026-10-07T02:56:57+00:00,sapmachine-27+28,345266471,True,sapmachine-jdk-27-ea.28_macos-aarch64_bin-symbols.tar.gz,macos,aarch64,jdk,1
2026-10-07T02:56:57+00:00,sapmachine-27+28,345266471,True,sapmachine-jdk-27-ea.28_macos-aarch64_bin.dmg,macos,aarch64,jdk,133
2026-10-07T02:56:57+00:00,sapmachine-27+28,345266471,True,sapmachine-jre-27-ea.28_macos-aarch64_bin.dmg,macos,aarch64,jre,128
2026-10-07T02:56:57+00:00,sapmachine-27+28,345266471,True,sapmachine-jdk-27-ea.28_aix-ppc64_bin.tar.gz,aix,ppc64,jdk,129
2026-10-07T02:56:57+00:00,sapmachine-27+28,345266471,True,sapmachine-jre-27-ea.28_aix-ppc64_bin.tar.gz,aix,ppc64,jre,130
2026-10-07T02:56:57+00:00,sapmachine-27+28,345266471,True,sapmachine-jdk-27-ea.28_aix-ppc64_bin-symbols.tar.gz,aix,ppc64,jdk,1
2026-10-07T02:56:57+00:00,sapmachine-27+28,345266471,True,sapmachine-jdk-27-ea.28_linux-aarch64_bin.tar.gz,linux,aarch64,jdk,133
2026-10-07T02:56:57+00:00,sapmachine-27+28,345266471,True,sapmachine-jre-27-ea.28_linux-aarch64_bin.tar.gz,linux,aarch64,jre,133
2026-10-07T02:56:57+00:00,sapmachine-27+28,345266471,True,sapmachine-jdk-27-ea.28_linux-aarch64_bin-symbols.tar.gz,linux,aarch64,jdk,1
2026-10-07T02:56:57+00:00,sapmachine-27+28,345266471,True,sapmachine-jdk-27-ea.28_windows-x64_bin.zip,windows,x64,jdk,137
2026-10-07T02:56:57+00:00,sapmachine-27+28,345266471,True,sapmachine-jre-27-ea.28_windows-x64_bin.zip,windows,x64,jre,141
2026-10-07T02:56:57+00:00,sapmachine-27+28,345266471,True,sapmachine-jdk-27-ea.28_windows-x64_bin-symbols.tar.gz,windows,x64,jdk,1
2026-10-07T02:56:57+00:00,sapmachine-21.0.12+7,345167640,True,sapmachine-jdk-21.0.12-ea.7_linux-x64_bin.tar.gz,linux,x64,jdk,1748
2026-10-07T02:56:57+00:00,sapmachine-21.0.12+7,345167640,True,sapmachine-jre-21.0.12-ea.7_linux-x64_bin.tar.gz,linux,x64,jre,133
2026-10-07T02:56:57+00:00,sapmachine-21.0.12+7,345167640,True,sapmachine-jdk-21.0.12-ea.7_linux-x64_bin-symbols.tar.gz,linux,x64,jdk,2
2026-10-07T02:56:57+00:00,sapmachine-21.0.12+7,345167640,True,sapmachine-jdk-21.0.12-ea.7_aix-ppc64_bin.tar.gz,aix,ppc64,jdk,129
2026-10-07T02:56:57+00:00,sapmachine-21.0.12+7,345167640,True,sapmachine-jre-21.0.12-ea.7_aix-ppc64_bin.tar.gz,aix,ppc64,jre,128
2026-10-07T02:56:57+00:00,sapmachine-21.0.12+7,345167640,True,sapmachine-jdk-21.0.12-ea.7_aix-ppc64_bin-symbols.tar.gz,aix,ppc64,jdk,2
2026-10-07T02:56:57+00:00,sapmachine-21.0.12+7,345167640,True,sapmachine-jdk-21.0.12-ea.7_macos-aarch64_bin.tar.gz,macos,aarch64,jdk,1780
2026-10-07T02:56:57+00:00,sapmachine-21.0.12+7,345167640,True,sapmachine-jre-21.0.12-ea.7_macos-aarch64_bin.tar.gz,macos,aarch64,jre,140
2026-10-07T02:56:57+00:00,sapmachine-21.0.12+7,345167640,True,sapmachine-jdk-21.0.12-ea.7_macos-aarch64_bin-symbols.tar.gz,macos,aarch64,jdk,1
2026-10-07T02:56:57+00:00,sapmachine-21.0.12+7,345167640,True,sapmachine-jdk-21.0.12-ea.7_macos-aarch64_bin.dmg,macos,aarch64,jdk,137
2026-10-07T02:56:57+00:00,sapmachine-21.0.12+7,345167640,True,sapmachine-jre-21.0.12-ea.7_macos-aarch64_bin.dmg,macos,aarch64,jre,126
2026-10-07T02:56:57+00:00,sapmachine-21.0.12+7,345167640,True,sapmachine-jdk-21.0.12-ea.7_linux-x64-musl_bin.tar.gz,alpine,x64,jdk,125
2026-10-07T02:56:57+00:00,sapmachine-21.0.12+7,345167640,True,sapmachine-jre-21.0.12-ea.7_linux-x64-musl_bin.tar.gz,alpine,x64,jre,127
2026-10-07T02:56:57+00:00,sapmachine-21.0.12+7,345167640,True,sapmachine-jdk-21.0.12-ea.7_linux-x64-musl_bin-symbols.tar.gz,alpine,x64,jdk,1
2026-10-07T02:56:57+00:00,sapmachine-21.0.12+7,345167640,True,sapmachine-jdk-21.0.12-ea.7_linux-ppc64le_bin.tar.gz,linux,ppc64,jdk,131
2026-10-07T02:56:57+00:00,sapmachine-21.0.12+7,345167640,True,sapmachine-jre-21.0.12-ea.7_linux-ppc64le_bin.tar.gz,linux,ppc64,jre,133
2026-10-07T02:56:57+00:00,sapmachine-21.0.12+7,345167640,True,sapmachine-jdk-21.0.12-ea.7_linux-ppc64le_bin-symbols.tar.gz,linux,ppc64,jdk,1
2026-10-07T02:56:57+00:00,sapmachine-21.0.12+7,345167640,True,sapmachine-jdk-21.0.12-ea.7_linux-aarch64_bin.tar.gz,linux,aarch64,jdk,132
2026-10-07T02:56:57+00:00,sapmachine-21.0.12+7,345167640,True,sapmachine-jre-21.0.12-ea.7_linux-aarch64_bin.tar.gz,linux,aarch64,jre,132
2026-10-07T02:56:57+00:00,sapmachine-21.0.12+7,345167640,True,sapmachine-jdk-21.0.12-ea.7_linux-aarch64_bin-symbols.tar.gz,linux,aarch64,jdk,1
2026-10-07T02:56:57+00:00,sapmachine-21.0.12+7,345167640,True,sapmachine-jdk-21.0.12-ea.7_macos-x64_bin.tar.gz,macos,x64,jdk,132
2026-10-07T02:56:57+00:00,sapmachine-21.0.12+7,345167640,True,sapmachine-jre-21.0.12-ea.7_macos-x64_bin.tar.gz,macos,x64,jre,127
2026-10-07T02:56:57+00:00,sapmachine-21.0.12+7,345167640,True,sapmachine-jdk-21.0.12-ea.7_macos-x64_bin-symbols.tar.gz,macos,x64,jdk,2
2026-10-07T02:56:57+00:00,sapmachine-21.0.12+7,345167640,True,sapmachine-jdk-21.0.12-ea.7_macos-x64_bin.dmg,macos,x64,jdk,130
2026-10-07T02:56:57+00:00,sapmachine-21.0.12+7,345167640,True,sapmachine-jre-21.0.12-ea.7_macos-x64_bin.dmg,macos,x64,jre,128
2026-10-07T02:56:57+00:00,sapmachine-21.0.12+7,345167640,True,sapmachine-jdk-21.0.12-ea.7_windows-x64_bin.zip,windows,x64,jdk,1724
2026-10-07T02:56:57+00:00,sapmachine-21.0.12+7,345167640,True,sapmachine-jre-21.0.12-ea.7_windows-x64_bin.zip,windows,x64,jre,129
2026-10-07T02:56:57+00:00,sapmachine-21.0.12+7,345167640,True,sapmachine-jdk-21.0.12-ea.7_windows-x64_bin-symbols.tar.gz,windows,x64,jdk,1
2026-10-07T02:56:57+00:00,sapmachine-25.0.4+6,345165761,True,sapmachine-jdk-25.0.4-ea.6_linux-x64-musl_bin.tar.gz,alpine,x64,jdk,130
2026-10-07T02:56:57+00:00,sapmachine-25.0.4+6,345165761,True,sapmachine-jre-25.0.4-ea.6_linux-x64-musl_bin.tar.gz,alpine,x64,jre,135
2026-10-07T02:56:57+00:00,sapmachine-25.0.4+6,345165761,True,sapmachine-jdk-25.0.4-ea.6_linux-x64-musl_bin-symbols.tar.gz,alpine,x64,jdk,2
2026-10-07T02:56:57+00:00,sapmachine-25.0.4+6,345165761,True,sapmachine-jdk-25.0.4-ea.6_linux-x64_bin.tar.gz,linux,x64,jdk,159
2026-10-07T02:56:57+00:00,sapmachine-25.0.4+6,345165761,True,sapmachine-jre-25.0.4-ea.6_linux-x64_bin.tar.gz,linux,x64,jre,133
2026-10-07T02:56:57+00:00,sapmachine-25.0.4+6,345165761,True,sapmachine-jdk-25.0.4-ea.6_linux-x64_bin-symbols.tar.gz,linux,x64,jdk,1
2026-10-07T02:56:57+00:00,sapmachine-25.0.4+6,345165761,True,sapmachine-jdk-25.0.4-ea.6_aix-ppc64_bin.tar.gz,aix,ppc64,jdk,126
2026-10-07T02:56:57+00:00,sapmachine-25.0.4+6,345165761,True,sapmachine-jre-25.0.4-ea.6_aix-ppc64_bin.tar.gz,aix,ppc64,jre,128
2026-10-07T02:56:57+00:00,sapmachine-25.0.4+6,345165761,True,sapmachine-jdk-25.0.4-ea.6_aix-ppc64_bin-symbols.tar.gz,aix,ppc64,jdk,2
2026-10-07T02:56:57+00:00,sapmachine-25.0.4+6,345165761,True,sapmachine-jdk-25.0.4-ea.6_macos-aarch64_bin.tar.gz,macos,aarch64,jdk,141
2026-10-07T02:56:57+00:00,sapmachine-25.0.4+6,345165761,True,sapmachine-jre-25.0.4-ea.6_macos-aarch64_bin.tar.gz,macos,aarch64,jre,136
2026-10-07T02:56:57+00:00,sapmachine-25.0.4+6,345165761,True,sapmachine-jdk-25.0.4-ea.6_macos-aarch64_bin-symbols.tar.gz,macos,aarch64,jdk,1
2026-10-07T02:56:57+00:00,sapmachine-25.0.4+6,345165761,True,sapmachine-jdk-25.0.4-ea.6_macos-aarch64_bin.dmg,macos,aarch64,jdk,136
2026-10-07T02:56:57+00:00,sapmachine-25.0.4+6,345165761,True,sapmachine-jre-25.0.4-ea.6_macos-aarch64_bin.dmg,macos,aarch64,jre,131
2026-10-07T02:56:57+00:00,sapmachine-25.0.4+6,345165761,True,sapmachine-jdk-25.0.4-ea.6_linux-aarch64_bin.tar.gz,linux,aarch64,jdk,136
2026-10-07T02:56:57+00:00,sapmachine-25.0.4+6,345165761,True,sapmachine-jre-25.0.4-ea.6_linux-aarch64_bin.tar.gz,linux,aarch64,jre,129
2026-10-07T02:56:57+00:00,sapmachine-25.0.4+6,345165761,True,sapmachine-jdk-25.0.4-ea.6_linux-aarch64_bin-symbols.tar.gz,linux,aarch64,jdk,1
2026-10-07T02:56:57+00:00,sapmachine-25.0.4+6,345165761,True,sapmachine-jdk-25.0.4-ea.6_linux-ppc64le_bin.tar.gz,linux,ppc64,jdk,132
2026-10-07T02:56:57+00:00,sapmachine-25.0.4+6,345165761,True,sapmachine-jre-25.0.4-ea.6_linux-ppc64le_bin.tar.gz,linux,ppc64,jre,133
2026-10-07T02:56:57+00:00,sapmachine-25.0.4+6,345165761,True,sapmachine-jdk-25.0.4-ea.6_linux-ppc64le_bin-symbols.tar.gz,linux,ppc64,jdk,1
2026-10-07T02:56:57+00:00,sapmachine-25.0.4+6,345165761,True,sapmachine-jdk-25.0.4-ea.6_windows-x64_bin.zip,windows,x64,jdk,137
2026-10-07T02:56:57+00:00,sapmachine-25.0.4+6,345165761,True,sapmachine-jre-25.0.4-ea.6_windows-x64_bin.zip,windows,x64,jre,134
2026-10-07T02:56:57+00:00,sapmachine-25.0.4+6,345165761,True,sapmachine-jdk-25.0.4-ea.6_windows-x64_bin-symbols.tar.gz,windows,x64,jdk,1
2026-10-07T02:56:57+00:00,sapmachine-17.0.20+7,344562073,True,sapmachine-jdk-17.0.20-ea.7_macos-aarch64_bin.tar.gz,macos,aarch64,jdk,2207
2026-10-07T02:56:57+00:00,sapmachine-17.0.20+7,344562073,True,sapmachine-jre-17.0.20-ea.7_macos-aarch64_bin.tar.gz,macos,aarch64,jre,143
2026-10-07T02:56:57+00:00,sapmachine-17.0.20+7,344562073,True,sapmachine-jdk-17.0.20-ea.7_macos-aarch64_bin-symbols.tar.gz,macos,aarch64,jdk,1
2026-10-07T02:56:57+00:00,sapmachine-17.0.20+7,344562073,True,sapmachine-jdk-17.0.20-ea.7_macos-aarch64_bin.dmg,macos,aarch64,jdk,146
2026-10-07T02:56:57+00:00,sapmachine-17.0.20+7,344562073,True,sapmachine-jre-17.0.20-ea.7_macos-aarch64_bin.dmg,macos,aarch64,jre,133
2026-10-07T02:56:57+00:00,sapmachine-17.0.20+7,344562073,True,sapmachine-jdk-17.0.20-ea.7_linux-x64-musl_bin.tar.gz,alpine,x64,jdk,129
2026-10-07T02:56:57+00:00,sapmachine-17.0.20+7,344562073,True,sapmachine-jre-17.0.20-ea.7_linux-x64-musl_bin.tar.gz,alpine,x64,jre,129
2026-10-07T02:56:57+00:00,sapmachine-17.0.20+7,344562073,True,sapmachine-jdk-17.0.20-ea.7_linux-x64-musl_bin-symbols.tar.gz,alpine,x64,jdk,1
2026-10-07T02:56:57+00:00,sapmachine-17.0.20+7,344562073,True,sapmachine-jdk-17.0.20-ea.7_linux-x64_bin.tar.gz,linux,x64,jdk,1813
2026-10-07T02:56:57+00:00,sapmachine-17.0.20+7,344562073,True,sapmachine-jre-17.0.20-ea.7_linux-x64_bin.tar.gz,linux,x64,jre,141
2026-10-07T02:56:57+00:00,sapmachine-17.0.20+7,344562073,True,sapmachine-jdk-17.0.20-ea.7_linux-x64_bin-symbols.tar.gz,linux,x64,jdk,1
2026-10-07T02:56:57+00:00,sapmachine-17.0.20+7,344562073,True,sapmachine-jdk-17.0.20-ea.7_macos-x64_bin.tar.gz,macos,x64,jdk,130
2026-10-07T02:56:57+00:00,sapmachine-17.0.20+7,344562073,True,sapmachine-jre-17.0.20-ea.7_macos-x64_bin.tar.gz,macos,x64,jre,130
2026-10-07T02:56:57+00:00,sapmachine-17.0.20+7,344562073,True,sapmachine-jdk-17.0.20-ea.7_macos-x64_bin-symbols.tar.gz,macos,x64,jdk,1
2026-10-07T02:56:57+00:00,sapmachine-17.0.20+7,344562073,True,sapmachine-jdk-17.0.20-ea.7_macos-x64_bin.dmg,macos,x64,jdk,134
2026-10-07T02:56:57+00:00,sapmachine-17.0.20+7,344562073,True,sapmachine-jre-17.0.20-ea.7_macos-x64_bin.dmg,macos,x64,jre,128
2026-10-07T02:56:57+00:00,sapmachine-17.0.20+7,344562073,True,sapmachine-jdk-17.0.20-ea.7_linux-ppc64le_bin.tar.gz,linux,ppc64,jdk,144
2026-10-07T02:56:57+00:00,sapmachine-17.0.20+7,344562073,True,sapmachine-jre-17.0.20-ea.7_linux-ppc64le_bin.tar.gz,linux,ppc64,jre,141
2026-10-07T02:56:57+00:00,sapmachine-17.0.20+7,344562073,True,sapmachine-jdk-17.0.20-ea.7_linux-ppc64le_bin-symbols.tar.gz,linux,ppc64,jdk,1
2026-10-07T02:56:57+00:00,sapmachine-17.0.20+7,344562073,True,sapmachine-jdk-17.0.20-ea.7_linux-aarch64_bin.tar.gz,linux,aarch64,jdk,132
2026-10-07T02:56:57+00:00,sapmachine-17.0.20+7,344562073,True,sapmachine-jre-17.0.20-ea.7_linux-aarch64_bin.tar.gz,linux,aarch64,jre,132
2026-10-07T02:56:57+00:00,sapmachine-17.0.20+7,344562073,True,sapmachine-jdk-17.0.20-ea.7_linux-aarch64_bin-symbols.tar.gz,linux,aarch64,jdk,1
2026-10-07T02:56:57+00:00,sapmachine-17.0.20+7,344562073,True,sapmachine-jdk-17.0.20-ea.7_windows-x64_bin.zip,windows,x64,jdk,1794
2026-10-07T02:56:57+00:00,sapmachine-17.0.20+7,344562073,True,sapmachine-jre-17.0.20-ea.7_windows-x64_bin.zip,windows,x64,jre,141
2026-10-07T02:56:57+00:00,sapmachine-17.0.20+7,344562073,True,sapmachine-jdk-17.0.20-ea.7_windows-x64_bin-symbols.tar.gz,windows,x64,jdk,1
2026-10-07T02:56:57+00:00,sapmachine-27+27,344554280,True,sapmachine-jdk-27-ea.27_linux-x64-musl_bin.tar.gz,alpine,x64,jdk,127
2026-10-07T02:56:57+00:00,sapmachine-27+27,344554280,True,sapmachine-jre-27-ea.27_linux-x64-musl_bin.tar.gz,alpine,x64,jre,129
2026-10-07T02:56:57+00:00,sapmachine-27+27,344554280,True,sapmachine-jdk-27-ea.27_linux-x64-musl_bin-symbols.tar.gz,alpine,x64,jdk,1
2026-10-07T02:56:57+00:00,sapmachine-27+27,344554280,True,sapmachine-jdk-27-ea.27_aix-ppc64_bin.tar.gz,aix,ppc64,jdk,128
2026-10-07T02:56:57+00:00,sapmachine-27+27,344554280,True,sapmachine-jre-27-ea.27_aix-ppc64_bin.tar.gz,aix,ppc64,jre,127
2026-10-07T02:56:57+00:00,sapmachine-27+27,344554280,True,sapmachine-jdk-27-ea.27_aix-ppc64_bin-symbols.tar.gz,aix,ppc64,jdk,1
2026-10-07T02:56:57+00:00,sapmachine-27+27,344554280,True,sapmachine-jdk-27-ea.27_macos-aarch64_bin.tar.gz,macos,aarch64,jdk,132
2026-10-07T02:56:57+00:00,sapmachine-27+27,344554280,True,sapmachine-jre-27-ea.27_macos-aarch64_bin.tar.gz,macos,aarch64,jre,137
2026-10-07T02:56:57+00:00,sapmachine-27+27,344554280,True,sapmachine-jdk-27-ea.27_macos-aarch64_bin-symbols.tar.gz,macos,aarch64,jdk,1
2026-10-07T02:56:57+00:00,sapmachine-27+27,344554280,True,sapmachine-jdk-27-ea.27_macos-aarch64_bin.dmg,macos,aarch64,jdk,130
2026-10-07T02:56:57+00:00,sapmachine-27+27,344554280,True,sapmachine-jre-27-ea.27_macos-aarch64_bin.dmg,macos,aarch64,jre,127
2026-10-07T02:56:57+00:00,sapmachine-27+27,344554280,True,sapmachine-jdk-27-ea.27_linux-ppc64le_bin.tar.gz,linux,ppc64,jdk,131
2026-10-07T02:56:57+00:00,sapmachine-27+27,344554280,True,sapmachine-jre-27-ea.27_linux-ppc64le_bin.tar.gz,linux,ppc64,jre,133
2026-10-07T02:56:57+00:00,sapmachine-27+27,344554280,True,sapmachine-jdk-27-ea.27_linux-ppc64le_bin-symbols.tar.gz,linux,ppc64,jdk,1
2026-10-07T02:56:57+00:00,sapmachine-27+27,344554280,True,sapmachine-jdk-27-ea.27_linux-x64_bin.tar.gz,linux,x64,jdk,139
2026-10-07T02:56:57+00:00,sapmachine-27+27,344554280,True,sapmachine-jre-27-ea.27_linux-x64_bin.tar.gz,linux,x64,jre,131
2026-10-07T02:56:57+00:00,sapmachine-27+27,344554280,True,sapmachine-jdk-27-ea.27_linux-x64_bin-symbols.tar.gz,linux,x64,jdk,1
2026-10-07T02:56:57+00:00,sapmachine-27+27,344554280,True,sapmachine-jdk-27-ea.27_linux-aarch64_bin.tar.gz,linux,aarch64,jdk,133
2026-10-07T02:56:57+00:00,sapmachine-27+27,344554280,True,sapmachine-jre-27-ea.27_linux-aarch64_bin.tar.gz,linux,aarch64,jre,131
2026-10-07T02:56:57+00:00,sapmachine-27+27,344554280,True,sapmachine-jdk-27-ea.27_linux-aarch64_bin-symbols.tar.gz,linux,aarch64,jdk,1
2026-10-07T02:56:57+00:00,sapmachine-27+27,344554280,True,sapmachine-jdk-27-ea.27_windows-x64_bin.zip,windows,x64,jdk,133
2026-10-07T02:56:57+00:00,sapmachine-27+27,344554280,True,sapmachine-jre-27-ea.27_windows-x64_bin.zip,windows,x64,jre,130
2026-10-07T02:56:57+00:00,sapmachine-27+27,344554280,True,sapmachine-jdk-27-ea.27_windows-x64_bin-symbols.tar.gz,windows,x64,jdk,1
2026-10-07T02:56:57+00:00,sapmachine-28+3,344554012,True,sapmachine-jdk-28-ea.3_macos-aarch64_bin.tar.gz,macos,aarch64,jdk,128
2026-10-07T02:56:57+00:00,sapmachine-28+3,344554012,True,sapmachine-jre-28-ea.3_macos-aarch64_bin.tar.gz,macos,aarch64,jre,128
2026-10-07T02:56:57+00:00,sapmachine-28+3,344554012,True,sapmachine-jdk-28-ea.3_macos-aarch64_bin-symbols.tar.gz,macos,aarch64,jdk,1
2026-10-07T02:56:57+00:00,sapmachine-28+3,344554012,True,sapmachine-jdk-28-ea.3_macos-aarch64_bin.dmg,macos,aarch64,jdk,132
2026-10-07T02:56:57+00:00,sapmachine-28+3,344554012,True,sapmachine-jre-28-ea.3_macos-aarch64_bin.dmg,macos,aarch64,jre,133
2026-10-07T02:56:57+00:00,sapmachine-28+3,344554012,True,sapmachine-jdk-28-ea.3_linux-x64-musl_bin.tar.gz,alpine,x64,jdk,127
2026-10-07T02:56:57+00:00,sapmachine-28+3,344554012,True,sapmachine-jre-28-ea.3_linux-x64-musl_bin.tar.gz,alpine,x64,jre,131
2026-10-07T02:56:57+00:00,sapmachine-28+3,344554012,True,sapmachine-jdk-28-ea.3_linux-x64-musl_bin-symbols.tar.gz,alpine,x64,jdk,2
2026-10-07T02:56:57+00:00,sapmachine-28+3,344554012,True,sapmachine-jdk-28-ea.3_linux-x64_bin.tar.gz,linux,x64,jdk,127
2026-10-07T02:56:57+00:00,sapmachine-28+3,344554012,True,sapmachine-jre-28-ea.3_linux-x64_bin.tar.gz,linux,x64,jre,130
2026-10-07T02:56:57+00:00,sapmachine-28+3,344554012,True,sapmachine-jdk-28-ea.3_linux-x64_bin-symbols.tar.gz,linux,x64,jdk,1
2026-10-07T02:56:57+00:00,sapmachine-28+3,344554012,True,sapmachine-jdk-28-ea.3_aix-ppc64_bin.tar.gz,aix,ppc64,jdk,127
2026-10-07T02:56:57+00:00,sapmachine-28+3,344554012,True,sapmachine-jre-28-ea.3_aix-ppc64_bin.tar.gz,aix,ppc64,jre,129
2026-10-07T02:56:57+00:00,sapmachine-28+3,344554012,True,sapmachine-jdk-28-ea.3_aix-ppc64_bin-symbols.tar.gz,aix,ppc64,jdk,1
2026-10-07T02:56:57+00:00,sapmachine-28+3,344554012,True,sapmachine-jdk-28-ea.3_linux-aarch64_bin.tar.gz,linux,aarch64,jdk,130
2026-10-07T02:56:57+00:00,sapmachine-28+3,344554012,True,sapmachine-jre-28-ea.3_linux-aarch64_bin.tar.gz,linux,aarch64,jre,130
2026-10-07T02:56:57+00:00,sapmachine-28+3,344554012,True,sapmachine-jdk-28-ea.3_linux-aarch64_bin-symbols.tar.gz,linux,aarch64,jdk,1
2026-10-07T02:56:57+00:00,sapmachine-28+3,344554012,True,sapmachine-jdk-28-ea.3_linux-ppc64le_bin.tar.gz,linux,ppc64,jdk,132
2026-10-07T02:56:57+00:00,sapmachine-28+3,344554012,True,sapmachine-jre-28-ea.3_linux-ppc64le_bin.tar.gz,linux,ppc64,jre,127
2026-10-07T02:56:57+00:00,sapmachine-28+3,344554012,True,sapmachine-jdk-28-ea.3_linux-ppc64le_bin-symbols.tar.gz,linux,ppc64,jdk,1
2026-10-07T02:56:57+00:00,sapmachine-28+3,344554012,True,sapmachine-jdk-28-ea.3_windows-x64_bin.zip,windows,x64,jdk,138
2026-10-07T02:56:57+00:00,sapmachine-28+3,344554012,True,sapmachine-jre-28-ea.3_windows-x64_bin.zip,windows,x64,jre,130
2026-10-07T02:56:57+00:00,sapmachine-28+3,344554012,True,sapmachine-jdk-28-ea.3_windows-x64_bin-symbols.tar.gz,windows,x64,jdk,1
2026-10-07T02:56:57+00:00,sapmachine-27+26,340482411,True,sapmachine-jdk-27-ea.26_aix-ppc64_bin.tar.gz,aix,ppc64,jdk,140
2026-10-07T02:56:57+00:00,sapmachine-27+26,340482411,True,sapmachine-jre-27-ea.26_aix-ppc64_bin.tar.gz,aix,ppc64,jre,136
2026-10-07T02:56:57+00:00,sapmachine-27+26,340482411,True,sapmachine-jdk-27-ea.26_aix-ppc64_bin-symbols.tar.gz,aix,ppc64,jdk,3
2026-10-07T02:56:57+00:00,sapmachine-27+26,340482411,True,sapmachine-jdk-27-ea.26_macos-aarch64_bin.tar.gz,macos,aarch64,jdk,148
2026-10-07T02:56:57+00:00,sapmachine-27+26,340482411,True,sapmachine-jre-27-ea.26_macos-aarch64_bin.tar.gz,macos,aarch64,jre,144
2026-10-07T02:56:57+00:00,sapmachine-27+26,340482411,True,sapmachine-jdk-27-ea.26_macos-aarch64_bin-symbols.tar.gz,macos,aarch64,jdk,3
2026-10-07T02:56:57+00:00,sapmachine-27+26,340482411,True,sapmachine-jdk-27-ea.26_macos-aarch64_bin.dmg,macos,aarch64,jdk,144
2026-10-07T02:56:57+00:00,sapmachine-27+26,340482411,True,sapmachine-jre-27-ea.26_macos-aarch64_bin.dmg,macos,aarch64,jre,138
2026-10-07T02:56:57+00:00,sapmachine-27+26,340482411,True,sapmachine-jdk-27-ea.26_linux-ppc64le_bin.tar.gz,linux,ppc64,jdk,143
2026-10-07T02:56:57+00:00,sapmachine-27+26,340482411,True,sapmachine-jre-27-ea.26_linux-ppc64le_bin.tar.gz,linux,ppc64,jre,143
2026-10-07T02:56:57+00:00,sapmachine-27+26,340482411,True,sapmachine-jdk-27-ea.26_linux-ppc64le_bin-symbols.tar.gz,linux,ppc64,jdk,1
2026-10-07T02:56:57+00:00,sapmachine-27+26,340482411,True,sapmachine-jdk-27-ea.26_linux-aarch64_bin.tar.gz,linux,aarch64,jdk,143
2026-10-07T02:56:57+00:00,sapmachine-27+26,340482411,True,sapmachine-jre-27-ea.26_linux-aarch64_bin.tar.gz,linux,aarch64,jre,145
2026-10-07T02:56:57+00:00,sapmachine-27+26,340482411,True,sapmachine-jdk-27-ea.26_linux-aarch64_bin-symbols.tar.gz,linux,aarch64,jdk,1
2026-10-07T02:56:57+00:00,sapmachine-27+26,340482411,True,sapmachine-jdk-27-ea.26_windows-x64_bin.zip,windows,x64,jdk,142
2026-10-07T02:56:57+00:00,sapmachine-27+26,340482411,True,sapmachine-jre-27-ea.26_windows-x64_bin.zip,windows,x64,jre,143
2026-10-07T02:56:57+00:00,sapmachine-27+26,340482411,True,sapmachine-jdk-27-ea.26_windows-x64_bin-symbols.tar.gz,windows,x64,jdk,1
2026-10-07T02:56:57+00:00,sapmachine-27+26,340482411,True,sapmachine-jdk-27-ea.26_linux-x64-musl_bin.tar.gz,alpine,x64,jdk,134
2026-10-07T02:56:57+00:00,sapmachine-27+26,340482411,True,sapmachine-jre-27-ea.26_linux-x64-musl_bin.tar.gz,alpine,x64,jre,139
2026-10-07T02:56:57+00:00,sapmachine-27+26,340482411,True,sapmachine-jdk-27-ea.26_linux-x64-musl_bin-symbols.tar.gz,alpine,x64,jdk,1
2026-10-07T02:56:57+00:00,sapmachine-27+26,340482411,True,sapmachine-jdk-27-ea.26_linux-x64_bin.tar.gz,linux,x64,jdk,144
2026-10-07T02:56:57+00:00,sapmachine-27+26,340482411,True,sapmachine-jre-27-ea.26_linux-x64_bin.tar.gz,linux,x64,jre,144
2026-10-07T02:56:57+00:00,sapmachine-27+26,340482411,True,sapmachine-jdk-27-ea.26_linux-x64_bin-symbols.tar.gz,linux,x64,jdk,1
2026-10-07T02:56:57+00:00,sapmachine-28+2,340481979,True,sapmachine-jdk-28-ea.2_macos-aarch64_bin.tar.gz,macos,aarch64,jdk,147
2026-10-07T02:56:57+00:00,sapmachine-28+2,340481979,True,sapmachine-jre-28-ea.2_macos-aarch64_bin.tar.gz,macos,aarch64,jre,145
2026-10-07T02:56:57+00:00,sapmachine-28+2,340481979,True,sapmachine-jdk-28-ea.2_macos-aarch64_bin-symbols.tar.gz,macos,aarch64,jdk,3
2026-10-07T02:56:57+00:00,sapmachine-28+2,340481979,True,sapmachine-jdk-28-ea.2_macos-aarch64_bin.dmg,macos,aarch64,jdk,152
2026-10-07T02:56:57+00:00,sapmachine-28+2,340481979,True,sapmachine-jre-28-ea.2_macos-aarch64_bin.dmg,macos,aarch64,jre,146
2026-10-07T02:56:57+00:00,sapmachine-28+2,340481979,True,sapmachine-jdk-28-ea.2_linux-aarch64_bin.tar.gz,linux,aarch64,jdk,139
2026-10-07T02:56:57+00:00,sapmachine-28+2,340481979,True,sapmachine-jre-28-ea.2_linux-aarch64_bin.tar.gz,linux,aarch64,jre,142
2026-10-07T02:56:57+00:00,sapmachine-28+2,340481979,True,sapmachine-jdk-28-ea.2_linux-aarch64_bin-symbols.tar.gz,linux,aarch64,jdk,1
2026-10-07T02:56:57+00:00,sapmachine-28+2,340481979,True,sapmachine-jdk-28-ea.2_aix-ppc64_bin.tar.gz,aix,ppc64,jdk,144
2026-10-07T02:56:57+00:00,sapmachine-28+2,340481979,True,sapmachine-jre-28-ea.2_aix-ppc64_bin.tar.gz,aix,ppc64,jre,142
2026-10-07T02:56:57+00:00,sapmachine-28+2,340481979,True,sapmachine-jdk-28-ea.2_aix-ppc64_bin-symbols.tar.gz,aix,ppc64,jdk,1
2026-10-07T02:56:57+00:00,sapmachine-28+2,340481979,True,sapmachine-jdk-28-ea.2_linux-ppc64le_bin.tar.gz,linux,ppc64,jdk,139
2026-10-07T02:56:57+00:00,sapmachine-28+2,340481979,True,sapmachine-jre-28-ea.2_linux-ppc64le_bin.tar.gz,linux,ppc64,jre,139
2026-10-07T02:56:57+00:00,sapmachine-28+2,340481979,True,sapmachine-jdk-28-ea.2_linux-ppc64le_bin-symbols.tar.gz,linux,ppc64,jdk,1
2026-10-07T02:56:57+00:00,sapmachine-28+2,340481979,True,sapmachine-jdk-28-ea.2_windows-x64_bin.zip,windows,x64,jdk,140
2026-10-07T02:56:57+00:00,sapmachine-28+2,340481979,True,sapmachine-jre-28-ea.2_windows-x64_bin.zip,windows,x64,jre,142
2026-10-07T02:56:57+00:00,sapmachine-28+2,340481979,True,sapmachine-jdk-28-ea.2_windows-x64_bin-symbols.tar.gz,windows,x64,jdk,1
2026-10-07T02:56:57+00:00,sapmachine-28+2,340481979,True,sapmachine-jdk-28-ea.2_linux-x64-musl_bin.tar.gz,alpine,x64,jdk,146
2026-10-07T02:56:57+00:00,sapmachine-28+2,340481979,True,sapmachine-jre-28-ea.2_linux-x64-musl_bin.tar.gz,alpine,x64,jre,147
2026-10-07T02:56:57+00:00,sapmachine-28+2,340481979,True,sapmachine-jdk-28-ea.2_linux-x64-musl_bin-symbols.tar.gz,alpine,x64,jdk,1
2026-10-07T02:56:57+00:00,sapmachine-28+2,340481979,True,sapmachine-jdk-28-ea.2_linux-x64_bin.tar.gz,linux,x64,jdk,136
2026-10-07T02:56:57+00:00,sapmachine-28+2,340481979,True,sapmachine-jre-28-ea.2_linux-x64_bin.tar.gz,linux,x64,jre,139
2026-10-07T02:56:57+00:00,sapmachine-28+2,340481979,True,sapmachine-jdk-28-ea.2_linux-x64_bin-symbols.tar.gz,linux,x64,jdk,1
2026-10-07T02:56:57+00:00,sapmachine-17.0.20+6,338866805,True,sapmachine-jdk-17.0.20-ea.6_linux-x64-musl_bin.tar.gz,alpine,x64,jdk,153
2026-10-07T02:56:57+00:00,sapmachine-17.0.20+6,338866805,True,sapmachine-jre-17.0.20-ea.6_linux-x64-musl_bin.tar.gz,alpine,x64,jre,147
2026-10-07T02:56:57+00:00,sapmachine-17.0.20+6,338866805,True,sapmachine-jdk-17.0.20-ea.6_linux-x64-musl_bin-symbols.tar.gz,alpine,x64,jdk,2
2026-10-07T02:56:57+00:00,sapmachine-17.0.20+6,338866805,True,sapmachine-jdk-17.0.20-ea.6_linux-x64_bin.tar.gz,linux,x64,jdk,756
2026-10-07T02:56:57+00:00,sapmachine-17.0.20+6,338866805,True,sapmachine-jre-17.0.20-ea.6_linux-x64_bin.tar.gz,linux,x64,jre,154
2026-10-07T02:56:57+00:00,sapmachine-17.0.20+6,338866805,True,sapmachine-jdk-17.0.20-ea.6_linux-x64_bin-symbols.tar.gz,linux,x64,jdk,2
2026-10-07T02:56:57+00:00,sapmachine-17.0.20+6,338866805,True,sapmachine-jdk-17.0.20-ea.6_linux-aarch64_bin.tar.gz,linux,aarch64,jdk,154
2026-10-07T02:56:57+00:00,sapmachine-17.0.20+6,338866805,True,sapmachine-jre-17.0.20-ea.6_linux-aarch64_bin.tar.gz,linux,aarch64,jre,153
2026-10-07T02:56:57+00:00,sapmachine-17.0.20+6,338866805,True,sapmachine-jdk-17.0.20-ea.6_linux-aarch64_bin-symbols.tar.gz,linux,aarch64,jdk,1
2026-10-07T02:56:57+00:00,sapmachine-17.0.20+6,338866805,True,sapmachine-jdk-17.0.20-ea.6_linux-ppc64le_bin.tar.gz,linux,ppc64,jdk,157
2026-10-07T02:56:57+00:00,sapmachine-17.0.20+6,338866805,True,sapmachine-jre-17.0.20-ea.6_linux-ppc64le_bin.tar.gz,linux,ppc64,jre,152
2026-10-07T02:56:57+00:00,sapmachine-17.0.20+6,338866805,True,sapmachine-jdk-17.0.20-ea.6_linux-ppc64le_bin-symbols.tar.gz,linux,ppc64,jdk,1
2026-10-07T02:56:57+00:00,sapmachine-17.0.20+6,338866805,True,sapmachine-jdk-17.0.20-ea.6_macos-x64_bin.tar.gz,macos,x64,jdk,149
2026-10-07T02:56:57+00:00,sapmachine-17.0.20+6,338866805,True,sapmachine-jre-17.0.20-ea.6_macos-x64_bin.tar.gz,macos,x64,jre,151
2026-10-07T02:56:57+00:00,sapmachine-17.0.20+6,338866805,True,sapmachine-jdk-17.0.20-ea.6_macos-x64_bin-symbols.tar.gz,macos,x64,jdk,1
2026-10-07T02:56:57+00:00,sapmachine-17.0.20+6,338866805,True,sapmachine-jdk-17.0.20-ea.6_macos-x64_bin.dmg,macos,x64,jdk,155
2026-10-07T02:56:57+00:00,sapmachine-17.0.20+6,338866805,True,sapmachine-jre-17.0.20-ea.6_macos-x64_bin.dmg,macos,x64,jre,151
2026-10-07T02:56:57+00:00,sapmachine-17.0.20+6,338866805,True,sapmachine-jdk-17.0.20-ea.6_windows-x64_bin.zip,windows,x64,jdk,741
2026-10-07T02:56:57+00:00,sapmachine-17.0.20+6,338866805,True,sapmachine-jre-17.0.20-ea.6_windows-x64_bin.zip,windows,x64,jre,157
2026-10-07T02:56:57+00:00,sapmachine-17.0.20+6,338866805,True,sapmachine-jdk-17.0.20-ea.6_windows-x64_bin-symbols.tar.gz,windows,x64,jdk,1
2026-10-07T02:56:57+00:00,sapmachine-17.0.20+6,338866805,True,sapmachine-jdk-17.0.20-ea.6_macos-aarch64_bin.tar.gz,macos,aarch64,jdk,1095
2026-10-07T02:56:57+00:00,sapmachine-17.0.20+6,338866805,True,sapmachine-jre-17.0.20-ea.6_macos-aarch64_bin.tar.gz,macos,aarch64,jre,151
2026-10-07T02:56:57+00:00,sapmachine-17.0.20+6,338866805,True,sapmachine-jdk-17.0.20-ea.6_macos-aarch64_bin-symbols.tar.gz,macos,aarch64,jdk,1
2026-10-07T02:56:57+00:00,sapmachine-17.0.20+6,338866805,True,sapmachine-jdk-17.0.20-ea.6_macos-aarch64_bin.dmg,macos,aarch64,jdk,160
2026-10-07T02:56:57+00:00,sapmachine-17.0.20+6,338866805,True,sapmachine-jre-17.0.20-ea.6_macos-aarch64_bin.dmg,macos,aarch64,jre,149
2026-10-07T02:56:57+00:00,sapmachine-21.0.12+6,338333512,True,sapmachine-jdk-21.0.12-ea.6_linux-x64-musl_bin.tar.gz,alpine,x64,jdk,154
2026-10-07T02:56:57+00:00,sapmachine-21.0.12+6,338333512,True,sapmachine-jre-21.0.12-ea.6_linux-x64-musl_bin.tar.gz,alpine,x64,jre,155
2026-10-07T02:56:57+00:00,sapmachine-21.0.12+6,338333512,True,sapmachine-jdk-21.0.12-ea.6_linux-x64-musl_bin-symbols.tar.gz,alpine,x64,jdk,2
2026-10-07T02:56:57+00:00,sapmachine-21.0.12+6,338333512,True,sapmachine-jdk-21.0.12-ea.6_linux-x64_bin.tar.gz,linux,x64,jdk,888
2026-10-07T02:56:57+00:00,sapmachine-21.0.12+6,338333512,True,sapmachine-jre-21.0.12-ea.6_linux-x64_bin.tar.gz,linux,x64,jre,160
2026-10-07T02:56:57+00:00,sapmachine-21.0.12+6,338333512,True,sapmachine-jdk-21.0.12-ea.6_linux-x64_bin-symbols.tar.gz,linux,x64,jdk,2
2026-10-07T02:56:57+00:00,sapmachine-21.0.12+6,338333512,True,sapmachine-jdk-21.0.12-ea.6_macos-aarch64_bin.tar.gz,macos,aarch64,jdk,986
2026-10-07T02:56:57+00:00,sapmachine-21.0.12+6,338333512,True,sapmachine-jre-21.0.12-ea.6_macos-aarch64_bin.tar.gz,macos,aarch64,jre,163
2026-10-07T02:56:57+00:00,sapmachine-21.0.12+6,338333512,True,sapmachine-jdk-21.0.12-ea.6_macos-aarch64_bin-symbols.tar.gz,macos,aarch64,jdk,2
2026-10-07T02:56:57+00:00,sapmachine-21.0.12+6,338333512,True,sapmachine-jdk-21.0.12-ea.6_macos-aarch64_bin.dmg,macos,aarch64,jdk,159
2026-10-07T02:56:57+00:00,sapmachine-21.0.12+6,338333512,True,sapmachine-jre-21.0.12-ea.6_macos-aarch64_bin.dmg,macos,aarch64,jre,161
2026-10-07T02:56:57+00:00,sapmachine-21.0.12+6,338333512,True,sapmachine-jdk-21.0.12-ea.6_macos-x64_bin.tar.gz,macos,x64,jdk,158
2026-10-07T02:56:57+00:00,sapmachine-21.0.12+6,338333512,True,sapmachine-jre-21.0.12-ea.6_macos-x64_bin.tar.gz,macos,x64,jre,157
2026-10-07T02:56:57+00:00,sapmachine-21.0.12+6,338333512,True,sapmachine-jdk-21.0.12-ea.6_macos-x64_bin-symbols.tar.gz,macos,x64,jdk,1
2026-10-07T02:56:57+00:00,sapmachine-21.0.12+6,338333512,True,sapmachine-jdk-21.0.12-ea.6_macos-x64_bin.dmg,macos,x64,jdk,156
2026-10-07T02:56:57+00:00,sapmachine-21.0.12+6,338333512,True,sapmachine-jre-21.0.12-ea.6_macos-x64_bin.dmg,macos,x64,jre,156
2026-10-07T02:56:57+00:00,sapmachine-21.0.12+6,338333512,True,sapmachine-jdk-21.0.12-ea.6_aix-ppc64_bin.tar.gz,aix,ppc64,jdk,154
2026-10-07T02:56:57+00:00,sapmachine-21.0.12+6,338333512,True,sapmachine-jre-21.0.12-ea.6_aix-ppc64_bin.tar.gz,aix,ppc64,jre,157
2026-10-07T02:56:57+00:00,sapmachine-21.0.12+6,338333512,True,sapmachine-jdk-21.0.12-ea.6_aix-ppc64_bin-symbols.tar.gz,aix,ppc64,jdk,1
2026-10-07T02:56:57+00:00,sapmachine-21.0.12+6,338333512,True,sapmachine-jdk-21.0.12-ea.6_linux-ppc64le_bin.tar.gz,linux,ppc64,jdk,160
2026-10-07T02:56:57+00:00,sapmachine-21.0.12+6,338333512,True,sapmachine-jre-21.0.12-ea.6_linux-ppc64le_bin.tar.gz,linux,ppc64,jre,160
2026-10-07T02:56:57+00:00,sapmachine-21.0.12+6,338333512,True,sapmachine-jdk-21.0.12-ea.6_linux-ppc64le_bin-symbols.tar.gz,linux,ppc64,jdk,1
2026-10-07T02:56:57+00:00,sapmachine-21.0.12+6,338333512,True,sapmachine-jdk-21.0.12-ea.6_linux-aarch64_bin.tar.gz,linux,aarch64,jdk,161
2026-10-07T02:56:57+00:00,sapmachine-21.0.12+6,338333512,True,sapmachine-jre-21.0.12-ea.6_linux-aarch64_bin.tar.gz,linux,aarch64,jre,158
2026-10-07T02:56:57+00:00,sapmachine-21.0.12+6,338333512,True,sapmachine-jdk-21.0.12-ea.6_linux-aarch64_bin-symbols.tar.gz,linux,aarch64,jdk,1
2026-10-07T02:56:57+00:00,sapmachine-21.0.12+6,338333512,True,sapmachine-jdk-21.0.12-ea.6_windows-x64_bin.zip,windows,x64,jdk,860
2026-10-07T02:56:57+00:00,sapmachine-21.0.12+6,338333512,True,sapmachine-jre-21.0.12-ea.6_windows-x64_bin.zip,windows,x64,jre,157
2026-10-07T02:56:57+00:00,sapmachine-21.0.12+6,338333512,True,sapmachine-jdk-21.0.12-ea.6_windows-x64_bin-symbols.tar.gz,windows,x64,jdk,1
2026-10-07T02:56:57+00:00,sapmachine-25.0.4+5,338326997,True,sapmachine-jdk-25.0.4-ea.5_aix-ppc64_bin.tar.gz,aix,ppc64,jdk,158
2026-10-07T02:56:57+00:00,sapmachine-25.0.4+5,338326997,True,sapmachine-jre-25.0.4-ea.5_aix-ppc64_bin.tar.gz,aix,ppc64,jre,157
2026-10-07T02:56:57+00:00,sapmachine-25.0.4+5,338326997,True,sapmachine-jdk-25.0.4-ea.5_aix-ppc64_bin-symbols.tar.gz,aix,ppc64,jdk,1
2026-10-07T02:56:57+00:00,sapmachine-25.0.4+5,338326997,True,sapmachine-jdk-25.0.4-ea.5_linux-x64-musl_bin.tar.gz,alpine,x64,jdk,155
2026-10-07T02:56:57+00:00,sapmachine-25.0.4+5,338326997,True,sapmachine-jre-25.0.4-ea.5_linux-x64-musl_bin.tar.gz,alpine,x64,jre,156
2026-10-07T02:56:57+00:00,sapmachine-25.0.4+5,338326997,True,sapmachine-jdk-25.0.4-ea.5_linux-x64-musl_bin-symbols.tar.gz,alpine,x64,jdk,1
2026-10-07T02:56:57+00:00,sapmachine-25.0.4+5,338326997,True,sapmachine-jdk-25.0.4-ea.5_linux-x64_bin.tar.gz,linux,x64,jdk,181
2026-10-07T02:56:57+00:00,sapmachine-25.0.4+5,338326997,True,sapmachine-jre-25.0.4-ea.5_linux-x64_bin.tar.gz,linux,x64,jre,163
2026-10-07T02:56:57+00:00,sapmachine-25.0.4+5,338326997,True,sapmachine-jdk-25.0.4-ea.5_linux-x64_bin-symbols.tar.gz,linux,x64,jdk,1
2026-10-07T02:56:57+00:00,sapmachine-25.0.4+5,338326997,True,sapmachine-jdk-25.0.4-ea.5_linux-ppc64le_bin.tar.gz,linux,ppc64,jdk,162
2026-10-07T02:56:57+00:00,sapmachine-25.0.4+5,338326997,True,sapmachine-jre-25.0.4-ea.5_linux-ppc64le_bin.tar.gz,linux,ppc64,jre,159
2026-10-07T02:56:57+00:00,sapmachine-25.0.4+5,338326997,True,sapmachine-jdk-25.0.4-ea.5_linux-ppc64le_bin-symbols.tar.gz,linux,ppc64,jdk,1
2026-10-07T02:56:57+00:00,sapmachine-25.0.4+5,338326997,True,sapmachine-jdk-25.0.4-ea.5_linux-aarch64_bin.tar.gz,linux,aarch64,jdk,157
2026-10-07T02:56:57+00:00,sapmachine-25.0.4+5,338326997,True,sapmachine-jre-25.0.4-ea.5_linux-aarch64_bin.tar.gz,linux,aarch64,jre,161
2026-10-07T02:56:57+00:00,sapmachine-25.0.4+5,338326997,True,sapmachine-jdk-25.0.4-ea.5_linux-aarch64_bin-symbols.tar.gz,linux,aarch64,jdk,1
2026-10-07T02:56:57+00:00,sapmachine-25.0.4+5,338326997,True,sapmachine-jdk-25.0.4-ea.5_windows-x64_bin.zip,windows,x64,jdk,166
2026-10-07T02:56:57+00:00,sapmachine-25.0.4+5,338326997,True,sapmachine-jre-25.0.4-ea.5_windows-x64_bin.zip,windows,x64,jre,160
2026-10-07T02:56:57+00:00,sapmachine-25.0.4+5,338326997,True,sapmachine-jdk-25.0.4-ea.5_windows-x64_bin-symbols.tar.gz,windows,x64,jdk,1
2026-10-07T02:56:57+00:00,sapmachine-25.0.4+5,338326997,True,sapmachine-jdk-25.0.4-ea.5_macos-aarch64_bin.tar.gz,macos,aarch64,jdk,162
2026-10-07T02:56:57+00:00,sapmachine-25.0.4+5,338326997,True,sapmachine-jre-25.0.4-ea.5_macos-aarch64_bin.tar.gz,macos,aarch64,jre,156
2026-10-07T02:56:57+00:00,sapmachine-25.0.4+5,338326997,True,sapmachine-jdk-25.0.4-ea.5_macos-aarch64_bin-symbols.tar.gz,macos,aarch64,jdk,1
2026-10-07T02:56:57+00:00,sapmachine-25.0.4+5,338326997,True,sapmachine-jdk-25.0.4-ea.5_macos-aarch64_bin.dmg,macos,aarch64,jdk,158
2026-10-07T02:56:57+00:00,sapmachine-25.0.4+5,338326997,True,sapmachine-jre-25.0.4-ea.5_macos-aarch64_bin.dmg,macos,aarch64,jre,156
2026-10-07T02:56:57+00:00,sapmachine-28+1,338325526,True,sapmachine-jdk-28-ea.1_macos-aarch64_bin.tar.gz,macos,aarch64,jdk,153
2026-10-07T02:56:57+00:00,sapmachine-28+1,338325526,True,sapmachine-jre-28-ea.1_macos-aarch64_bin.tar.gz,macos,aarch64,jre,153
2026-10-07T02:56:57+00:00,sapmachine-28+1,338325526,True,sapmachine-jdk-28-ea.1_macos-aarch64_bin-symbols.tar.gz,macos,aarch64,jdk,2
2026-10-07T02:56:57+00:00,sapmachine-28+1,338325526,True,sapmachine-jdk-28-ea.1_macos-aarch64_bin.dmg,macos,aarch64,jdk,150
2026-10-07T02:56:57+00:00,sapmachine-28+1,338325526,True,sapmachine-jre-28-ea.1_macos-aarch64_bin.dmg,macos,aarch64,jre,155
2026-10-07T02:56:57+00:00,sapmachine-28+1,338325526,True,sapmachine-jdk-28-ea.1_linux-x64-musl_bin.tar.gz,alpine,x64,jdk,154
2026-10-07T02:56:57+00:00,sapmachine-28+1,338325526,True,sapmachine-jre-28-ea.1_linux-x64-musl_bin.tar.gz,alpine,x64,jre,157
2026-10-07T02:56:57+00:00,sapmachine-28+1,338325526,True,sapmachine-jdk-28-ea.1_linux-x64-musl_bin-symbols.tar.gz,alpine,x64,jdk,2
2026-10-07T02:56:57+00:00,sapmachine-28+1,338325526,True,sapmachine-jdk-28-ea.1_linux-x64_bin.tar.gz,linux,x64,jdk,156
2026-10-07T02:56:57+00:00,sapmachine-28+1,338325526,True,sapmachine-jre-28-ea.1_linux-x64_bin.tar.gz,linux,x64,jre,156
2026-10-07T02:56:57+00:00,sapmachine-28+1,338325526,True,sapmachine-jdk-28-ea.1_linux-x64_bin-symbols.tar.gz,linux,x64,jdk,1
2026-10-07T02:56:57+00:00,sapmachine-28+1,338325526,True,sapmachine-jdk-28-ea.1_linux-aarch64_bin.tar.gz,linux,aarch64,jdk,157
2026-10-07T02:56:57+00:00,sapmachine-28+1,338325526,True,sapmachine-jre-28-ea.1_linux-aarch64_bin.tar.gz,linux,aarch64,jre,156
2026-10-07T02:56:57+00:00,sapmachine-28+1,338325526,True,sapmachine-jdk-28-ea.1_linux-aarch64_bin-symbols.tar.gz,linux,aarch64,jdk,1
2026-10-07T02:56:57+00:00,sapmachine-28+1,338325526,True,sapmachine-jdk-28-ea.1_linux-ppc64le_bin.tar.gz,linux,ppc64,jdk,156
2026-10-07T02:56:57+00:00,sapmachine-28+1,338325526,True,sapmachine-jre-28-ea.1_linux-ppc64le_bin.tar.gz,linux,ppc64,jre,155
2026-10-07T02:56:57+00:00,sapmachine-28+1,338325526,True,sapmachine-jdk-28-ea.1_linux-ppc64le_bin-symbols.tar.gz,linux,ppc64,jdk,1
2026-10-07T02:56:57+00:00,sapmachine-28+1,338325526,True,sapmachine-jdk-28-ea.1_aix-ppc64_bin.tar.gz,aix,ppc64,jdk,149
2026-10-07T02:56:57+00:00,sapmachine-28+1,338325526,True,sapmachine-jre-28-ea.1_aix-ppc64_bin.tar.gz,aix,ppc64,jre,151
2026-10-07T02:56:57+00:00,sapmachine-28+1,338325526,True,sapmachine-jdk-28-ea.1_aix-ppc64_bin-symbols.tar.gz,aix,ppc64,jdk,1
2026-10-07T02:56:57+00:00,sapmachine-28+1,338325526,True,sapmachine-jdk-28-ea.1_windows-x64_bin.zip,windows,x64,jdk,153
2026-10-07T02:56:57+00:00,sapmachine-28+1,338325526,True,sapmachine-jre-28-ea.1_windows-x64_bin.zip,windows,x64,jre,156
2026-10-07T02:56:57+00:00,sapmachine-28+1,338325526,True,sapmachine-jdk-28-ea.1_windows-x64_bin-symbols.tar.gz,windows,x64,jdk,1
2026-10-07T02:56:57+00:00,sapmachine-17.0.20+5,336315864,True,sapmachine-jdk-17.0.20-ea.5_linux-x64_bin.tar.gz,linux,x64,jdk,293
2026-10-07T02:56:57+00:00,sapmachine-17.0.20+5,336315864,True,sapmachine-jre-17.0.20-ea.5_linux-x64_bin.tar.gz,linux,x64,jre,159
2026-10-07T02:56:57+00:00,sapmachine-17.0.20+5,336315864,True,sapmachine-jdk-17.0.20-ea.5_linux-x64_bin-symbols.tar.gz,linux,x64,jdk,2
2026-10-07T02:56:57+00:00,sapmachine-17.0.20+5,336315864,True,sapmachine-jdk-17.0.20-ea.5_linux-x64-musl_bin.tar.gz,alpine,x64,jdk,155
2026-10-07T02:56:57+00:00,sapmachine-17.0.20+5,336315864,True,sapmachine-jre-17.0.20-ea.5_linux-x64-musl_bin.tar.gz,alpine,x64,jre,152
2026-10-07T02:56:57+00:00,sapmachine-17.0.20+5,336315864,True,sapmachine-jdk-17.0.20-ea.5_linux-x64-musl_bin-symbols.tar.gz,alpine,x64,jdk,2
2026-10-07T02:56:57+00:00,sapmachine-17.0.20+5,336315864,True,sapmachine-jdk-17.0.20-ea.5_linux-ppc64le_bin.tar.gz,linux,ppc64,jdk,155
2026-10-07T02:56:57+00:00,sapmachine-17.0.20+5,336315864,True,sapmachine-jre-17.0.20-ea.5_linux-ppc64le_bin.tar.gz,linux,ppc64,jre,158
2026-10-07T02:56:57+00:00,sapmachine-17.0.20+5,336315864,True,sapmachine-jdk-17.0.20-ea.5_linux-ppc64le_bin-symbols.tar.gz,linux,ppc64,jdk,1
2026-10-07T02:56:57+00:00,sapmachine-17.0.20+5,336315864,True,sapmachine-jdk-17.0.20-ea.5_macos-aarch64_bin.tar.gz,macos,aarch64,jdk,483
2026-10-07T02:56:57+00:00,sapmachine-17.0.20+5,336315864,True,sapmachine-jre-17.0.20-ea.5_macos-aarch64_bin.tar.gz,macos,aarch64,jre,155
2026-10-07T02:56:57+00:00,sapmachine-17.0.20+5,336315864,True,sapmachine-jdk-17.0.20-ea.5_macos-aarch64_bin-symbols.tar.gz,macos,aarch64,jdk,1
2026-10-07T02:56:57+00:00,sapmachine-17.0.20+5,336315864,True,sapmachine-jdk-17.0.20-ea.5_macos-aarch64_bin.dmg,macos,aarch64,jdk,154
2026-10-07T02:56:57+00:00,sapmachine-17.0.20+5,336315864,True,sapmachine-jre-17.0.20-ea.5_macos-aarch64_bin.dmg,macos,aarch64,jre,154
2026-10-07T02:56:57+00:00,sapmachine-17.0.20+5,336315864,True,sapmachine-jdk-17.0.20-ea.5_linux-aarch64_bin.tar.gz,linux,aarch64,jdk,158
2026-10-07T02:56:57+00:00,sapmachine-17.0.20+5,336315864,True,sapmachine-jre-17.0.20-ea.5_linux-aarch64_bin.tar.gz,linux,aarch64,jre,155
2026-10-07T02:56:57+00:00,sapmachine-17.0.20+5,336315864,True,sapmachine-jdk-17.0.20-ea.5_linux-aarch64_bin-symbols.tar.gz,linux,aarch64,jdk,1
2026-10-07T02:56:57+00:00,sapmachine-17.0.20+5,336315864,True,sapmachine-jdk-17.0.20-ea.5_windows-x64_bin.zip,windows,x64,jdk,286
2026-10-07T02:56:57+00:00,sapmachine-17.0.20+5,336315864,True,sapmachine-jre-17.0.20-ea.5_windows-x64_bin.zip,windows,x64,jre,158
2026-10-07T02:56:57+00:00,sapmachine-17.0.20+5,336315864,True,sapmachine-jdk-17.0.20-ea.5_windows-x64_bin-symbols.tar.gz,windows,x64,jdk,2
2026-10-07T02:56:57+00:00,sapmachine-17.0.20+5,336315864,True,sapmachine-jdk-17.0.20-ea.5_macos-x64_bin.tar.gz,macos,x64,jdk,152
2026-10-07T02:56:57+00:00,sapmachine-17.0.20+5,336315864,True,sapmachine-jre-17.0.20-ea.5_macos-x64_bin.tar.gz,macos,x64,jre,151
2026-10-07T02:56:57+00:00,sapmachine-17.0.20+5,336315864,True,sapmachine-jdk-17.0.20-ea.5_macos-x64_bin-symbols.tar.gz,macos,x64,jdk,1
2026-10-07T02:56:57+00:00,sapmachine-17.0.20+5,336315864,True,sapmachine-jdk-17.0.20-ea.5_macos-x64_bin.dmg,macos,x64,jdk,151
2026-10-07T02:56:57+00:00,sapmachine-17.0.20+5,336315864,True,sapmachine-jre-17.0.20-ea.5_macos-x64_bin.dmg,macos,x64,jre,151
2026-10-07T02:56:57+00:00,sapmachine-21.0.12+5,336313636,True,sapmachine-jdk-21.0.12-ea.5_aix-ppc64_bin.tar.gz,aix,ppc64,jdk,155
2026-10-07T02:56:57+00:00,sapmachine-21.0.12+5,336313636,True,sapmachine-jre-21.0.12-ea.5_aix-ppc64_bin.tar.gz,aix,ppc64,jre,155
2026-10-07T02:56:57+00:00,sapmachine-21.0.12+5,336313636,True,sapmachine-jdk-21.0.12-ea.5_aix-ppc64_bin-symbols.tar.gz,aix,ppc64,jdk,2
2026-10-07T02:56:57+00:00,sapmachine-21.0.12+5,336313636,True,sapmachine-jdk-21.0.12-ea.5_linux-x64-musl_bin.tar.gz,alpine,x64,jdk,154
2026-10-07T02:56:57+00:00,sapmachine-21.0.12+5,336313636,True,sapmachine-jre-21.0.12-ea.5_linux-x64-musl_bin.tar.gz,alpine,x64,jre,154
2026-10-07T02:56:57+00:00,sapmachine-21.0.12+5,336313636,True,sapmachine-jdk-21.0.12-ea.5_linux-x64-musl_bin-symbols.tar.gz,alpine,x64,jdk,2
2026-10-07T02:56:57+00:00,sapmachine-21.0.12+5,336313636,True,sapmachine-jdk-21.0.12-ea.5_linux-x64_bin.tar.gz,linux,x64,jdk,230
2026-10-07T02:56:57+00:00,sapmachine-21.0.12+5,336313636,True,sapmachine-jre-21.0.12-ea.5_linux-x64_bin.tar.gz,linux,x64,jre,158
2026-10-07T02:56:57+00:00,sapmachine-21.0.12+5,336313636,True,sapmachine-jdk-21.0.12-ea.5_linux-x64_bin-symbols.tar.gz,linux,x64,jdk,1
2026-10-07T02:56:57+00:00,sapmachine-21.0.12+5,336313636,True,sapmachine-jdk-21.0.12-ea.5_macos-aarch64_bin.tar.gz,macos,aarch64,jdk,270
2026-10-07T02:56:57+00:00,sapmachine-21.0.12+5,336313636,True,sapmachine-jre-21.0.12-ea.5_macos-aarch64_bin.tar.gz,macos,aarch64,jre,160
2026-10-07T02:56:57+00:00,sapmachine-21.0.12+5,336313636,True,sapmachine-jdk-21.0.12-ea.5_macos-aarch64_bin-symbols.tar.gz,macos,aarch64,jdk,1
2026-10-07T02:56:57+00:00,sapmachine-21.0.12+5,336313636,True,sapmachine-jdk-21.0.12-ea.5_macos-aarch64_bin.dmg,macos,aarch64,jdk,151
2026-10-07T02:56:57+00:00,sapmachine-21.0.12+5,336313636,True,sapmachine-jre-21.0.12-ea.5_macos-aarch64_bin.dmg,macos,aarch64,jre,154
2026-10-07T02:56:57+00:00,sapmachine-21.0.12+5,336313636,True,sapmachine-jdk-21.0.12-ea.5_linux-ppc64le_bin.tar.gz,linux,ppc64,jdk,157
2026-10-07T02:56:57+00:00,sapmachine-21.0.12+5,336313636,True,sapmachine-jre-21.0.12-ea.5_linux-ppc64le_bin.tar.gz,linux,ppc64,jre,157
2026-10-07T02:56:57+00:00,sapmachine-21.0.12+5,336313636,True,sapmachine-jdk-21.0.12-ea.5_linux-ppc64le_bin-symbols.tar.gz,linux,ppc64,jdk,1
2026-10-07T02:56:57+00:00,sapmachine-21.0.12+5,336313636,True,sapmachine-jdk-21.0.12-ea.5_linux-aarch64_bin.tar.gz,linux,aarch64,jdk,157
2026-10-07T02:56:57+00:00,sapmachine-21.0.12+5,336313636,True,sapmachine-jre-21.0.12-ea.5_linux-aarch64_bin.tar.gz,linux,aarch64,jre,156
2026-10-07T02:56:57+00:00,sapmachine-21.0.12+5,336313636,True,sapmachine-jdk-21.0.12-ea.5_linux-aarch64_bin-symbols.tar.gz,linux,aarch64,jdk,1
2026-10-07T02:56:57+00:00,sapmachine-21.0.12+5,336313636,True,sapmachine-jdk-21.0.12-ea.5_windows-x64_bin.zip,windows,x64,jdk,230
2026-10-07T02:56:57+00:00,sapmachine-21.0.12+5,336313636,True,sapmachine-jre-21.0.12-ea.5_windows-x64_bin.zip,windows,x64,jre,158
2026-10-07T02:56:57+00:00,sapmachine-21.0.12+5,336313636,True,sapmachine-jdk-21.0.12-ea.5_windows-x64_bin-symbols.tar.gz,windows,x64,jdk,1
2026-10-07T02:56:57+00:00,sapmachine-21.0.12+5,336313636,True,sapmachine-jdk-21.0.12-ea.5_macos-x64_bin.tar.gz,macos,x64,jdk,154
2026-10-07T02:56:57+00:00,sapmachine-21.0.12+5,336313636,True,sapmachine-jre-21.0.12-ea.5_macos-x64_bin.tar.gz,macos,x64,jre,151
2026-10-07T02:56:57+00:00,sapmachine-21.0.12+5,336313636,True,sapmachine-jdk-21.0.12-ea.5_macos-x64_bin-symbols.tar.gz,macos,x64,jdk,1
2026-10-07T02:56:57+00:00,sapmachine-21.0.12+5,336313636,True,sapmachine-jdk-21.0.12-ea.5_macos-x64_bin.dmg,macos,x64,jdk,152
2026-10-07T02:56:57+00:00,sapmachine-21.0.12+5,336313636,True,sapmachine-jre-21.0.12-ea.5_macos-x64_bin.dmg,macos,x64,jre,153
2026-10-07T02:56:57+00:00,sapmachine-25.0.4+4,336311152,True,sapmachine-jdk-25.0.4-ea.4_linux-x64_bin.tar.gz,linux,x64,jdk,162
2026-10-07T02:56:57+00:00,sapmachine-25.0.4+4,336311152,True,sapmachine-jre-25.0.4-ea.4_linux-x64_bin.tar.gz,linux,x64,jre,159
2026-10-07T02:56:57+00:00,sapmachine-25.0.4+4,336311152,True,sapmachine-jdk-25.0.4-ea.4_linux-x64_bin-symbols.tar.gz,linux,x64,jdk,2
2026-10-07T02:56:57+00:00,sapmachine-25.0.4+4,336311152,True,sapmachine-jdk-25.0.4-ea.4_macos-aarch64_bin.tar.gz,macos,aarch64,jdk,160
2026-10-07T02:56:57+00:00,sapmachine-25.0.4+4,336311152,True,sapmachine-jre-25.0.4-ea.4_macos-aarch64_bin.tar.gz,macos,aarch64,jre,155
2026-10-07T02:56:57+00:00,sapmachine-25.0.4+4,336311152,True,sapmachine-jdk-25.0.4-ea.4_macos-aarch64_bin-symbols.tar.gz,macos,aarch64,jdk,2
2026-10-07T02:56:57+00:00,sapmachine-25.0.4+4,336311152,True,sapmachine-jdk-25.0.4-ea.4_macos-aarch64_bin.dmg,macos,aarch64,jdk,153
2026-10-07T02:56:57+00:00,sapmachine-25.0.4+4,336311152,True,sapmachine-jre-25.0.4-ea.4_macos-aarch64_bin.dmg,macos,aarch64,jre,155
2026-10-07T02:56:57+00:00,sapmachine-25.0.4+4,336311152,True,sapmachine-jdk-25.0.4-ea.4_aix-ppc64_bin.tar.gz,aix,ppc64,jdk,153
2026-10-07T02:56:57+00:00,sapmachine-25.0.4+4,336311152,True,sapmachine-jre-25.0.4-ea.4_aix-ppc64_bin.tar.gz,aix,ppc64,jre,149
2026-10-07T02:56:57+00:00,sapmachine-25.0.4+4,336311152,True,sapmachine-jdk-25.0.4-ea.4_aix-ppc64_bin-symbols.tar.gz,aix,ppc64,jdk,2
2026-10-07T02:56:57+00:00,sapmachine-25.0.4+4,336311152,True,sapmachine-jdk-25.0.4-ea.4_linux-x64-musl_bin.tar.gz,alpine,x64,jdk,154
2026-10-07T02:56:57+00:00,sapmachine-25.0.4+4,336311152,True,sapmachine-jre-25.0.4-ea.4_linux-x64-musl_bin.tar.gz,alpine,x64,jre,153
2026-10-07T02:56:57+00:00,sapmachine-25.0.4+4,336311152,True,sapmachine-jdk-25.0.4-ea.4_linux-x64-musl_bin-symbols.tar.gz,alpine,x64,jdk,1
2026-10-07T02:56:57+00:00,sapmachine-25.0.4+4,336311152,True,sapmachine-jdk-25.0.4-ea.4_linux-ppc64le_bin.tar.gz,linux,ppc64,jdk,154
2026-10-07T02:56:57+00:00,sapmachine-25.0.4+4,336311152,True,sapmachine-jre-25.0.4-ea.4_linux-ppc64le_bin.tar.gz,linux,ppc64,jre,159
2026-10-07T02:56:57+00:00,sapmachine-25.0.4+4,336311152,True,sapmachine-jdk-25.0.4-ea.4_linux-ppc64le_bin-symbols.tar.gz,linux,ppc64,jdk,1
2026-10-07T02:56:57+00:00,sapmachine-25.0.4+4,336311152,True,sapmachine-jdk-25.0.4-ea.4_linux-aarch64_bin.tar.gz,linux,aarch64,jdk,154
2026-10-07T02:56:57+00:00,sapmachine-25.0.4+4,336311152,True,sapmachine-jre-25.0.4-ea.4_linux-aarch64_bin.tar.gz,linux,aarch64,jre,157
2026-10-07T02:56:57+00:00,sapmachine-25.0.4+4,336311152,True,sapmachine-jdk-25.0.4-ea.4_linux-aarch64_bin-symbols.tar.gz,linux,aarch64,jdk,1
2026-10-07T02:56:57+00:00,sapmachine-25.0.4+4,336311152,True,sapmachine-jdk-25.0.4-ea.4_windows-x64_bin.zip,windows,x64,jdk,158
2026-10-07T02:56:57+00:00,sapmachine-25.0.4+4,336311152,True,sapmachine-jre-25.0.4-ea.4_windows-x64_bin.zip,windows,x64,jre,155
2026-10-07T02:56:57+00:00,sapmachine-25.0.4+4,336311152,True,sapmachine-jdk-25.0.4-ea.4_windows-x64_bin-symbols.tar.gz,windows,x64,jdk,1
2026-10-07T02:56:57+00:00,sapmachine-27+25,336310460,True,sapmachine-jdk-27-ea.25_linux-x64-musl_bin.tar.gz,alpine,x64,jdk,153
2026-10-07T02:56:57+00:00,sapmachine-27+25,336310460,True,sapmachine-jre-27-ea.25_linux-x64-musl_bin.tar.gz,alpine,x64,jre,154
2026-10-07T02:56:57+00:00,sapmachine-27+25,336310460,True,sapmachine-jdk-27-ea.25_linux-x64-musl_bin-symbols.tar.gz,alpine,x64,jdk,2
2026-10-07T02:56:57+00:00,sapmachine-27+25,336310460,True,sapmachine-jdk-27-ea.25_linux-x64_bin.tar.gz,linux,x64,jdk,158
2026-10-07T02:56:57+00:00,sapmachine-27+25,336310460,True,sapmachine-jre-27-ea.25_linux-x64_bin.tar.gz,linux,x64,jre,157
2026-10-07T02:56:57+00:00,sapmachine-27+25,336310460,True,sapmachine-jdk-27-ea.25_linux-x64_bin-symbols.tar.gz,linux,x64,jdk,1
2026-10-07T02:56:57+00:00,sapmachine-27+25,336310460,True,sapmachine-jdk-27-ea.25_linux-ppc64le_bin.tar.gz,linux,ppc64,jdk,154
2026-10-07T02:56:57+00:00,sapmachine-27+25,336310460,True,sapmachine-jre-27-ea.25_linux-ppc64le_bin.tar.gz,linux,ppc64,jre,154
2026-10-07T02:56:57+00:00,sapmachine-27+25,336310460,True,sapmachine-jdk-27-ea.25_linux-ppc64le_bin-symbols.tar.gz,linux,ppc64,jdk,1
2026-10-07T02:56:57+00:00,sapmachine-27+25,336310460,True,sapmachine-jdk-27-ea.25_linux-aarch64_bin.tar.gz,linux,aarch64,jdk,158
2026-10-07T02:56:57+00:00,sapmachine-27+25,336310460,True,sapmachine-jre-27-ea.25_linux-aarch64_bin.tar.gz,linux,aarch64,jre,158
2026-10-07T02:56:57+00:00,sapmachine-27+25,336310460,True,sapmachine-jdk-27-ea.25_linux-aarch64_bin-symbols.tar.gz,linux,aarch64,jdk,1
2026-10-07T02:56:57+00:00,sapmachine-27+25,336310460,True,sapmachine-jdk-27-ea.25_macos-aarch64_bin.tar.gz,macos,aarch64,jdk,159
2026-10-07T02:56:57+00:00,sapmachine-27+25,336310460,True,sapmachine-jre-27-ea.25_macos-aarch64_bin.tar.gz,macos,aarch64,jre,155
2026-10-07T02:56:57+00:00,sapmachine-27+25,336310460,True,sapmachine-jdk-27-ea.25_macos-aarch64_bin-symbols.tar.gz,macos,aarch64,jdk,1
2026-10-07T02:56:57+00:00,sapmachine-27+25,336310460,True,sapmachine-jdk-27-ea.25_macos-aarch64_bin.dmg,macos,aarch64,jdk,159
2026-10-07T02:56:57+00:00,sapmachine-27+25,336310460,True,sapmachine-jre-27-ea.25_macos-aarch64_bin.dmg,macos,aarch64,jre,155
2026-10-07T02:56:57+00:00,sapmachine-27+25,336310460,True,sapmachine-jdk-27-ea.25_windows-x64_bin.zip,windows,x64,jdk,153
2026-10-07T02:56:57+00:00,sapmachine-27+25,336310460,True,sapmachine-jre-27-ea.25_windows-x64_bin.zip,windows,x64,jre,158
2026-10-07T02:56:57+00:00,sapmachine-27+25,336310460,True,sapmachine-jdk-27-ea.25_windows-x64_bin-symbols.tar.gz,windows,x64,jdk,2
2026-10-07T02:56:57+00:00,sapmachine-27+25,336310460,True,sapmachine-jdk-27-ea.25_aix-ppc64_bin.tar.gz,aix,ppc64,jdk,152
2026-10-07T02:56:57+00:00,sapmachine-27+25,336310460,True,sapmachine-jre-27-ea.25_aix-ppc64_bin.tar.gz,aix,ppc64,jre,152
2026-10-07T02:56:57+00:00,sapmachine-27+25,336310460,True,sapmachine-jdk-27-ea.25_aix-ppc64_bin-symbols.tar.gz,aix,ppc64,jdk,1
2026-10-07T02:56:57+00:00,sapmachine-17.0.19,311937447,False,sapmachine-jdk-17.0.19_linux-aarch64_bin-symbols.tar.gz,linux,aarch64,jdk,6
2026-10-07T02:56:57+00:00,sapmachine-17.0.19,311937447,False,sapmachine-jdk-17.0.19_linux-aarch64_bin.tar.gz,linux,aarch64,jdk,1830
2026-10-07T02:56:57+00:00,sapmachine-17.0.19,311937447,False,sapmachine-jdk-17.0.19_linux-ppc64le_bin-symbols.tar.gz,linux,ppc64,jdk,3
2026-10-07T02:56:57+00:00,sapmachine-17.0.19,311937447,False,sapmachine-jdk-17.0.19_linux-ppc64le_bin.tar.gz,linux,ppc64,jdk,326
2026-10-07T02:56:57+00:00,sapmachine-17.0.19,311937447,False,sapmachine-jdk-17.0.19_linux-x64-musl_bin-symbols.tar.gz,alpine,x64,jdk,3
2026-10-07T02:56:57+00:00,sapmachine-17.0.19,311937447,False,sapmachine-jdk-17.0.19_linux-x64-musl_bin.tar.gz,alpine,x64,jdk,3173
2026-10-07T02:56:57+00:00,sapmachine-17.0.19,311937447,False,sapmachine-jdk-17.0.19_linux-x64_bin-symbols.tar.gz,linux,x64,jdk,22
2026-10-07T02:56:57+00:00,sapmachine-17.0.19,311937447,False,sapmachine-jdk-17.0.19_linux-x64_bin.tar.gz,linux,x64,jdk,118024
2026-10-07T02:56:57+00:00,sapmachine-17.0.19,311937447,False,sapmachine-jdk-17.0.19_macos-aarch64_bin-symbols.tar.gz,macos,aarch64,jdk,4
2026-10-07T02:56:57+00:00,sapmachine-17.0.19,311937447,False,sapmachine-jdk-17.0.19_macos-aarch64_bin.dmg,macos,aarch64,jdk,2588
2026-10-07T02:56:57+00:00,sapmachine-17.0.19,311937447,False,sapmachine-jdk-17.0.19_macos-aarch64_bin.tar.gz,macos,aarch64,jdk,27978
2026-10-07T02:56:57+00:00,sapmachine-17.0.19,311937447,False,sapmachine-jdk-17.0.19_macos-x64_bin-symbols.tar.gz,macos,x64,jdk,4
2026-10-07T02:56:57+00:00,sapmachine-17.0.19,311937447,False,sapmachine-jdk-17.0.19_macos-x64_bin.dmg,macos,x64,jdk,1094
2026-10-07T02:56:57+00:00,sapmachine-17.0.19,311937447,False,sapmachine-jdk-17.0.19_macos-x64_bin.tar.gz,macos,x64,jdk,6152
2026-10-07T02:56:57+00:00,sapmachine-17.0.19,311937447,False,sapmachine-jdk-17.0.19_windows-x64_bin-symbols.tar.gz,windows,x64,jdk,3
2026-10-07T02:56:57+00:00,sapmachine-17.0.19,311937447,False,sapmachine-jdk-17.0.19_windows-x64_bin.msi,windows,x64,jdk,1958
2026-10-07T02:56:57+00:00,sapmachine-17.0.19,311937447,False,sapmachine-jdk-17.0.19_windows-x64_bin.zip,windows,x64,jdk,10512
2026-10-07T02:56:57+00:00,sapmachine-17.0.19,311937447,False,sapmachine-jre-17.0.19_linux-aarch64_bin.tar.gz,linux,aarch64,jre,571
2026-10-07T02:56:57+00:00,sapmachine-17.0.19,311937447,False,sapmachine-jre-17.0.19_linux-ppc64le_bin.tar.gz,linux,ppc64,jre,245
2026-10-07T02:56:57+00:00,sapmachine-17.0.19,311937447,False,sapmachine-jre-17.0.19_linux-x64-musl_bin.tar.gz,alpine,x64,jre,266
2026-10-07T02:56:57+00:00,sapmachine-17.0.19,311937447,False,sapmachine-jre-17.0.19_linux-x64_bin.tar.gz,linux,x64,jre,77874
2026-10-07T02:56:57+00:00,sapmachine-17.0.19,311937447,False,sapmachine-jre-17.0.19_macos-aarch64_bin.dmg,macos,aarch64,jre,286
2026-10-07T02:56:57+00:00,sapmachine-17.0.19,311937447,False,sapmachine-jre-17.0.19_macos-aarch64_bin.tar.gz,macos,aarch64,jre,1418
2026-10-07T02:56:57+00:00,sapmachine-17.0.19,311937447,False,sapmachine-jre-17.0.19_macos-x64_bin.dmg,macos,x64,jre,252
2026-10-07T02:56:57+00:00,sapmachine-17.0.19,311937447,False,sapmachine-jre-17.0.19_macos-x64_bin.tar.gz,macos,x64,jre,3439
2026-10-07T02:56:57+00:00,sapmachine-17.0.19,311937447,False,sapmachine-jre-17.0.19_windows-x64_bin.msi,windows,x64,jre,2249
2026-10-07T02:56:57+00:00,sapmachine-17.0.19,311937447,False,sapmachine-jre-17.0.19_windows-x64_bin.zip,windows,x64,jre,3653
2026-10-07T02:56:57+00:00,sapmachine-21.0.11,311934519,False,sapmachine-jdk-21.0.11_aix-ppc64_bin-symbols.tar.gz,aix,ppc64,jdk,4
2026-10-07T02:56:57+00:00,sapmachine-21.0.11,311934519,False,sapmachine-jdk-21.0.11_aix-ppc64_bin.tar.gz,aix,ppc64,jdk,326
2026-10-07T02:56:57+00:00,sapmachine-21.0.11,311934519,False,sapmachine-jdk-21.0.11_linux-aarch64_bin-symbols.tar.gz,linux,aarch64,jdk,4
2026-10-07T02:56:57+00:00,sapmachine-21.0.11,311934519,False,sapmachine-jdk-21.0.11_linux-aarch64_bin.tar.gz,linux,aarch64,jdk,3458
2026-10-07T02:56:57+00:00,sapmachine-21.0.11,311934519,False,sapmachine-jdk-21.0.11_linux-ppc64le_bin-symbols.tar.gz,linux,ppc64,jdk,4
2026-10-07T02:56:57+00:00,sapmachine-21.0.11,311934519,False,sapmachine-jdk-21.0.11_linux-ppc64le_bin.tar.gz,linux,ppc64,jdk,320
2026-10-07T02:56:57+00:00,sapmachine-21.0.11,311934519,False,sapmachine-jdk-21.0.11_linux-x64-musl_bin-symbols.tar.gz,alpine,x64,jdk,4
2026-10-07T02:56:57+00:00,sapmachine-21.0.11,311934519,False,sapmachine-jdk-21.0.11_linux-x64-musl_bin.tar.gz,alpine,x64,jdk,2780
2026-10-07T02:56:57+00:00,sapmachine-21.0.11,311934519,False,sapmachine-jdk-21.0.11_linux-x64_bin-symbols.tar.gz,linux,x64,jdk,6
2026-10-07T02:56:57+00:00,sapmachine-21.0.11,311934519,False,sapmachine-jdk-21.0.11_linux-x64_bin.tar.gz,linux,x64,jdk,211816
2026-10-07T02:56:57+00:00,sapmachine-21.0.11,311934519,False,sapmachine-jdk-21.0.11_macos-aarch64_bin-symbols.tar.gz,macos,aarch64,jdk,6
2026-10-07T02:56:57+00:00,sapmachine-21.0.11,311934519,False,sapmachine-jdk-21.0.11_macos-aarch64_bin.dmg,macos,aarch64,jdk,3343
2026-10-07T02:56:57+00:00,sapmachine-21.0.11,311934519,False,sapmachine-jdk-21.0.11_macos-aarch64_bin.tar.gz,macos,aarch64,jdk,38736
2026-10-07T02:56:57+00:00,sapmachine-21.0.11,311934519,False,sapmachine-jdk-21.0.11_macos-x64_bin-symbols.tar.gz,macos,x64,jdk,6
2026-10-07T02:56:57+00:00,sapmachine-21.0.11,311934519,False,sapmachine-jdk-21.0.11_macos-x64_bin.dmg,macos,x64,jdk,1521
2026-10-07T02:56:57+00:00,sapmachine-21.0.11,311934519,False,sapmachine-jdk-21.0.11_macos-x64_bin.tar.gz,macos,x64,jdk,5241
2026-10-07T02:56:57+00:00,sapmachine-21.0.11,311934519,False,sapmachine-jdk-21.0.11_windows-x64_bin-symbols.tar.gz,windows,x64,jdk,4
2026-10-07T02:56:57+00:00,sapmachine-21.0.11,311934519,False,sapmachine-jdk-21.0.11_windows-x64_bin.msi,windows,x64,jdk,2536
2026-10-07T02:56:57+00:00,sapmachine-21.0.11,311934519,False,sapmachine-jdk-21.0.11_windows-x64_bin.zip,windows,x64,jdk,6772
2026-10-07T02:56:57+00:00,sapmachine-21.0.11,311934519,False,sapmachine-jre-21.0.11_aix-ppc64_bin.tar.gz,aix,ppc64,jre,251
2026-10-07T02:56:57+00:00,sapmachine-21.0.11,311934519,False,sapmachine-jre-21.0.11_linux-aarch64_bin.tar.gz,linux,aarch64,jre,823
2026-10-07T02:56:57+00:00,sapmachine-21.0.11,311934519,False,sapmachine-jre-21.0.11_linux-ppc64le_bin.tar.gz,linux,ppc64,jre,244
2026-10-07T02:56:57+00:00,sapmachine-21.0.11,311934519,False,sapmachine-jre-21.0.11_linux-x64-musl_bin.tar.gz,alpine,x64,jre,252
2026-10-07T02:56:57+00:00,sapmachine-21.0.11,311934519,False,sapmachine-jre-21.0.11_linux-x64_bin.tar.gz,linux,x64,jre,118334
2026-10-07T02:56:57+00:00,sapmachine-21.0.11,311934519,False,sapmachine-jre-21.0.11_macos-aarch64_bin.dmg,macos,aarch64,jre,329
2026-10-07T02:56:57+00:00,sapmachine-21.0.11,311934519,False,sapmachine-jre-21.0.11_macos-aarch64_bin.tar.gz,macos,aarch64,jre,1013
2026-10-07T02:56:57+00:00,sapmachine-21.0.11,311934519,False,sapmachine-jre-21.0.11_macos-x64_bin.dmg,macos,x64,jre,252
2026-10-07T02:56:57+00:00,sapmachine-21.0.11,311934519,False,sapmachine-jre-21.0.11_macos-x64_bin.tar.gz,macos,x64,jre,646
2026-10-07T02:56:57+00:00,sapmachine-21.0.11,311934519,False,sapmachine-jre-21.0.11_windows-x64_bin.msi,windows,x64,jre,874
2026-10-07T02:56:57+00:00,sapmachine-21.0.11,311934519,False,sapmachine-jre-21.0.11_windows-x64_bin.zip,windows,x64,jre,764
2026-10-07T02:56:57+00:00,sapmachine-25.0.3,311931116,False,sapmachine-jdk-25.0.3_aix-ppc64_bin-symbols.tar.gz,aix,ppc64,jdk,5
2026-10-07T02:56:57+00:00,sapmachine-25.0.3,311931116,False,sapmachine-jdk-25.0.3_aix-ppc64_bin.tar.gz,aix,ppc64,jdk,305
2026-10-07T02:56:57+00:00,sapmachine-25.0.3,311931116,False,sapmachine-jdk-25.0.3_linux-aarch64_bin-symbols.tar.gz,linux,aarch64,jdk,4
2026-10-07T02:56:57+00:00,sapmachine-25.0.3,311931116,False,sapmachine-jdk-25.0.3_linux-aarch64_bin.tar.gz,linux,aarch64,jdk,724
2026-10-07T02:56:57+00:00,sapmachine-25.0.3,311931116,False,sapmachine-jdk-25.0.3_linux-ppc64le_bin-symbols.tar.gz,linux,ppc64,jdk,4
2026-10-07T02:56:57+00:00,sapmachine-25.0.3,311931116,False,sapmachine-jdk-25.0.3_linux-ppc64le_bin.tar.gz,linux,ppc64,jdk,300
2026-10-07T02:56:57+00:00,sapmachine-25.0.3,311931116,False,sapmachine-jdk-25.0.3_linux-x64-musl_bin-symbols.tar.gz,alpine,x64,jdk,4
2026-10-07T02:56:57+00:00,sapmachine-25.0.3,311931116,False,sapmachine-jdk-25.0.3_linux-x64-musl_bin.tar.gz,alpine,x64,jdk,425
2026-10-07T02:56:57+00:00,sapmachine-25.0.3,311931116,False,sapmachine-jdk-25.0.3_linux-x64_bin-symbols.tar.gz,linux,x64,jdk,4
2026-10-07T02:56:57+00:00,sapmachine-25.0.3,311931116,False,sapmachine-jdk-25.0.3_linux-x64_bin.tar.gz,linux,x64,jdk,106536
2026-10-07T02:56:57+00:00,sapmachine-25.0.3,311931116,False,sapmachine-jdk-25.0.3_macos-aarch64_bin-symbols.tar.gz,macos,aarch64,jdk,5
2026-10-07T02:56:57+00:00,sapmachine-25.0.3,311931116,False,sapmachine-jdk-25.0.3_macos-aarch64_bin.dmg,macos,aarch64,jdk,1393
2026-10-07T02:56:57+00:00,sapmachine-25.0.3,311931116,False,sapmachine-jdk-25.0.3_macos-aarch64_bin.tar.gz,macos,aarch64,jdk,18963
2026-10-07T02:56:57+00:00,sapmachine-25.0.3,311931116,False,sapmachine-jdk-25.0.3_windows-x64_bin-symbols.tar.gz,windows,x64,jdk,4
2026-10-07T02:56:57+00:00,sapmachine-25.0.3,311931116,False,sapmachine-jdk-25.0.3_windows-x64_bin.msi,windows,x64,jdk,1583
2026-10-07T02:56:57+00:00,sapmachine-25.0.3,311931116,False,sapmachine-jdk-25.0.3_windows-x64_bin.zip,windows,x64,jdk,2244
2026-10-07T02:56:57+00:00,sapmachine-25.0.3,311931116,False,sapmachine-jre-25.0.3_aix-ppc64_bin.tar.gz,aix,ppc64,jre,237
2026-10-07T02:56:57+00:00,sapmachine-25.0.3,311931116,False,sapmachine-jre-25.0.3_linux-aarch64_bin.tar.gz,linux,aarch64,jre,499
2026-10-07T02:56:57+00:00,sapmachine-25.0.3,311931116,False,sapmachine-jre-25.0.3_linux-ppc64le_bin.tar.gz,linux,ppc64,jre,259
2026-10-07T02:56:57+00:00,sapmachine-25.0.3,311931116,False,sapmachine-jre-25.0.3_linux-x64-musl_bin.tar.gz,alpine,x64,jre,248
2026-10-07T02:56:57+00:00,sapmachine-25.0.3,311931116,False,sapmachine-jre-25.0.3_linux-x64_bin.tar.gz,linux,x64,jre,17655
2026-10-07T02:56:57+00:00,sapmachine-25.0.3,311931116,False,sapmachine-jre-25.0.3_macos-aarch64_bin.dmg,macos,aarch64,jre,273
2026-10-07T02:56:57+00:00,sapmachine-25.0.3,311931116,False,sapmachine-jre-25.0.3_macos-aarch64_bin.tar.gz,macos,aarch64,jre,337
2026-10-07T02:56:57+00:00,sapmachine-25.0.3,311931116,False,sapmachine-jre-25.0.3_windows-x64_bin.msi,windows,x64,jre,751
2026-10-07T02:56:57+00:00,sapmachine-25.0.3,311931116,False,sapmachine-jre-25.0.3_windows-x64_bin.zip,windows,x64,jre,412
2026-10-07T02:56:57+00:00,sapmachine-26.0.1,311925109,False,sapmachine-jdk-26.0.1_aix-ppc64_bin-symbols.tar.gz,aix,ppc64,jdk,5
2026-10-07T02:56:57+00:00,sapmachine-26.0.1,311925109,False,sapmachine-jdk-26.0.1_aix-ppc64_bin.tar.gz,aix,ppc64,jdk,402
2026-10-07T02:56:57+00:00,sapmachine-26.0.1,311925109,False,sapmachine-jdk-26.0.1_linux-aarch64_bin-symbols.tar.gz,linux,aarch64,jdk,5
2026-10-07T02:56:57+00:00,sapmachine-26.0.1,311925109,False,sapmachine-jdk-26.0.1_linux-aarch64_bin.tar.gz,linux,aarch64,jdk,549
2026-10-07T02:56:57+00:00,sapmachine-26.0.1,311925109,False,sapmachine-jdk-26.0.1_linux-ppc64le_bin-symbols.tar.gz,linux,ppc64,jdk,4
2026-10-07T02:56:57+00:00,sapmachine-26.0.1,311925109,False,sapmachine-jdk-26.0.1_linux-ppc64le_bin.tar.gz,linux,ppc64,jdk,403
2026-10-07T02:56:57+00:00,sapmachine-26.0.1,311925109,False,sapmachine-jdk-26.0.1_linux-x64-musl_bin-symbols.tar.gz,alpine,x64,jdk,3
2026-10-07T02:56:57+00:00,sapmachine-26.0.1,311925109,False,sapmachine-jdk-26.0.1_linux-x64-musl_bin.tar.gz,alpine,x64,jdk,422
2026-10-07T02:56:57+00:00,sapmachine-26.0.1,311925109,False,sapmachine-jdk-26.0.1_linux-x64_bin-symbols.tar.gz,linux,x64,jdk,3
2026-10-07T02:56:57+00:00,sapmachine-26.0.1,311925109,False,sapmachine-jdk-26.0.1_linux-x64_bin.tar.gz,linux,x64,jdk,3362
2026-10-07T02:56:57+00:00,sapmachine-26.0.1,311925109,False,sapmachine-jdk-26.0.1_macos-aarch64_bin-symbols.tar.gz,macos,aarch64,jdk,5
2026-10-07T02:56:57+00:00,sapmachine-26.0.1,311925109,False,sapmachine-jdk-26.0.1_macos-aarch64_bin.dmg,macos,aarch64,jdk,4081
2026-10-07T02:56:57+00:00,sapmachine-26.0.1,311925109,False,sapmachine-jdk-26.0.1_macos-aarch64_bin.tar.gz,macos,aarch64,jdk,1225
2026-10-07T02:56:57+00:00,sapmachine-26.0.1,311925109,False,sapmachine-jdk-26.0.1_windows-x64_bin-symbols.tar.gz,windows,x64,jdk,3
2026-10-07T02:56:57+00:00,sapmachine-26.0.1,311925109,False,sapmachine-jdk-26.0.1_windows-x64_bin.msi,windows,x64,jdk,4665
2026-10-07T02:56:57+00:00,sapmachine-26.0.1,311925109,False,sapmachine-jdk-26.0.1_windows-x64_bin.zip,windows,x64,jdk,1257
2026-10-07T02:56:57+00:00,sapmachine-26.0.1,311925109,False,sapmachine-jre-26.0.1_aix-ppc64_bin.tar.gz,aix,ppc64,jre,238
2026-10-07T02:56:57+00:00,sapmachine-26.0.1,311925109,False,sapmachine-jre-26.0.1_linux-aarch64_bin.tar.gz,linux,aarch64,jre,359
2026-10-07T02:56:57+00:00,sapmachine-26.0.1,311925109,False,sapmachine-jre-26.0.1_linux-ppc64le_bin.tar.gz,linux,ppc64,jre,244
2026-10-07T02:56:57+00:00,sapmachine-26.0.1,311925109,False,sapmachine-jre-26.0.1_linux-x64-musl_bin.tar.gz,alpine,x64,jre,236
2026-10-07T02:56:57+00:00,sapmachine-26.0.1,311925109,False,sapmachine-jre-26.0.1_linux-x64_bin.tar.gz,linux,x64,jre,635
2026-10-07T02:56:57+00:00,sapmachine-26.0.1,311925109,False,sapmachine-jre-26.0.1_macos-aarch64_bin.dmg,macos,aarch64,jre,269
2026-10-07T02:56:57+00:00,sapmachine-26.0.1,311925109,False,sapmachine-jre-26.0.1_macos-aarch64_bin.tar.gz,macos,aarch64,jre,283
2026-10-07T02:56:57+00:00,sapmachine-26.0.1,311925109,False,sapmachine-jre-26.0.1_windows-x64_bin.msi,windows,x64,jre,1007
2026-10-07T02:56:57+00:00,sapmachine-26.0.1,311925109,False,sapmachine-jre-26.0.1_windows-x64_bin.zip,windows,x64,jre,363
2026-10-07T02:56:57+00:00,sapmachine-26,298302490,False,sapmachine-jdk-26_aix-ppc64_bin-symbols.tar.gz,aix,ppc64,jdk,3
2026-10-07T02:56:57+00:00,sapmachine-26,298302490,False,sapmachine-jdk-26_aix-ppc64_bin.tar.gz,aix,ppc64,jdk,327
2026-10-07T02:56:57+00:00,sapmachine-26,298302490,False,sapmachine-jdk-26_linux-aarch64_bin-symbols.tar.gz,linux,aarch64,jdk,3
2026-10-07T02:56:57+00:00,sapmachine-26,298302490,False,sapmachine-jdk-26_linux-aarch64_bin.tar.gz,linux,aarch64,jdk,339
2026-10-07T02:56:57+00:00,sapmachine-26,298302490,False,sapmachine-jdk-26_linux-ppc64le_bin-symbols.tar.gz,linux,ppc64,jdk,3
2026-10-07T02:56:57+00:00,sapmachine-26,298302490,False,sapmachine-jdk-26_linux-ppc64le_bin.tar.gz,linux,ppc64,jdk,326
2026-10-07T02:56:57+00:00,sapmachine-26,298302490,False,sapmachine-jdk-26_linux-x64-musl_bin-symbols.tar.gz,alpine,x64,jdk,2
2026-10-07T02:56:57+00:00,sapmachine-26,298302490,False,sapmachine-jdk-26_linux-x64-musl_bin.tar.gz,alpine,x64,jdk,336
2026-10-07T02:56:57+00:00,sapmachine-26,298302490,False,sapmachine-jdk-26_linux-x64_bin-symbols.tar.gz,linux,x64,jdk,2
2026-10-07T02:56:57+00:00,sapmachine-26,298302490,False,sapmachine-jdk-26_linux-x64_bin.tar.gz,linux,x64,jdk,827
2026-10-07T02:56:57+00:00,sapmachine-26,298302490,False,sapmachine-jdk-26_macos-aarch64_bin-symbols.tar.gz,macos,aarch64,jdk,4
2026-10-07T02:56:57+00:00,sapmachine-26,298302490,False,sapmachine-jdk-26_macos-aarch64_bin.dmg,macos,aarch64,jdk,1385
2026-10-07T02:56:57+00:00,sapmachine-26,298302490,False,sapmachine-jdk-26_macos-aarch64_bin.tar.gz,macos,aarch64,jdk,575
2026-10-07T02:56:57+00:00,sapmachine-26,298302490,False,sapmachine-jdk-26_windows-x64_bin-symbols.tar.gz,windows,x64,jdk,3
2026-10-07T02:56:57+00:00,sapmachine-26,298302490,False,sapmachine-jdk-26_windows-x64_bin.msi,windows,x64,jdk,1935
2026-10-07T02:56:57+00:00,sapmachine-26,298302490,False,sapmachine-jdk-26_windows-x64_bin.zip,windows,x64,jdk,680
2026-10-07T02:56:57+00:00,sapmachine-26,298302490,False,sapmachine-jre-26_aix-ppc64_bin.tar.gz,aix,ppc64,jre,303
2026-10-07T02:56:57+00:00,sapmachine-26,298302490,False,sapmachine-jre-26_linux-aarch64_bin.tar.gz,linux,aarch64,jre,306
2026-10-07T02:56:57+00:00,sapmachine-26,298302490,False,sapmachine-jre-26_linux-ppc64le_bin.tar.gz,linux,ppc64,jre,296
2026-10-07T02:56:57+00:00,sapmachine-26,298302490,False,sapmachine-jre-26_linux-x64-musl_bin.tar.gz,alpine,x64,jre,300
2026-10-07T02:56:57+00:00,sapmachine-26,298302490,False,sapmachine-jre-26_linux-x64_bin.tar.gz,linux,x64,jre,507
2026-10-07T02:56:57+00:00,sapmachine-26,298302490,False,sapmachine-jre-26_macos-aarch64_bin.dmg,macos,aarch64,jre,311
2026-10-07T02:56:57+00:00,sapmachine-26,298302490,False,sapmachine-jre-26_macos-aarch64_bin.tar.gz,macos,aarch64,jre,309
2026-10-07T02:56:57+00:00,sapmachine-26,298302490,False,sapmachine-jre-26_windows-x64_bin.msi,windows,x64,jre,687
2026-10-07T02:56:57+00:00,sapmachine-26,298302490,False,sapmachine-jre-26_windows-x64_bin.zip,windows,x64,jre,336
2026-10-07T02:56:57+00:00,sapmachine-10,295853378,False,sapmachine-jdk-10.46_linux-x64_bin.tar.gz,linux,x64,jdk,284
2026-10-07T02:56:57+00:00,sapmachine-10,295853378,False,sapmachine-jre-10.46_linux-x64_bin.tar.gz,linux,x64,jre,490
2026-10-07T02:56:57+00:00,sapmachine-10.0.1,295851219,False,sapmachine-jdk-10.0.1.10_linux-x64_bin.tar.gz,linux,x64,jdk,284
2026-10-07T02:56:57+00:00,sapmachine-10.0.1,295851219,False,sapmachine-jre-10.0.1.10_linux-x64_bin.tar.gz,linux,x64,jre,490
2026-10-07T02:56:57+00:00,sapmachine-10.0.2,295845093,False,sapmachine-jdk-10.0.2.13_linux-x64_bin.tar.gz,linux,x64,jdk,290
2026-10-07T02:56:57+00:00,sapmachine-10.0.2,295845093,False,sapmachine-jre-10.0.2.13_linux-x64_bin.tar.gz,linux,x64,jre,487
2026-10-07T02:56:57+00:00,sapmachine-11,295842408,False,sapmachine-jdk-11.28_linux-x64_bin.tar.gz,linux,x64,jdk,1153
2026-10-07T02:56:57+00:00,sapmachine-11,295842408,False,sapmachine-jre-11.28_linux-x64_bin.tar.gz,linux,x64,jre,1335
2026-10-07T02:56:57+00:00,sapmachine-11.0.1,295753174,False,sapmachine-jdk-11.0.1.13_linux-x64_bin.tar.gz,linux,x64,jdk,888
2026-10-07T02:56:57+00:00,sapmachine-11.0.1,295753174,False,sapmachine-jre-11.0.1.13_linux-x64_bin.tar.gz,linux,x64,jre,1083
2026-10-07T02:56:57+00:00,sapmachine-21.0.10.0.1,287396686,False,sapmachine-jdk-21.0.10.0.1_aix-ppc64_bin-symbols.tar.gz,aix,ppc64,jdk,2
2026-10-07T02:56:57+00:00,sapmachine-21.0.10.0.1,287396686,False,sapmachine-jdk-21.0.10.0.1_aix-ppc64_bin.tar.gz,aix,ppc64,jdk,388
2026-10-07T02:56:57+00:00,sapmachine-21.0.10.0.1,287396686,False,sapmachine-jdk-21.0.10.0.1_linux-aarch64_bin-symbols.tar.gz,linux,aarch64,jdk,3
2026-10-07T02:56:57+00:00,sapmachine-21.0.10.0.1,287396686,False,sapmachine-jdk-21.0.10.0.1_linux-aarch64_bin.tar.gz,linux,aarch64,jdk,1867
2026-10-07T02:56:57+00:00,sapmachine-21.0.10.0.1,287396686,False,sapmachine-jdk-21.0.10.0.1_linux-ppc64le_bin-symbols.tar.gz,linux,ppc64,jdk,2
2026-10-07T02:56:57+00:00,sapmachine-21.0.10.0.1,287396686,False,sapmachine-jdk-21.0.10.0.1_linux-ppc64le_bin.tar.gz,linux,ppc64,jdk,368
2026-10-07T02:56:57+00:00,sapmachine-21.0.10.0.1,287396686,False,sapmachine-jdk-21.0.10.0.1_linux-x64-musl_bin-symbols.tar.gz,alpine,x64,jdk,2
2026-10-07T02:56:57+00:00,sapmachine-21.0.10.0.1,287396686,False,sapmachine-jdk-21.0.10.0.1_linux-x64-musl_bin.tar.gz,alpine,x64,jdk,384
2026-10-07T02:56:57+00:00,sapmachine-21.0.10.0.1,287396686,False,sapmachine-jdk-21.0.10.0.1_linux-x64_bin-symbols.tar.gz,linux,x64,jdk,1
2026-10-07T02:56:57+00:00,sapmachine-21.0.10.0.1,287396686,False,sapmachine-jdk-21.0.10.0.1_linux-x64_bin.tar.gz,linux,x64,jdk,108487
2026-10-07T02:56:57+00:00,sapmachine-21.0.10.0.1,287396686,False,sapmachine-jdk-21.0.10.0.1_macos-aarch64_bin-symbols.tar.gz,macos,aarch64,jdk,2
2026-10-07T02:56:57+00:00,sapmachine-21.0.10.0.1,287396686,False,sapmachine-jdk-21.0.10.0.1_macos-aarch64_bin.dmg,macos,aarch64,jdk,1810
2026-10-07T02:56:57+00:00,sapmachine-21.0.10.0.1,287396686,False,sapmachine-jdk-21.0.10.0.1_macos-aarch64_bin.tar.gz,macos,aarch64,jdk,27242
2026-10-07T02:56:57+00:00,sapmachine-21.0.10.0.1,287396686,False,sapmachine-jdk-21.0.10.0.1_macos-x64_bin-symbols.tar.gz,macos,x64,jdk,2
2026-10-07T02:56:57+00:00,sapmachine-21.0.10.0.1,287396686,False,sapmachine-jdk-21.0.10.0.1_macos-x64_bin.dmg,macos,x64,jdk,943
2026-10-07T02:56:57+00:00,sapmachine-21.0.10.0.1,287396686,False,sapmachine-jdk-21.0.10.0.1_macos-x64_bin.tar.gz,macos,x64,jdk,2196
2026-10-07T02:56:57+00:00,sapmachine-21.0.10.0.1,287396686,False,sapmachine-jdk-21.0.10.0.1_windows-x64_bin-symbols.tar.gz,windows,x64,jdk,2
2026-10-07T02:56:57+00:00,sapmachine-21.0.10.0.1,287396686,False,sapmachine-jdk-21.0.10.0.1_windows-x64_bin.zip,windows,x64,jdk,3205
2026-10-07T02:56:57+00:00,sapmachine-21.0.10.0.1,287396686,False,sapmachine-jre-21.0.10.0.1_aix-ppc64_bin.tar.gz,aix,ppc64,jre,352
2026-10-07T02:56:57+00:00,sapmachine-21.0.10.0.1,287396686,False,sapmachine-jre-21.0.10.0.1_linux-aarch64_bin.tar.gz,linux,aarch64,jre,454
2026-10-07T02:56:57+00:00,sapmachine-21.0.10.0.1,287396686,False,sapmachine-jre-21.0.10.0.1_linux-ppc64le_bin.tar.gz,linux,ppc64,jre,341
2026-10-07T02:56:57+00:00,sapmachine-21.0.10.0.1,287396686,False,sapmachine-jre-21.0.10.0.1_linux-x64-musl_bin.tar.gz,alpine,x64,jre,342
2026-10-07T02:56:57+00:00,sapmachine-21.0.10.0.1,287396686,False,sapmachine-jre-21.0.10.0.1_linux-x64_bin.tar.gz,linux,x64,jre,61559
2026-10-07T02:56:57+00:00,sapmachine-21.0.10.0.1,287396686,False,sapmachine-jre-21.0.10.0.1_macos-aarch64_bin.dmg,macos,aarch64,jre,376
2026-10-07T02:56:57+00:00,sapmachine-21.0.10.0.1,287396686,False,sapmachine-jre-21.0.10.0.1_macos-aarch64_bin.tar.gz,macos,aarch64,jre,984
2026-10-07T02:56:57+00:00,sapmachine-21.0.10.0.1,287396686,False,sapmachine-jre-21.0.10.0.1_macos-x64_bin.dmg,macos,x64,jre,344
2026-10-07T02:56:57+00:00,sapmachine-21.0.10.0.1,287396686,False,sapmachine-jre-21.0.10.0.1_macos-x64_bin.tar.gz,macos,x64,jre,705
2026-10-07T02:56:57+00:00,sapmachine-21.0.10.0.1,287396686,False,sapmachine-jre-21.0.10.0.1_windows-x64_bin.zip,windows,x64,jre,735
2026-10-07T02:56:57+00:00,sapmachine-21.0.10.0.1,287396686,False,sapmachine-jdk-21.0.10.0.1_windows-x64_bin.msi,windows,x64,jdk,1667
2026-10-07T02:56:57+00:00,sapmachine-21.0.10.0.1,287396686,False,sapmachine-jre-21.0.10.0.1_windows-x64_bin.msi,windows,x64,jre,903
2026-10-07T02:56:57+00:00,sapmachine-11.0.30,278427032,False,sapmachine-jdk-11.0.30_linux-x64_bin-symbols.tar.gz,linux,x64,jdk,6
2026-10-07T02:56:57+00:00,sapmachine-11.0.30,278427032,False,sapmachine-jdk-11.0.30_linux-x64_bin.tar.gz,linux,x64,jdk,34626
2026-10-07T02:56:57+00:00,sapmachine-11.0.30,278427032,False,sapmachine-jre-11.0.30_linux-x64_bin.tar.gz,linux,x64,jre,9545
2026-10-07T02:56:57+00:00,sapmachine-17.0.18,278430768,False,sapmachine-jdk-17.0.18_linux-aarch64_bin-symbols.tar.gz,linux,aarch64,jdk,3
2026-10-07T02:56:57+00:00,sapmachine-17.0.18,278430768,False,sapmachine-jdk-17.0.18_linux-aarch64_bin.tar.gz,linux,aarch64,jdk,690
2026-10-07T02:56:57+00:00,sapmachine-17.0.18,278430768,False,sapmachine-jdk-17.0.18_linux-ppc64le_bin-symbols.tar.gz,linux,ppc64,jdk,2
2026-10-07T02:56:57+00:00,sapmachine-17.0.18,278430768,False,sapmachine-jdk-17.0.18_linux-ppc64le_bin.tar.gz,linux,ppc64,jdk,424
2026-10-07T02:56:57+00:00,sapmachine-17.0.18,278430768,False,sapmachine-jdk-17.0.18_linux-x64-musl_bin-symbols.tar.gz,alpine,x64,jdk,2
2026-10-07T02:56:57+00:00,sapmachine-17.0.18,278430768,False,sapmachine-jdk-17.0.18_linux-x64-musl_bin.tar.gz,alpine,x64,jdk,416
2026-10-07T02:56:57+00:00,sapmachine-17.0.18,278430768,False,sapmachine-jdk-17.0.18_linux-x64_bin-symbols.tar.gz,linux,x64,jdk,20
2026-10-07T02:56:57+00:00,sapmachine-17.0.18,278430768,False,sapmachine-jdk-17.0.18_linux-x64_bin.tar.gz,linux,x64,jdk,115357
2026-10-07T02:56:57+00:00,sapmachine-17.0.18,278430768,False,sapmachine-jdk-17.0.18_macos-aarch64_bin-symbols.tar.gz,macos,aarch64,jdk,3
2026-10-07T02:56:57+00:00,sapmachine-17.0.18,278430768,False,sapmachine-jdk-17.0.18_macos-aarch64_bin.dmg,macos,aarch64,jdk,2084
2026-10-07T02:56:57+00:00,sapmachine-17.0.18,278430768,False,sapmachine-jdk-17.0.18_macos-aarch64_bin.tar.gz,macos,aarch64,jdk,23147
2026-10-07T02:56:57+00:00,sapmachine-17.0.18,278430768,False,sapmachine-jdk-17.0.18_macos-x64_bin-symbols.tar.gz,macos,x64,jdk,3
2026-10-07T02:56:57+00:00,sapmachine-17.0.18,278430768,False,sapmachine-jdk-17.0.18_macos-x64_bin.dmg,macos,x64,jdk,1020
2026-10-07T02:56:57+00:00,sapmachine-17.0.18,278430768,False,sapmachine-jdk-17.0.18_macos-x64_bin.tar.gz,macos,x64,jdk,3792
2026-10-07T02:56:57+00:00,sapmachine-17.0.18,278430768,False,sapmachine-jdk-17.0.18_windows-x64_bin-symbols.tar.gz,windows,x64,jdk,2
2026-10-07T02:56:57+00:00,sapmachine-17.0.18,278430768,False,sapmachine-jdk-17.0.18_windows-x64_bin.zip,windows,x64,jdk,6973
2026-10-07T02:56:57+00:00,sapmachine-17.0.18,278430768,False,sapmachine-jre-17.0.18_linux-aarch64_bin.tar.gz,linux,aarch64,jre,842
2026-10-07T02:56:57+00:00,sapmachine-17.0.18,278430768,False,sapmachine-jre-17.0.18_linux-ppc64le_bin.tar.gz,linux,ppc64,jre,379
2026-10-07T02:56:57+00:00,sapmachine-17.0.18,278430768,False,sapmachine-jre-17.0.18_linux-x64-musl_bin.tar.gz,alpine,x64,jre,376
2026-10-07T02:56:57+00:00,sapmachine-17.0.18,278430768,False,sapmachine-jre-17.0.18_linux-x64_bin.tar.gz,linux,x64,jre,87155
2026-10-07T02:56:57+00:00,sapmachine-17.0.18,278430768,False,sapmachine-jre-17.0.18_macos-aarch64_bin.dmg,macos,aarch64,jre,418
2026-10-07T02:56:57+00:00,sapmachine-17.0.18,278430768,False,sapmachine-jre-17.0.18_macos-aarch64_bin.tar.gz,macos,aarch64,jre,746
2026-10-07T02:56:57+00:00,sapmachine-17.0.18,278430768,False,sapmachine-jre-17.0.18_macos-x64_bin.dmg,macos,x64,jre,385
2026-10-07T02:56:57+00:00,sapmachine-17.0.18,278430768,False,sapmachine-jre-17.0.18_macos-x64_bin.tar.gz,macos,x64,jre,2307
2026-10-07T02:56:57+00:00,sapmachine-17.0.18,278430768,False,sapmachine-jre-17.0.18_windows-x64_bin.zip,windows,x64,jre,2704
2026-10-07T02:56:57+00:00,sapmachine-17.0.18,278430768,False,sapmachine-jdk-17.0.18_windows-x64_bin.msi,windows,x64,jdk,2117
2026-10-07T02:56:57+00:00,sapmachine-17.0.18,278430768,False,sapmachine-jre-17.0.18_windows-x64_bin.msi,windows,x64,jre,2659
2026-10-07T02:56:57+00:00,sapmachine-21.0.10,278411440,False,sapmachine-jdk-21.0.10_aix-ppc64_bin-symbols.tar.gz,aix,ppc64,jdk,2
2026-10-07T02:56:57+00:00,sapmachine-21.0.10,278411440,False,sapmachine-jdk-21.0.10_aix-ppc64_bin.tar.gz,aix,ppc64,jdk,417
2026-10-07T02:56:57+00:00,sapmachine-21.0.10,278411440,False,sapmachine-jdk-21.0.10_linux-aarch64_bin-symbols.tar.gz,linux,aarch64,jdk,1
2026-10-07T02:56:57+00:00,sapmachine-21.0.10,278411440,False,sapmachine-jdk-21.0.10_linux-aarch64_bin.tar.gz,linux,aarch64,jdk,566
2026-10-07T02:56:57+00:00,sapmachine-21.0.10,278411440,False,sapmachine-jdk-21.0.10_linux-ppc64le_bin-symbols.tar.gz,linux,ppc64,jdk,1
2026-10-07T02:56:57+00:00,sapmachine-21.0.10,278411440,False,sapmachine-jdk-21.0.10_linux-ppc64le_bin.tar.gz,linux,ppc64,jdk,401
2026-10-07T02:56:57+00:00,sapmachine-21.0.10,278411440,False,sapmachine-jdk-21.0.10_linux-x64-musl_bin-symbols.tar.gz,alpine,x64,jdk,1
2026-10-07T02:56:57+00:00,sapmachine-21.0.10,278411440,False,sapmachine-jdk-21.0.10_linux-x64-musl_bin.tar.gz,alpine,x64,jdk,906
2026-10-07T02:56:57+00:00,sapmachine-21.0.10,278411440,False,sapmachine-jdk-21.0.10_linux-x64_bin-symbols.tar.gz,linux,x64,jdk,11
2026-10-07T02:56:57+00:00,sapmachine-21.0.10,278411440,False,sapmachine-jdk-21.0.10_linux-x64_bin.tar.gz,linux,x64,jdk,41577
2026-10-07T02:56:57+00:00,sapmachine-21.0.10,278411440,False,sapmachine-jdk-21.0.10_macos-aarch64_bin-symbols.tar.gz,macos,aarch64,jdk,3
2026-10-07T02:56:57+00:00,sapmachine-21.0.10,278411440,False,sapmachine-jdk-21.0.10_macos-aarch64_bin.dmg,macos,aarch64,jdk,1146
2026-10-07T02:56:57+00:00,sapmachine-21.0.10,278411440,False,sapmachine-jdk-21.0.10_macos-aarch64_bin.tar.gz,macos,aarch64,jdk,29751
2026-10-07T02:56:57+00:00,sapmachine-21.0.10,278411440,False,sapmachine-jdk-21.0.10_macos-x64_bin-symbols.tar.gz,macos,x64,jdk,3
2026-10-07T02:56:57+00:00,sapmachine-21.0.10,278411440,False,sapmachine-jdk-21.0.10_macos-x64_bin.dmg,macos,x64,jdk,667
2026-10-07T02:56:57+00:00,sapmachine-21.0.10,278411440,False,sapmachine-jdk-21.0.10_macos-x64_bin.tar.gz,macos,x64,jdk,1964
2026-10-07T02:56:57+00:00,sapmachine-21.0.10,278411440,False,sapmachine-jdk-21.0.10_windows-x64_bin-symbols.tar.gz,windows,x64,jdk,2
2026-10-07T02:56:57+00:00,sapmachine-21.0.10,278411440,False,sapmachine-jdk-21.0.10_windows-x64_bin.zip,windows,x64,jdk,2158
2026-10-07T02:56:57+00:00,sapmachine-21.0.10,278411440,False,sapmachine-jre-21.0.10_aix-ppc64_bin.tar.gz,aix,ppc64,jre,373
2026-10-07T02:56:57+00:00,sapmachine-21.0.10,278411440,False,sapmachine-jre-21.0.10_linux-aarch64_bin.tar.gz,linux,aarch64,jre,595
2026-10-07T02:56:57+00:00,sapmachine-21.0.10,278411440,False,sapmachine-jre-21.0.10_linux-ppc64le_bin.tar.gz,linux,ppc64,jre,379
2026-10-07T02:56:57+00:00,sapmachine-21.0.10,278411440,False,sapmachine-jre-21.0.10_linux-x64-musl_bin.tar.gz,alpine,x64,jre,367
2026-10-07T02:56:57+00:00,sapmachine-21.0.10,278411440,False,sapmachine-jre-21.0.10_linux-x64_bin.tar.gz,linux,x64,jre,31764
2026-10-07T02:56:57+00:00,sapmachine-21.0.10,278411440,False,sapmachine-jre-21.0.10_macos-aarch64_bin.dmg,macos,aarch64,jre,392
2026-10-07T02:56:57+00:00,sapmachine-21.0.10,278411440,False,sapmachine-jre-21.0.10_macos-aarch64_bin.tar.gz,macos,aarch64,jre,716
2026-10-07T02:56:57+00:00,sapmachine-21.0.10,278411440,False,sapmachine-jre-21.0.10_macos-x64_bin.dmg,macos,x64,jre,375
2026-10-07T02:56:57+00:00,sapmachine-21.0.10,278411440,False,sapmachine-jre-21.0.10_macos-x64_bin.tar.gz,macos,x64,jre,477
2026-10-07T02:56:57+00:00,sapmachine-21.0.10,278411440,False,sapmachine-jre-21.0.10_windows-x64_bin.zip,windows,x64,jre,545
2026-10-07T02:56:57+00:00,sapmachine-21.0.10,278411440,False,sapmachine-jdk-21.0.10_windows-x64_bin.msi,windows,x64,jdk,1548
2026-10-07T02:56:57+00:00,sapmachine-21.0.10,278411440,False,sapmachine-jre-21.0.10_windows-x64_bin.msi,windows,x64,jre,864
2026-10-07T02:56:57+00:00,sapmachine-25.0.2,278403095,False,sapmachine-jdk-25.0.2_aix-ppc64_bin-symbols.tar.gz,aix,ppc64,jdk,8
2026-10-07T02:56:57+00:00,sapmachine-25.0.2,278403095,False,sapmachine-jdk-25.0.2_aix-ppc64_bin.tar.gz,aix,ppc64,jdk,507
2026-10-07T02:56:57+00:00,sapmachine-25.0.2,278403095,False,sapmachine-jdk-25.0.2_linux-aarch64_bin-symbols.tar.gz,linux,aarch64,jdk,8
2026-10-07T02:56:57+00:00,sapmachine-25.0.2,278403095,False,sapmachine-jdk-25.0.2_linux-aarch64_bin.tar.gz,linux,aarch64,jdk,855
2026-10-07T02:56:57+00:00,sapmachine-25.0.2,278403095,False,sapmachine-jdk-25.0.2_linux-ppc64le_bin-symbols.tar.gz,linux,ppc64,jdk,7
2026-10-07T02:56:57+00:00,sapmachine-25.0.2,278403095,False,sapmachine-jdk-25.0.2_linux-ppc64le_bin.tar.gz,linux,ppc64,jdk,476
2026-10-07T02:56:57+00:00,sapmachine-25.0.2,278403095,False,sapmachine-jdk-25.0.2_linux-x64-musl_bin-symbols.tar.gz,alpine,x64,jdk,2
2026-10-07T02:56:57+00:00,sapmachine-25.0.2,278403095,False,sapmachine-jdk-25.0.2_linux-x64-musl_bin.tar.gz,alpine,x64,jdk,477
2026-10-07T02:56:57+00:00,sapmachine-25.0.2,278403095,False,sapmachine-jdk-25.0.2_linux-x64_bin-symbols.tar.gz,linux,x64,jdk,1
2026-10-07T02:56:57+00:00,sapmachine-25.0.2,278403095,False,sapmachine-jdk-25.0.2_linux-x64_bin.tar.gz,linux,x64,jdk,406655
2026-10-07T02:56:57+00:00,sapmachine-25.0.2,278403095,False,sapmachine-jdk-25.0.2_macos-aarch64_bin-symbols.tar.gz,macos,aarch64,jdk,3
2026-10-07T02:56:57+00:00,sapmachine-25.0.2,278403095,False,sapmachine-jdk-25.0.2_macos-aarch64_bin.dmg,macos,aarch64,jdk,2803
2026-10-07T02:56:57+00:00,sapmachine-25.0.2,278403095,False,sapmachine-jdk-25.0.2_macos-aarch64_bin.tar.gz,macos,aarch64,jdk,11686
2026-10-07T02:56:57+00:00,sapmachine-25.0.2,278403095,False,sapmachine-jdk-25.0.2_windows-x64_bin-symbols.tar.gz,windows,x64,jdk,2
2026-10-07T02:56:57+00:00,sapmachine-25.0.2,278403095,False,sapmachine-jdk-25.0.2_windows-x64_bin.zip,windows,x64,jdk,23973
2026-10-07T02:56:57+00:00,sapmachine-25.0.2,278403095,False,sapmachine-jre-25.0.2_aix-ppc64_bin.tar.gz,aix,ppc64,jre,380
2026-10-07T02:56:57+00:00,sapmachine-25.0.2,278403095,False,sapmachine-jre-25.0.2_linux-aarch64_bin.tar.gz,linux,aarch64,jre,552
2026-10-07T02:56:57+00:00,sapmachine-25.0.2,278403095,False,sapmachine-jre-25.0.2_linux-ppc64le_bin.tar.gz,linux,ppc64,jre,380
2026-10-07T02:56:57+00:00,sapmachine-25.0.2,278403095,False,sapmachine-jre-25.0.2_linux-x64-musl_bin.tar.gz,alpine,x64,jre,379
2026-10-07T02:56:57+00:00,sapmachine-25.0.2,278403095,False,sapmachine-jre-25.0.2_linux-x64_bin.tar.gz,linux,x64,jre,8091
2026-10-07T02:56:57+00:00,sapmachine-25.0.2,278403095,False,sapmachine-jre-25.0.2_macos-aarch64_bin.dmg,macos,aarch64,jre,412
2026-10-07T02:56:57+00:00,sapmachine-25.0.2,278403095,False,sapmachine-jre-25.0.2_macos-aarch64_bin.tar.gz,macos,aarch64,jre,672
2026-10-07T02:56:57+00:00,sapmachine-25.0.2,278403095,False,sapmachine-jre-25.0.2_windows-x64_bin.zip,windows,x64,jre,522
2026-10-07T02:56:57+00:00,sapmachine-25.0.2,278403095,False,sapmachine-jdk-25.0.2_windows-x64_bin.msi,windows,x64,jdk,3920
2026-10-07T02:56:57+00:00,sapmachine-25.0.2,278403095,False,sapmachine-jre-25.0.2_windows-x64_bin.msi,windows,x64,jre,1117
2026-10-07T02:56:57+00:00,sapmachine-11.0.29,256138881,False,sapmachine-jdk-11.0.29_linux-x64_bin-symbols.tar.gz,linux,x64,jdk,1
2026-10-07T02:56:57+00:00,sapmachine-11.0.29,256138881,False,sapmachine-jdk-11.0.29_linux-x64_bin.tar.gz,linux,x64,jdk,13778
2026-10-07T02:56:57+00:00,sapmachine-11.0.29,256138881,False,sapmachine-jre-11.0.29_linux-x64_bin.tar.gz,linux,x64,jre,6339
2026-10-07T02:56:57+00:00,sapmachine-17.0.17,256136879,False,sapmachine-jdk-17.0.17_linux-aarch64_bin-symbols.tar.gz,linux,aarch64,jdk,3
2026-10-07T02:56:57+00:00,sapmachine-17.0.17,256136879,False,sapmachine-jdk-17.0.17_linux-aarch64_bin.tar.gz,linux,aarch64,jdk,933
2026-10-07T02:56:57+00:00,sapmachine-17.0.17,256136879,False,sapmachine-jdk-17.0.17_linux-ppc64le_bin-symbols.tar.gz,linux,ppc64,jdk,3
2026-10-07T02:56:57+00:00,sapmachine-17.0.17,256136879,False,sapmachine-jdk-17.0.17_linux-ppc64le_bin.tar.gz,linux,ppc64,jdk,733
2026-10-07T02:56:57+00:00,sapmachine-17.0.17,256136879,False,sapmachine-jdk-17.0.17_linux-x64-musl_bin-symbols.tar.gz,alpine,x64,jdk,3
2026-10-07T02:56:57+00:00,sapmachine-17.0.17,256136879,False,sapmachine-jdk-17.0.17_linux-x64-musl_bin.tar.gz,alpine,x64,jdk,742
2026-10-07T02:56:57+00:00,sapmachine-17.0.17,256136879,False,sapmachine-jdk-17.0.17_linux-x64_bin-symbols.tar.gz,linux,x64,jdk,22
2026-10-07T02:56:57+00:00,sapmachine-17.0.17,256136879,False,sapmachine-jdk-17.0.17_linux-x64_bin.tar.gz,linux,x64,jdk,119079
2026-10-07T02:56:57+00:00,sapmachine-17.0.17,256136879,False,sapmachine-jdk-17.0.17_macos-aarch64_bin-symbols.tar.gz,macos,aarch64,jdk,4
2026-10-07T02:56:57+00:00,sapmachine-17.0.17,256136879,False,sapmachine-jdk-17.0.17_macos-aarch64_bin.dmg,macos,aarch64,jdk,2362
2026-10-07T02:56:57+00:00,sapmachine-17.0.17,256136879,False,sapmachine-jdk-17.0.17_macos-aarch64_bin.tar.gz,macos,aarch64,jdk,24233
2026-10-07T02:56:57+00:00,sapmachine-17.0.17,256136879,False,sapmachine-jdk-17.0.17_macos-x64_bin-symbols.tar.gz,macos,x64,jdk,4
2026-10-07T02:56:57+00:00,sapmachine-17.0.17,256136879,False,sapmachine-jdk-17.0.17_macos-x64_bin.dmg,macos,x64,jdk,1400
2026-10-07T02:56:57+00:00,sapmachine-17.0.17,256136879,False,sapmachine-jdk-17.0.17_macos-x64_bin.tar.gz,macos,x64,jdk,5841
2026-10-07T02:56:57+00:00,sapmachine-17.0.17,256136879,False,sapmachine-jdk-17.0.17_windows-x64_bin-symbols.tar.gz,windows,x64,jdk,3
2026-10-07T02:56:57+00:00,sapmachine-17.0.17,256136879,False,sapmachine-jdk-17.0.17_windows-x64_bin.zip,windows,x64,jdk,9414
2026-10-07T02:56:57+00:00,sapmachine-17.0.17,256136879,False,sapmachine-jre-17.0.17_linux-aarch64_bin.tar.gz,linux,aarch64,jre,1100
2026-10-07T02:56:57+00:00,sapmachine-17.0.17,256136879,False,sapmachine-jre-17.0.17_linux-ppc64le_bin.tar.gz,linux,ppc64,jre,703
2026-10-07T02:56:57+00:00,sapmachine-17.0.17,256136879,False,sapmachine-jre-17.0.17_linux-x64-musl_bin.tar.gz,alpine,x64,jre,701
2026-10-07T02:56:57+00:00,sapmachine-17.0.17,256136879,False,sapmachine-jre-17.0.17_linux-x64_bin.tar.gz,linux,x64,jre,104533
2026-10-07T02:56:57+00:00,sapmachine-17.0.17,256136879,False,sapmachine-jre-17.0.17_macos-aarch64_bin.dmg,macos,aarch64,jre,759
2026-10-07T02:56:57+00:00,sapmachine-17.0.17,256136879,False,sapmachine-jre-17.0.17_macos-aarch64_bin.tar.gz,macos,aarch64,jre,1096
2026-10-07T02:56:57+00:00,sapmachine-17.0.17,256136879,False,sapmachine-jre-17.0.17_macos-x64_bin.dmg,macos,x64,jre,701
2026-10-07T02:56:57+00:00,sapmachine-17.0.17,256136879,False,sapmachine-jre-17.0.17_macos-x64_bin.tar.gz,macos,x64,jre,3923
2026-10-07T02:56:57+00:00,sapmachine-17.0.17,256136879,False,sapmachine-jre-17.0.17_windows-x64_bin.zip,windows,x64,jre,4128
2026-10-07T02:56:57+00:00,sapmachine-17.0.17,256136879,False,sapmachine-jdk-17.0.17_windows-x64_bin.msi,windows,x64,jdk,2890
2026-10-07T02:56:57+00:00,sapmachine-17.0.17,256136879,False,sapmachine-jre-17.0.17_windows-x64_bin.msi,windows,x64,jre,2684
2026-10-07T02:56:57+00:00,sapmachine-25.0.1,256126506,False,sapmachine-jdk-25.0.1_aix-ppc64_bin-symbols.tar.gz,aix,ppc64,jdk,3
2026-10-07T02:56:57+00:00,sapmachine-25.0.1,256126506,False,sapmachine-jdk-25.0.1_aix-ppc64_bin.tar.gz,aix,ppc64,jdk,858
2026-10-07T02:56:57+00:00,sapmachine-25.0.1,256126506,False,sapmachine-jdk-25.0.1_linux-aarch64_bin-symbols.tar.gz,linux,aarch64,jdk,3
2026-10-07T02:56:57+00:00,sapmachine-25.0.1,256126506,False,sapmachine-jdk-25.0.1_linux-aarch64_bin.tar.gz,linux,aarch64,jdk,1018
2026-10-07T02:56:57+00:00,sapmachine-25.0.1,256126506,False,sapmachine-jdk-25.0.1_linux-ppc64le_bin-symbols.tar.gz,linux,ppc64,jdk,1
2026-10-07T02:56:57+00:00,sapmachine-25.0.1,256126506,False,sapmachine-jdk-25.0.1_linux-ppc64le_bin.tar.gz,linux,ppc64,jdk,851
2026-10-07T02:56:57+00:00,sapmachine-25.0.1,256126506,False,sapmachine-jdk-25.0.1_linux-x64-musl_bin-symbols.tar.gz,alpine,x64,jdk,1
2026-10-07T02:56:57+00:00,sapmachine-25.0.1,256126506,False,sapmachine-jdk-25.0.1_linux-x64-musl_bin.tar.gz,alpine,x64,jdk,852
2026-10-07T02:56:57+00:00,sapmachine-25.0.1,256126506,False,sapmachine-jdk-25.0.1_linux-x64_bin-symbols.tar.gz,linux,x64,jdk,1
2026-10-07T02:56:57+00:00,sapmachine-25.0.1,256126506,False,sapmachine-jdk-25.0.1_linux-x64_bin.tar.gz,linux,x64,jdk,27460
2026-10-07T02:56:57+00:00,sapmachine-25.0.1,256126506,False,sapmachine-jdk-25.0.1_macos-aarch64_bin-symbols.tar.gz,macos,aarch64,jdk,3
2026-10-07T02:56:57+00:00,sapmachine-25.0.1,256126506,False,sapmachine-jdk-25.0.1_macos-aarch64_bin.dmg,macos,aarch64,jdk,3522
2026-10-07T02:56:57+00:00,sapmachine-25.0.1,256126506,False,sapmachine-jdk-25.0.1_macos-aarch64_bin.tar.gz,macos,aarch64,jdk,6814
2026-10-07T02:56:57+00:00,sapmachine-25.0.1,256126506,False,sapmachine-jdk-25.0.1_windows-x64_bin-symbols.tar.gz,windows,x64,jdk,4
2026-10-07T02:56:57+00:00,sapmachine-25.0.1,256126506,False,sapmachine-jdk-25.0.1_windows-x64_bin.zip,windows,x64,jdk,2274
2026-10-07T02:56:57+00:00,sapmachine-25.0.1,256126506,False,sapmachine-jre-25.0.1_aix-ppc64_bin.tar.gz,aix,ppc64,jre,708
2026-10-07T02:56:57+00:00,sapmachine-25.0.1,256126506,False,sapmachine-jre-25.0.1_linux-aarch64_bin.tar.gz,linux,aarch64,jre,819
2026-10-07T02:56:57+00:00,sapmachine-25.0.1,256126506,False,sapmachine-jre-25.0.1_linux-ppc64le_bin.tar.gz,linux,ppc64,jre,694
2026-10-07T02:56:57+00:00,sapmachine-25.0.1,256126506,False,sapmachine-jre-25.0.1_linux-x64-musl_bin.tar.gz,alpine,x64,jre,707
2026-10-07T02:56:57+00:00,sapmachine-25.0.1,256126506,False,sapmachine-jre-25.0.1_linux-x64_bin.tar.gz,linux,x64,jre,6434
2026-10-07T02:56:57+00:00,sapmachine-25.0.1,256126506,False,sapmachine-jre-25.0.1_macos-aarch64_bin.dmg,macos,aarch64,jre,727
2026-10-07T02:56:57+00:00,sapmachine-25.0.1,256126506,False,sapmachine-jre-25.0.1_macos-aarch64_bin.tar.gz,macos,aarch64,jre,832
2026-10-07T02:56:57+00:00,sapmachine-25.0.1,256126506,False,sapmachine-jre-25.0.1_windows-x64_bin.zip,windows,x64,jre,943
2026-10-07T02:56:57+00:00,sapmachine-25.0.1,256126506,False,sapmachine-jdk-25.0.1_windows-x64_bin.msi,windows,x64,jdk,5469
2026-10-07T02:56:57+00:00,sapmachine-25.0.1,256126506,False,sapmachine-jre-25.0.1_windows-x64_bin.msi,windows,x64,jre,1651
2026-10-07T02:56:57+00:00,sapmachine-21.0.9,256135083,False,sapmachine-jdk-21.0.9_aix-ppc64_bin-symbols.tar.gz,aix,ppc64,jdk,7
2026-10-07T02:56:57+00:00,sapmachine-21.0.9,256135083,False,sapmachine-jdk-21.0.9_aix-ppc64_bin.tar.gz,aix,ppc64,jdk,754
2026-10-07T02:56:57+00:00,sapmachine-21.0.9,256135083,False,sapmachine-jdk-21.0.9_linux-aarch64_bin-symbols.tar.gz,linux,aarch64,jdk,6
2026-10-07T02:56:57+00:00,sapmachine-21.0.9,256135083,False,sapmachine-jdk-21.0.9_linux-aarch64_bin.tar.gz,linux,aarch64,jdk,997
2026-10-07T02:56:57+00:00,sapmachine-21.0.9,256135083,False,sapmachine-jdk-21.0.9_linux-ppc64le_bin-symbols.tar.gz,linux,ppc64,jdk,6
2026-10-07T02:56:57+00:00,sapmachine-21.0.9,256135083,False,sapmachine-jdk-21.0.9_linux-ppc64le_bin.tar.gz,linux,ppc64,jdk,749
2026-10-07T02:56:57+00:00,sapmachine-21.0.9,256135083,False,sapmachine-jdk-21.0.9_linux-x64-musl_bin-symbols.tar.gz,alpine,x64,jdk,5
2026-10-07T02:56:57+00:00,sapmachine-21.0.9,256135083,False,sapmachine-jdk-21.0.9_linux-x64-musl_bin.tar.gz,alpine,x64,jdk,925
2026-10-07T02:56:57+00:00,sapmachine-21.0.9,256135083,False,sapmachine-jdk-21.0.9_linux-x64_bin-symbols.tar.gz,linux,x64,jdk,8
2026-10-07T02:56:57+00:00,sapmachine-21.0.9,256135083,False,sapmachine-jdk-21.0.9_linux-x64_bin.tar.gz,linux,x64,jdk,100264
2026-10-07T02:56:57+00:00,sapmachine-21.0.9,256135083,False,sapmachine-jdk-21.0.9_macos-aarch64_bin-symbols.tar.gz,macos,aarch64,jdk,6
2026-10-07T02:56:57+00:00,sapmachine-21.0.9,256135083,False,sapmachine-jdk-21.0.9_macos-aarch64_bin.dmg,macos,aarch64,jdk,2508
2026-10-07T02:56:57+00:00,sapmachine-21.0.9,256135083,False,sapmachine-jdk-21.0.9_macos-aarch64_bin.tar.gz,macos,aarch64,jdk,35450
2026-10-07T02:56:57+00:00,sapmachine-21.0.9,256135083,False,sapmachine-jdk-21.0.9_macos-x64_bin-symbols.tar.gz,macos,x64,jdk,6
2026-10-07T02:56:57+00:00,sapmachine-21.0.9,256135083,False,sapmachine-jdk-21.0.9_macos-x64_bin.dmg,macos,x64,jdk,1152
2026-10-07T02:56:57+00:00,sapmachine-21.0.9,256135083,False,sapmachine-jdk-21.0.9_macos-x64_bin.tar.gz,macos,x64,jdk,5253
2026-10-07T02:56:57+00:00,sapmachine-21.0.9,256135083,False,sapmachine-jdk-21.0.9_windows-x64_bin-symbols.tar.gz,windows,x64,jdk,5
2026-10-07T02:56:57+00:00,sapmachine-21.0.9,256135083,False,sapmachine-jdk-21.0.9_windows-x64_bin.zip,windows,x64,jdk,6841
2026-10-07T02:56:57+00:00,sapmachine-21.0.9,256135083,False,sapmachine-jre-21.0.9_aix-ppc64_bin.tar.gz,aix,ppc64,jre,724
2026-10-07T02:56:57+00:00,sapmachine-21.0.9,256135083,False,sapmachine-jre-21.0.9_linux-aarch64_bin.tar.gz,linux,aarch64,jre,924
2026-10-07T02:56:57+00:00,sapmachine-21.0.9,256135083,False,sapmachine-jre-21.0.9_linux-ppc64le_bin.tar.gz,linux,ppc64,jre,705
2026-10-07T02:56:57+00:00,sapmachine-21.0.9,256135083,False,sapmachine-jre-21.0.9_linux-x64-musl_bin.tar.gz,alpine,x64,jre,701
2026-10-07T02:56:57+00:00,sapmachine-21.0.9,256135083,False,sapmachine-jre-21.0.9_linux-x64_bin.tar.gz,linux,x64,jre,93228
2026-10-07T02:56:57+00:00,sapmachine-21.0.9,256135083,False,sapmachine-jre-21.0.9_macos-aarch64_bin.dmg,macos,aarch64,jre,762
2026-10-07T02:56:57+00:00,sapmachine-21.0.9,256135083,False,sapmachine-jre-21.0.9_macos-aarch64_bin.tar.gz,macos,aarch64,jre,1245
2026-10-07T02:56:57+00:00,sapmachine-21.0.9,256135083,False,sapmachine-jre-21.0.9_macos-x64_bin.dmg,macos,x64,jre,716
2026-10-07T02:56:57+00:00,sapmachine-21.0.9,256135083,False,sapmachine-jre-21.0.9_macos-x64_bin.tar.gz,macos,x64,jre,1050
2026-10-07T02:56:57+00:00,sapmachine-21.0.9,256135083,False,sapmachine-jre-21.0.9_windows-x64_bin.zip,windows,x64,jre,1099
2026-10-07T02:56:57+00:00,sapmachine-21.0.9,256135083,False,sapmachine-jdk-21.0.9_windows-x64_bin.msi,windows,x64,jdk,2572
2026-10-07T02:56:57+00:00,sapmachine-21.0.9,256135083,False,sapmachine-jre-21.0.9_windows-x64_bin.msi,windows,x64,jre,1463
2026-10-07T02:56:57+00:00,sapmachine-25,247745290,False,sapmachine-jdk-25_aix-ppc64_bin-symbols.tar.gz,aix,ppc64,jdk,1
2026-10-07T02:56:57+00:00,sapmachine-25,247745290,False,sapmachine-jdk-25_aix-ppc64_bin.tar.gz,aix,ppc64,jdk,944
2026-10-07T02:56:57+00:00,sapmachine-25,247745290,False,sapmachine-jdk-25_linux-aarch64_bin-symbols.tar.gz,linux,aarch64,jdk,3
2026-10-07T02:56:57+00:00,sapmachine-25,247745290,False,sapmachine-jdk-25_linux-aarch64_bin.tar.gz,linux,aarch64,jdk,1119
2026-10-07T02:56:57+00:00,sapmachine-25,247745290,False,sapmachine-jdk-25_linux-ppc64le_bin-symbols.tar.gz,linux,ppc64,jdk,0
2026-10-07T02:56:57+00:00,sapmachine-25,247745290,False,sapmachine-jdk-25_linux-ppc64le_bin.tar.gz,linux,ppc64,jdk,906
2026-10-07T02:56:57+00:00,sapmachine-25,247745290,False,sapmachine-jdk-25_linux-x64-musl_bin-symbols.tar.gz,alpine,x64,jdk,0
2026-10-07T02:56:57+00:00,sapmachine-25,247745290,False,sapmachine-jdk-25_linux-x64-musl_bin.tar.gz,alpine,x64,jdk,914
2026-10-07T02:56:57+00:00,sapmachine-25,247745290,False,sapmachine-jdk-25_linux-x64_bin-symbols.tar.gz,linux,x64,jdk,1
2026-10-07T02:56:57+00:00,sapmachine-25,247745290,False,sapmachine-jdk-25_linux-x64_bin.tar.gz,linux,x64,jdk,19422
2026-10-07T02:56:57+00:00,sapmachine-25,247745290,False,sapmachine-jdk-25_macos-aarch64_bin-symbols.tar.gz,macos,aarch64,jdk,1
2026-10-07T02:56:57+00:00,sapmachine-25,247745290,False,sapmachine-jdk-25_macos-aarch64_bin.dmg,macos,aarch64,jdk,2406
2026-10-07T02:56:57+00:00,sapmachine-25,247745290,False,sapmachine-jdk-25_macos-aarch64_bin.tar.gz,macos,aarch64,jdk,2593
2026-10-07T02:56:57+00:00,sapmachine-25,247745290,False,sapmachine-jdk-25_windows-x64_bin-symbols.tar.gz,windows,x64,jdk,0
2026-10-07T02:56:57+00:00,sapmachine-25,247745290,False,sapmachine-jdk-25_windows-x64_bin.zip,windows,x64,jdk,1908
2026-10-07T02:56:57+00:00,sapmachine-25,247745290,False,sapmachine-jre-25_aix-ppc64_bin.tar.gz,aix,ppc64,jre,824
2026-10-07T02:56:57+00:00,sapmachine-25,247745290,False,sapmachine-jre-25_linux-aarch64_bin.tar.gz,linux,aarch64,jre,893
2026-10-07T02:56:57+00:00,sapmachine-25,247745290,False,sapmachine-jre-25_linux-ppc64le_bin.tar.gz,linux,ppc64,jre,817
2026-10-07T02:56:57+00:00,sapmachine-25,247745290,False,sapmachine-jre-25_linux-x64-musl_bin.tar.gz,alpine,x64,jre,820
2026-10-07T02:56:57+00:00,sapmachine-25,247745290,False,sapmachine-jre-25_linux-x64_bin.tar.gz,linux,x64,jre,1720
2026-10-07T02:56:57+00:00,sapmachine-25,247745290,False,sapmachine-jre-25_macos-aarch64_bin.dmg,macos,aarch64,jre,849
2026-10-07T02:56:57+00:00,sapmachine-25,247745290,False,sapmachine-jre-25_macos-aarch64_bin.tar.gz,macos,aarch64,jre,1050
2026-10-07T02:56:57+00:00,sapmachine-25,247745290,False,sapmachine-jre-25_windows-x64_bin.zip,windows,x64,jre,1034
2026-10-07T02:56:57+00:00,sapmachine-25,247745290,False,sapmachine-jdk-25_windows-x64_bin.msi,windows,x64,jdk,3787
2026-10-07T02:56:57+00:00,sapmachine-25,247745290,False,sapmachine-jre-25_windows-x64_bin.msi,windows,x64,jre,1518
2026-10-07T02:56:57+00:00,sapmachine-11.0.28,232649124,False,sapmachine-jdk-11.0.28_linux-x64_bin-symbols.tar.gz,linux,x64,jdk,0
2026-10-07T02:56:57+00:00,sapmachine-11.0.28,232649124,False,sapmachine-jdk-11.0.28_linux-x64_bin.tar.gz,linux,x64,jdk,13783
2026-10-07T02:56:57+00:00,sapmachine-11.0.28,232649124,False,sapmachine-jre-11.0.28_linux-x64_bin.tar.gz,linux,x64,jre,8346
2026-10-07T02:56:57+00:00,sapmachine-17.0.16,232645750,False,sapmachine-jdk-17.0.16_linux-aarch64_bin-symbols.tar.gz,linux,aarch64,jdk,4
2026-10-07T02:56:57+00:00,sapmachine-17.0.16,232645750,False,sapmachine-jdk-17.0.16_linux-aarch64_bin.tar.gz,linux,aarch64,jdk,1670
2026-10-07T02:56:57+00:00,sapmachine-17.0.16,232645750,False,sapmachine-jdk-17.0.16_linux-ppc64le_bin-symbols.tar.gz,linux,ppc64,jdk,0
2026-10-07T02:56:57+00:00,sapmachine-17.0.16,232645750,False,sapmachine-jdk-17.0.16_linux-ppc64le_bin.tar.gz,linux,ppc64,jdk,1135
2026-10-07T02:56:57+00:00,sapmachine-17.0.16,232645750,False,sapmachine-jdk-17.0.16_linux-x64-musl_bin-symbols.tar.gz,alpine,x64,jdk,0
2026-10-07T02:56:57+00:00,sapmachine-17.0.16,232645750,False,sapmachine-jdk-17.0.16_linux-x64-musl_bin.tar.gz,alpine,x64,jdk,1207
2026-10-07T02:56:57+00:00,sapmachine-17.0.16,232645750,False,sapmachine-jdk-17.0.16_linux-x64_bin-symbols.tar.gz,linux,x64,jdk,18
2026-10-07T02:56:57+00:00,sapmachine-17.0.16,232645750,False,sapmachine-jdk-17.0.16_linux-x64_bin.tar.gz,linux,x64,jdk,137173
2026-10-07T02:56:57+00:00,sapmachine-17.0.16,232645750,False,sapmachine-jdk-17.0.16_macos-aarch64_bin-symbols.tar.gz,macos,aarch64,jdk,7
2026-10-07T02:56:57+00:00,sapmachine-17.0.16,232645750,False,sapmachine-jdk-17.0.16_macos-aarch64_bin.dmg,macos,aarch64,jdk,3381
2026-10-07T02:56:57+00:00,sapmachine-17.0.16,232645750,False,sapmachine-jdk-17.0.16_macos-aarch64_bin.tar.gz,macos,aarch64,jdk,28231
2026-10-07T02:56:57+00:00,sapmachine-17.0.16,232645750,False,sapmachine-jdk-17.0.16_macos-x64_bin-symbols.tar.gz,macos,x64,jdk,2
2026-10-07T02:56:57+00:00,sapmachine-17.0.16,232645750,False,sapmachine-jdk-17.0.16_macos-x64_bin.dmg,macos,x64,jdk,1562
2026-10-07T02:56:57+00:00,sapmachine-17.0.16,232645750,False,sapmachine-jdk-17.0.16_macos-x64_bin.tar.gz,macos,x64,jdk,7113
2026-10-07T02:56:57+00:00,sapmachine-17.0.16,232645750,False,sapmachine-jdk-17.0.16_windows-x64_bin-symbols.tar.gz,windows,x64,jdk,0
2026-10-07T02:56:57+00:00,sapmachine-17.0.16,232645750,False,sapmachine-jdk-17.0.16_windows-x64_bin.zip,windows,x64,jdk,9806
2026-10-07T02:56:57+00:00,sapmachine-17.0.16,232645750,False,sapmachine-jre-17.0.16_linux-aarch64_bin.tar.gz,linux,aarch64,jre,1453
2026-10-07T02:56:57+00:00,sapmachine-17.0.16,232645750,False,sapmachine-jre-17.0.16_linux-ppc64le_bin.tar.gz,linux,ppc64,jre,1041
2026-10-07T02:56:57+00:00,sapmachine-17.0.16,232645750,False,sapmachine-jre-17.0.16_linux-x64-musl_bin.tar.gz,alpine,x64,jre,1080
2026-10-07T02:56:57+00:00,sapmachine-17.0.16,232645750,False,sapmachine-jre-17.0.16_linux-x64_bin.tar.gz,linux,x64,jre,130536
2026-10-07T02:56:57+00:00,sapmachine-17.0.16,232645750,False,sapmachine-jre-17.0.16_macos-aarch64_bin.dmg,macos,aarch64,jre,1154
2026-10-07T02:56:57+00:00,sapmachine-17.0.16,232645750,False,sapmachine-jre-17.0.16_macos-aarch64_bin.tar.gz,macos,aarch64,jre,1478
2026-10-07T02:56:57+00:00,sapmachine-17.0.16,232645750,False,sapmachine-jre-17.0.16_macos-x64_bin.dmg,macos,x64,jre,1064
2026-10-07T02:56:57+00:00,sapmachine-17.0.16,232645750,False,sapmachine-jre-17.0.16_macos-x64_bin.tar.gz,macos,x64,jre,4148
2026-10-07T02:56:57+00:00,sapmachine-17.0.16,232645750,False,sapmachine-jre-17.0.16_windows-x64_bin.zip,windows,x64,jre,4366
2026-10-07T02:56:57+00:00,sapmachine-17.0.16,232645750,False,sapmachine-jdk-17.0.16_windows-x64_bin.msi,windows,x64,jdk,3869
2026-10-07T02:56:57+00:00,sapmachine-17.0.16,232645750,False,sapmachine-jre-17.0.16_windows-x64_bin.msi,windows,x64,jre,3112
2026-10-07T02:56:57+00:00,sapmachine-21.0.8,232641954,False,sapmachine-jdk-21.0.8_aix-ppc64_bin-symbols.tar.gz,aix,ppc64,jdk,8
2026-10-07T02:56:57+00:00,sapmachine-21.0.8,232641954,False,sapmachine-jdk-21.0.8_aix-ppc64_bin.tar.gz,aix,ppc64,jdk,1119
2026-10-07T02:56:57+00:00,sapmachine-21.0.8,232641954,False,sapmachine-jdk-21.0.8_linux-aarch64_bin-symbols.tar.gz,linux,aarch64,jdk,1
2026-10-07T02:56:57+00:00,sapmachine-21.0.8,232641954,False,sapmachine-jdk-21.0.8_linux-aarch64_bin.tar.gz,linux,aarch64,jdk,1390
2026-10-07T02:56:57+00:00,sapmachine-21.0.8,232641954,False,sapmachine-jdk-21.0.8_linux-ppc64le_bin-symbols.tar.gz,linux,ppc64,jdk,2
2026-10-07T02:56:57+00:00,sapmachine-21.0.8,232641954,False,sapmachine-jdk-21.0.8_linux-ppc64le_bin.tar.gz,linux,ppc64,jdk,1122
2026-10-07T02:56:57+00:00,sapmachine-21.0.8,232641954,False,sapmachine-jdk-21.0.8_linux-x64-musl_bin-symbols.tar.gz,alpine,x64,jdk,1
2026-10-07T02:56:57+00:00,sapmachine-21.0.8,232641954,False,sapmachine-jdk-21.0.8_linux-x64-musl_bin.tar.gz,alpine,x64,jdk,1434
2026-10-07T02:56:57+00:00,sapmachine-21.0.8,232641954,False,sapmachine-jdk-21.0.8_linux-x64_bin-symbols.tar.gz,linux,x64,jdk,1
2026-10-07T02:56:57+00:00,sapmachine-21.0.8,232641954,False,sapmachine-jdk-21.0.8_linux-x64_bin.tar.gz,linux,x64,jdk,123771
2026-10-07T02:56:57+00:00,sapmachine-21.0.8,232641954,False,sapmachine-jdk-21.0.8_macos-aarch64_bin-symbols.tar.gz,macos,aarch64,jdk,10
2026-10-07T02:56:57+00:00,sapmachine-21.0.8,232641954,False,sapmachine-jdk-21.0.8_macos-aarch64_bin.dmg,macos,aarch64,jdk,2900
2026-10-07T02:56:57+00:00,sapmachine-21.0.8,232641954,False,sapmachine-jdk-21.0.8_macos-aarch64_bin.tar.gz,macos,aarch64,jdk,38216
2026-10-07T02:56:57+00:00,sapmachine-21.0.8,232641954,False,sapmachine-jdk-21.0.8_macos-x64_bin-symbols.tar.gz,macos,x64,jdk,2
2026-10-07T02:56:57+00:00,sapmachine-21.0.8,232641954,False,sapmachine-jdk-21.0.8_macos-x64_bin.dmg,macos,x64,jdk,1422
2026-10-07T02:56:57+00:00,sapmachine-21.0.8,232641954,False,sapmachine-jdk-21.0.8_macos-x64_bin.tar.gz,macos,x64,jdk,6463
2026-10-07T02:56:57+00:00,sapmachine-21.0.8,232641954,False,sapmachine-jdk-21.0.8_windows-x64_bin-symbols.tar.gz,windows,x64,jdk,2
2026-10-07T02:56:57+00:00,sapmachine-21.0.8,232641954,False,sapmachine-jdk-21.0.8_windows-x64_bin.zip,windows,x64,jdk,6612
2026-10-07T02:56:57+00:00,sapmachine-21.0.8,232641954,False,sapmachine-jre-21.0.8_aix-ppc64_bin.tar.gz,aix,ppc64,jre,1043
2026-10-07T02:56:57+00:00,sapmachine-21.0.8,232641954,False,sapmachine-jre-21.0.8_linux-aarch64_bin.tar.gz,linux,aarch64,jre,1320
2026-10-07T02:56:57+00:00,sapmachine-21.0.8,232641954,False,sapmachine-jre-21.0.8_linux-ppc64le_bin.tar.gz,linux,ppc64,jre,1040
2026-10-07T02:56:57+00:00,sapmachine-21.0.8,232641954,False,sapmachine-jre-21.0.8_linux-x64-musl_bin.tar.gz,alpine,x64,jre,1075
2026-10-07T02:56:57+00:00,sapmachine-21.0.8,232641954,False,sapmachine-jre-21.0.8_linux-x64_bin.tar.gz,linux,x64,jre,87339
2026-10-07T02:56:57+00:00,sapmachine-21.0.8,232641954,False,sapmachine-jre-21.0.8_macos-aarch64_bin.dmg,macos,aarch64,jre,1113
2026-10-07T02:56:57+00:00,sapmachine-21.0.8,232641954,False,sapmachine-jre-21.0.8_macos-aarch64_bin.tar.gz,macos,aarch64,jre,1658
2026-10-07T02:56:57+00:00,sapmachine-21.0.8,232641954,False,sapmachine-jre-21.0.8_macos-x64_bin.dmg,macos,x64,jre,1075
2026-10-07T02:56:57+00:00,sapmachine-21.0.8,232641954,False,sapmachine-jre-21.0.8_macos-x64_bin.tar.gz,macos,x64,jre,1329
2026-10-07T02:56:57+00:00,sapmachine-21.0.8,232641954,False,sapmachine-jre-21.0.8_windows-x64_bin.zip,windows,x64,jre,1478
2026-10-07T02:56:57+00:00,sapmachine-21.0.8,232641954,False,sapmachine-jdk-21.0.8_windows-x64_bin.msi,windows,x64,jdk,3247
2026-10-07T02:56:57+00:00,sapmachine-21.0.8,232641954,False,sapmachine-jre-21.0.8_windows-x64_bin.msi,windows,x64,jre,1969
2026-10-07T02:56:57+00:00,sapmachine-24.0.2,232633082,False,sapmachine-jdk-24.0.2_aix-ppc64_bin-symbols.tar.gz,aix,ppc64,jdk,0
2026-10-07T02:56:57+00:00,sapmachine-24.0.2,232633082,False,sapmachine-jdk-24.0.2_aix-ppc64_bin.tar.gz,aix,ppc64,jdk,1144
2026-10-07T02:56:57+00:00,sapmachine-24.0.2,232633082,False,sapmachine-jdk-24.0.2_linux-aarch64_bin-symbols.tar.gz,linux,aarch64,jdk,0
2026-10-07T02:56:57+00:00,sapmachine-24.0.2,232633082,False,sapmachine-jdk-24.0.2_linux-aarch64_bin.tar.gz,linux,aarch64,jdk,1317
2026-10-07T02:56:57+00:00,sapmachine-24.0.2,232633082,False,sapmachine-jdk-24.0.2_linux-ppc64le_bin-symbols.tar.gz,linux,ppc64,jdk,0
2026-10-07T02:56:57+00:00,sapmachine-24.0.2,232633082,False,sapmachine-jdk-24.0.2_linux-ppc64le_bin.tar.gz,linux,ppc64,jdk,1143
2026-10-07T02:56:57+00:00,sapmachine-24.0.2,232633082,False,sapmachine-jdk-24.0.2_linux-x64-musl_bin-symbols.tar.gz,alpine,x64,jdk,0
2026-10-07T02:56:57+00:00,sapmachine-24.0.2,232633082,False,sapmachine-jdk-24.0.2_linux-x64-musl_bin.tar.gz,alpine,x64,jdk,1461
2026-10-07T02:56:57+00:00,sapmachine-24.0.2,232633082,False,sapmachine-jdk-24.0.2_linux-x64_bin-symbols.tar.gz,linux,x64,jdk,0
2026-10-07T02:56:57+00:00,sapmachine-24.0.2,232633082,False,sapmachine-jdk-24.0.2_linux-x64_bin.tar.gz,linux,x64,jdk,142957
2026-10-07T02:56:57+00:00,sapmachine-24.0.2,232633082,False,sapmachine-jdk-24.0.2_macos-aarch64_bin-symbols.tar.gz,macos,aarch64,jdk,3
2026-10-07T02:56:57+00:00,sapmachine-24.0.2,232633082,False,sapmachine-jdk-24.0.2_macos-aarch64_bin.dmg,macos,aarch64,jdk,2905
2026-10-07T02:56:57+00:00,sapmachine-24.0.2,232633082,False,sapmachine-jdk-24.0.2_macos-aarch64_bin.tar.gz,macos,aarch64,jdk,2832
2026-10-07T02:56:57+00:00,sapmachine-24.0.2,232633082,False,sapmachine-jdk-24.0.2_macos-x64_bin-symbols.tar.gz,macos,x64,jdk,3
2026-10-07T02:56:57+00:00,sapmachine-24.0.2,232633082,False,sapmachine-jdk-24.0.2_macos-x64_bin.dmg,macos,x64,jdk,1943
2026-10-07T02:56:57+00:00,sapmachine-24.0.2,232633082,False,sapmachine-jdk-24.0.2_macos-x64_bin.tar.gz,macos,x64,jdk,1930
2026-10-07T02:56:57+00:00,sapmachine-24.0.2,232633082,False,sapmachine-jdk-24.0.2_windows-x64_bin-symbols.tar.gz,windows,x64,jdk,1
2026-10-07T02:56:57+00:00,sapmachine-24.0.2,232633082,False,sapmachine-jdk-24.0.2_windows-x64_bin.zip,windows,x64,jdk,28217
2026-10-07T02:56:57+00:00,sapmachine-24.0.2,232633082,False,sapmachine-jre-24.0.2_aix-ppc64_bin.tar.gz,aix,ppc64,jre,1074
2026-10-07T02:56:57+00:00,sapmachine-24.0.2,232633082,False,sapmachine-jre-24.0.2_linux-aarch64_bin.tar.gz,linux,aarch64,jre,1113
2026-10-07T02:56:57+00:00,sapmachine-24.0.2,232633082,False,sapmachine-jre-24.0.2_linux-ppc64le_bin.tar.gz,linux,ppc64,jre,1033
2026-10-07T02:56:57+00:00,sapmachine-24.0.2,232633082,False,sapmachine-jre-24.0.2_linux-x64-musl_bin.tar.gz,alpine,x64,jre,1033
2026-10-07T02:56:57+00:00,sapmachine-24.0.2,232633082,False,sapmachine-jre-24.0.2_linux-x64_bin.tar.gz,linux,x64,jre,2084
2026-10-07T02:56:57+00:00,sapmachine-24.0.2,232633082,False,sapmachine-jre-24.0.2_macos-aarch64_bin.dmg,macos,aarch64,jre,1060
2026-10-07T02:56:57+00:00,sapmachine-24.0.2,232633082,False,sapmachine-jre-24.0.2_macos-aarch64_bin.tar.gz,macos,aarch64,jre,1158
2026-10-07T02:56:57+00:00,sapmachine-24.0.2,232633082,False,sapmachine-jre-24.0.2_macos-x64_bin.dmg,macos,x64,jre,1051
2026-10-07T02:56:57+00:00,sapmachine-24.0.2,232633082,False,sapmachine-jre-24.0.2_macos-x64_bin.tar.gz,macos,x64,jre,1127
2026-10-07T02:56:57+00:00,sapmachine-24.0.2,232633082,False,sapmachine-jre-24.0.2_windows-x64_bin.zip,windows,x64,jre,1204
2026-10-07T02:56:57+00:00,sapmachine-24.0.2,232633082,False,sapmachine-jdk-24.0.2_windows-x64_bin.msi,windows,x64,jdk,4982
2026-10-07T02:56:57+00:00,sapmachine-24.0.2,232633082,False,sapmachine-jre-24.0.2_windows-x64_bin.msi,windows,x64,jre,2334
2026-10-07T02:56:57+00:00,sapmachine-11.0.27,212625229,False,sapmachine-jdk-11.0.27-1.x86_64.rpm,linux,x64,jdk,1386
2026-10-07T02:56:57+00:00,sapmachine-11.0.27,212625229,False,sapmachine-jdk-11.0.27_linux-x64_bin-symbols.tar.gz,linux,x64,jdk,0
2026-10-07T02:56:57+00:00,sapmachine-11.0.27,212625229,False,sapmachine-jdk-11.0.27_linux-x64_bin.tar.gz,linux,x64,jdk,37003
2026-10-07T02:56:57+00:00,sapmachine-11.0.27,212625229,False,sapmachine-jre-11.0.27_linux-x64_bin.tar.gz,linux,x64,jre,2886
2026-10-07T02:56:57+00:00,sapmachine-17.0.15,212623278,False,sapmachine-jdk-17.0.15-1.aarch64.rpm,linux,aarch64,jdk,1353
2026-10-07T02:56:57+00:00,sapmachine-17.0.15,212623278,False,sapmachine-jdk-17.0.15-1.ppc64le.rpm,linux,ppc64,jdk,1338
2026-10-07T02:56:57+00:00,sapmachine-17.0.15,212623278,False,sapmachine-jdk-17.0.15-1.x86_64.rpm,linux,x64,jdk,2895
2026-10-07T02:56:57+00:00,sapmachine-17.0.15,212623278,False,sapmachine-jdk-17.0.15_linux-aarch64_bin-symbols.tar.gz,linux,aarch64,jdk,1
2026-10-07T02:56:57+00:00,sapmachine-17.0.15,212623278,False,sapmachine-jdk-17.0.15_linux-aarch64_bin.tar.gz,linux,aarch64,jdk,1671
2026-10-07T02:56:57+00:00,sapmachine-17.0.15,212623278,False,sapmachine-jdk-17.0.15_linux-ppc64le_bin-symbols.tar.gz,linux,ppc64,jdk,0
2026-10-07T02:56:57+00:00,sapmachine-17.0.15,212623278,False,sapmachine-jdk-17.0.15_linux-ppc64le_bin.tar.gz,linux,ppc64,jdk,1431
2026-10-07T02:56:57+00:00,sapmachine-17.0.15,212623278,False,sapmachine-jdk-17.0.15_linux-x64-musl_bin-symbols.tar.gz,alpine,x64,jdk,0
2026-10-07T02:56:57+00:00,sapmachine-17.0.15,212623278,False,sapmachine-jdk-17.0.15_linux-x64-musl_bin.tar.gz,alpine,x64,jdk,1508
2026-10-07T02:56:57+00:00,sapmachine-17.0.15,212623278,False,sapmachine-jdk-17.0.15_linux-x64_bin-symbols.tar.gz,linux,x64,jdk,18
2026-10-07T02:56:57+00:00,sapmachine-17.0.15,212623278,False,sapmachine-jdk-17.0.15_linux-x64_bin.tar.gz,linux,x64,jdk,355987
2026-10-07T02:56:57+00:00,sapmachine-17.0.15,212623278,False,sapmachine-jdk-17.0.15_macos-aarch64_bin-symbols.tar.gz,macos,aarch64,jdk,7
2026-10-07T02:56:57+00:00,sapmachine-17.0.15,212623278,False,sapmachine-jdk-17.0.15_macos-aarch64_bin.dmg,macos,aarch64,jdk,2717
2026-10-07T02:56:57+00:00,sapmachine-17.0.15,212623278,False,sapmachine-jdk-17.0.15_macos-aarch64_bin.tar.gz,macos,aarch64,jdk,19268
2026-10-07T02:56:57+00:00,sapmachine-17.0.15,212623278,False,sapmachine-jdk-17.0.15_macos-x64_bin-symbols.tar.gz,macos,x64,jdk,1
2026-10-07T02:56:57+00:00,sapmachine-17.0.15,212623278,False,sapmachine-jdk-17.0.15_macos-x64_bin.dmg,macos,x64,jdk,2729
2026-10-07T02:56:57+00:00,sapmachine-17.0.15,212623278,False,sapmachine-jdk-17.0.15_macos-x64_bin.tar.gz,macos,x64,jdk,5212
2026-10-07T02:56:57+00:00,sapmachine-17.0.15,212623278,False,sapmachine-jdk-17.0.15_windows-x64_bin-symbols.tar.gz,windows,x64,jdk,0
2026-10-07T02:56:57+00:00,sapmachine-17.0.15,212623278,False,sapmachine-jdk-17.0.15_windows-x64_bin.zip,windows,x64,jdk,6901
2026-10-07T02:56:57+00:00,sapmachine-17.0.15,212623278,False,sapmachine-jre-17.0.15_linux-aarch64_bin.tar.gz,linux,aarch64,jre,1698
2026-10-07T02:56:57+00:00,sapmachine-17.0.15,212623278,False,sapmachine-jre-17.0.15_linux-ppc64le_bin.tar.gz,linux,ppc64,jre,1363
2026-10-07T02:56:57+00:00,sapmachine-17.0.15,212623278,False,sapmachine-jre-17.0.15_linux-x64-musl_bin.tar.gz,alpine,x64,jre,1358
2026-10-07T02:56:57+00:00,sapmachine-17.0.15,212623278,False,sapmachine-jre-17.0.15_linux-x64_bin.tar.gz,linux,x64,jre,127064
2026-10-07T02:56:57+00:00,sapmachine-17.0.15,212623278,False,sapmachine-jre-17.0.15_macos-aarch64_bin.dmg,macos,aarch64,jre,1475
2026-10-07T02:56:57+00:00,sapmachine-17.0.15,212623278,False,sapmachine-jre-17.0.15_macos-aarch64_bin.tar.gz,macos,aarch64,jre,1659
2026-10-07T02:56:57+00:00,sapmachine-17.0.15,212623278,False,sapmachine-jre-17.0.15_macos-x64_bin.dmg,macos,x64,jre,1370
2026-10-07T02:56:57+00:00,sapmachine-17.0.15,212623278,False,sapmachine-jre-17.0.15_macos-x64_bin.tar.gz,macos,x64,jre,3229
2026-10-07T02:56:57+00:00,sapmachine-17.0.15,212623278,False,sapmachine-jre-17.0.15_windows-x64_bin.zip,windows,x64,jre,3370
2026-10-07T02:56:57+00:00,sapmachine-17.0.15,212623278,False,sapmachine-jdk-17.0.15_windows-x64_bin.msi,windows,x64,jdk,3968
2026-10-07T02:56:57+00:00,sapmachine-17.0.15,212623278,False,sapmachine-jre-17.0.15_windows-x64_bin.msi,windows,x64,jre,3354
2026-10-07T02:56:57+00:00,sapmachine-21.0.7,212619435,False,sapmachine-jdk-21.0.7-1.aarch64.rpm,linux,aarch64,jdk,1444
2026-10-07T02:56:57+00:00,sapmachine-21.0.7,212619435,False,sapmachine-jdk-21.0.7-1.ppc64le.rpm,linux,ppc64,jdk,1342
2026-10-07T02:56:57+00:00,sapmachine-21.0.7,212619435,False,sapmachine-jdk-21.0.7-1.x86_64.rpm,linux,x64,jdk,1531
2026-10-07T02:56:57+00:00,sapmachine-21.0.7,212619435,False,sapmachine-jdk-21.0.7_aix-ppc64_bin-symbols.tar.gz,aix,ppc64,jdk,7
2026-10-07T02:56:57+00:00,sapmachine-21.0.7,212619435,False,sapmachine-jdk-21.0.7_aix-ppc64_bin.tar.gz,aix,ppc64,jdk,1397
2026-10-07T02:56:57+00:00,sapmachine-21.0.7,212619435,False,sapmachine-jdk-21.0.7_linux-aarch64_bin-symbols.tar.gz,linux,aarch64,jdk,7
2026-10-07T02:56:57+00:00,sapmachine-21.0.7,212619435,False,sapmachine-jdk-21.0.7_linux-aarch64_bin.tar.gz,linux,aarch64,jdk,1643
2026-10-07T02:56:57+00:00,sapmachine-21.0.7,212619435,False,sapmachine-jdk-21.0.7_linux-ppc64le_bin-symbols.tar.gz,linux,ppc64,jdk,6
2026-10-07T02:56:57+00:00,sapmachine-21.0.7,212619435,False,sapmachine-jdk-21.0.7_linux-ppc64le_bin.tar.gz,linux,ppc64,jdk,1426
2026-10-07T02:56:57+00:00,sapmachine-21.0.7,212619435,False,sapmachine-jdk-21.0.7_linux-x64-musl_bin-symbols.tar.gz,alpine,x64,jdk,6
2026-10-07T02:56:57+00:00,sapmachine-21.0.7,212619435,False,sapmachine-jdk-21.0.7_linux-x64-musl_bin.tar.gz,alpine,x64,jdk,1891
2026-10-07T02:56:57+00:00,sapmachine-21.0.7,212619435,False,sapmachine-jdk-21.0.7_linux-x64_bin-symbols.tar.gz,linux,x64,jdk,6
2026-10-07T02:56:57+00:00,sapmachine-21.0.7,212619435,False,sapmachine-jdk-21.0.7_linux-x64_bin.tar.gz,linux,x64,jdk,244056
2026-10-07T02:56:57+00:00,sapmachine-21.0.7,212619435,False,sapmachine-jdk-21.0.7_macos-aarch64_bin-symbols.tar.gz,macos,aarch64,jdk,9
2026-10-07T02:56:57+00:00,sapmachine-21.0.7,212619435,False,sapmachine-jdk-21.0.7_macos-aarch64_bin.dmg,macos,aarch64,jdk,2353
2026-10-07T02:56:57+00:00,sapmachine-21.0.7,212619435,False,sapmachine-jdk-21.0.7_macos-aarch64_bin.tar.gz,macos,aarch64,jdk,25938
2026-10-07T02:56:57+00:00,sapmachine-21.0.7,212619435,False,sapmachine-jdk-21.0.7_macos-x64_bin-symbols.tar.gz,macos,x64,jdk,8
2026-10-07T02:56:57+00:00,sapmachine-21.0.7,212619435,False,sapmachine-jdk-21.0.7_macos-x64_bin.dmg,macos,x64,jdk,2174
2026-10-07T02:56:57+00:00,sapmachine-21.0.7,212619435,False,sapmachine-jdk-21.0.7_macos-x64_bin.tar.gz,macos,x64,jdk,4676
2026-10-07T02:56:57+00:00,sapmachine-21.0.7,212619435,False,sapmachine-jdk-21.0.7_windows-x64_bin-symbols.tar.gz,windows,x64,jdk,6
2026-10-07T02:56:57+00:00,sapmachine-21.0.7,212619435,False,sapmachine-jdk-21.0.7_windows-x64_bin.zip,windows,x64,jdk,4868
2026-10-07T02:56:57+00:00,sapmachine-21.0.7,212619435,False,sapmachine-jre-21.0.7_aix-ppc64_bin.tar.gz,aix,ppc64,jre,1355
2026-10-07T02:56:57+00:00,sapmachine-21.0.7,212619435,False,sapmachine-jre-21.0.7_linux-aarch64_bin.tar.gz,linux,aarch64,jre,1535
2026-10-07T02:56:57+00:00,sapmachine-21.0.7,212619435,False,sapmachine-jre-21.0.7_linux-ppc64le_bin.tar.gz,linux,ppc64,jre,1376
2026-10-07T02:56:57+00:00,sapmachine-21.0.7,212619435,False,sapmachine-jre-21.0.7_linux-x64-musl_bin.tar.gz,alpine,x64,jre,1393
2026-10-07T02:56:57+00:00,sapmachine-21.0.7,212619435,False,sapmachine-jre-21.0.7_linux-x64_bin.tar.gz,linux,x64,jre,71664
2026-10-07T02:56:57+00:00,sapmachine-21.0.7,212619435,False,sapmachine-jre-21.0.7_macos-aarch64_bin.dmg,macos,aarch64,jre,1385
2026-10-07T02:56:57+00:00,sapmachine-21.0.7,212619435,False,sapmachine-jre-21.0.7_macos-aarch64_bin.tar.gz,macos,aarch64,jre,1921
2026-10-07T02:56:57+00:00,sapmachine-21.0.7,212619435,False,sapmachine-jre-21.0.7_macos-x64_bin.dmg,macos,x64,jre,1374
2026-10-07T02:56:57+00:00,sapmachine-21.0.7,212619435,False,sapmachine-jre-21.0.7_macos-x64_bin.tar.gz,macos,x64,jre,1681
2026-10-07T02:56:57+00:00,sapmachine-21.0.7,212619435,False,sapmachine-jre-21.0.7_windows-x64_bin.zip,windows,x64,jre,1794
2026-10-07T02:56:57+00:00,sapmachine-21.0.7,212619435,False,sapmachine-jdk-21.0.7_windows-x64_bin.msi,windows,x64,jdk,3361
2026-10-07T02:56:57+00:00,sapmachine-21.0.7,212619435,False,sapmachine-jre-21.0.7_windows-x64_bin.msi,windows,x64,jre,2393
2026-10-07T02:56:57+00:00,sapmachine-24.0.1,212611981,False,sapmachine-jdk-24.0.1-1.aarch64.rpm,linux,aarch64,jdk,1352
2026-10-07T02:56:57+00:00,sapmachine-24.0.1,212611981,False,sapmachine-jdk-24.0.1-1.ppc64le.rpm,linux,ppc64,jdk,1339
2026-10-07T02:56:57+00:00,sapmachine-24.0.1,212611981,False,sapmachine-jdk-24.0.1-1.x86_64.rpm,linux,x64,jdk,1347
2026-10-07T02:56:57+00:00,sapmachine-24.0.1,212611981,False,sapmachine-jdk-24.0.1_aix-ppc64_bin-symbols.tar.gz,aix,ppc64,jdk,0
2026-10-07T02:56:57+00:00,sapmachine-24.0.1,212611981,False,sapmachine-jdk-24.0.1_aix-ppc64_bin.tar.gz,aix,ppc64,jdk,1448
2026-10-07T02:56:57+00:00,sapmachine-24.0.1,212611981,False,sapmachine-jdk-24.0.1_linux-aarch64_bin-symbols.tar.gz,linux,aarch64,jdk,0
2026-10-07T02:56:57+00:00,sapmachine-24.0.1,212611981,False,sapmachine-jdk-24.0.1_linux-aarch64_bin.tar.gz,linux,aarch64,jdk,1609
2026-10-07T02:56:57+00:00,sapmachine-24.0.1,212611981,False,sapmachine-jdk-24.0.1_linux-ppc64le_bin-symbols.tar.gz,linux,ppc64,jdk,0
2026-10-07T02:56:57+00:00,sapmachine-24.0.1,212611981,False,sapmachine-jdk-24.0.1_linux-ppc64le_bin.tar.gz,linux,ppc64,jdk,1460
2026-10-07T02:56:57+00:00,sapmachine-24.0.1,212611981,False,sapmachine-jdk-24.0.1_linux-x64-musl_bin-symbols.tar.gz,alpine,x64,jdk,0
2026-10-07T02:56:57+00:00,sapmachine-24.0.1,212611981,False,sapmachine-jdk-24.0.1_linux-x64-musl_bin.tar.gz,alpine,x64,jdk,1784
2026-10-07T02:56:57+00:00,sapmachine-24.0.1,212611981,False,sapmachine-jdk-24.0.1_linux-x64_bin-symbols.tar.gz,linux,x64,jdk,0
2026-10-07T02:56:57+00:00,sapmachine-24.0.1,212611981,False,sapmachine-jdk-24.0.1_linux-x64_bin.tar.gz,linux,x64,jdk,8339
2026-10-07T02:56:57+00:00,sapmachine-24.0.1,212611981,False,sapmachine-jdk-24.0.1_macos-aarch64_bin-symbols.tar.gz,macos,aarch64,jdk,2
2026-10-07T02:56:57+00:00,sapmachine-24.0.1,212611981,False,sapmachine-jdk-24.0.1_macos-aarch64_bin.dmg,macos,aarch64,jdk,2838
2026-10-07T02:56:57+00:00,sapmachine-24.0.1,212611981,False,sapmachine-jdk-24.0.1_macos-aarch64_bin.tar.gz,macos,aarch64,jdk,2690
2026-10-07T02:56:57+00:00,sapmachine-24.0.1,212611981,False,sapmachine-jdk-24.0.1_macos-x64_bin-symbols.tar.gz,macos,x64,jdk,1
2026-10-07T02:56:57+00:00,sapmachine-24.0.1,212611981,False,sapmachine-jdk-24.0.1_macos-x64_bin.dmg,macos,x64,jdk,2575
2026-10-07T02:56:57+00:00,sapmachine-24.0.1,212611981,False,sapmachine-jdk-24.0.1_macos-x64_bin.tar.gz,macos,x64,jdk,2067
2026-10-07T02:56:57+00:00,sapmachine-24.0.1,212611981,False,sapmachine-jdk-24.0.1_windows-x64_bin-symbols.tar.gz,windows,x64,jdk,1
2026-10-07T02:56:57+00:00,sapmachine-24.0.1,212611981,False,sapmachine-jdk-24.0.1_windows-x64_bin.zip,windows,x64,jdk,2635
2026-10-07T02:56:57+00:00,sapmachine-24.0.1,212611981,False,sapmachine-jre-24.0.1_aix-ppc64_bin.tar.gz,aix,ppc64,jre,1342
2026-10-07T02:56:57+00:00,sapmachine-24.0.1,212611981,False,sapmachine-jre-24.0.1_linux-aarch64_bin.tar.gz,linux,aarch64,jre,1460
2026-10-07T02:56:57+00:00,sapmachine-24.0.1,212611981,False,sapmachine-jre-24.0.1_linux-ppc64le_bin.tar.gz,linux,ppc64,jre,1379
2026-10-07T02:56:57+00:00,sapmachine-24.0.1,212611981,False,sapmachine-jre-24.0.1_linux-x64-musl_bin.tar.gz,alpine,x64,jre,1351
2026-10-07T02:56:57+00:00,sapmachine-24.0.1,212611981,False,sapmachine-jre-24.0.1_linux-x64_bin.tar.gz,linux,x64,jre,2143
2026-10-07T02:56:57+00:00,sapmachine-24.0.1,212611981,False,sapmachine-jre-24.0.1_macos-aarch64_bin.dmg,macos,aarch64,jre,1359
2026-10-07T02:56:57+00:00,sapmachine-24.0.1,212611981,False,sapmachine-jre-24.0.1_macos-aarch64_bin.tar.gz,macos,aarch64,jre,1457
2026-10-07T02:56:57+00:00,sapmachine-24.0.1,212611981,False,sapmachine-jre-24.0.1_macos-x64_bin.dmg,macos,x64,jre,1357
2026-10-07T02:56:57+00:00,sapmachine-24.0.1,212611981,False,sapmachine-jre-24.0.1_macos-x64_bin.tar.gz,macos,x64,jre,1426
2026-10-07T02:56:57+00:00,sapmachine-24.0.1,212611981,False,sapmachine-jre-24.0.1_windows-x64_bin.zip,windows,x64,jre,1522
2026-10-07T02:56:57+00:00,sapmachine-24.0.1,212611981,False,sapmachine-jdk-24.0.1_windows-x64_bin.msi,windows,x64,jdk,6170
2026-10-07T02:56:57+00:00,sapmachine-24.0.1,212611981,False,sapmachine-jre-24.0.1_windows-x64_bin.msi,windows,x64,jre,2684
2026-10-07T02:56:57+00:00,sapmachine-24,206755339,False,sapmachine-jdk-24-1.aarch64.rpm,linux,aarch64,jdk,1434
2026-10-07T02:56:57+00:00,sapmachine-24,206755339,False,sapmachine-jdk-24-1.ppc64le.rpm,linux,ppc64,jdk,1523
2026-10-07T02:56:57+00:00,sapmachine-24,206755339,False,sapmachine-jdk-24-1.x86_64.rpm,linux,x64,jdk,1452
2026-10-07T02:56:57+00:00,sapmachine-24,206755339,False,sapmachine-jdk-24_aix-ppc64_bin-symbols.tar.gz,aix,ppc64,jdk,1
2026-10-07T02:56:57+00:00,sapmachine-24,206755339,False,sapmachine-jdk-24_aix-ppc64_bin.tar.gz,aix,ppc64,jdk,1462
2026-10-07T02:56:57+00:00,sapmachine-24,206755339,False,sapmachine-jdk-24_linux-aarch64_bin-symbols.tar.gz,linux,aarch64,jdk,1
2026-10-07T02:56:57+00:00,sapmachine-24,206755339,False,sapmachine-jdk-24_linux-aarch64_bin.tar.gz,linux,aarch64,jdk,1634
2026-10-07T02:56:57+00:00,sapmachine-24,206755339,False,sapmachine-jdk-24_linux-ppc64le_bin-symbols.tar.gz,linux,ppc64,jdk,1
2026-10-07T02:56:57+00:00,sapmachine-24,206755339,False,sapmachine-jdk-24_linux-ppc64le_bin.tar.gz,linux,ppc64,jdk,1498
2026-10-07T02:56:57+00:00,sapmachine-24,206755339,False,sapmachine-jdk-24_linux-x64-musl_bin-symbols.tar.gz,alpine,x64,jdk,1
2026-10-07T02:56:57+00:00,sapmachine-24,206755339,False,sapmachine-jdk-24_linux-x64-musl_bin.tar.gz,alpine,x64,jdk,1525
2026-10-07T02:56:57+00:00,sapmachine-24,206755339,False,sapmachine-jdk-24_linux-x64_bin-symbols.tar.gz,linux,x64,jdk,1
2026-10-07T02:56:57+00:00,sapmachine-24,206755339,False,sapmachine-jdk-24_linux-x64_bin.tar.gz,linux,x64,jdk,2777
2026-10-07T02:56:57+00:00,sapmachine-24,206755339,False,sapmachine-jdk-24_macos-aarch64_bin-symbols.tar.gz,macos,aarch64,jdk,1
2026-10-07T02:56:57+00:00,sapmachine-24,206755339,False,sapmachine-jdk-24_macos-aarch64_bin.dmg,macos,aarch64,jdk,2053
2026-10-07T02:56:57+00:00,sapmachine-24,206755339,False,sapmachine-jdk-24_macos-aarch64_bin.tar.gz,macos,aarch64,jdk,1830
2026-10-07T02:56:57+00:00,sapmachine-24,206755339,False,sapmachine-jdk-24_macos-x64_bin-symbols.tar.gz,macos,x64,jdk,2
2026-10-07T02:56:57+00:00,sapmachine-24,206755339,False,sapmachine-jdk-24_macos-x64_bin.dmg,macos,x64,jdk,1874
2026-10-07T02:56:57+00:00,sapmachine-24,206755339,False,sapmachine-jdk-24_macos-x64_bin.tar.gz,macos,x64,jdk,1700
2026-10-07T02:56:57+00:00,sapmachine-24,206755339,False,sapmachine-jdk-24_windows-x64_bin-symbols.tar.gz,windows,x64,jdk,3
2026-10-07T02:56:57+00:00,sapmachine-24,206755339,False,sapmachine-jdk-24_windows-x64_bin.zip,windows,x64,jdk,1970
2026-10-07T02:56:57+00:00,sapmachine-24,206755339,False,sapmachine-jre-24_aix-ppc64_bin.tar.gz,aix,ppc64,jre,1443
2026-10-07T02:56:57+00:00,sapmachine-24,206755339,False,sapmachine-jre-24_linux-aarch64_bin.tar.gz,linux,aarch64,jre,1498
2026-10-07T02:56:57+00:00,sapmachine-24,206755339,False,sapmachine-jre-24_linux-ppc64le_bin.tar.gz,linux,ppc64,jre,1436
2026-10-07T02:56:57+00:00,sapmachine-24,206755339,False,sapmachine-jre-24_linux-x64-musl_bin.tar.gz,alpine,x64,jre,1449
2026-10-07T02:56:57+00:00,sapmachine-24,206755339,False,sapmachine-jre-24_linux-x64_bin.tar.gz,linux,x64,jre,2048
2026-10-07T02:56:57+00:00,sapmachine-24,206755339,False,sapmachine-jre-24_macos-aarch64_bin.dmg,macos,aarch64,jre,1476
2026-10-07T02:56:57+00:00,sapmachine-24,206755339,False,sapmachine-jre-24_macos-aarch64_bin.tar.gz,macos,aarch64,jre,1533
2026-10-07T02:56:57+00:00,sapmachine-24,206755339,False,sapmachine-jre-24_macos-x64_bin.dmg,macos,x64,jre,1445
2026-10-07T02:56:57+00:00,sapmachine-24,206755339,False,sapmachine-jre-24_macos-x64_bin.tar.gz,macos,x64,jre,1540
2026-10-07T02:56:57+00:00,sapmachine-24,206755339,False,sapmachine-jre-24_windows-x64_bin.zip,windows,x64,jre,1559
2026-10-07T02:56:57+00:00,sapmachine-24,206755339,False,sapmachine-jdk-24_windows-x64_bin.msi,windows,x64,jdk,3608
2026-10-07T02:56:57+00:00,sapmachine-24,206755339,False,sapmachine-jre-24_windows-x64_bin.msi,windows,x64,jre,2405
2026-10-07T02:56:57+00:00,sapmachine-11.0.26,196049247,False,sapmachine-jdk-11.0.26-1.x86_64.rpm,linux,x64,jdk,1611
2026-10-07T02:56:57+00:00,sapmachine-11.0.26,196049247,False,sapmachine-jdk-11.0.26_linux-x64_bin-symbols.tar.gz,linux,x64,jdk,2
2026-10-07T02:56:57+00:00,sapmachine-11.0.26,196049247,False,sapmachine-jdk-11.0.26_linux-x64_bin.tar.gz,linux,x64,jdk,22210
2026-10-07T02:56:57+00:00,sapmachine-11.0.26,196049247,False,sapmachine-jre-11.0.26_linux-x64_bin.tar.gz,linux,x64,jre,3070
2026-10-07T02:56:57+00:00,sapmachine-17.0.14,196046864,False,sapmachine-jdk-17.0.14-1.aarch64.rpm,linux,aarch64,jdk,1609
2026-10-07T02:56:57+00:00,sapmachine-17.0.14,196046864,False,sapmachine-jdk-17.0.14-1.ppc64le.rpm,linux,ppc64,jdk,1590
2026-10-07T02:56:57+00:00,sapmachine-17.0.14,196046864,False,sapmachine-jdk-17.0.14-1.x86_64.rpm,linux,x64,jdk,2081
2026-10-07T02:56:57+00:00,sapmachine-17.0.14,196046864,False,sapmachine-jdk-17.0.14_linux-aarch64_bin-symbols.tar.gz,linux,aarch64,jdk,3
2026-10-07T02:56:57+00:00,sapmachine-17.0.14,196046864,False,sapmachine-jdk-17.0.14_linux-aarch64_bin.tar.gz,linux,aarch64,jdk,1971
2026-10-07T02:56:57+00:00,sapmachine-17.0.14,196046864,False,sapmachine-jdk-17.0.14_linux-ppc64le_bin-symbols.tar.gz,linux,ppc64,jdk,2
2026-10-07T02:56:57+00:00,sapmachine-17.0.14,196046864,False,sapmachine-jdk-17.0.14_linux-ppc64le_bin.tar.gz,linux,ppc64,jdk,1695
2026-10-07T02:56:57+00:00,sapmachine-17.0.14,196046864,False,sapmachine-jdk-17.0.14_linux-x64-musl_bin-symbols.tar.gz,alpine,x64,jdk,2
2026-10-07T02:56:57+00:00,sapmachine-17.0.14,196046864,False,sapmachine-jdk-17.0.14_linux-x64-musl_bin.tar.gz,alpine,x64,jdk,1750
2026-10-07T02:56:57+00:00,sapmachine-17.0.14,196046864,False,sapmachine-jdk-17.0.14_linux-x64_bin-symbols.tar.gz,linux,x64,jdk,2
2026-10-07T02:56:57+00:00,sapmachine-17.0.14,196046864,False,sapmachine-jdk-17.0.14_linux-x64_bin.tar.gz,linux,x64,jdk,128956
2026-10-07T02:56:57+00:00,sapmachine-17.0.14,196046864,False,sapmachine-jdk-17.0.14_macos-aarch64_bin-symbols.tar.gz,macos,aarch64,jdk,12
2026-10-07T02:56:57+00:00,sapmachine-17.0.14,196046864,False,sapmachine-jdk-17.0.14_macos-aarch64_bin.dmg,macos,aarch64,jdk,2636
2026-10-07T02:56:57+00:00,sapmachine-17.0.14,196046864,False,sapmachine-jdk-17.0.14_macos-aarch64_bin.tar.gz,macos,aarch64,jdk,17817
2026-10-07T02:56:57+00:00,sapmachine-17.0.14,196046864,False,sapmachine-jdk-17.0.14_macos-x64_bin-symbols.tar.gz,macos,x64,jdk,3
2026-10-07T02:56:57+00:00,sapmachine-17.0.14,196046864,False,sapmachine-jdk-17.0.14_macos-x64_bin.dmg,macos,x64,jdk,2936
2026-10-07T02:56:57+00:00,sapmachine-17.0.14,196046864,False,sapmachine-jdk-17.0.14_macos-x64_bin.tar.gz,macos,x64,jdk,5473
2026-10-07T02:56:57+00:00,sapmachine-17.0.14,196046864,False,sapmachine-jdk-17.0.14_windows-x64_bin-symbols.tar.gz,windows,x64,jdk,5
2026-10-07T02:56:57+00:00,sapmachine-17.0.14,196046864,False,sapmachine-jdk-17.0.14_windows-x64_bin.zip,windows,x64,jdk,26253
2026-10-07T02:56:57+00:00,sapmachine-17.0.14,196046864,False,sapmachine-jre-17.0.14_linux-aarch64_bin.tar.gz,linux,aarch64,jre,1930
2026-10-07T02:56:57+00:00,sapmachine-17.0.14,196046864,False,sapmachine-jre-17.0.14_linux-ppc64le_bin.tar.gz,linux,ppc64,jre,1607
2026-10-07T02:56:57+00:00,sapmachine-17.0.14,196046864,False,sapmachine-jre-17.0.14_linux-x64-musl_bin.tar.gz,alpine,x64,jre,1674
2026-10-07T02:56:57+00:00,sapmachine-17.0.14,196046864,False,sapmachine-jre-17.0.14_linux-x64_bin.tar.gz,linux,x64,jre,118825
2026-10-07T02:56:57+00:00,sapmachine-17.0.14,196046864,False,sapmachine-jre-17.0.14_macos-aarch64_bin.dmg,macos,aarch64,jre,1675
2026-10-07T02:56:57+00:00,sapmachine-17.0.14,196046864,False,sapmachine-jre-17.0.14_macos-aarch64_bin.tar.gz,macos,aarch64,jre,1894
2026-10-07T02:56:57+00:00,sapmachine-17.0.14,196046864,False,sapmachine-jre-17.0.14_macos-x64_bin.dmg,macos,x64,jre,1634
2026-10-07T02:56:57+00:00,sapmachine-17.0.14,196046864,False,sapmachine-jre-17.0.14_macos-x64_bin.tar.gz,macos,x64,jre,4097
2026-10-07T02:56:57+00:00,sapmachine-17.0.14,196046864,False,sapmachine-jre-17.0.14_windows-x64_bin.zip,windows,x64,jre,4324
2026-10-07T02:56:57+00:00,sapmachine-17.0.14,196046864,False,sapmachine-jdk-17.0.14_windows-x64_bin.msi,windows,x64,jdk,4371
2026-10-07T02:56:57+00:00,sapmachine-17.0.14,196046864,False,sapmachine-jre-17.0.14_windows-x64_bin.msi,windows,x64,jre,3593
2026-10-07T02:56:57+00:00,sapmachine-21.0.6,196029075,False,sapmachine-jdk-21.0.6-1.aarch64.rpm,linux,aarch64,jdk,1611
2026-10-07T02:56:57+00:00,sapmachine-21.0.6,196029075,False,sapmachine-jdk-21.0.6-1.ppc64le.rpm,linux,ppc64,jdk,1600
2026-10-07T02:56:57+00:00,sapmachine-21.0.6,196029075,False,sapmachine-jdk-21.0.6-1.x86_64.rpm,linux,x64,jdk,1674
2026-10-07T02:56:57+00:00,sapmachine-21.0.6,196029075,False,sapmachine-jdk-21.0.6_aix-ppc64_bin-symbols.tar.gz,aix,ppc64,jdk,4
2026-10-07T02:56:57+00:00,sapmachine-21.0.6,196029075,False,sapmachine-jdk-21.0.6_aix-ppc64_bin.tar.gz,aix,ppc64,jdk,1643
2026-10-07T02:56:57+00:00,sapmachine-21.0.6,196029075,False,sapmachine-jdk-21.0.6_linux-aarch64_bin-symbols.tar.gz,linux,aarch64,jdk,3
2026-10-07T02:56:57+00:00,sapmachine-21.0.6,196029075,False,sapmachine-jdk-21.0.6_linux-aarch64_bin.tar.gz,linux,aarch64,jdk,1805
2026-10-07T02:56:57+00:00,sapmachine-21.0.6,196029075,False,sapmachine-jdk-21.0.6_linux-ppc64le_bin-symbols.tar.gz,linux,ppc64,jdk,3
2026-10-07T02:56:57+00:00,sapmachine-21.0.6,196029075,False,sapmachine-jdk-21.0.6_linux-ppc64le_bin.tar.gz,linux,ppc64,jdk,1637
2026-10-07T02:56:57+00:00,sapmachine-21.0.6,196029075,False,sapmachine-jdk-21.0.6_linux-x64-musl_bin-symbols.tar.gz,alpine,x64,jdk,3
2026-10-07T02:56:57+00:00,sapmachine-21.0.6,196029075,False,sapmachine-jdk-21.0.6_linux-x64-musl_bin.tar.gz,alpine,x64,jdk,1852
2026-10-07T02:56:57+00:00,sapmachine-21.0.6,196029075,False,sapmachine-jdk-21.0.6_linux-x64_bin-symbols.tar.gz,linux,x64,jdk,6
2026-10-07T02:56:57+00:00,sapmachine-21.0.6,196029075,False,sapmachine-jdk-21.0.6_linux-x64_bin.tar.gz,linux,x64,jdk,59410
2026-10-07T02:56:57+00:00,sapmachine-21.0.6,196029075,False,sapmachine-jdk-21.0.6_macos-aarch64_bin-symbols.tar.gz,macos,aarch64,jdk,3
2026-10-07T02:56:57+00:00,sapmachine-21.0.6,196029075,False,sapmachine-jdk-21.0.6_macos-aarch64_bin.dmg,macos,aarch64,jdk,2067
2026-10-07T02:56:57+00:00,sapmachine-21.0.6,196029075,False,sapmachine-jdk-21.0.6_macos-aarch64_bin.tar.gz,macos,aarch64,jdk,23324
2026-10-07T02:56:57+00:00,sapmachine-21.0.6,196029075,False,sapmachine-jdk-21.0.6_macos-x64_bin-symbols.tar.gz,macos,x64,jdk,3
2026-10-07T02:56:57+00:00,sapmachine-21.0.6,196029075,False,sapmachine-jdk-21.0.6_macos-x64_bin.dmg,macos,x64,jdk,2127
2026-10-07T02:56:57+00:00,sapmachine-21.0.6,196029075,False,sapmachine-jdk-21.0.6_macos-x64_bin.tar.gz,macos,x64,jdk,6131
2026-10-07T02:56:57+00:00,sapmachine-21.0.6,196029075,False,sapmachine-jdk-21.0.6_windows-x64_bin-symbols.tar.gz,windows,x64,jdk,4
2026-10-07T02:56:57+00:00,sapmachine-21.0.6,196029075,False,sapmachine-jdk-21.0.6_windows-x64_bin.zip,windows,x64,jdk,5694
2026-10-07T02:56:57+00:00,sapmachine-21.0.6,196029075,False,sapmachine-jre-21.0.6_aix-ppc64_bin.tar.gz,aix,ppc64,jre,1647
2026-10-07T02:56:57+00:00,sapmachine-21.0.6,196029075,False,sapmachine-jre-21.0.6_linux-aarch64_bin.tar.gz,linux,aarch64,jre,1829
2026-10-07T02:56:57+00:00,sapmachine-21.0.6,196029075,False,sapmachine-jre-21.0.6_linux-ppc64le_bin.tar.gz,linux,ppc64,jre,1604
2026-10-07T02:56:57+00:00,sapmachine-21.0.6,196029075,False,sapmachine-jre-21.0.6_linux-x64-musl_bin.tar.gz,alpine,x64,jre,1670
2026-10-07T02:56:57+00:00,sapmachine-21.0.6,196029075,False,sapmachine-jre-21.0.6_linux-x64_bin.tar.gz,linux,x64,jre,60952
2026-10-07T02:56:57+00:00,sapmachine-21.0.6,196029075,False,sapmachine-jre-21.0.6_macos-aarch64_bin.dmg,macos,aarch64,jre,1647
2026-10-07T02:56:57+00:00,sapmachine-21.0.6,196029075,False,sapmachine-jre-21.0.6_macos-aarch64_bin.tar.gz,macos,aarch64,jre,2031
2026-10-07T02:56:57+00:00,sapmachine-21.0.6,196029075,False,sapmachine-jre-21.0.6_macos-x64_bin.dmg,macos,x64,jre,1620
2026-10-07T02:56:57+00:00,sapmachine-21.0.6,196029075,False,sapmachine-jre-21.0.6_macos-x64_bin.tar.gz,macos,x64,jre,1835
2026-10-07T02:56:57+00:00,sapmachine-21.0.6,196029075,False,sapmachine-jre-21.0.6_windows-x64_bin.zip,windows,x64,jre,1920
2026-10-07T02:56:57+00:00,sapmachine-21.0.6,196029075,False,sapmachine-jdk-21.0.6_windows-x64_bin.msi,windows,x64,jdk,3632
2026-10-07T02:56:57+00:00,sapmachine-21.0.6,196029075,False,sapmachine-jre-21.0.6_windows-x64_bin.msi,windows,x64,jre,2715
2026-10-07T02:56:57+00:00,sapmachine-23.0.2,196017845,False,sapmachine-jdk-23.0.2-1.aarch64.rpm,linux,aarch64,jdk,1614
2026-10-07T02:56:57+00:00,sapmachine-23.0.2,196017845,False,sapmachine-jdk-23.0.2-1.ppc64le.rpm,linux,ppc64,jdk,1661
2026-10-07T02:56:57+00:00,sapmachine-23.0.2,196017845,False,sapmachine-jdk-23.0.2-1.x86_64.rpm,linux,x64,jdk,1634
2026-10-07T02:56:57+00:00,sapmachine-23.0.2,196017845,False,sapmachine-jdk-23.0.2_aix-ppc64_bin-symbols.tar.gz,aix,ppc64,jdk,2
2026-10-07T02:56:57+00:00,sapmachine-23.0.2,196017845,False,sapmachine-jdk-23.0.2_aix-ppc64_bin.tar.gz,aix,ppc64,jdk,1665
2026-10-07T02:56:57+00:00,sapmachine-23.0.2,196017845,False,sapmachine-jdk-23.0.2_linux-aarch64_bin-symbols.tar.gz,linux,aarch64,jdk,2
2026-10-07T02:56:57+00:00,sapmachine-23.0.2,196017845,False,sapmachine-jdk-23.0.2_linux-aarch64_bin.tar.gz,linux,aarch64,jdk,1773
2026-10-07T02:56:57+00:00,sapmachine-23.0.2,196017845,False,sapmachine-jdk-23.0.2_linux-ppc64le_bin-symbols.tar.gz,linux,ppc64,jdk,2
2026-10-07T02:56:57+00:00,sapmachine-23.0.2,196017845,False,sapmachine-jdk-23.0.2_linux-ppc64le_bin.tar.gz,linux,ppc64,jdk,1663
2026-10-07T02:56:57+00:00,sapmachine-23.0.2,196017845,False,sapmachine-jdk-23.0.2_linux-x64-musl_bin-symbols.tar.gz,alpine,x64,jdk,2
2026-10-07T02:56:57+00:00,sapmachine-23.0.2,196017845,False,sapmachine-jdk-23.0.2_linux-x64-musl_bin.tar.gz,alpine,x64,jdk,1808
2026-10-07T02:56:57+00:00,sapmachine-23.0.2,196017845,False,sapmachine-jdk-23.0.2_linux-x64_bin-symbols.tar.gz,linux,x64,jdk,2
2026-10-07T02:56:57+00:00,sapmachine-23.0.2,196017845,False,sapmachine-jdk-23.0.2_linux-x64_bin.tar.gz,linux,x64,jdk,156067
2026-10-07T02:56:57+00:00,sapmachine-23.0.2,196017845,False,sapmachine-jdk-23.0.2_macos-aarch64_bin-symbols.tar.gz,macos,aarch64,jdk,3
2026-10-07T02:56:57+00:00,sapmachine-23.0.2,196017845,False,sapmachine-jdk-23.0.2_macos-aarch64_bin.dmg,macos,aarch64,jdk,2670
2026-10-07T02:56:57+00:00,sapmachine-23.0.2,196017845,False,sapmachine-jdk-23.0.2_macos-aarch64_bin.tar.gz,macos,aarch64,jdk,2953
2026-10-07T02:56:57+00:00,sapmachine-23.0.2,196017845,False,sapmachine-jdk-23.0.2_macos-x64_bin-symbols.tar.gz,macos,x64,jdk,2
2026-10-07T02:56:57+00:00,sapmachine-23.0.2,196017845,False,sapmachine-jdk-23.0.2_macos-x64_bin.dmg,macos,x64,jdk,2449
2026-10-07T02:56:57+00:00,sapmachine-23.0.2,196017845,False,sapmachine-jdk-23.0.2_macos-x64_bin.tar.gz,macos,x64,jdk,2072
2026-10-07T02:56:57+00:00,sapmachine-23.0.2,196017845,False,sapmachine-jdk-23.0.2_windows-x64_bin-symbols.tar.gz,windows,x64,jdk,5
2026-10-07T02:56:57+00:00,sapmachine-23.0.2,196017845,False,sapmachine-jdk-23.0.2_windows-x64_bin.zip,windows,x64,jdk,2531
2026-10-07T02:56:57+00:00,sapmachine-23.0.2,196017845,False,sapmachine-jre-23.0.2_aix-ppc64_bin.tar.gz,aix,ppc64,jre,1641
2026-10-07T02:56:57+00:00,sapmachine-23.0.2,196017845,False,sapmachine-jre-23.0.2_linux-aarch64_bin.tar.gz,linux,aarch64,jre,1683
2026-10-07T02:56:57+00:00,sapmachine-23.0.2,196017845,False,sapmachine-jre-23.0.2_linux-ppc64le_bin.tar.gz,linux,ppc64,jre,1601
2026-10-07T02:56:57+00:00,sapmachine-23.0.2,196017845,False,sapmachine-jre-23.0.2_linux-x64-musl_bin.tar.gz,alpine,x64,jre,1632
2026-10-07T02:56:57+00:00,sapmachine-23.0.2,196017845,False,sapmachine-jre-23.0.2_linux-x64_bin.tar.gz,linux,x64,jre,4042
2026-10-07T02:56:57+00:00,sapmachine-23.0.2,196017845,False,sapmachine-jre-23.0.2_macos-aarch64_bin.dmg,macos,aarch64,jre,1639
2026-10-07T02:56:57+00:00,sapmachine-23.0.2,196017845,False,sapmachine-jre-23.0.2_macos-aarch64_bin.tar.gz,macos,aarch64,jre,1741
2026-10-07T02:56:57+00:00,sapmachine-23.0.2,196017845,False,sapmachine-jre-23.0.2_macos-x64_bin.dmg,macos,x64,jre,1661
2026-10-07T02:56:57+00:00,sapmachine-23.0.2,196017845,False,sapmachine-jre-23.0.2_macos-x64_bin.tar.gz,macos,x64,jre,1698
2026-10-07T02:56:57+00:00,sapmachine-23.0.2,196017845,False,sapmachine-jre-23.0.2_windows-x64_bin.zip,windows,x64,jre,1774
2026-10-07T02:56:57+00:00,sapmachine-23.0.2,196017845,False,sapmachine-jdk-23.0.2_windows-x64_bin.msi,windows,x64,jdk,5411
2026-10-07T02:56:57+00:00,sapmachine-23.0.2,196017845,False,sapmachine-jre-23.0.2_windows-x64_bin.msi,windows,x64,jre,3179
2026-10-07T02:56:57+00:00,sapmachine-21.0.5,180069062,False,sapmachine-jdk-21.0.5-1.x86_64.rpm,linux,x64,jdk,1958
2026-10-07T02:56:57+00:00,sapmachine-21.0.5,180069062,False,sapmachine-jdk-21.0.5_aix-ppc64_bin-symbols.tar.gz,aix,ppc64,jdk,4
2026-10-07T02:56:57+00:00,sapmachine-21.0.5,180069062,False,sapmachine-jdk-21.0.5_aix-ppc64_bin.tar.gz,aix,ppc64,jdk,1971
2026-10-07T02:56:57+00:00,sapmachine-21.0.5,180069062,False,sapmachine-jdk-21.0.5_linux-aarch64_bin-symbols.tar.gz,linux,aarch64,jdk,5
2026-10-07T02:56:57+00:00,sapmachine-21.0.5,180069062,False,sapmachine-jdk-21.0.5_linux-aarch64_bin.tar.gz,linux,aarch64,jdk,2219
2026-10-07T02:56:57+00:00,sapmachine-21.0.5,180069062,False,sapmachine-jdk-21.0.5_linux-ppc64le_bin-symbols.tar.gz,linux,ppc64,jdk,4
2026-10-07T02:56:57+00:00,sapmachine-21.0.5,180069062,False,sapmachine-jdk-21.0.5_linux-ppc64le_bin.tar.gz,linux,ppc64,jdk,1945
2026-10-07T02:56:57+00:00,sapmachine-21.0.5,180069062,False,sapmachine-jdk-21.0.5_linux-x64-musl_bin-symbols.tar.gz,alpine,x64,jdk,4
2026-10-07T02:56:57+00:00,sapmachine-21.0.5,180069062,False,sapmachine-jdk-21.0.5_linux-x64-musl_bin.tar.gz,alpine,x64,jdk,1983
2026-10-07T02:56:57+00:00,sapmachine-21.0.5,180069062,False,sapmachine-jdk-21.0.5_linux-x64_bin-symbols.tar.gz,linux,x64,jdk,4
2026-10-07T02:56:57+00:00,sapmachine-21.0.5,180069062,False,sapmachine-jdk-21.0.5_linux-x64_bin.tar.gz,linux,x64,jdk,22067
2026-10-07T02:56:57+00:00,sapmachine-21.0.5,180069062,False,sapmachine-jdk-21.0.5_macos-aarch64_bin-symbols.tar.gz,macos,aarch64,jdk,5
2026-10-07T02:56:57+00:00,sapmachine-21.0.5,180069062,False,sapmachine-jdk-21.0.5_macos-aarch64_bin.dmg,macos,aarch64,jdk,2413
2026-10-07T02:56:57+00:00,sapmachine-21.0.5,180069062,False,sapmachine-jdk-21.0.5_macos-aarch64_bin.tar.gz,macos,aarch64,jdk,17973
2026-10-07T02:56:57+00:00,sapmachine-21.0.5,180069062,False,sapmachine-jdk-21.0.5_macos-x64_bin-symbols.tar.gz,macos,x64,jdk,5
2026-10-07T02:56:57+00:00,sapmachine-21.0.5,180069062,False,sapmachine-jdk-21.0.5_macos-x64_bin.dmg,macos,x64,jdk,2510
2026-10-07T02:56:57+00:00,sapmachine-21.0.5,180069062,False,sapmachine-jdk-21.0.5_macos-x64_bin.tar.gz,macos,x64,jdk,6409
2026-10-07T02:56:57+00:00,sapmachine-21.0.5,180069062,False,sapmachine-jdk-21.0.5_windows-x64_bin-symbols.tar.gz,windows,x64,jdk,5
2026-10-07T02:56:57+00:00,sapmachine-21.0.5,180069062,False,sapmachine-jdk-21.0.5_windows-x64_bin.zip,windows,x64,jdk,6640
2026-10-07T02:56:57+00:00,sapmachine-21.0.5,180069062,False,sapmachine-jre-21.0.5_aix-ppc64_bin.tar.gz,aix,ppc64,jre,1932
2026-10-07T02:56:57+00:00,sapmachine-21.0.5,180069062,False,sapmachine-jre-21.0.5_linux-aarch64_bin.tar.gz,linux,aarch64,jre,2242
2026-10-07T02:56:57+00:00,sapmachine-21.0.5,180069062,False,sapmachine-jre-21.0.5_linux-ppc64le_bin.tar.gz,linux,ppc64,jre,1958
2026-10-07T02:56:57+00:00,sapmachine-21.0.5,180069062,False,sapmachine-jre-21.0.5_linux-x64-musl_bin.tar.gz,alpine,x64,jre,1977
2026-10-07T02:56:57+00:00,sapmachine-21.0.5,180069062,False,sapmachine-jre-21.0.5_linux-x64_bin.tar.gz,linux,x64,jre,47539
2026-10-07T02:56:57+00:00,sapmachine-21.0.5,180069062,False,sapmachine-jre-21.0.5_macos-aarch64_bin.dmg,macos,aarch64,jre,1962
2026-10-07T02:56:57+00:00,sapmachine-21.0.5,180069062,False,sapmachine-jre-21.0.5_macos-aarch64_bin.tar.gz,macos,aarch64,jre,2076
2026-10-07T02:56:57+00:00,sapmachine-21.0.5,180069062,False,sapmachine-jre-21.0.5_macos-x64_bin.dmg,macos,x64,jre,1953
2026-10-07T02:56:57+00:00,sapmachine-21.0.5,180069062,False,sapmachine-jre-21.0.5_macos-x64_bin.tar.gz,macos,x64,jre,2027
2026-10-07T02:56:57+00:00,sapmachine-21.0.5,180069062,False,sapmachine-jre-21.0.5_windows-x64_bin.zip,windows,x64,jre,2123
2026-10-07T02:56:57+00:00,sapmachine-21.0.5,180069062,False,sapmachine-jdk-21.0.5_windows-x64_bin.msi,windows,x64,jdk,6743
2026-10-07T02:56:57+00:00,sapmachine-21.0.5,180069062,False,sapmachine-jre-21.0.5_windows-x64_bin.msi,windows,x64,jre,5306
2026-10-07T02:56:57+00:00,sapmachine-11.0.25,180067451,False,sapmachine-jdk-11.0.25-1.x86_64.rpm,linux,x64,jdk,2038
2026-10-07T02:56:57+00:00,sapmachine-11.0.25,180067451,False,sapmachine-jdk-11.0.25_linux-aarch64_bin-symbols.tar.gz,linux,aarch64,jdk,0
2026-10-07T02:56:57+00:00,sapmachine-11.0.25,180067451,False,sapmachine-jdk-11.0.25_linux-aarch64_bin.tar.gz,linux,aarch64,jdk,2101
2026-10-07T02:56:57+00:00,sapmachine-11.0.25,180067451,False,sapmachine-jdk-11.0.25_linux-ppc64le_bin-symbols.tar.gz,linux,ppc64,jdk,0
2026-10-07T02:56:57+00:00,sapmachine-11.0.25,180067451,False,sapmachine-jdk-11.0.25_linux-ppc64le_bin.tar.gz,linux,ppc64,jdk,1934
2026-10-07T02:56:57+00:00,sapmachine-11.0.25,180067451,False,sapmachine-jdk-11.0.25_linux-x64_bin-symbols.tar.gz,linux,x64,jdk,0
2026-10-07T02:56:57+00:00,sapmachine-11.0.25,180067451,False,sapmachine-jdk-11.0.25_linux-x64_bin.tar.gz,linux,x64,jdk,25662
2026-10-07T02:56:57+00:00,sapmachine-11.0.25,180067451,False,sapmachine-jdk-11.0.25_macos-aarch64_bin-symbols.tar.gz,macos,aarch64,jdk,2
2026-10-07T02:56:57+00:00,sapmachine-11.0.25,180067451,False,sapmachine-jdk-11.0.25_macos-aarch64_bin.dmg,macos,aarch64,jdk,2714
2026-10-07T02:56:57+00:00,sapmachine-11.0.25,180067451,False,sapmachine-jdk-11.0.25_macos-aarch64_bin.tar.gz,macos,aarch64,jdk,46400
2026-10-07T02:56:57+00:00,sapmachine-11.0.25,180067451,False,sapmachine-jdk-11.0.25_macos-x64_bin-symbols.tar.gz,macos,x64,jdk,2
2026-10-07T02:56:57+00:00,sapmachine-11.0.25,180067451,False,sapmachine-jdk-11.0.25_macos-x64_bin.dmg,macos,x64,jdk,2500
2026-10-07T02:56:57+00:00,sapmachine-11.0.25,180067451,False,sapmachine-jdk-11.0.25_macos-x64_bin.tar.gz,macos,x64,jdk,27869
2026-10-07T02:56:57+00:00,sapmachine-11.0.25,180067451,False,sapmachine-jdk-11.0.25_windows-x64_bin-symbols.tar.gz,windows,x64,jdk,0
2026-10-07T02:56:57+00:00,sapmachine-11.0.25,180067451,False,sapmachine-jdk-11.0.25_windows-x64_bin.zip,windows,x64,jdk,74680
2026-10-07T02:56:57+00:00,sapmachine-11.0.25,180067451,False,sapmachine-jre-11.0.25_linux-aarch64_bin.tar.gz,linux,aarch64,jre,2159
2026-10-07T02:56:57+00:00,sapmachine-11.0.25,180067451,False,sapmachine-jre-11.0.25_linux-ppc64le_bin.tar.gz,linux,ppc64,jre,1958
2026-10-07T02:56:57+00:00,sapmachine-11.0.25,180067451,False,sapmachine-jre-11.0.25_linux-x64_bin.tar.gz,linux,x64,jre,5230
2026-10-07T02:56:57+00:00,sapmachine-11.0.25,180067451,False,sapmachine-jre-11.0.25_macos-aarch64_bin.dmg,macos,aarch64,jre,1943
2026-10-07T02:56:57+00:00,sapmachine-11.0.25,180067451,False,sapmachine-jre-11.0.25_macos-aarch64_bin.tar.gz,macos,aarch64,jre,2441
2026-10-07T02:56:57+00:00,sapmachine-11.0.25,180067451,False,sapmachine-jre-11.0.25_macos-x64_bin.dmg,macos,x64,jre,1921
2026-10-07T02:56:57+00:00,sapmachine-11.0.25,180067451,False,sapmachine-jre-11.0.25_macos-x64_bin.tar.gz,macos,x64,jre,2024
2026-10-07T02:56:57+00:00,sapmachine-11.0.25,180067451,False,sapmachine-jre-11.0.25_windows-x64_bin.zip,windows,x64,jre,2168
2026-10-07T02:56:57+00:00,sapmachine-11.0.25,180067451,False,sapmachine-jdk-11.0.25_windows-x64_bin.msi,windows,x64,jdk,6965
2026-10-07T02:56:57+00:00,sapmachine-11.0.25,180067451,False,sapmachine-jre-11.0.25_windows-x64_bin.msi,windows,x64,jre,5254
2026-10-07T02:56:57+00:00,sapmachine-17.0.13,180068329,False,sapmachine-jdk-17.0.13-1.x86_64.rpm,linux,x64,jdk,2059
2026-10-07T02:56:57+00:00,sapmachine-17.0.13,180068329,False,sapmachine-jdk-17.0.13_linux-aarch64_bin-symbols.tar.gz,linux,aarch64,jdk,1
2026-10-07T02:56:57+00:00,sapmachine-17.0.13,180068329,False,sapmachine-jdk-17.0.13_linux-aarch64_bin.tar.gz,linux,aarch64,jdk,2275
2026-10-07T02:56:57+00:00,sapmachine-17.0.13,180068329,False,sapmachine-jdk-17.0.13_linux-ppc64le_bin-symbols.tar.gz,linux,ppc64,jdk,0
2026-10-07T02:56:57+00:00,sapmachine-17.0.13,180068329,False,sapmachine-jdk-17.0.13_linux-ppc64le_bin.tar.gz,linux,ppc64,jdk,2038
2026-10-07T02:56:57+00:00,sapmachine-17.0.13,180068329,False,sapmachine-jdk-17.0.13_linux-x64-musl_bin-symbols.tar.gz,alpine,x64,jdk,0
2026-10-07T02:56:57+00:00,sapmachine-17.0.13,180068329,False,sapmachine-jdk-17.0.13_linux-x64-musl_bin.tar.gz,alpine,x64,jdk,2161
2026-10-07T02:56:57+00:00,sapmachine-17.0.13,180068329,False,sapmachine-jdk-17.0.13_linux-x64_bin-symbols.tar.gz,linux,x64,jdk,16
2026-10-07T02:56:57+00:00,sapmachine-17.0.13,180068329,False,sapmachine-jdk-17.0.13_linux-x64_bin.tar.gz,linux,x64,jdk,100281
2026-10-07T02:56:57+00:00,sapmachine-17.0.13,180068329,False,sapmachine-jdk-17.0.13_macos-aarch64_bin-symbols.tar.gz,macos,aarch64,jdk,3
2026-10-07T02:56:57+00:00,sapmachine-17.0.13,180068329,False,sapmachine-jdk-17.0.13_macos-aarch64_bin.dmg,macos,aarch64,jdk,3132
2026-10-07T02:56:57+00:00,sapmachine-17.0.13,180068329,False,sapmachine-jdk-17.0.13_macos-aarch64_bin.tar.gz,macos,aarch64,jdk,16648
2026-10-07T02:56:57+00:00,sapmachine-17.0.13,180068329,False,sapmachine-jdk-17.0.13_macos-x64_bin-symbols.tar.gz,macos,x64,jdk,2
2026-10-07T02:56:57+00:00,sapmachine-17.0.13,180068329,False,sapmachine-jdk-17.0.13_macos-x64_bin.dmg,macos,x64,jdk,3678
2026-10-07T02:56:57+00:00,sapmachine-17.0.13,180068329,False,sapmachine-jdk-17.0.13_macos-x64_bin.tar.gz,macos,x64,jdk,6885
2026-10-07T02:56:57+00:00,sapmachine-17.0.13,180068329,False,sapmachine-jdk-17.0.13_windows-x64_bin-symbols.tar.gz,windows,x64,jdk,3
2026-10-07T02:56:57+00:00,sapmachine-17.0.13,180068329,False,sapmachine-jdk-17.0.13_windows-x64_bin.zip,windows,x64,jdk,9285
2026-10-07T02:56:57+00:00,sapmachine-17.0.13,180068329,False,sapmachine-jre-17.0.13_linux-aarch64_bin.tar.gz,linux,aarch64,jre,2515
2026-10-07T02:56:57+00:00,sapmachine-17.0.13,180068329,False,sapmachine-jre-17.0.13_linux-ppc64le_bin.tar.gz,linux,ppc64,jre,1910
2026-10-07T02:56:57+00:00,sapmachine-17.0.13,180068329,False,sapmachine-jre-17.0.13_linux-x64-musl_bin.tar.gz,alpine,x64,jre,1955
2026-10-07T02:56:57+00:00,sapmachine-17.0.13,180068329,False,sapmachine-jre-17.0.13_linux-x64_bin.tar.gz,linux,x64,jre,762970
2026-10-07T02:56:57+00:00,sapmachine-17.0.13,180068329,False,sapmachine-jre-17.0.13_macos-aarch64_bin.dmg,macos,aarch64,jre,1998
2026-10-07T02:56:57+00:00,sapmachine-17.0.13,180068329,False,sapmachine-jre-17.0.13_macos-aarch64_bin.tar.gz,macos,aarch64,jre,2155
2026-10-07T02:56:57+00:00,sapmachine-17.0.13,180068329,False,sapmachine-jre-17.0.13_macos-x64_bin.dmg,macos,x64,jre,1943
2026-10-07T02:56:57+00:00,sapmachine-17.0.13,180068329,False,sapmachine-jre-17.0.13_macos-x64_bin.tar.gz,macos,x64,jre,4299
2026-10-07T02:56:57+00:00,sapmachine-17.0.13,180068329,False,sapmachine-jre-17.0.13_windows-x64_bin.zip,windows,x64,jre,4495
2026-10-07T02:56:57+00:00,sapmachine-17.0.13,180068329,False,sapmachine-jdk-17.0.13_windows-x64_bin.msi,windows,x64,jdk,6843
2026-10-07T02:56:57+00:00,sapmachine-17.0.13,180068329,False,sapmachine-jre-17.0.13_windows-x64_bin.msi,windows,x64,jre,5149
2026-10-07T02:56:57+00:00,sapmachine-23.0.1,180070075,False,sapmachine-jdk-23.0.1-1.x86_64.rpm,linux,x64,jdk,1910
2026-10-07T02:56:57+00:00,sapmachine-23.0.1,180070075,False,sapmachine-jdk-23.0.1_aix-ppc64_bin-symbols.tar.gz,aix,ppc64,jdk,5
2026-10-07T02:56:57+00:00,sapmachine-23.0.1,180070075,False,sapmachine-jdk-23.0.1_aix-ppc64_bin.tar.gz,aix,ppc64,jdk,2046
2026-10-07T02:56:57+00:00,sapmachine-23.0.1,180070075,False,sapmachine-jdk-23.0.1_linux-aarch64_bin-symbols.tar.gz,linux,aarch64,jdk,0
2026-10-07T02:56:57+00:00,sapmachine-23.0.1,180070075,False,sapmachine-jdk-23.0.1_linux-aarch64_bin.tar.gz,linux,aarch64,jdk,2204
2026-10-07T02:56:57+00:00,sapmachine-23.0.1,180070075,False,sapmachine-jdk-23.0.1_linux-ppc64le_bin-symbols.tar.gz,linux,ppc64,jdk,0
2026-10-07T02:56:57+00:00,sapmachine-23.0.1,180070075,False,sapmachine-jdk-23.0.1_linux-ppc64le_bin.tar.gz,linux,ppc64,jdk,1997
2026-10-07T02:56:57+00:00,sapmachine-23.0.1,180070075,False,sapmachine-jdk-23.0.1_linux-x64-musl_bin-symbols.tar.gz,alpine,x64,jdk,0
2026-10-07T02:56:57+00:00,sapmachine-23.0.1,180070075,False,sapmachine-jdk-23.0.1_linux-x64-musl_bin.tar.gz,alpine,x64,jdk,2034
2026-10-07T02:56:57+00:00,sapmachine-23.0.1,180070075,False,sapmachine-jdk-23.0.1_linux-x64_bin-symbols.tar.gz,linux,x64,jdk,0
2026-10-07T02:56:57+00:00,sapmachine-23.0.1,180070075,False,sapmachine-jdk-23.0.1_linux-x64_bin.tar.gz,linux,x64,jdk,3331
2026-10-07T02:56:57+00:00,sapmachine-23.0.1,180070075,False,sapmachine-jdk-23.0.1_macos-aarch64_bin-symbols.tar.gz,macos,aarch64,jdk,2
2026-10-07T02:56:57+00:00,sapmachine-23.0.1,180070075,False,sapmachine-jdk-23.0.1_macos-aarch64_bin.dmg,macos,aarch64,jdk,3375
2026-10-07T02:56:57+00:00,sapmachine-23.0.1,180070075,False,sapmachine-jdk-23.0.1_macos-aarch64_bin.tar.gz,macos,aarch64,jdk,3161
2026-10-07T02:56:57+00:00,sapmachine-23.0.1,180070075,False,sapmachine-jdk-23.0.1_macos-x64_bin-symbols.tar.gz,macos,x64,jdk,1
2026-10-07T02:56:57+00:00,sapmachine-23.0.1,180070075,False,sapmachine-jdk-23.0.1_macos-x64_bin.dmg,macos,x64,jdk,3196
2026-10-07T02:56:57+00:00,sapmachine-23.0.1,180070075,False,sapmachine-jdk-23.0.1_macos-x64_bin.tar.gz,macos,x64,jdk,2474
2026-10-07T02:56:57+00:00,sapmachine-23.0.1,180070075,False,sapmachine-jdk-23.0.1_windows-x64_bin-symbols.tar.gz,windows,x64,jdk,1
2026-10-07T02:56:57+00:00,sapmachine-23.0.1,180070075,False,sapmachine-jdk-23.0.1_windows-x64_bin.zip,windows,x64,jdk,3329
2026-10-07T02:56:57+00:00,sapmachine-23.0.1,180070075,False,sapmachine-jre-23.0.1_aix-ppc64_bin.tar.gz,aix,ppc64,jre,1900
2026-10-07T02:56:57+00:00,sapmachine-23.0.1,180070075,False,sapmachine-jre-23.0.1_linux-aarch64_bin.tar.gz,linux,aarch64,jre,2068
2026-10-07T02:56:57+00:00,sapmachine-23.0.1,180070075,False,sapmachine-jre-23.0.1_linux-ppc64le_bin.tar.gz,linux,ppc64,jre,1913
2026-10-07T02:56:57+00:00,sapmachine-23.0.1,180070075,False,sapmachine-jre-23.0.1_linux-x64-musl_bin.tar.gz,alpine,x64,jre,1925
2026-10-07T02:56:57+00:00,sapmachine-23.0.1,180070075,False,sapmachine-jre-23.0.1_linux-x64_bin.tar.gz,linux,x64,jre,2843
2026-10-07T02:56:57+00:00,sapmachine-23.0.1,180070075,False,sapmachine-jre-23.0.1_macos-aarch64_bin.dmg,macos,aarch64,jre,1935
2026-10-07T02:56:57+00:00,sapmachine-23.0.1,180070075,False,sapmachine-jre-23.0.1_macos-aarch64_bin.tar.gz,macos,aarch64,jre,2039
2026-10-07T02:56:57+00:00,sapmachine-23.0.1,180070075,False,sapmachine-jre-23.0.1_macos-x64_bin.dmg,macos,x64,jre,1940
2026-10-07T02:56:57+00:00,sapmachine-23.0.1,180070075,False,sapmachine-jre-23.0.1_macos-x64_bin.tar.gz,macos,x64,jre,2006
2026-10-07T02:56:57+00:00,sapmachine-23.0.1,180070075,False,sapmachine-jre-23.0.1_windows-x64_bin.zip,windows,x64,jre,2092
2026-10-07T02:56:57+00:00,sapmachine-23.0.1,180070075,False,sapmachine-jdk-23.0.1_windows-x64_bin.msi,windows,x64,jdk,7773
2026-10-07T02:56:57+00:00,sapmachine-23.0.1,180070075,False,sapmachine-jre-23.0.1_windows-x64_bin.msi,windows,x64,jre,3611
2026-10-07T02:56:57+00:00,sapmachine-23,175599109,False,sapmachine-jdk-23-1.x86_64.rpm,linux,x64,jdk,2025
2026-10-07T02:56:57+00:00,sapmachine-23,175599109,False,sapmachine-jdk-23_aix-ppc64_bin-symbols.tar.gz,aix,ppc64,jdk,4
2026-10-07T02:56:57+00:00,sapmachine-23,175599109,False,sapmachine-jdk-23_aix-ppc64_bin.tar.gz,aix,ppc64,jdk,2060
2026-10-07T02:56:57+00:00,sapmachine-23,175599109,False,sapmachine-jdk-23_linux-aarch64_bin-symbols.tar.gz,linux,aarch64,jdk,2
2026-10-07T02:56:57+00:00,sapmachine-23,175599109,False,sapmachine-jdk-23_linux-aarch64_bin.tar.gz,linux,aarch64,jdk,2137
2026-10-07T02:56:57+00:00,sapmachine-23,175599109,False,sapmachine-jdk-23_linux-ppc64le_bin-symbols.tar.gz,linux,ppc64,jdk,2
2026-10-07T02:56:57+00:00,sapmachine-23,175599109,False,sapmachine-jdk-23_linux-ppc64le_bin.tar.gz,linux,ppc64,jdk,2062
2026-10-07T02:56:57+00:00,sapmachine-23,175599109,False,sapmachine-jdk-23_linux-x64-musl_bin-symbols.tar.gz,alpine,x64,jdk,2
2026-10-07T02:56:57+00:00,sapmachine-23,175599109,False,sapmachine-jdk-23_linux-x64-musl_bin.tar.gz,alpine,x64,jdk,2100
2026-10-07T02:56:57+00:00,sapmachine-23,175599109,False,sapmachine-jdk-23_linux-x64_bin-symbols.tar.gz,linux,x64,jdk,2
2026-10-07T02:56:57+00:00,sapmachine-23,175599109,False,sapmachine-jdk-23_linux-x64_bin.tar.gz,linux,x64,jdk,4486
2026-10-07T02:56:57+00:00,sapmachine-23,175599109,False,sapmachine-jdk-23_macos-aarch64_bin-symbols.tar.gz,macos,aarch64,jdk,5
2026-10-07T02:56:57+00:00,sapmachine-23,175599109,False,sapmachine-jdk-23_macos-aarch64_bin.dmg,macos,aarch64,jdk,2561
2026-10-07T02:56:57+00:00,sapmachine-23,175599109,False,sapmachine-jdk-23_macos-aarch64_bin.tar.gz,macos,aarch64,jdk,2497
2026-10-07T02:56:57+00:00,sapmachine-23,175599109,False,sapmachine-jdk-23_macos-x64_bin-symbols.tar.gz,macos,x64,jdk,3
2026-10-07T02:56:57+00:00,sapmachine-23,175599109,False,sapmachine-jdk-23_macos-x64_bin.dmg,macos,x64,jdk,2470
2026-10-07T02:56:57+00:00,sapmachine-23,175599109,False,sapmachine-jdk-23_macos-x64_bin.tar.gz,macos,x64,jdk,2315
2026-10-07T02:56:57+00:00,sapmachine-23,175599109,False,sapmachine-jdk-23_windows-x64_bin-symbols.tar.gz,windows,x64,jdk,2
2026-10-07T02:56:57+00:00,sapmachine-23,175599109,False,sapmachine-jdk-23_windows-x64_bin.zip,windows,x64,jdk,3702
2026-10-07T02:56:57+00:00,sapmachine-23,175599109,False,sapmachine-jre-23_aix-ppc64_bin.tar.gz,aix,ppc64,jre,2005
2026-10-07T02:56:57+00:00,sapmachine-23,175599109,False,sapmachine-jre-23_linux-aarch64_bin.tar.gz,linux,aarch64,jre,2065
2026-10-07T02:56:57+00:00,sapmachine-23,175599109,False,sapmachine-jre-23_linux-ppc64le_bin.tar.gz,linux,ppc64,jre,2099
2026-10-07T02:56:57+00:00,sapmachine-23,175599109,False,sapmachine-jre-23_linux-x64-musl_bin.tar.gz,alpine,x64,jre,2030
2026-10-07T02:56:57+00:00,sapmachine-23,175599109,False,sapmachine-jre-23_linux-x64_bin.tar.gz,linux,x64,jre,2858
2026-10-07T02:56:57+00:00,sapmachine-23,175599109,False,sapmachine-jre-23_macos-aarch64_bin.dmg,macos,aarch64,jre,2017
2026-10-07T02:56:57+00:00,sapmachine-23,175599109,False,sapmachine-jre-23_macos-aarch64_bin.tar.gz,macos,aarch64,jre,2122
2026-10-07T02:56:57+00:00,sapmachine-23,175599109,False,sapmachine-jre-23_macos-x64_bin.dmg,macos,x64,jre,2022
2026-10-07T02:56:57+00:00,sapmachine-23,175599109,False,sapmachine-jre-23_macos-x64_bin.tar.gz,macos,x64,jre,2109
2026-10-07T02:56:57+00:00,sapmachine-23,175599109,False,sapmachine-jre-23_windows-x64_bin.zip,windows,x64,jre,2348
2026-10-07T02:56:57+00:00,sapmachine-23,175599109,False,sapmachine-jre-23_windows-x64_bin.msi,windows,x64,jre,1997
2026-10-07T02:56:57+00:00,sapmachine-23,175599109,False,sapmachine-jdk-23_windows-x64_bin.msi,windows,x64,jdk,2016
2026-10-07T02:56:57+00:00,sapmachine-11.0.24,165799800,False,sapmachine-jdk-11.0.24_windows-x64_bin-symbols.tar.gz,windows,x64,jdk,1
2026-10-07T02:56:57+00:00,sapmachine-11.0.24,165799800,False,sapmachine-jdk-11.0.24_windows-x64_bin.zip,windows,x64,jdk,5046
2026-10-07T02:56:57+00:00,sapmachine-11.0.24,165799800,False,sapmachine-jre-11.0.24_windows-x64_bin.zip,windows,x64,jre,2489
2026-10-07T02:56:57+00:00,sapmachine-11.0.24,165799800,False,sapmachine-jdk-11.0.24-1.x86_64.rpm,linux,x64,jdk,2393
2026-10-07T02:56:57+00:00,sapmachine-11.0.24,165799800,False,sapmachine-jdk-11.0.24_linux-aarch64_bin-symbols.tar.gz,linux,aarch64,jdk,1
2026-10-07T02:56:57+00:00,sapmachine-11.0.24,165799800,False,sapmachine-jdk-11.0.24_linux-aarch64_bin.tar.gz,linux,aarch64,jdk,2500
2026-10-07T02:56:57+00:00,sapmachine-11.0.24,165799800,False,sapmachine-jdk-11.0.24_linux-ppc64le_bin-symbols.tar.gz,linux,ppc64,jdk,1
2026-10-07T02:56:57+00:00,sapmachine-11.0.24,165799800,False,sapmachine-jdk-11.0.24_linux-ppc64le_bin.tar.gz,linux,ppc64,jdk,2381
2026-10-07T02:56:57+00:00,sapmachine-11.0.24,165799800,False,sapmachine-jdk-11.0.24_linux-x64_bin-symbols.tar.gz,linux,x64,jdk,1
2026-10-07T02:56:57+00:00,sapmachine-11.0.24,165799800,False,sapmachine-jdk-11.0.24_linux-x64_bin.tar.gz,linux,x64,jdk,28362
2026-10-07T02:56:57+00:00,sapmachine-11.0.24,165799800,False,sapmachine-jdk-11.0.24_macos-x64_bin-symbols.tar.gz,macos,x64,jdk,2
2026-10-07T02:56:57+00:00,sapmachine-11.0.24,165799800,False,sapmachine-jdk-11.0.24_macos-x64_bin.dmg,macos,x64,jdk,2479
2026-10-07T02:56:57+00:00,sapmachine-11.0.24,165799800,False,sapmachine-jdk-11.0.24_macos-x64_bin.tar.gz,macos,x64,jdk,3606
2026-10-07T02:56:57+00:00,sapmachine-11.0.24,165799800,False,sapmachine-jre-11.0.24_linux-aarch64_bin.tar.gz,linux,aarch64,jre,2543
2026-10-07T02:56:57+00:00,sapmachine-11.0.24,165799800,False,sapmachine-jre-11.0.24_linux-ppc64le_bin.tar.gz,linux,ppc64,jre,2309
2026-10-07T02:56:57+00:00,sapmachine-11.0.24,165799800,False,sapmachine-jre-11.0.24_linux-x64_bin.tar.gz,linux,x64,jre,6819
2026-10-07T02:56:57+00:00,sapmachine-11.0.24,165799800,False,sapmachine-jre-11.0.24_macos-x64_bin.dmg,macos,x64,jre,2400
2026-10-07T02:56:57+00:00,sapmachine-11.0.24,165799800,False,sapmachine-jre-11.0.24_macos-x64_bin.tar.gz,macos,x64,jre,2386
2026-10-07T02:56:57+00:00,sapmachine-11.0.24,165799800,False,sapmachine-jre-11.0.24_macos-aarch64_bin.dmg,macos,aarch64,jre,2364
2026-10-07T02:56:57+00:00,sapmachine-11.0.24,165799800,False,sapmachine-jre-11.0.24_macos-aarch64_bin.tar.gz,macos,aarch64,jre,2512
2026-10-07T02:56:57+00:00,sapmachine-11.0.24,165799800,False,sapmachine-jdk-11.0.24_macos-aarch64_bin-symbols.tar.gz,macos,aarch64,jdk,2
2026-10-07T02:56:57+00:00,sapmachine-11.0.24,165799800,False,sapmachine-jdk-11.0.24_macos-aarch64_bin.dmg,macos,aarch64,jdk,2537
2026-10-07T02:56:57+00:00,sapmachine-11.0.24,165799800,False,sapmachine-jdk-11.0.24_macos-aarch64_bin.tar.gz,macos,aarch64,jdk,5485
2026-10-07T02:56:57+00:00,sapmachine-11.0.24,165799800,False,sapmachine-jdk-11.0.24_windows-x64_bin.msi,windows,x64,jdk,4077
2026-10-07T02:56:57+00:00,sapmachine-11.0.24,165799800,False,sapmachine-jre-11.0.24_windows-x64_bin.msi,windows,x64,jre,3824
2026-10-07T02:56:57+00:00,sapmachine-21.0.4,165793530,False,sapmachine-jdk-21.0.4_windows-x64_bin-symbols.tar.gz,windows,x64,jdk,2
2026-10-07T02:56:57+00:00,sapmachine-21.0.4,165793530,False,sapmachine-jdk-21.0.4_windows-x64_bin.zip,windows,x64,jdk,4486
2026-10-07T02:56:57+00:00,sapmachine-21.0.4,165793530,False,sapmachine-jre-21.0.4_windows-x64_bin.zip,windows,x64,jre,2537
2026-10-07T02:56:57+00:00,sapmachine-21.0.4,165793530,False,sapmachine-jdk-21.0.4-1.x86_64.rpm,linux,x64,jdk,2599
2026-10-07T02:56:57+00:00,sapmachine-21.0.4,165793530,False,sapmachine-jdk-21.0.4_aix-ppc64_bin-symbols.tar.gz,aix,ppc64,jdk,1
2026-10-07T02:56:57+00:00,sapmachine-21.0.4,165793530,False,sapmachine-jdk-21.0.4_aix-ppc64_bin.tar.gz,aix,ppc64,jdk,2359
2026-10-07T02:56:57+00:00,sapmachine-21.0.4,165793530,False,sapmachine-jdk-21.0.4_linux-aarch64_bin-symbols.tar.gz,linux,aarch64,jdk,1
2026-10-07T02:56:57+00:00,sapmachine-21.0.4,165793530,False,sapmachine-jdk-21.0.4_linux-aarch64_bin.tar.gz,linux,aarch64,jdk,2513
2026-10-07T02:56:57+00:00,sapmachine-21.0.4,165793530,False,sapmachine-jdk-21.0.4_linux-ppc64le_bin-symbols.tar.gz,linux,ppc64,jdk,1
2026-10-07T02:56:57+00:00,sapmachine-21.0.4,165793530,False,sapmachine-jdk-21.0.4_linux-ppc64le_bin.tar.gz,linux,ppc64,jdk,2338
2026-10-07T02:56:57+00:00,sapmachine-21.0.4,165793530,False,sapmachine-jdk-21.0.4_linux-x64-musl_bin-symbols.tar.gz,alpine,x64,jdk,1
2026-10-07T02:56:57+00:00,sapmachine-21.0.4,165793530,False,sapmachine-jdk-21.0.4_linux-x64-musl_bin.tar.gz,alpine,x64,jdk,2369
2026-10-07T02:56:57+00:00,sapmachine-21.0.4,165793530,False,sapmachine-jdk-21.0.4_linux-x64_bin-symbols.tar.gz,linux,x64,jdk,1
2026-10-07T02:56:57+00:00,sapmachine-21.0.4,165793530,False,sapmachine-jdk-21.0.4_linux-x64_bin.tar.gz,linux,x64,jdk,21198
2026-10-07T02:56:57+00:00,sapmachine-21.0.4,165793530,False,sapmachine-jdk-21.0.4_macos-aarch64_bin-symbols.tar.gz,macos,aarch64,jdk,2
2026-10-07T02:56:57+00:00,sapmachine-21.0.4,165793530,False,sapmachine-jdk-21.0.4_macos-aarch64_bin.dmg,macos,aarch64,jdk,2564
2026-10-07T02:56:57+00:00,sapmachine-21.0.4,165793530,False,sapmachine-jdk-21.0.4_macos-aarch64_bin.tar.gz,macos,aarch64,jdk,12843
2026-10-07T02:56:57+00:00,sapmachine-21.0.4,165793530,False,sapmachine-jdk-21.0.4_macos-x64_bin-symbols.tar.gz,macos,x64,jdk,2
2026-10-07T02:56:57+00:00,sapmachine-21.0.4,165793530,False,sapmachine-jdk-21.0.4_macos-x64_bin.dmg,macos,x64,jdk,2687
2026-10-07T02:56:57+00:00,sapmachine-21.0.4,165793530,False,sapmachine-jdk-21.0.4_macos-x64_bin.tar.gz,macos,x64,jdk,5011
2026-10-07T02:56:57+00:00,sapmachine-21.0.4,165793530,False,sapmachine-jre-21.0.4_aix-ppc64_bin.tar.gz,aix,ppc64,jre,2292
2026-10-07T02:56:57+00:00,sapmachine-21.0.4,165793530,False,sapmachine-jre-21.0.4_linux-aarch64_bin.tar.gz,linux,aarch64,jre,3314
2026-10-07T02:56:57+00:00,sapmachine-21.0.4,165793530,False,sapmachine-jre-21.0.4_linux-ppc64le_bin.tar.gz,linux,ppc64,jre,2348
2026-10-07T02:56:57+00:00,sapmachine-21.0.4,165793530,False,sapmachine-jre-21.0.4_linux-x64-musl_bin.tar.gz,alpine,x64,jre,2314
2026-10-07T02:56:57+00:00,sapmachine-21.0.4,165793530,False,sapmachine-jre-21.0.4_linux-x64_bin.tar.gz,linux,x64,jre,39271
2026-10-07T02:56:57+00:00,sapmachine-21.0.4,165793530,False,sapmachine-jre-21.0.4_macos-aarch64_bin.dmg,macos,aarch64,jre,2377
2026-10-07T02:56:57+00:00,sapmachine-21.0.4,165793530,False,sapmachine-jre-21.0.4_macos-aarch64_bin.tar.gz,macos,aarch64,jre,2560
2026-10-07T02:56:57+00:00,sapmachine-21.0.4,165793530,False,sapmachine-jre-21.0.4_macos-x64_bin.dmg,macos,x64,jre,2362
2026-10-07T02:56:57+00:00,sapmachine-21.0.4,165793530,False,sapmachine-jre-21.0.4_macos-x64_bin.tar.gz,macos,x64,jre,2424
2026-10-07T02:56:57+00:00,sapmachine-21.0.4,165793530,False,sapmachine-jdk-21.0.4_windows-x64_bin.msi,windows,x64,jdk,4623
2026-10-07T02:56:57+00:00,sapmachine-21.0.4,165793530,False,sapmachine-jre-21.0.4_windows-x64_bin.msi,windows,x64,jre,3881
2026-10-07T02:56:57+00:00,sapmachine-22.0.2,165779086,False,sapmachine-jdk-22.0.2_windows-x64_bin-symbols.tar.gz,windows,x64,jdk,3
2026-10-07T02:56:57+00:00,sapmachine-22.0.2,165779086,False,sapmachine-jdk-22.0.2_windows-x64_bin.zip,windows,x64,jdk,3530
2026-10-07T02:56:57+00:00,sapmachine-22.0.2,165779086,False,sapmachine-jre-22.0.2_windows-x64_bin.zip,windows,x64,jre,2492
2026-10-07T02:56:57+00:00,sapmachine-22.0.2,165779086,False,sapmachine-jdk-22.0.2-1.x86_64.rpm,linux,x64,jdk,2405
2026-10-07T02:56:57+00:00,sapmachine-22.0.2,165779086,False,sapmachine-jdk-22.0.2_aix-ppc64_bin-symbols.tar.gz,aix,ppc64,jdk,7
2026-10-07T02:56:57+00:00,sapmachine-22.0.2,165779086,False,sapmachine-jdk-22.0.2_aix-ppc64_bin.tar.gz,aix,ppc64,jdk,2349
2026-10-07T02:56:57+00:00,sapmachine-22.0.2,165779086,False,sapmachine-jdk-22.0.2_linux-aarch64_bin-symbols.tar.gz,linux,aarch64,jdk,10
2026-10-07T02:56:57+00:00,sapmachine-22.0.2,165779086,False,sapmachine-jdk-22.0.2_linux-aarch64_bin.tar.gz,linux,aarch64,jdk,2494
2026-10-07T02:56:57+00:00,sapmachine-22.0.2,165779086,False,sapmachine-jdk-22.0.2_linux-ppc64le_bin-symbols.tar.gz,linux,ppc64,jdk,5
2026-10-07T02:56:57+00:00,sapmachine-22.0.2,165779086,False,sapmachine-jdk-22.0.2_linux-ppc64le_bin.tar.gz,linux,ppc64,jdk,2358
2026-10-07T02:56:57+00:00,sapmachine-22.0.2,165779086,False,sapmachine-jdk-22.0.2_linux-x64-musl_bin-symbols.tar.gz,alpine,x64,jdk,6
2026-10-07T02:56:57+00:00,sapmachine-22.0.2,165779086,False,sapmachine-jdk-22.0.2_linux-x64-musl_bin.tar.gz,alpine,x64,jdk,3445
2026-10-07T02:56:57+00:00,sapmachine-22.0.2,165779086,False,sapmachine-jdk-22.0.2_linux-x64_bin-symbols.tar.gz,linux,x64,jdk,5
2026-10-07T02:56:57+00:00,sapmachine-22.0.2,165779086,False,sapmachine-jdk-22.0.2_linux-x64_bin.tar.gz,linux,x64,jdk,4219
2026-10-07T02:56:57+00:00,sapmachine-22.0.2,165779086,False,sapmachine-jdk-22.0.2_macos-aarch64_bin-symbols.tar.gz,macos,aarch64,jdk,7
2026-10-07T02:56:57+00:00,sapmachine-22.0.2,165779086,False,sapmachine-jdk-22.0.2_macos-aarch64_bin.dmg,macos,aarch64,jdk,3417
2026-10-07T02:56:57+00:00,sapmachine-22.0.2,165779086,False,sapmachine-jdk-22.0.2_macos-aarch64_bin.tar.gz,macos,aarch64,jdk,3877
2026-10-07T02:56:57+00:00,sapmachine-22.0.2,165779086,False,sapmachine-jdk-22.0.2_macos-x64_bin-symbols.tar.gz,macos,x64,jdk,4
2026-10-07T02:56:57+00:00,sapmachine-22.0.2,165779086,False,sapmachine-jdk-22.0.2_macos-x64_bin.dmg,macos,x64,jdk,3536
2026-10-07T02:56:57+00:00,sapmachine-22.0.2,165779086,False,sapmachine-jdk-22.0.2_macos-x64_bin.tar.gz,macos,x64,jdk,2938
2026-10-07T02:56:57+00:00,sapmachine-22.0.2,165779086,False,sapmachine-jre-22.0.2_aix-ppc64_bin.tar.gz,aix,ppc64,jre,2344
2026-10-07T02:56:57+00:00,sapmachine-22.0.2,165779086,False,sapmachine-jre-22.0.2_linux-aarch64_bin.tar.gz,linux,aarch64,jre,2409
2026-10-07T02:56:57+00:00,sapmachine-22.0.2,165779086,False,sapmachine-jre-22.0.2_linux-ppc64le_bin.tar.gz,linux,ppc64,jre,2302
2026-10-07T02:56:57+00:00,sapmachine-22.0.2,165779086,False,sapmachine-jre-22.0.2_linux-x64-musl_bin.tar.gz,alpine,x64,jre,2380
2026-10-07T02:56:57+00:00,sapmachine-22.0.2,165779086,False,sapmachine-jre-22.0.2_linux-x64_bin.tar.gz,linux,x64,jre,4252
2026-10-07T02:56:57+00:00,sapmachine-22.0.2,165779086,False,sapmachine-jre-22.0.2_macos-aarch64_bin.dmg,macos,aarch64,jre,2357
2026-10-07T02:56:57+00:00,sapmachine-22.0.2,165779086,False,sapmachine-jre-22.0.2_macos-aarch64_bin.tar.gz,macos,aarch64,jre,2479
2026-10-07T02:56:57+00:00,sapmachine-22.0.2,165779086,False,sapmachine-jre-22.0.2_macos-x64_bin.dmg,macos,x64,jre,2336
2026-10-07T02:56:57+00:00,sapmachine-22.0.2,165779086,False,sapmachine-jre-22.0.2_macos-x64_bin.tar.gz,macos,x64,jre,2410
2026-10-07T02:56:57+00:00,sapmachine-22.0.2,165779086,False,sapmachine-jdk-22.0.2_windows-x64_bin.msi,windows,x64,jdk,6441
2026-10-07T02:56:57+00:00,sapmachine-22.0.2,165779086,False,sapmachine-jre-22.0.2_windows-x64_bin.msi,windows,x64,jre,4431
2026-10-07T02:56:57+00:00,sapmachine-17.0.12,165795102,False,sapmachine-jdk-17.0.12_windows-x64_bin-symbols.tar.gz,windows,x64,jdk,1
2026-10-07T02:56:57+00:00,sapmachine-17.0.12,165795102,False,sapmachine-jdk-17.0.12_windows-x64_bin.zip,windows,x64,jdk,5501
2026-10-07T02:56:57+00:00,sapmachine-17.0.12,165795102,False,sapmachine-jre-17.0.12_windows-x64_bin.zip,windows,x64,jre,3146
2026-10-07T02:56:57+00:00,sapmachine-17.0.12,165795102,False,sapmachine-jdk-17.0.12-1.x86_64.rpm,linux,x64,jdk,2612
2026-10-07T02:56:57+00:00,sapmachine-17.0.12,165795102,False,sapmachine-jdk-17.0.12_linux-aarch64_bin-symbols.tar.gz,linux,aarch64,jdk,7
2026-10-07T02:56:57+00:00,sapmachine-17.0.12,165795102,False,sapmachine-jdk-17.0.12_linux-aarch64_bin.tar.gz,linux,aarch64,jdk,2868
2026-10-07T02:56:57+00:00,sapmachine-17.0.12,165795102,False,sapmachine-jdk-17.0.12_linux-ppc64le_bin-symbols.tar.gz,linux,ppc64,jdk,2
2026-10-07T02:56:57+00:00,sapmachine-17.0.12,165795102,False,sapmachine-jdk-17.0.12_linux-ppc64le_bin.tar.gz,linux,ppc64,jdk,2396
2026-10-07T02:56:57+00:00,sapmachine-17.0.12,165795102,False,sapmachine-jdk-17.0.12_linux-x64-musl_bin-symbols.tar.gz,alpine,x64,jdk,2
2026-10-07T02:56:57+00:00,sapmachine-17.0.12,165795102,False,sapmachine-jdk-17.0.12_linux-x64-musl_bin.tar.gz,alpine,x64,jdk,2635
2026-10-07T02:56:57+00:00,sapmachine-17.0.12,165795102,False,sapmachine-jdk-17.0.12_linux-x64_bin-symbols.tar.gz,linux,x64,jdk,19
2026-10-07T02:56:57+00:00,sapmachine-17.0.12,165795102,False,sapmachine-jdk-17.0.12_linux-x64_bin.tar.gz,linux,x64,jdk,98461
2026-10-07T02:56:57+00:00,sapmachine-17.0.12,165795102,False,sapmachine-jdk-17.0.12_macos-aarch64_bin-symbols.tar.gz,macos,aarch64,jdk,7
2026-10-07T02:56:57+00:00,sapmachine-17.0.12,165795102,False,sapmachine-jdk-17.0.12_macos-aarch64_bin.dmg,macos,aarch64,jdk,3393
2026-10-07T02:56:57+00:00,sapmachine-17.0.12,165795102,False,sapmachine-jdk-17.0.12_macos-aarch64_bin.tar.gz,macos,aarch64,jdk,11997
2026-10-07T02:56:57+00:00,sapmachine-17.0.12,165795102,False,sapmachine-jdk-17.0.12_macos-x64_bin-symbols.tar.gz,macos,x64,jdk,2
2026-10-07T02:56:57+00:00,sapmachine-17.0.12,165795102,False,sapmachine-jdk-17.0.12_macos-x64_bin.dmg,macos,x64,jdk,3734
2026-10-07T02:56:57+00:00,sapmachine-17.0.12,165795102,False,sapmachine-jdk-17.0.12_macos-x64_bin.tar.gz,macos,x64,jdk,4983
2026-10-07T02:56:57+00:00,sapmachine-17.0.12,165795102,False,sapmachine-jre-17.0.12_linux-aarch64_bin.tar.gz,linux,aarch64,jre,2558
2026-10-07T02:56:57+00:00,sapmachine-17.0.12,165795102,False,sapmachine-jre-17.0.12_linux-ppc64le_bin.tar.gz,linux,ppc64,jre,2295
2026-10-07T02:56:57+00:00,sapmachine-17.0.12,165795102,False,sapmachine-jre-17.0.12_linux-x64-musl_bin.tar.gz,alpine,x64,jre,2363
2026-10-07T02:56:57+00:00,sapmachine-17.0.12,165795102,False,sapmachine-jre-17.0.12_linux-x64_bin.tar.gz,linux,x64,jre,127446
2026-10-07T02:56:57+00:00,sapmachine-17.0.12,165795102,False,sapmachine-jre-17.0.12_macos-aarch64_bin.dmg,macos,aarch64,jre,2358
2026-10-07T02:56:57+00:00,sapmachine-17.0.12,165795102,False,sapmachine-jre-17.0.12_macos-aarch64_bin.tar.gz,macos,aarch64,jre,2615
2026-10-07T02:56:57+00:00,sapmachine-17.0.12,165795102,False,sapmachine-jre-17.0.12_macos-x64_bin.dmg,macos,x64,jre,2353
2026-10-07T02:56:57+00:00,sapmachine-17.0.12,165795102,False,sapmachine-jre-17.0.12_macos-x64_bin.tar.gz,macos,x64,jre,2975
2026-10-07T02:56:57+00:00,sapmachine-17.0.12,165795102,False,sapmachine-jdk-17.0.12_windows-x64_bin.msi,windows,x64,jdk,5253
2026-10-07T02:56:57+00:00,sapmachine-17.0.12,165795102,False,sapmachine-jre-17.0.12_windows-x64_bin.msi,windows,x64,jre,4702
2026-10-07T02:56:57+00:00,sapmachine-11.0.23,151390101,False,sapmachine-jdk-11.0.23_linux-aarch64_bin-symbols.tar.gz,linux,aarch64,jdk,1
2026-10-07T02:56:57+00:00,sapmachine-11.0.23,151390101,False,sapmachine-jdk-11.0.23_linux-aarch64_bin.tar.gz,linux,aarch64,jdk,4598
2026-10-07T02:56:57+00:00,sapmachine-11.0.23,151390101,False,sapmachine-jdk-11.0.23_linux-ppc64le_bin-symbols.tar.gz,linux,ppc64,jdk,1
2026-10-07T02:56:57+00:00,sapmachine-11.0.23,151390101,False,sapmachine-jdk-11.0.23_linux-ppc64le_bin.tar.gz,linux,ppc64,jdk,2631
2026-10-07T02:56:57+00:00,sapmachine-11.0.23,151390101,False,sapmachine-jdk-11.0.23_linux-x64_bin-symbols.tar.gz,linux,x64,jdk,1
2026-10-07T02:56:57+00:00,sapmachine-11.0.23,151390101,False,sapmachine-jdk-11.0.23_linux-x64_bin.tar.gz,linux,x64,jdk,28328
2026-10-07T02:56:57+00:00,sapmachine-11.0.23,151390101,False,sapmachine-jdk-11.0.23_macos-aarch64_bin-symbols.tar.gz,macos,aarch64,jdk,3
2026-10-07T02:56:57+00:00,sapmachine-11.0.23,151390101,False,sapmachine-jdk-11.0.23_macos-aarch64_bin.dmg,macos,aarch64,jdk,2959
2026-10-07T02:56:57+00:00,sapmachine-11.0.23,151390101,False,sapmachine-jdk-11.0.23_macos-aarch64_bin.tar.gz,macos,aarch64,jdk,4253
2026-10-07T02:56:57+00:00,sapmachine-11.0.23,151390101,False,sapmachine-jdk-11.0.23_macos-x64_bin-symbols.tar.gz,macos,x64,jdk,2
2026-10-07T02:56:57+00:00,sapmachine-11.0.23,151390101,False,sapmachine-jdk-11.0.23_macos-x64_bin.dmg,macos,x64,jdk,2840
2026-10-07T02:56:57+00:00,sapmachine-11.0.23,151390101,False,sapmachine-jdk-11.0.23_macos-x64_bin.tar.gz,macos,x64,jdk,3287
2026-10-07T02:56:57+00:00,sapmachine-11.0.23,151390101,False,sapmachine-jdk-11.0.23_windows-x64_bin-symbols.tar.gz,windows,x64,jdk,2
2026-10-07T02:56:57+00:00,sapmachine-11.0.23,151390101,False,sapmachine-jdk-11.0.23_windows-x64_bin.zip,windows,x64,jdk,4214
2026-10-07T02:56:57+00:00,sapmachine-11.0.23,151390101,False,sapmachine-jdk-11.0.23-1.x86_64.rpm,linux,x64,jdk,2883
2026-10-07T02:56:57+00:00,sapmachine-11.0.23,151390101,False,sapmachine-jre-11.0.23_linux-aarch64_bin.tar.gz,linux,aarch64,jre,2815
2026-10-07T02:56:57+00:00,sapmachine-11.0.23,151390101,False,sapmachine-jre-11.0.23_linux-ppc64le_bin.tar.gz,linux,ppc64,jre,2602
2026-10-07T02:56:57+00:00,sapmachine-11.0.23,151390101,False,sapmachine-jre-11.0.23_linux-x64_bin.tar.gz,linux,x64,jre,8375
2026-10-07T02:56:57+00:00,sapmachine-11.0.23,151390101,False,sapmachine-jre-11.0.23_macos-aarch64_bin.dmg,macos,aarch64,jre,2688
2026-10-07T02:56:57+00:00,sapmachine-11.0.23,151390101,False,sapmachine-jre-11.0.23_macos-aarch64_bin.tar.gz,macos,aarch64,jre,2714
2026-10-07T02:56:57+00:00,sapmachine-11.0.23,151390101,False,sapmachine-jre-11.0.23_macos-x64_bin.dmg,macos,x64,jre,2608
2026-10-07T02:56:57+00:00,sapmachine-11.0.23,151390101,False,sapmachine-jre-11.0.23_macos-x64_bin.tar.gz,macos,x64,jre,2730
2026-10-07T02:56:57+00:00,sapmachine-11.0.23,151390101,False,sapmachine-jre-11.0.23_windows-x64_bin.zip,windows,x64,jre,2785
2026-10-07T02:56:57+00:00,sapmachine-11.0.23,151390101,False,sapmachine-jdk-11.0.23_windows-x64_bin.msi,windows,x64,jdk,3994
2026-10-07T02:56:57+00:00,sapmachine-11.0.23,151390101,False,sapmachine-jre-11.0.23_windows-x64_bin.msi,windows,x64,jre,3732
2026-10-07T02:56:57+00:00,sapmachine-17.0.11,151389351,False,sapmachine-jdk-17.0.11_linux-aarch64_bin-symbols.tar.gz,linux,aarch64,jdk,2
2026-10-07T02:56:57+00:00,sapmachine-17.0.11,151389351,False,sapmachine-jdk-17.0.11_linux-aarch64_bin.tar.gz,linux,aarch64,jdk,3148
2026-10-07T02:56:57+00:00,sapmachine-17.0.11,151389351,False,sapmachine-jdk-17.0.11_linux-ppc64le_bin-symbols.tar.gz,linux,ppc64,jdk,1
2026-10-07T02:56:57+00:00,sapmachine-17.0.11,151389351,False,sapmachine-jdk-17.0.11_linux-ppc64le_bin.tar.gz,linux,ppc64,jdk,2694
2026-10-07T02:56:57+00:00,sapmachine-17.0.11,151389351,False,sapmachine-jdk-17.0.11_linux-x64_bin-symbols.tar.gz,linux,x64,jdk,18
2026-10-07T02:56:57+00:00,sapmachine-17.0.11,151389351,False,sapmachine-jdk-17.0.11_linux-x64_bin.tar.gz,linux,x64,jdk,321018
2026-10-07T02:56:57+00:00,sapmachine-17.0.11,151389351,False,sapmachine-jdk-17.0.11_linux-x64-musl_bin-symbols.tar.gz,alpine,x64,jdk,1
2026-10-07T02:56:57+00:00,sapmachine-17.0.11,151389351,False,sapmachine-jdk-17.0.11_linux-x64-musl_bin.tar.gz,alpine,x64,jdk,2778
2026-10-07T02:56:57+00:00,sapmachine-17.0.11,151389351,False,sapmachine-jdk-17.0.11_macos-aarch64_bin-symbols.tar.gz,macos,aarch64,jdk,4
2026-10-07T02:56:57+00:00,sapmachine-17.0.11,151389351,False,sapmachine-jdk-17.0.11_macos-aarch64_bin.dmg,macos,aarch64,jdk,3597
2026-10-07T02:56:57+00:00,sapmachine-17.0.11,151389351,False,sapmachine-jdk-17.0.11_macos-aarch64_bin.tar.gz,macos,aarch64,jdk,7128
2026-10-07T02:56:57+00:00,sapmachine-17.0.11,151389351,False,sapmachine-jdk-17.0.11_macos-x64_bin-symbols.tar.gz,macos,x64,jdk,4
2026-10-07T02:56:57+00:00,sapmachine-17.0.11,151389351,False,sapmachine-jdk-17.0.11_macos-x64_bin.dmg,macos,x64,jdk,4108
2026-10-07T02:56:57+00:00,sapmachine-17.0.11,151389351,False,sapmachine-jdk-17.0.11_macos-x64_bin.tar.gz,macos,x64,jdk,4574
2026-10-07T02:56:57+00:00,sapmachine-17.0.11,151389351,False,sapmachine-jdk-17.0.11_windows-x64_bin-symbols.tar.gz,windows,x64,jdk,6
2026-10-07T02:56:57+00:00,sapmachine-17.0.11,151389351,False,sapmachine-jdk-17.0.11_windows-x64_bin.zip,windows,x64,jdk,14480
2026-10-07T02:56:57+00:00,sapmachine-17.0.11,151389351,False,sapmachine-jdk-17.0.11-1.x86_64.rpm,linux,x64,jdk,2835
2026-10-07T02:56:57+00:00,sapmachine-17.0.11,151389351,False,sapmachine-jre-17.0.11_linux-aarch64_bin.tar.gz,linux,aarch64,jre,3285
2026-10-07T02:56:57+00:00,sapmachine-17.0.11,151389351,False,sapmachine-jre-17.0.11_linux-ppc64le_bin.tar.gz,linux,ppc64,jre,2682
2026-10-07T02:56:57+00:00,sapmachine-17.0.11,151389351,False,sapmachine-jre-17.0.11_linux-x64_bin.tar.gz,linux,x64,jre,166822
2026-10-07T02:56:57+00:00,sapmachine-17.0.11,151389351,False,sapmachine-jre-17.0.11_linux-x64-musl_bin.tar.gz,alpine,x64,jre,2647
2026-10-07T02:56:57+00:00,sapmachine-17.0.11,151389351,False,sapmachine-jre-17.0.11_macos-aarch64_bin.dmg,macos,aarch64,jre,2768
2026-10-07T02:56:57+00:00,sapmachine-17.0.11,151389351,False,sapmachine-jre-17.0.11_macos-aarch64_bin.tar.gz,macos,aarch64,jre,2744
2026-10-07T02:56:57+00:00,sapmachine-17.0.11,151389351,False,sapmachine-jre-17.0.11_macos-x64_bin.dmg,macos,x64,jre,2676
2026-10-07T02:56:57+00:00,sapmachine-17.0.11,151389351,False,sapmachine-jre-17.0.11_macos-x64_bin.tar.gz,macos,x64,jre,2741
2026-10-07T02:56:57+00:00,sapmachine-17.0.11,151389351,False,sapmachine-jre-17.0.11_windows-x64_bin.zip,windows,x64,jre,2869
2026-10-07T02:56:57+00:00,sapmachine-17.0.11,151389351,False,sapmachine-jdk-17.0.11_windows-x64_bin.msi,windows,x64,jdk,4863
2026-10-07T02:56:57+00:00,sapmachine-17.0.11,151389351,False,sapmachine-jre-17.0.11_windows-x64_bin.msi,windows,x64,jre,4420
2026-10-07T02:56:57+00:00,sapmachine-21.0.3,151390924,False,sapmachine-jdk-21.0.3_aix-ppc64_bin-symbols.tar.gz,aix,ppc64,jdk,2
2026-10-07T02:56:57+00:00,sapmachine-21.0.3,151390924,False,sapmachine-jdk-21.0.3_aix-ppc64_bin.tar.gz,aix,ppc64,jdk,2645
2026-10-07T02:56:57+00:00,sapmachine-21.0.3,151390924,False,sapmachine-jdk-21.0.3_linux-aarch64_bin-symbols.tar.gz,linux,aarch64,jdk,1
2026-10-07T02:56:57+00:00,sapmachine-21.0.3,151390924,False,sapmachine-jdk-21.0.3_linux-aarch64_bin.tar.gz,linux,aarch64,jdk,2870
2026-10-07T02:56:57+00:00,sapmachine-21.0.3,151390924,False,sapmachine-jdk-21.0.3_linux-ppc64le_bin-symbols.tar.gz,linux,ppc64,jdk,1
2026-10-07T02:56:57+00:00,sapmachine-21.0.3,151390924,False,sapmachine-jdk-21.0.3_linux-ppc64le_bin.tar.gz,linux,ppc64,jdk,2659
2026-10-07T02:56:57+00:00,sapmachine-21.0.3,151390924,False,sapmachine-jdk-21.0.3_linux-x64_bin-symbols.tar.gz,linux,x64,jdk,1
2026-10-07T02:56:57+00:00,sapmachine-21.0.3,151390924,False,sapmachine-jdk-21.0.3_linux-x64_bin.tar.gz,linux,x64,jdk,10133
2026-10-07T02:56:57+00:00,sapmachine-21.0.3,151390924,False,sapmachine-jdk-21.0.3_linux-x64-musl_bin-symbols.tar.gz,alpine,x64,jdk,1
2026-10-07T02:56:57+00:00,sapmachine-21.0.3,151390924,False,sapmachine-jdk-21.0.3_linux-x64-musl_bin.tar.gz,alpine,x64,jdk,3484
2026-10-07T02:56:57+00:00,sapmachine-21.0.3,151390924,False,sapmachine-jdk-21.0.3_macos-aarch64_bin-symbols.tar.gz,macos,aarch64,jdk,2
2026-10-07T02:56:57+00:00,sapmachine-21.0.3,151390924,False,sapmachine-jdk-21.0.3_macos-aarch64_bin.dmg,macos,aarch64,jdk,2806
2026-10-07T02:56:57+00:00,sapmachine-21.0.3,151390924,False,sapmachine-jdk-21.0.3_macos-aarch64_bin.tar.gz,macos,aarch64,jdk,6375
2026-10-07T02:56:57+00:00,sapmachine-21.0.3,151390924,False,sapmachine-jdk-21.0.3_macos-x64_bin-symbols.tar.gz,macos,x64,jdk,2
2026-10-07T02:56:57+00:00,sapmachine-21.0.3,151390924,False,sapmachine-jdk-21.0.3_macos-x64_bin.dmg,macos,x64,jdk,2947
2026-10-07T02:56:57+00:00,sapmachine-21.0.3,151390924,False,sapmachine-jdk-21.0.3_macos-x64_bin.tar.gz,macos,x64,jdk,3437
2026-10-07T02:56:57+00:00,sapmachine-21.0.3,151390924,False,sapmachine-jdk-21.0.3_windows-x64_bin-symbols.tar.gz,windows,x64,jdk,1
2026-10-07T02:56:57+00:00,sapmachine-21.0.3,151390924,False,sapmachine-jdk-21.0.3_windows-x64_bin.zip,windows,x64,jdk,4196
2026-10-07T02:56:57+00:00,sapmachine-21.0.3,151390924,False,sapmachine-jdk-21.0.3-1.x86_64.rpm,linux,x64,jdk,2762
2026-10-07T02:56:57+00:00,sapmachine-21.0.3,151390924,False,sapmachine-jre-21.0.3_aix-ppc64_bin.tar.gz,aix,ppc64,jre,2610
2026-10-07T02:56:57+00:00,sapmachine-21.0.3,151390924,False,sapmachine-jre-21.0.3_linux-aarch64_bin.tar.gz,linux,aarch64,jre,3846
2026-10-07T02:56:57+00:00,sapmachine-21.0.3,151390924,False,sapmachine-jre-21.0.3_linux-ppc64le_bin.tar.gz,linux,ppc64,jre,2631
2026-10-07T02:56:57+00:00,sapmachine-21.0.3,151390924,False,sapmachine-jre-21.0.3_linux-x64_bin.tar.gz,linux,x64,jre,25267
2026-10-07T02:56:57+00:00,sapmachine-21.0.3,151390924,False,sapmachine-jre-21.0.3_linux-x64-musl_bin.tar.gz,alpine,x64,jre,2686
2026-10-07T02:56:57+00:00,sapmachine-21.0.3,151390924,False,sapmachine-jre-21.0.3_macos-aarch64_bin.dmg,macos,aarch64,jre,2639
2026-10-07T02:56:57+00:00,sapmachine-21.0.3,151390924,False,sapmachine-jre-21.0.3_macos-aarch64_bin.tar.gz,macos,aarch64,jre,2719
2026-10-07T02:56:57+00:00,sapmachine-21.0.3,151390924,False,sapmachine-jre-21.0.3_macos-x64_bin.dmg,macos,x64,jre,2619
2026-10-07T02:56:57+00:00,sapmachine-21.0.3,151390924,False,sapmachine-jre-21.0.3_macos-x64_bin.tar.gz,macos,x64,jre,2748
2026-10-07T02:56:57+00:00,sapmachine-21.0.3,151390924,False,sapmachine-jre-21.0.3_windows-x64_bin.zip,windows,x64,jre,2824
2026-10-07T02:56:57+00:00,sapmachine-21.0.3,151390924,False,sapmachine-jdk-21.0.3_windows-x64_bin.msi,windows,x64,jdk,4325
2026-10-07T02:56:57+00:00,sapmachine-21.0.3,151390924,False,sapmachine-jre-21.0.3_windows-x64_bin.msi,windows,x64,jre,3844
2026-10-07T02:56:57+00:00,sapmachine-22.0.1,151389798,False,sapmachine-jdk-22.0.1_aix-ppc64_bin-symbols.tar.gz,aix,ppc64,jdk,10
2026-10-07T02:56:57+00:00,sapmachine-22.0.1,151389798,False,sapmachine-jdk-22.0.1_aix-ppc64_bin.tar.gz,aix,ppc64,jdk,2799
2026-10-07T02:56:57+00:00,sapmachine-22.0.1,151389798,False,sapmachine-jdk-22.0.1_linux-aarch64_bin-symbols.tar.gz,linux,aarch64,jdk,6
2026-10-07T02:56:57+00:00,sapmachine-22.0.1,151389798,False,sapmachine-jdk-22.0.1_linux-aarch64_bin.tar.gz,linux,aarch64,jdk,2921
2026-10-07T02:56:57+00:00,sapmachine-22.0.1,151389798,False,sapmachine-jdk-22.0.1_linux-ppc64le_bin-symbols.tar.gz,linux,ppc64,jdk,6
2026-10-07T02:56:57+00:00,sapmachine-22.0.1,151389798,False,sapmachine-jdk-22.0.1_linux-ppc64le_bin.tar.gz,linux,ppc64,jdk,2751
2026-10-07T02:56:57+00:00,sapmachine-22.0.1,151389798,False,sapmachine-jdk-22.0.1_linux-x64_bin-symbols.tar.gz,linux,x64,jdk,5
2026-10-07T02:56:57+00:00,sapmachine-22.0.1,151389798,False,sapmachine-jdk-22.0.1_linux-x64_bin.tar.gz,linux,x64,jdk,5218
2026-10-07T02:56:57+00:00,sapmachine-22.0.1,151389798,False,sapmachine-jdk-22.0.1_linux-x64-musl_bin-symbols.tar.gz,alpine,x64,jdk,5
2026-10-07T02:56:57+00:00,sapmachine-22.0.1,151389798,False,sapmachine-jdk-22.0.1_linux-x64-musl_bin.tar.gz,alpine,x64,jdk,2820
2026-10-07T02:56:57+00:00,sapmachine-22.0.1,151389798,False,sapmachine-jdk-22.0.1_macos-aarch64_bin-symbols.tar.gz,macos,aarch64,jdk,6
2026-10-07T02:56:57+00:00,sapmachine-22.0.1,151389798,False,sapmachine-jdk-22.0.1_macos-aarch64_bin.dmg,macos,aarch64,jdk,3810
2026-10-07T02:56:57+00:00,sapmachine-22.0.1,151389798,False,sapmachine-jdk-22.0.1_macos-aarch64_bin.tar.gz,macos,aarch64,jdk,4035
2026-10-07T02:56:57+00:00,sapmachine-22.0.1,151389798,False,sapmachine-jdk-22.0.1_macos-x64_bin-symbols.tar.gz,macos,x64,jdk,6
2026-10-07T02:56:57+00:00,sapmachine-22.0.1,151389798,False,sapmachine-jdk-22.0.1_macos-x64_bin.dmg,macos,x64,jdk,3915
2026-10-07T02:56:57+00:00,sapmachine-22.0.1,151389798,False,sapmachine-jdk-22.0.1_macos-x64_bin.tar.gz,macos,x64,jdk,3372
2026-10-07T02:56:57+00:00,sapmachine-22.0.1,151389798,False,sapmachine-jdk-22.0.1_windows-x64_bin-symbols.tar.gz,windows,x64,jdk,7
2026-10-07T02:56:57+00:00,sapmachine-22.0.1,151389798,False,sapmachine-jdk-22.0.1_windows-x64_bin.zip,windows,x64,jdk,4528
2026-10-07T02:56:57+00:00,sapmachine-22.0.1,151389798,False,sapmachine-jdk-22.0.1-1.x86_64.rpm,linux,x64,jdk,2736
2026-10-07T02:56:57+00:00,sapmachine-22.0.1,151389798,False,sapmachine-jre-22.0.1_aix-ppc64_bin.tar.gz,aix,ppc64,jre,2637
2026-10-07T02:56:57+00:00,sapmachine-22.0.1,151389798,False,sapmachine-jre-22.0.1_linux-aarch64_bin.tar.gz,linux,aarch64,jre,2738
2026-10-07T02:56:57+00:00,sapmachine-22.0.1,151389798,False,sapmachine-jre-22.0.1_linux-ppc64le_bin.tar.gz,linux,ppc64,jre,2633
2026-10-07T02:56:57+00:00,sapmachine-22.0.1,151389798,False,sapmachine-jre-22.0.1_linux-x64_bin.tar.gz,linux,x64,jre,5565
2026-10-07T02:56:57+00:00,sapmachine-22.0.1,151389798,False,sapmachine-jre-22.0.1_linux-x64-musl_bin.tar.gz,alpine,x64,jre,2625
2026-10-07T02:56:57+00:00,sapmachine-22.0.1,151389798,False,sapmachine-jre-22.0.1_macos-aarch64_bin.dmg,macos,aarch64,jre,2634
2026-10-07T02:56:57+00:00,sapmachine-22.0.1,151389798,False,sapmachine-jre-22.0.1_macos-aarch64_bin.tar.gz,macos,aarch64,jre,2739
2026-10-07T02:56:57+00:00,sapmachine-22.0.1,151389798,False,sapmachine-jre-22.0.1_macos-x64_bin.dmg,macos,x64,jre,2708
2026-10-07T02:56:57+00:00,sapmachine-22.0.1,151389798,False,sapmachine-jre-22.0.1_macos-x64_bin.tar.gz,macos,x64,jre,2733
2026-10-07T02:56:57+00:00,sapmachine-22.0.1,151389798,False,sapmachine-jre-22.0.1_windows-x64_bin.zip,windows,x64,jre,2785
2026-10-07T02:56:57+00:00,sapmachine-22.0.1,151389798,False,sapmachine-jdk-22.0.1_windows-x64_bin.msi,windows,x64,jdk,5559
2026-10-07T02:56:57+00:00,sapmachine-22.0.1,151389798,False,sapmachine-jre-22.0.1_windows-x64_bin.msi,windows,x64,jre,3857
2026-10-07T02:56:57+00:00,sapmachine-22,147026912,False,sapmachine-jdk-22_aix-ppc64_bin-symbols.tar.gz,aix,ppc64,jdk,11
2026-10-07T02:56:57+00:00,sapmachine-22,147026912,False,sapmachine-jdk-22_aix-ppc64_bin.tar.gz,aix,ppc64,jdk,2752
2026-10-07T02:56:57+00:00,sapmachine-22,147026912,False,sapmachine-jdk-22_linux-aarch64_bin-symbols.tar.gz,linux,aarch64,jdk,7
2026-10-07T02:56:57+00:00,sapmachine-22,147026912,False,sapmachine-jdk-22_linux-aarch64_bin.tar.gz,linux,aarch64,jdk,2798
2026-10-07T02:56:57+00:00,sapmachine-22,147026912,False,sapmachine-jdk-22_linux-ppc64le_bin-symbols.tar.gz,linux,ppc64,jdk,7
2026-10-07T02:56:57+00:00,sapmachine-22,147026912,False,sapmachine-jdk-22_linux-ppc64le_bin.tar.gz,linux,ppc64,jdk,2781
2026-10-07T02:56:57+00:00,sapmachine-22,147026912,False,sapmachine-jdk-22_linux-x64_bin-symbols.tar.gz,linux,x64,jdk,5
2026-10-07T02:56:57+00:00,sapmachine-22,147026912,False,sapmachine-jdk-22_linux-x64_bin.tar.gz,linux,x64,jdk,3284
2026-10-07T02:56:57+00:00,sapmachine-22,147026912,False,sapmachine-jdk-22_linux-x64-musl_bin-symbols.tar.gz,alpine,x64,jdk,7
2026-10-07T02:56:57+00:00,sapmachine-22,147026912,False,sapmachine-jdk-22_linux-x64-musl_bin.tar.gz,alpine,x64,jdk,2800
2026-10-07T02:56:57+00:00,sapmachine-22,147026912,False,sapmachine-jdk-22_macos-aarch64_bin-symbols.tar.gz,macos,aarch64,jdk,6
2026-10-07T02:56:57+00:00,sapmachine-22,147026912,False,sapmachine-jdk-22_macos-aarch64_bin.dmg,macos,aarch64,jdk,3162
2026-10-07T02:56:57+00:00,sapmachine-22,147026912,False,sapmachine-jdk-22_macos-aarch64_bin.tar.gz,macos,aarch64,jdk,3103
2026-10-07T02:56:57+00:00,sapmachine-22,147026912,False,sapmachine-jdk-22_macos-x64_bin-symbols.tar.gz,macos,x64,jdk,4
2026-10-07T02:56:57+00:00,sapmachine-22,147026912,False,sapmachine-jdk-22_macos-x64_bin.dmg,macos,x64,jdk,3144
2026-10-07T02:56:57+00:00,sapmachine-22,147026912,False,sapmachine-jdk-22_macos-x64_bin.tar.gz,macos,x64,jdk,2982
2026-10-07T02:56:57+00:00,sapmachine-22,147026912,False,sapmachine-jdk-22_windows-x64_bin-symbols.tar.gz,windows,x64,jdk,4
2026-10-07T02:56:57+00:00,sapmachine-22,147026912,False,sapmachine-jdk-22_windows-x64_bin.zip,windows,x64,jdk,3340
2026-10-07T02:56:57+00:00,sapmachine-22,147026912,False,sapmachine-jdk-22-1.x86_64.rpm,linux,x64,jdk,2935
2026-10-07T02:56:57+00:00,sapmachine-22,147026912,False,sapmachine-jre-22_aix-ppc64_bin.tar.gz,aix,ppc64,jre,2733
2026-10-07T02:56:57+00:00,sapmachine-22,147026912,False,sapmachine-jre-22_linux-aarch64_bin.tar.gz,linux,aarch64,jre,2757
2026-10-07T02:56:57+00:00,sapmachine-22,147026912,False,sapmachine-jre-22_linux-ppc64le_bin.tar.gz,linux,ppc64,jre,2723
2026-10-07T02:56:57+00:00,sapmachine-22,147026912,False,sapmachine-jre-22_linux-x64_bin.tar.gz,linux,x64,jre,3638
2026-10-07T02:56:57+00:00,sapmachine-22,147026912,False,sapmachine-jre-22_linux-x64-musl_bin.tar.gz,alpine,x64,jre,2734
2026-10-07T02:56:57+00:00,sapmachine-22,147026912,False,sapmachine-jre-22_macos-aarch64_bin.dmg,macos,aarch64,jre,2718
2026-10-07T02:56:57+00:00,sapmachine-22,147026912,False,sapmachine-jre-22_macos-aarch64_bin.tar.gz,macos,aarch64,jre,2844
2026-10-07T02:56:57+00:00,sapmachine-22,147026912,False,sapmachine-jre-22_macos-x64_bin.dmg,macos,x64,jre,2723
2026-10-07T02:56:57+00:00,sapmachine-22,147026912,False,sapmachine-jre-22_macos-x64_bin.tar.gz,macos,x64,jre,2821
2026-10-07T02:56:57+00:00,sapmachine-22,147026912,False,sapmachine-jre-22_windows-x64_bin.zip,windows,x64,jre,2878
2026-10-07T02:56:57+00:00,sapmachine-22,147026912,False,sapmachine-jdk-22_windows-x64_bin.msi,windows,x64,jdk,5275
2026-10-07T02:56:57+00:00,sapmachine-22,147026912,False,sapmachine-jre-22_windows-x64_bin.msi,windows,x64,jre,3126
2026-10-07T02:56:57+00:00,sapmachine-21.0.2,137297795,False,sapmachine-jdk-21.0.2_linux-x64-musl_bin.tar.gz,alpine,x64,jdk,3122
2026-10-07T02:56:57+00:00,sapmachine-21.0.2,137297795,False,sapmachine-jre-21.0.2_linux-x64-musl_bin.tar.gz,alpine,x64,jre,3004
2026-10-07T02:56:57+00:00,sapmachine-21.0.2,137297795,False,sapmachine-jdk-21.0.2_linux-x64-musl_bin-symbols.tar.gz,alpine,x64,jdk,7
2026-10-07T02:56:57+00:00,sapmachine-21.0.2,137297795,False,sapmachine-jdk-21.0.2_linux-aarch64_bin.tar.gz,linux,aarch64,jdk,3304
2026-10-07T02:56:57+00:00,sapmachine-21.0.2,137297795,False,sapmachine-jre-21.0.2_linux-aarch64_bin.tar.gz,linux,aarch64,jre,3249
2026-10-07T02:56:57+00:00,sapmachine-21.0.2,137297795,False,sapmachine-jdk-21.0.2_linux-aarch64_bin-symbols.tar.gz,linux,aarch64,jdk,7
2026-10-07T02:56:57+00:00,sapmachine-21.0.2,137297795,False,sapmachine-jdk-21.0.2_linux-x64_bin.tar.gz,linux,x64,jdk,13852
2026-10-07T02:56:57+00:00,sapmachine-21.0.2,137297795,False,sapmachine-jre-21.0.2_linux-x64_bin.tar.gz,linux,x64,jre,26529
2026-10-07T02:56:57+00:00,sapmachine-21.0.2,137297795,False,sapmachine-jdk-21.0.2_linux-x64_bin-symbols.tar.gz,linux,x64,jdk,5
2026-10-07T02:56:57+00:00,sapmachine-21.0.2,137297795,False,sapmachine-jdk-21.0.2-1.x86_64.rpm,linux,x64,jdk,3499
2026-10-07T02:56:57+00:00,sapmachine-21.0.2,137297795,False,sapmachine-jdk-21.0.2_aix-ppc64_bin.tar.gz,aix,ppc64,jdk,3138
2026-10-07T02:56:57+00:00,sapmachine-21.0.2,137297795,False,sapmachine-jre-21.0.2_aix-ppc64_bin.tar.gz,aix,ppc64,jre,2938
2026-10-07T02:56:57+00:00,sapmachine-21.0.2,137297795,False,sapmachine-jdk-21.0.2_aix-ppc64_bin-symbols.tar.gz,aix,ppc64,jdk,10
2026-10-07T02:56:57+00:00,sapmachine-21.0.2,137297795,False,sapmachine-jdk-21.0.2_windows-x64_bin.zip,windows,x64,jdk,4856
2026-10-07T02:56:57+00:00,sapmachine-21.0.2,137297795,False,sapmachine-jre-21.0.2_windows-x64_bin.zip,windows,x64,jre,3271
2026-10-07T02:56:57+00:00,sapmachine-21.0.2,137297795,False,sapmachine-jdk-21.0.2_windows-x64_bin-symbols.tar.gz,windows,x64,jdk,5
2026-10-07T02:56:57+00:00,sapmachine-21.0.2,137297795,False,sapmachine-jdk-21.0.2_linux-ppc64le_bin.tar.gz,linux,ppc64,jdk,3107
2026-10-07T02:56:57+00:00,sapmachine-21.0.2,137297795,False,sapmachine-jre-21.0.2_linux-ppc64le_bin.tar.gz,linux,ppc64,jre,2933
2026-10-07T02:56:57+00:00,sapmachine-21.0.2,137297795,False,sapmachine-jdk-21.0.2_linux-ppc64le_bin-symbols.tar.gz,linux,ppc64,jdk,5
2026-10-07T02:56:57+00:00,sapmachine-21.0.2,137297795,False,sapmachine-jdk-21.0.2_macos-aarch64_bin.tar.gz,macos,aarch64,jdk,4721
2026-10-07T02:56:57+00:00,sapmachine-21.0.2,137297795,False,sapmachine-jre-21.0.2_macos-aarch64_bin.tar.gz,macos,aarch64,jre,3066
2026-10-07T02:56:57+00:00,sapmachine-21.0.2,137297795,False,sapmachine-jdk-21.0.2_macos-aarch64_bin-symbols.tar.gz,macos,aarch64,jdk,4
2026-10-07T02:56:57+00:00,sapmachine-21.0.2,137297795,False,sapmachine-jdk-21.0.2_macos-aarch64_bin.dmg,macos,aarch64,jdk,5293
2026-10-07T02:56:57+00:00,sapmachine-21.0.2,137297795,False,sapmachine-jre-21.0.2_macos-aarch64_bin.dmg,macos,aarch64,jre,2983
2026-10-07T02:56:57+00:00,sapmachine-21.0.2,137297795,False,sapmachine-jdk-21.0.2_macos-x64_bin.tar.gz,macos,x64,jdk,4022
2026-10-07T02:56:57+00:00,sapmachine-21.0.2,137297795,False,sapmachine-jre-21.0.2_macos-x64_bin.tar.gz,macos,x64,jre,3082
2026-10-07T02:56:57+00:00,sapmachine-21.0.2,137297795,False,sapmachine-jdk-21.0.2_macos-x64_bin-symbols.tar.gz,macos,x64,jdk,4
2026-10-07T02:56:57+00:00,sapmachine-21.0.2,137297795,False,sapmachine-jdk-21.0.2_macos-x64_bin.dmg,macos,x64,jdk,5660
2026-10-07T02:56:57+00:00,sapmachine-21.0.2,137297795,False,sapmachine-jre-21.0.2_macos-x64_bin.dmg,macos,x64,jre,2983
2026-10-07T02:56:57+00:00,sapmachine-21.0.2,137297795,False,sapmachine-jdk-21.0.2_windows-x64_bin.msi,windows,x64,jdk,6470
2026-10-07T02:56:57+00:00,sapmachine-21.0.2,137297795,False,sapmachine-jre-21.0.2_windows-x64_bin.msi,windows,x64,jre,3823
2026-10-07T02:56:57+00:00,sapmachine-17.0.10,137297374,False,sapmachine-jdk-17.0.10_linux-x64-musl_bin.tar.gz,alpine,x64,jdk,16351
2026-10-07T02:56:57+00:00,sapmachine-17.0.10,137297374,False,sapmachine-jre-17.0.10_linux-x64-musl_bin.tar.gz,alpine,x64,jre,3121
2026-10-07T02:56:57+00:00,sapmachine-17.0.10,137297374,False,sapmachine-jdk-17.0.10_linux-x64-musl_bin-symbols.tar.gz,alpine,x64,jdk,3
2026-10-07T02:56:57+00:00,sapmachine-17.0.10,137297374,False,sapmachine-jdk-17.0.10_linux-x64_bin.tar.gz,linux,x64,jdk,1410788
2026-10-07T02:56:57+00:00,sapmachine-17.0.10,137297374,False,sapmachine-jre-17.0.10_linux-x64_bin.tar.gz,linux,x64,jre,197019
2026-10-07T02:56:57+00:00,sapmachine-17.0.10,137297374,False,sapmachine-jdk-17.0.10_linux-x64_bin-symbols.tar.gz,linux,x64,jdk,21
2026-10-07T02:56:57+00:00,sapmachine-17.0.10,137297374,False,sapmachine-jdk-17.0.10-1.x86_64.rpm,linux,x64,jdk,3279
2026-10-07T02:56:57+00:00,sapmachine-17.0.10,137297374,False,sapmachine-jdk-17.0.10_linux-aarch64_bin.tar.gz,linux,aarch64,jdk,3289
2026-10-07T02:56:57+00:00,sapmachine-17.0.10,137297374,False,sapmachine-jre-17.0.10_linux-aarch64_bin.tar.gz,linux,aarch64,jre,2986
2026-10-07T02:56:57+00:00,sapmachine-17.0.10,137297374,False,sapmachine-jdk-17.0.10_linux-aarch64_bin-symbols.tar.gz,linux,aarch64,jdk,2
2026-10-07T02:56:57+00:00,sapmachine-17.0.10,137297374,False,sapmachine-jdk-17.0.10_windows-x64_bin.zip,windows,x64,jdk,37473
2026-10-07T02:56:57+00:00,sapmachine-17.0.10,137297374,False,sapmachine-jre-17.0.10_windows-x64_bin.zip,windows,x64,jre,3314
2026-10-07T02:56:57+00:00,sapmachine-17.0.10,137297374,False,sapmachine-jdk-17.0.10_windows-x64_bin-symbols.tar.gz,windows,x64,jdk,5
2026-10-07T02:56:57+00:00,sapmachine-17.0.10,137297374,False,sapmachine-jdk-17.0.10_linux-ppc64le_bin.tar.gz,linux,ppc64,jdk,3087
2026-10-07T02:56:57+00:00,sapmachine-17.0.10,137297374,False,sapmachine-jre-17.0.10_linux-ppc64le_bin.tar.gz,linux,ppc64,jre,2991
2026-10-07T02:56:57+00:00,sapmachine-17.0.10,137297374,False,sapmachine-jdk-17.0.10_linux-ppc64le_bin-symbols.tar.gz,linux,ppc64,jdk,1
2026-10-07T02:56:57+00:00,sapmachine-17.0.10,137297374,False,sapmachine-jdk-17.0.10_macos-aarch64_bin.tar.gz,macos,aarch64,jdk,5731
2026-10-07T02:56:57+00:00,sapmachine-17.0.10,137297374,False,sapmachine-jre-17.0.10_macos-aarch64_bin.tar.gz,macos,aarch64,jre,3051
2026-10-07T02:56:57+00:00,sapmachine-17.0.10,137297374,False,sapmachine-jdk-17.0.10_macos-aarch64_bin-symbols.tar.gz,macos,aarch64,jdk,4
2026-10-07T02:56:57+00:00,sapmachine-17.0.10,137297374,False,sapmachine-jdk-17.0.10_macos-aarch64_bin.dmg,macos,aarch64,jdk,6205
2026-10-07T02:56:57+00:00,sapmachine-17.0.10,137297374,False,sapmachine-jre-17.0.10_macos-aarch64_bin.dmg,macos,aarch64,jre,3024
2026-10-07T02:56:57+00:00,sapmachine-17.0.10,137297374,False,sapmachine-jdk-17.0.10_macos-x64_bin.tar.gz,macos,x64,jdk,4577
2026-10-07T02:56:57+00:00,sapmachine-17.0.10,137297374,False,sapmachine-jre-17.0.10_macos-x64_bin.tar.gz,macos,x64,jre,3080
2026-10-07T02:56:57+00:00,sapmachine-17.0.10,137297374,False,sapmachine-jdk-17.0.10_macos-x64_bin-symbols.tar.gz,macos,x64,jdk,6
2026-10-07T02:56:57+00:00,sapmachine-17.0.10,137297374,False,sapmachine-jdk-17.0.10_macos-x64_bin.dmg,macos,x64,jdk,6472
2026-10-07T02:56:57+00:00,sapmachine-17.0.10,137297374,False,sapmachine-jre-17.0.10_macos-x64_bin.dmg,macos,x64,jre,3065
2026-10-07T02:56:57+00:00,sapmachine-17.0.10,137297374,False,sapmachine-jdk-17.0.10_windows-x64_bin.msi,windows,x64,jdk,6271
2026-10-07T02:56:57+00:00,sapmachine-17.0.10,137297374,False,sapmachine-jre-17.0.10_windows-x64_bin.msi,windows,x64,jre,3949
2026-10-07T02:56:57+00:00,sapmachine-11.0.22,137295842,False,sapmachine-jdk-11.0.22_linux-aarch64_bin.tar.gz,linux,aarch64,jdk,3074
2026-10-07T02:56:57+00:00,sapmachine-11.0.22,137295842,False,sapmachine-jre-11.0.22_linux-aarch64_bin.tar.gz,linux,aarch64,jre,2985
2026-10-07T02:56:57+00:00,sapmachine-11.0.22,137295842,False,sapmachine-jdk-11.0.22_linux-aarch64_bin-symbols.tar.gz,linux,aarch64,jdk,3
2026-10-07T02:56:57+00:00,sapmachine-11.0.22,137295842,False,sapmachine-jdk-11.0.22_linux-x64_bin.tar.gz,linux,x64,jdk,38308
2026-10-07T02:56:57+00:00,sapmachine-11.0.22,137295842,False,sapmachine-jre-11.0.22_linux-x64_bin.tar.gz,linux,x64,jre,8564
2026-10-07T02:56:57+00:00,sapmachine-11.0.22,137295842,False,sapmachine-jdk-11.0.22_linux-x64_bin-symbols.tar.gz,linux,x64,jdk,2
2026-10-07T02:56:57+00:00,sapmachine-11.0.22,137295842,False,sapmachine-jdk-11.0.22-1.x86_64.rpm,linux,x64,jdk,2977
2026-10-07T02:56:57+00:00,sapmachine-11.0.22,137295842,False,sapmachine-jdk-11.0.22_linux-ppc64le_bin.tar.gz,linux,ppc64,jdk,2948
2026-10-07T02:56:57+00:00,sapmachine-11.0.22,137295842,False,sapmachine-jre-11.0.22_linux-ppc64le_bin.tar.gz,linux,ppc64,jre,2917
2026-10-07T02:56:57+00:00,sapmachine-11.0.22,137295842,False,sapmachine-jdk-11.0.22_linux-ppc64le_bin-symbols.tar.gz,linux,ppc64,jdk,2
2026-10-07T02:56:57+00:00,sapmachine-11.0.22,137295842,False,sapmachine-jdk-11.0.22_windows-x64_bin.zip,windows,x64,jdk,4332
2026-10-07T02:56:57+00:00,sapmachine-11.0.22,137295842,False,sapmachine-jre-11.0.22_windows-x64_bin.zip,windows,x64,jre,3163
2026-10-07T02:56:57+00:00,sapmachine-11.0.22,137295842,False,sapmachine-jdk-11.0.22_windows-x64_bin-symbols.tar.gz,windows,x64,jdk,1
2026-10-07T02:56:57+00:00,sapmachine-11.0.22,137295842,False,sapmachine-jdk-11.0.22_macos-aarch64_bin.tar.gz,macos,aarch64,jdk,4022
2026-10-07T02:56:57+00:00,sapmachine-11.0.22,137295842,False,sapmachine-jre-11.0.22_macos-aarch64_bin.tar.gz,macos,aarch64,jre,3056
2026-10-07T02:56:57+00:00,sapmachine-11.0.22,137295842,False,sapmachine-jdk-11.0.22_macos-aarch64_bin-symbols.tar.gz,macos,aarch64,jdk,3
2026-10-07T02:56:57+00:00,sapmachine-11.0.22,137295842,False,sapmachine-jdk-11.0.22_macos-aarch64_bin.dmg,macos,aarch64,jdk,4585
2026-10-07T02:56:57+00:00,sapmachine-11.0.22,137295842,False,sapmachine-jre-11.0.22_macos-aarch64_bin.dmg,macos,aarch64,jre,2949
2026-10-07T02:56:57+00:00,sapmachine-11.0.22,137295842,False,sapmachine-jdk-11.0.22_macos-x64_bin.tar.gz,macos,x64,jdk,3764
2026-10-07T02:56:57+00:00,sapmachine-11.0.22,137295842,False,sapmachine-jre-11.0.22_macos-x64_bin.tar.gz,macos,x64,jre,3067
2026-10-07T02:56:57+00:00,sapmachine-11.0.22,137295842,False,sapmachine-jdk-11.0.22_macos-x64_bin-symbols.tar.gz,macos,x64,jdk,2
2026-10-07T02:56:57+00:00,sapmachine-11.0.22,137295842,False,sapmachine-jdk-11.0.22_macos-x64_bin.dmg,macos,x64,jdk,4701
2026-10-07T02:56:57+00:00,sapmachine-11.0.22,137295842,False,sapmachine-jre-11.0.22_macos-x64_bin.dmg,macos,x64,jre,2977
2026-10-07T02:56:57+00:00,sapmachine-11.0.22,137295842,False,sapmachine-jdk-11.0.22_windows-x64_bin.msi,windows,x64,jdk,4242
2026-10-07T02:56:57+00:00,sapmachine-11.0.22,137295842,False,sapmachine-jre-11.0.22_windows-x64_bin.msi,windows,x64,jre,3376
2026-10-07T02:56:57+00:00,sapmachine-11.0.21,125513226,False,sapmachine-jdk-11.0.21_linux-x64_bin.tar.gz,linux,x64,jdk,53509
2026-10-07T02:56:57+00:00,sapmachine-11.0.21,125513226,False,sapmachine-jre-11.0.21_linux-x64_bin.tar.gz,linux,x64,jre,9442
2026-10-07T02:56:57+00:00,sapmachine-11.0.21,125513226,False,sapmachine-jdk-11.0.21_linux-x64_bin-symbols.tar.gz,linux,x64,jdk,6
2026-10-07T02:56:57+00:00,sapmachine-11.0.21,125513226,False,sapmachine-jdk-11.0.21-1.x86_64.rpm,linux,x64,jdk,3736
2026-10-07T02:56:57+00:00,sapmachine-11.0.21,125513226,False,sapmachine-jdk-11.0.21_linux-aarch64_bin.tar.gz,linux,aarch64,jdk,3312
2026-10-07T02:56:57+00:00,sapmachine-11.0.21,125513226,False,sapmachine-jre-11.0.21_linux-aarch64_bin.tar.gz,linux,aarch64,jre,4321
2026-10-07T02:56:57+00:00,sapmachine-11.0.21,125513226,False,sapmachine-jdk-11.0.21_linux-aarch64_bin-symbols.tar.gz,linux,aarch64,jdk,5
2026-10-07T02:56:57+00:00,sapmachine-11.0.21,125513226,False,sapmachine-jdk-11.0.21_windows-x64_bin.zip,windows,x64,jdk,18176
2026-10-07T02:56:57+00:00,sapmachine-11.0.21,125513226,False,sapmachine-jre-11.0.21_windows-x64_bin.zip,windows,x64,jre,3461
2026-10-07T02:56:57+00:00,sapmachine-11.0.21,125513226,False,sapmachine-jdk-11.0.21_windows-x64_bin-symbols.tar.gz,windows,x64,jdk,5
2026-10-07T02:56:57+00:00,sapmachine-11.0.21,125513226,False,sapmachine-jdk-11.0.21_linux-ppc64le_bin.tar.gz,linux,ppc64,jdk,3340
2026-10-07T02:56:57+00:00,sapmachine-11.0.21,125513226,False,sapmachine-jre-11.0.21_linux-ppc64le_bin.tar.gz,linux,ppc64,jre,3214
2026-10-07T02:56:57+00:00,sapmachine-11.0.21,125513226,False,sapmachine-jdk-11.0.21_linux-ppc64le_bin-symbols.tar.gz,linux,ppc64,jdk,4
2026-10-07T02:56:57+00:00,sapmachine-11.0.21,125513226,False,sapmachine-jdk-11.0.21_windows-x64_bin.msi,windows,x64,jdk,4376
2026-10-07T02:56:57+00:00,sapmachine-11.0.21,125513226,False,sapmachine-jre-11.0.21_windows-x64_bin.msi,windows,x64,jre,3675
2026-10-07T02:56:57+00:00,sapmachine-11.0.21,125513226,False,sapmachine-jdk-11.0.21_macos-aarch64_bin.tar.gz,macos,aarch64,jdk,4123
2026-10-07T02:56:57+00:00,sapmachine-11.0.21,125513226,False,sapmachine-jdk-11.0.21_macos-aarch64_bin.dmg,macos,aarch64,jdk,5756
2026-10-07T02:56:57+00:00,sapmachine-11.0.21,125513226,False,sapmachine-jre-11.0.21_macos-aarch64_bin.tar.gz,macos,aarch64,jre,3290
2026-10-07T02:56:57+00:00,sapmachine-11.0.21,125513226,False,sapmachine-jre-11.0.21_macos-aarch64_bin.dmg,macos,aarch64,jre,3208
2026-10-07T02:56:57+00:00,sapmachine-11.0.21,125513226,False,sapmachine-jdk-11.0.21_macos-aarch64_bin-symbols.tar.gz,macos,aarch64,jdk,2
2026-10-07T02:56:57+00:00,sapmachine-11.0.21,125513226,False,sapmachine-jdk-11.0.21_macos-x64_bin.tar.gz,macos,x64,jdk,3937
2026-10-07T02:56:57+00:00,sapmachine-11.0.21,125513226,False,sapmachine-jdk-11.0.21_macos-x64_bin.dmg,macos,x64,jdk,5966
2026-10-07T02:56:57+00:00,sapmachine-11.0.21,125513226,False,sapmachine-jre-11.0.21_macos-x64_bin.tar.gz,macos,x64,jre,3328
2026-10-07T02:56:57+00:00,sapmachine-11.0.21,125513226,False,sapmachine-jre-11.0.21_macos-x64_bin.dmg,macos,x64,jre,3235
2026-10-07T02:56:57+00:00,sapmachine-11.0.21,125513226,False,sapmachine-jdk-11.0.21_macos-x64_bin-symbols.tar.gz,macos,x64,jdk,2
2026-10-07T02:56:57+00:00,sapmachine-17.0.9,125512392,False,sapmachine-jdk-17.0.9_linux-x64-musl_bin.tar.gz,alpine,x64,jdk,3587
2026-10-07T02:56:57+00:00,sapmachine-17.0.9,125512392,False,sapmachine-jre-17.0.9_linux-x64-musl_bin.tar.gz,alpine,x64,jre,3361
2026-10-07T02:56:57+00:00,sapmachine-17.0.9,125512392,False,sapmachine-jdk-17.0.9_linux-x64-musl_bin-symbols.tar.gz,alpine,x64,jdk,2
2026-10-07T02:56:57+00:00,sapmachine-17.0.9,125512392,False,sapmachine-jdk-17.0.9_linux-x64_bin.tar.gz,linux,x64,jdk,291583
2026-10-07T02:56:57+00:00,sapmachine-17.0.9,125512392,False,sapmachine-jre-17.0.9_linux-x64_bin.tar.gz,linux,x64,jre,133454
2026-10-07T02:56:57+00:00,sapmachine-17.0.9,125512392,False,sapmachine-jdk-17.0.9_linux-x64_bin-symbols.tar.gz,linux,x64,jdk,12
2026-10-07T02:56:57+00:00,sapmachine-17.0.9,125512392,False,sapmachine-jdk-17.0.9-1.x86_64.rpm,linux,x64,jdk,3442
2026-10-07T02:56:57+00:00,sapmachine-17.0.9,125512392,False,sapmachine-jdk-17.0.9_linux-aarch64_bin.tar.gz,linux,aarch64,jdk,3991
2026-10-07T02:56:57+00:00,sapmachine-17.0.9,125512392,False,sapmachine-jre-17.0.9_linux-aarch64_bin.tar.gz,linux,aarch64,jre,3371
2026-10-07T02:56:57+00:00,sapmachine-17.0.9,125512392,False,sapmachine-jdk-17.0.9_linux-aarch64_bin-symbols.tar.gz,linux,aarch64,jdk,2
2026-10-07T02:56:57+00:00,sapmachine-17.0.9,125512392,False,sapmachine-jdk-17.0.9_windows-x64_bin.zip,windows,x64,jdk,8259
2026-10-07T02:56:57+00:00,sapmachine-17.0.9,125512392,False,sapmachine-jre-17.0.9_windows-x64_bin.zip,windows,x64,jre,3525
2026-10-07T02:56:57+00:00,sapmachine-17.0.9,125512392,False,sapmachine-jdk-17.0.9_windows-x64_bin-symbols.tar.gz,windows,x64,jdk,3
2026-10-07T02:56:57+00:00,sapmachine-17.0.9,125512392,False,sapmachine-jdk-17.0.9_linux-ppc64le_bin.tar.gz,linux,ppc64,jdk,3409
2026-10-07T02:56:57+00:00,sapmachine-17.0.9,125512392,False,sapmachine-jre-17.0.9_linux-ppc64le_bin.tar.gz,linux,ppc64,jre,3251
2026-10-07T02:56:57+00:00,sapmachine-17.0.9,125512392,False,sapmachine-jdk-17.0.9_linux-ppc64le_bin-symbols.tar.gz,linux,ppc64,jdk,2
2026-10-07T02:56:57+00:00,sapmachine-17.0.9,125512392,False,sapmachine-jdk-17.0.9_windows-x64_bin.msi,windows,x64,jdk,5918
2026-10-07T02:56:57+00:00,sapmachine-17.0.9,125512392,False,sapmachine-jre-17.0.9_windows-x64_bin.msi,windows,x64,jre,4105
2026-10-07T02:56:57+00:00,sapmachine-17.0.9,125512392,False,sapmachine-jdk-17.0.9_macos-aarch64_bin.tar.gz,macos,aarch64,jdk,4919
2026-10-07T02:56:57+00:00,sapmachine-17.0.9,125512392,False,sapmachine-jdk-17.0.9_macos-aarch64_bin.dmg,macos,aarch64,jdk,6530
2026-10-07T02:56:57+00:00,sapmachine-17.0.9,125512392,False,sapmachine-jre-17.0.9_macos-aarch64_bin.tar.gz,macos,aarch64,jre,3356
2026-10-07T02:56:57+00:00,sapmachine-17.0.9,125512392,False,sapmachine-jre-17.0.9_macos-aarch64_bin.dmg,macos,aarch64,jre,3232
2026-10-07T02:56:57+00:00,sapmachine-17.0.9,125512392,False,sapmachine-jdk-17.0.9_macos-aarch64_bin-symbols.tar.gz,macos,aarch64,jdk,3
2026-10-07T02:56:57+00:00,sapmachine-17.0.9,125512392,False,sapmachine-jdk-17.0.9_macos-x64_bin.tar.gz,macos,x64,jdk,4344
2026-10-07T02:56:57+00:00,sapmachine-17.0.9,125512392,False,sapmachine-jdk-17.0.9_macos-x64_bin.dmg,macos,x64,jdk,7043
2026-10-07T02:56:57+00:00,sapmachine-17.0.9,125512392,False,sapmachine-jre-17.0.9_macos-x64_bin.tar.gz,macos,x64,jre,3314
2026-10-07T02:56:57+00:00,sapmachine-17.0.9,125512392,False,sapmachine-jre-17.0.9_macos-x64_bin.dmg,macos,x64,jre,3245
2026-10-07T02:56:57+00:00,sapmachine-17.0.9,125512392,False,sapmachine-jdk-17.0.9_macos-x64_bin-symbols.tar.gz,macos,x64,jdk,3
2026-10-07T02:56:57+00:00,sapmachine-21.0.1,125509596,False,sapmachine-jdk-21.0.1_linux-x64-musl_bin.tar.gz,alpine,x64,jdk,3440
2026-10-07T02:56:57+00:00,sapmachine-21.0.1,125509596,False,sapmachine-jre-21.0.1_linux-x64-musl_bin.tar.gz,alpine,x64,jre,3254
2026-10-07T02:56:57+00:00,sapmachine-21.0.1,125509596,False,sapmachine-jdk-21.0.1_linux-x64-musl_bin-symbols.tar.gz,alpine,x64,jdk,7
2026-10-07T02:56:57+00:00,sapmachine-21.0.1,125509596,False,sapmachine-jdk-21.0.1_linux-x64_bin.tar.gz,linux,x64,jdk,8433
2026-10-07T02:56:57+00:00,sapmachine-21.0.1,125509596,False,sapmachine-jre-21.0.1_linux-x64_bin.tar.gz,linux,x64,jre,8166
2026-10-07T02:56:57+00:00,sapmachine-21.0.1,125509596,False,sapmachine-jdk-21.0.1_linux-x64_bin-symbols.tar.gz,linux,x64,jdk,7
2026-10-07T02:56:57+00:00,sapmachine-21.0.1,125509596,False,sapmachine-jdk-21.0.1-1.x86_64.rpm,linux,x64,jdk,3317
2026-10-07T02:56:57+00:00,sapmachine-21.0.1,125509596,False,sapmachine-jdk-21.0.1_linux-aarch64_bin.tar.gz,linux,aarch64,jdk,3449
2026-10-07T02:56:57+00:00,sapmachine-21.0.1,125509596,False,sapmachine-jre-21.0.1_linux-aarch64_bin.tar.gz,linux,aarch64,jre,4023
2026-10-07T02:56:57+00:00,sapmachine-21.0.1,125509596,False,sapmachine-jdk-21.0.1_linux-aarch64_bin-symbols.tar.gz,linux,aarch64,jdk,8
2026-10-07T02:56:57+00:00,sapmachine-21.0.1,125509596,False,sapmachine-jdk-21.0.1-beta_aix-ppc64_bin.tar.gz,aix,ppc64,jdk,2978
2026-10-07T02:56:57+00:00,sapmachine-21.0.1,125509596,False,sapmachine-jre-21.0.1-beta_aix-ppc64_bin.tar.gz,aix,ppc64,jre,2940
2026-10-07T02:56:57+00:00,sapmachine-21.0.1,125509596,False,sapmachine-jdk-21.0.1-beta_aix-ppc64_bin-symbols.tar.gz,aix,ppc64,jdk,7
2026-10-07T02:56:57+00:00,sapmachine-21.0.1,125509596,False,sapmachine-jdk-21.0.1_windows-x64_bin.zip,windows,x64,jdk,6200
2026-10-07T02:56:57+00:00,sapmachine-21.0.1,125509596,False,sapmachine-jre-21.0.1_windows-x64_bin.zip,windows,x64,jre,3548
2026-10-07T02:56:57+00:00,sapmachine-21.0.1,125509596,False,sapmachine-jdk-21.0.1_windows-x64_bin-symbols.tar.gz,windows,x64,jdk,7
2026-10-07T02:56:57+00:00,sapmachine-21.0.1,125509596,False,sapmachine-jdk-21.0.1_linux-ppc64le_bin.tar.gz,linux,ppc64,jdk,3400
2026-10-07T02:56:57+00:00,sapmachine-21.0.1,125509596,False,sapmachine-jre-21.0.1_linux-ppc64le_bin.tar.gz,linux,ppc64,jre,3218
2026-10-07T02:56:57+00:00,sapmachine-21.0.1,125509596,False,sapmachine-jdk-21.0.1_linux-ppc64le_bin-symbols.tar.gz,linux,ppc64,jdk,6
2026-10-07T02:56:57+00:00,sapmachine-21.0.1,125509596,False,sapmachine-jdk-21.0.1_windows-x64_bin.msi,windows,x64,jdk,7795
2026-10-07T02:56:57+00:00,sapmachine-21.0.1,125509596,False,sapmachine-jre-21.0.1_windows-x64_bin.msi,windows,x64,jre,4277
2026-10-07T02:56:57+00:00,sapmachine-21.0.1,125509596,False,sapmachine-jdk-21.0.1_macos-aarch64_bin.tar.gz,macos,aarch64,jdk,4555
2026-10-07T02:56:57+00:00,sapmachine-21.0.1,125509596,False,sapmachine-jdk-21.0.1_macos-aarch64_bin.dmg,macos,aarch64,jdk,6855
2026-10-07T02:56:57+00:00,sapmachine-21.0.1,125509596,False,sapmachine-jre-21.0.1_macos-aarch64_bin.tar.gz,macos,aarch64,jre,3344
2026-10-07T02:56:57+00:00,sapmachine-21.0.1,125509596,False,sapmachine-jre-21.0.1_macos-aarch64_bin.dmg,macos,aarch64,jre,3242
2026-10-07T02:56:57+00:00,sapmachine-21.0.1,125509596,False,sapmachine-jdk-21.0.1_macos-aarch64_bin-symbols.tar.gz,macos,aarch64,jdk,6
2026-10-07T02:56:57+00:00,sapmachine-21.0.1,125509596,False,sapmachine-jdk-21.0.1_macos-x64_bin.tar.gz,macos,x64,jdk,4078
2026-10-07T02:56:57+00:00,sapmachine-21.0.1,125509596,False,sapmachine-jdk-21.0.1_macos-x64_bin.dmg,macos,x64,jdk,7446
2026-10-07T02:56:57+00:00,sapmachine-21.0.1,125509596,False,sapmachine-jre-21.0.1_macos-x64_bin.tar.gz,macos,x64,jre,3317
2026-10-07T02:56:57+00:00,sapmachine-21.0.1,125509596,False,sapmachine-jre-21.0.1_macos-x64_bin.dmg,macos,x64,jre,3328
2026-10-07T02:56:57+00:00,sapmachine-21.0.1,125509596,False,sapmachine-jdk-21.0.1_macos-x64_bin-symbols.tar.gz,macos,x64,jdk,5
2026-10-07T02:56:57+00:00,sapmachine-21,121589656,False,sapmachine-jdk-21_linux-x64-musl_bin.tar.gz,alpine,x64,jdk,3368
2026-10-07T02:56:57+00:00,sapmachine-21,121589656,False,sapmachine-jre-21_linux-x64-musl_bin.tar.gz,alpine,x64,jre,3324
2026-10-07T02:56:57+00:00,sapmachine-21,121589656,False,sapmachine-jdk-21_linux-x64-musl_bin-symbols.tar.gz,alpine,x64,jdk,10
2026-10-07T02:56:57+00:00,sapmachine-21,121589656,False,sapmachine-jdk-21_linux-x64_bin.tar.gz,linux,x64,jdk,4722
2026-10-07T02:56:57+00:00,sapmachine-21,121589656,False,sapmachine-jre-21_linux-x64_bin.tar.gz,linux,x64,jre,4599
2026-10-07T02:56:57+00:00,sapmachine-21,121589656,False,sapmachine-jdk-21_linux-x64_bin-symbols.tar.gz,linux,x64,jdk,9
2026-10-07T02:56:57+00:00,sapmachine-21,121589656,False,sapmachine-jdk-21-1.x86_64.rpm,linux,x64,jdk,3555
2026-10-07T02:56:57+00:00,sapmachine-21,121589656,False,sapmachine-jdk-21_linux-aarch64_bin.tar.gz,linux,aarch64,jdk,3473
2026-10-07T02:56:57+00:00,sapmachine-21,121589656,False,sapmachine-jre-21_linux-aarch64_bin.tar.gz,linux,aarch64,jre,3404
2026-10-07T02:56:57+00:00,sapmachine-21,121589656,False,sapmachine-jdk-21_linux-aarch64_bin-symbols.tar.gz,linux,aarch64,jdk,14
2026-10-07T02:56:57+00:00,sapmachine-21,121589656,False,sapmachine-jdk-21_windows-x64_bin.zip,windows,x64,jdk,5346
2026-10-07T02:56:57+00:00,sapmachine-21,121589656,False,sapmachine-jre-21_windows-x64_bin.zip,windows,x64,jre,3480
2026-10-07T02:56:57+00:00,sapmachine-21,121589656,False,sapmachine-jdk-21_windows-x64_bin-symbols.tar.gz,windows,x64,jdk,6
2026-10-07T02:56:57+00:00,sapmachine-21,121589656,False,sapmachine-jdk-21_linux-ppc64le_bin.tar.gz,linux,ppc64,jdk,3338
2026-10-07T02:56:57+00:00,sapmachine-21,121589656,False,sapmachine-jre-21_linux-ppc64le_bin.tar.gz,linux,ppc64,jre,3305
2026-10-07T02:56:57+00:00,sapmachine-21,121589656,False,sapmachine-jdk-21_linux-ppc64le_bin-symbols.tar.gz,linux,ppc64,jdk,9
2026-10-07T02:56:57+00:00,sapmachine-21,121589656,False,sapmachine-jdk-21_windows-x64_bin.msi,windows,x64,jdk,4931
2026-10-07T02:56:57+00:00,sapmachine-21,121589656,False,sapmachine-jre-21_windows-x64_bin.msi,windows,x64,jre,3646
2026-10-07T02:56:57+00:00,sapmachine-21,121589656,False,sapmachine-jdk-21_macos-aarch64_bin.tar.gz,macos,aarch64,jdk,4002
2026-10-07T02:56:57+00:00,sapmachine-21,121589656,False,sapmachine-jdk-21_macos-aarch64_bin.dmg,macos,aarch64,jdk,3828
2026-10-07T02:56:57+00:00,sapmachine-21,121589656,False,sapmachine-jdk-21_macos-x64_bin.tar.gz,macos,x64,jdk,3638
2026-10-07T02:56:57+00:00,sapmachine-21,121589656,False,sapmachine-jre-21_macos-aarch64_bin.tar.gz,macos,aarch64,jre,3404
2026-10-07T02:56:57+00:00,sapmachine-21,121589656,False,sapmachine-jre-21_macos-aarch64_bin.dmg,macos,aarch64,jre,3365
2026-10-07T02:56:57+00:00,sapmachine-21,121589656,False,sapmachine-jdk-21_macos-x64_bin.dmg,macos,x64,jdk,4076
2026-10-07T02:56:57+00:00,sapmachine-21,121589656,False,sapmachine-jdk-21_macos-aarch64_bin-symbols.tar.gz,macos,aarch64,jdk,5
2026-10-07T02:56:57+00:00,sapmachine-21,121589656,False,sapmachine-jre-21_macos-x64_bin.tar.gz,macos,x64,jre,3431
2026-10-07T02:56:57+00:00,sapmachine-21,121589656,False,sapmachine-jre-21_macos-x64_bin.dmg,macos,x64,jre,3297
2026-10-07T02:56:57+00:00,sapmachine-21,121589656,False,sapmachine-jdk-21_macos-x64_bin-symbols.tar.gz,macos,x64,jdk,2
2026-10-07T02:56:57+00:00,sapmachine-11.0.20.1,120580479,False,sapmachine-jdk-11.0.20.1_linux-x64_bin.tar.gz,linux,x64,jdk,19759
2026-10-07T02:56:57+00:00,sapmachine-11.0.20.1,120580479,False,sapmachine-jre-11.0.20.1_linux-x64_bin.tar.gz,linux,x64,jre,9730
2026-10-07T02:56:57+00:00,sapmachine-11.0.20.1,120580479,False,sapmachine-jdk-11.0.20.1_linux-x64_bin-symbols.tar.gz,linux,x64,jdk,3
2026-10-07T02:56:57+00:00,sapmachine-11.0.20.1,120580479,False,sapmachine-jdk-11.0.20.1-1.x86_64.rpm,linux,x64,jdk,3426
2026-10-07T02:56:57+00:00,sapmachine-11.0.20.1,120580479,False,sapmachine-jdk-11.0.20.1_linux-aarch64_bin.tar.gz,linux,aarch64,jdk,3395
2026-10-07T02:56:57+00:00,sapmachine-11.0.20.1,120580479,False,sapmachine-jre-11.0.20.1_linux-aarch64_bin.tar.gz,linux,aarch64,jre,3327
2026-10-07T02:56:57+00:00,sapmachine-11.0.20.1,120580479,False,sapmachine-jdk-11.0.20.1_linux-aarch64_bin-symbols.tar.gz,linux,aarch64,jdk,2
2026-10-07T02:56:57+00:00,sapmachine-11.0.20.1,120580479,False,sapmachine-jdk-11.0.20.1_linux-ppc64le_bin.tar.gz,linux,ppc64,jdk,3316
2026-10-07T02:56:57+00:00,sapmachine-11.0.20.1,120580479,False,sapmachine-jre-11.0.20.1_linux-ppc64le_bin.tar.gz,linux,ppc64,jre,3296
2026-10-07T02:56:57+00:00,sapmachine-11.0.20.1,120580479,False,sapmachine-jdk-11.0.20.1_linux-ppc64le_bin-symbols.tar.gz,linux,ppc64,jdk,2
2026-10-07T02:56:57+00:00,sapmachine-11.0.20.1,120580479,False,sapmachine-jdk-11.0.20.1_windows-x64_bin.zip,windows,x64,jdk,4125
2026-10-07T02:56:57+00:00,sapmachine-11.0.20.1,120580479,False,sapmachine-jre-11.0.20.1_windows-x64_bin.zip,windows,x64,jre,3579
2026-10-07T02:56:57+00:00,sapmachine-11.0.20.1,120580479,False,sapmachine-jdk-11.0.20.1_windows-x64_bin-symbols.tar.gz,windows,x64,jdk,3
2026-10-07T02:56:57+00:00,sapmachine-11.0.20.1,120580479,False,sapmachine-jdk-11.0.20.1_windows-x64_bin.msi,windows,x64,jdk,3726
2026-10-07T02:56:57+00:00,sapmachine-11.0.20.1,120580479,False,sapmachine-jre-11.0.20.1_windows-x64_bin.msi,windows,x64,jre,3440
2026-10-07T02:56:57+00:00,sapmachine-11.0.20.1,120580479,False,sapmachine-jdk-11.0.20.1_macos-x64_bin.tar.gz,macos,x64,jdk,3627
2026-10-07T02:56:57+00:00,sapmachine-11.0.20.1,120580479,False,sapmachine-jdk-11.0.20.1_macos-x64_bin.dmg,macos,x64,jdk,3672
2026-10-07T02:56:57+00:00,sapmachine-11.0.20.1,120580479,False,sapmachine-jre-11.0.20.1_macos-x64_bin.tar.gz,macos,x64,jre,3400
2026-10-07T02:56:57+00:00,sapmachine-11.0.20.1,120580479,False,sapmachine-jre-11.0.20.1_macos-x64_bin.dmg,macos,x64,jre,3340
2026-10-07T02:56:57+00:00,sapmachine-11.0.20.1,120580479,False,sapmachine-jdk-11.0.20.1_macos-x64_bin-symbols.tar.gz,macos,x64,jdk,2
2026-10-07T02:56:57+00:00,sapmachine-11.0.20.1,120580479,False,sapmachine-jdk-11.0.20.1_macos-aarch64_bin.tar.gz,macos,aarch64,jdk,3727
2026-10-07T02:56:57+00:00,sapmachine-11.0.20.1,120580479,False,sapmachine-jdk-11.0.20.1_macos-aarch64_bin.dmg,macos,aarch64,jdk,3526
2026-10-07T02:56:57+00:00,sapmachine-11.0.20.1,120580479,False,sapmachine-jre-11.0.20.1_macos-aarch64_bin.tar.gz,macos,aarch64,jre,3416
2026-10-07T02:56:57+00:00,sapmachine-11.0.20.1,120580479,False,sapmachine-jre-11.0.20.1_macos-aarch64_bin.dmg,macos,aarch64,jre,3343
2026-10-07T02:56:57+00:00,sapmachine-11.0.20.1,120580479,False,sapmachine-jdk-11.0.20.1_macos-aarch64_bin-symbols.tar.gz,macos,aarch64,jdk,2
2026-10-07T02:56:57+00:00,sapmachine-17.0.8.1,120346785,False,sapmachine-jdk-17.0.8.1_linux-x64-musl_bin.tar.gz,alpine,x64,jdk,3516
2026-10-07T02:56:57+00:00,sapmachine-17.0.8.1,120346785,False,sapmachine-jre-17.0.8.1_linux-x64-musl_bin.tar.gz,alpine,x64,jre,3326
2026-10-07T02:56:57+00:00,sapmachine-17.0.8.1,120346785,False,sapmachine-jdk-17.0.8.1_linux-x64-musl_bin-symbols.tar.gz,alpine,x64,jdk,2
2026-10-07T02:56:57+00:00,sapmachine-17.0.8.1,120346785,False,sapmachine-jdk-17.0.8.1_linux-x64_bin.tar.gz,linux,x64,jdk,321392
2026-10-07T02:56:57+00:00,sapmachine-17.0.8.1,120346785,False,sapmachine-jre-17.0.8.1_linux-x64_bin.tar.gz,linux,x64,jre,55302
2026-10-07T02:56:57+00:00,sapmachine-17.0.8.1,120346785,False,sapmachine-jdk-17.0.8.1_linux-x64_bin-symbols.tar.gz,linux,x64,jdk,6
2026-10-07T02:56:57+00:00,sapmachine-17.0.8.1,120346785,False,sapmachine-jdk-17.0.8.1-1.x86_64.rpm,linux,x64,jdk,3868
2026-10-07T02:56:57+00:00,sapmachine-17.0.8.1,120346785,False,sapmachine-jdk-17.0.8.1_linux-aarch64_bin.tar.gz,linux,aarch64,jdk,3694
2026-10-07T02:56:57+00:00,sapmachine-17.0.8.1,120346785,False,sapmachine-jre-17.0.8.1_linux-aarch64_bin.tar.gz,linux,aarch64,jre,3344
2026-10-07T02:56:57+00:00,sapmachine-17.0.8.1,120346785,False,sapmachine-jdk-17.0.8.1_linux-aarch64_bin-symbols.tar.gz,linux,aarch64,jdk,5
2026-10-07T02:56:57+00:00,sapmachine-17.0.8.1,120346785,False,sapmachine-jdk-17.0.8.1_windows-x64_bin.zip,windows,x64,jdk,4770
2026-10-07T02:56:57+00:00,sapmachine-17.0.8.1,120346785,False,sapmachine-jre-17.0.8.1_windows-x64_bin.zip,windows,x64,jre,3560
2026-10-07T02:56:57+00:00,sapmachine-17.0.8.1,120346785,False,sapmachine-jdk-17.0.8.1_windows-x64_bin-symbols.tar.gz,windows,x64,jdk,2
2026-10-07T02:56:57+00:00,sapmachine-17.0.8.1,120346785,False,sapmachine-jdk-17.0.8.1_linux-ppc64le_bin.tar.gz,linux,ppc64,jdk,3401
2026-10-07T02:56:57+00:00,sapmachine-17.0.8.1,120346785,False,sapmachine-jre-17.0.8.1_linux-ppc64le_bin.tar.gz,linux,ppc64,jre,3330
2026-10-07T02:56:57+00:00,sapmachine-17.0.8.1,120346785,False,sapmachine-jdk-17.0.8.1_linux-ppc64le_bin-symbols.tar.gz,linux,ppc64,jdk,2
2026-10-07T02:56:57+00:00,sapmachine-17.0.8.1,120346785,False,sapmachine-jdk-17.0.8.1_windows-x64_bin.msi,windows,x64,jdk,4373
2026-10-07T02:56:57+00:00,sapmachine-17.0.8.1,120346785,False,sapmachine-jre-17.0.8.1_windows-x64_bin.msi,windows,x64,jre,3538
2026-10-07T02:56:57+00:00,sapmachine-17.0.8.1,120346785,False,sapmachine-jdk-17.0.8.1_macos-aarch64_bin.tar.gz,macos,aarch64,jdk,4009
2026-10-07T02:56:57+00:00,sapmachine-17.0.8.1,120346785,False,sapmachine-jdk-17.0.8.1_macos-aarch64_bin.dmg,macos,aarch64,jdk,3948
2026-10-07T02:56:57+00:00,sapmachine-17.0.8.1,120346785,False,sapmachine-jre-17.0.8.1_macos-aarch64_bin.tar.gz,macos,aarch64,jre,3394
2026-10-07T02:56:57+00:00,sapmachine-17.0.8.1,120346785,False,sapmachine-jre-17.0.8.1_macos-aarch64_bin.dmg,macos,aarch64,jre,3349
2026-10-07T02:56:57+00:00,sapmachine-17.0.8.1,120346785,False,sapmachine-jdk-17.0.8.1_macos-aarch64_bin-symbols.tar.gz,macos,aarch64,jdk,2
2026-10-07T02:56:57+00:00,sapmachine-17.0.8.1,120346785,False,sapmachine-jdk-17.0.8.1_macos-x64_bin.tar.gz,macos,x64,jdk,3829
2026-10-07T02:56:57+00:00,sapmachine-17.0.8.1,120346785,False,sapmachine-jdk-17.0.8.1_macos-x64_bin.dmg,macos,x64,jdk,4099
2026-10-07T02:56:57+00:00,sapmachine-17.0.8.1,120346785,False,sapmachine-jre-17.0.8.1_macos-x64_bin.tar.gz,macos,x64,jre,3425
2026-10-07T02:56:57+00:00,sapmachine-17.0.8.1,120346785,False,sapmachine-jre-17.0.8.1_macos-x64_bin.dmg,macos,x64,jre,3407
2026-10-07T02:56:57+00:00,sapmachine-17.0.8.1,120346785,False,sapmachine-jdk-17.0.8.1_macos-x64_bin-symbols.tar.gz,macos,x64,jdk,2
2026-10-07T02:56:57+00:00,sapmachine-20.0.2,112729405,False,sapmachine-jdk-20.0.2_linux-x64-musl_bin.tar.gz,alpine,x64,jdk,3496
2026-10-07T02:56:57+00:00,sapmachine-20.0.2,112729405,False,sapmachine-jre-20.0.2_linux-x64-musl_bin.tar.gz,alpine,x64,jre,3500
2026-10-07T02:56:57+00:00,sapmachine-20.0.2,112729405,False,sapmachine-jdk-20.0.2_linux-x64-musl_bin-symbols.tar.gz,alpine,x64,jdk,10
2026-10-07T02:56:57+00:00,sapmachine-20.0.2,112729405,False,sapmachine-jdk-20.0.2_linux-x64_bin.tar.gz,linux,x64,jdk,5646
2026-10-07T02:56:57+00:00,sapmachine-20.0.2,112729405,False,sapmachine-jre-20.0.2_linux-x64_bin.tar.gz,linux,x64,jre,22152
2026-10-07T02:56:57+00:00,sapmachine-20.0.2,112729405,False,sapmachine-jdk-20.0.2_linux-x64_bin-symbols.tar.gz,linux,x64,jdk,11
2026-10-07T02:56:57+00:00,sapmachine-20.0.2,112729405,False,sapmachine-jdk-20.0.2-1.x86_64.rpm,linux,x64,jdk,3536
2026-10-07T02:56:57+00:00,sapmachine-20.0.2,112729405,False,sapmachine-jdk-20.0.2_linux-aarch64_bin.tar.gz,linux,aarch64,jdk,3644
2026-10-07T02:56:57+00:00,sapmachine-20.0.2,112729405,False,sapmachine-jre-20.0.2_linux-aarch64_bin.tar.gz,linux,aarch64,jre,4595
2026-10-07T02:56:57+00:00,sapmachine-20.0.2,112729405,False,sapmachine-jdk-20.0.2_linux-aarch64_bin-symbols.tar.gz,linux,aarch64,jdk,15
2026-10-07T02:56:57+00:00,sapmachine-20.0.2,112729405,False,sapmachine-jdk-20.0.2_windows-x64_bin.zip,windows,x64,jdk,4626
2026-10-07T02:56:57+00:00,sapmachine-20.0.2,112729405,False,sapmachine-jre-20.0.2_windows-x64_bin.zip,windows,x64,jre,5347
2026-10-07T02:56:57+00:00,sapmachine-20.0.2,112729405,False,sapmachine-jdk-20.0.2_windows-x64_bin-symbols.tar.gz,windows,x64,jdk,9
2026-10-07T02:56:57+00:00,sapmachine-20.0.2,112729405,False,sapmachine-jdk-20.0.2_linux-ppc64le_bin.tar.gz,linux,ppc64,jdk,3550
2026-10-07T02:56:57+00:00,sapmachine-20.0.2,112729405,False,sapmachine-jre-20.0.2_linux-ppc64le_bin.tar.gz,linux,ppc64,jre,3418
2026-10-07T02:56:57+00:00,sapmachine-20.0.2,112729405,False,sapmachine-jdk-20.0.2_linux-ppc64le_bin-symbols.tar.gz,linux,ppc64,jdk,10
2026-10-07T02:56:57+00:00,sapmachine-20.0.2,112729405,False,sapmachine-jdk-20.0.2_macos-aarch64_bin.tar.gz,macos,aarch64,jdk,4130
2026-10-07T02:56:57+00:00,sapmachine-20.0.2,112729405,False,sapmachine-jdk-20.0.2_macos-aarch64_bin.dmg,macos,aarch64,jdk,4136
2026-10-07T02:56:57+00:00,sapmachine-20.0.2,112729405,False,sapmachine-jre-20.0.2_macos-aarch64_bin.tar.gz,macos,aarch64,jre,3578
2026-10-07T02:56:57+00:00,sapmachine-20.0.2,112729405,False,sapmachine-jre-20.0.2_macos-aarch64_bin.dmg,macos,aarch64,jre,3407
2026-10-07T02:56:57+00:00,sapmachine-20.0.2,112729405,False,sapmachine-jdk-20.0.2_macos-aarch64_bin-symbols.tar.gz,macos,aarch64,jdk,7
2026-10-07T02:56:57+00:00,sapmachine-20.0.2,112729405,False,sapmachine-jdk-20.0.2_macos-x64_bin.tar.gz,macos,x64,jdk,4029
2026-10-07T02:56:57+00:00,sapmachine-20.0.2,112729405,False,sapmachine-jdk-20.0.2_macos-x64_bin.dmg,macos,x64,jdk,4676
2026-10-07T02:56:57+00:00,sapmachine-20.0.2,112729405,False,sapmachine-jre-20.0.2_macos-x64_bin.tar.gz,macos,x64,jre,3541
2026-10-07T02:56:57+00:00,sapmachine-20.0.2,112729405,False,sapmachine-jre-20.0.2_macos-x64_bin.dmg,macos,x64,jre,3465
2026-10-07T02:56:57+00:00,sapmachine-20.0.2,112729405,False,sapmachine-jdk-20.0.2_macos-x64_bin-symbols.tar.gz,macos,x64,jdk,7
2026-10-07T02:56:57+00:00,sapmachine-20.0.2,112729405,False,sapmachine-jdk-20.0.2_windows-x64_bin.msi,windows,x64,jdk,5856
2026-10-07T02:56:57+00:00,sapmachine-20.0.2,112729405,False,sapmachine-jre-20.0.2_windows-x64_bin.msi,windows,x64,jre,3909
2026-10-07T02:56:57+00:00,sapmachine-17.0.8,112724516,False,sapmachine-jdk-17.0.8_linux-x64-musl_bin.tar.gz,alpine,x64,jdk,3568
2026-10-07T02:56:57+00:00,sapmachine-17.0.8,112724516,False,sapmachine-jre-17.0.8_linux-x64-musl_bin.tar.gz,alpine,x64,jre,3524
2026-10-07T02:56:57+00:00,sapmachine-17.0.8,112724516,False,sapmachine-jdk-17.0.8_linux-x64-musl_bin-symbols.tar.gz,alpine,x64,jdk,2
2026-10-07T02:56:57+00:00,sapmachine-17.0.8,112724516,False,sapmachine-jdk-17.0.8_linux-x64_bin.tar.gz,linux,x64,jdk,56943
2026-10-07T02:56:57+00:00,sapmachine-17.0.8,112724516,False,sapmachine-jre-17.0.8_linux-x64_bin.tar.gz,linux,x64,jre,58781
2026-10-07T02:56:57+00:00,sapmachine-17.0.8,112724516,False,sapmachine-jdk-17.0.8_linux-x64_bin-symbols.tar.gz,linux,x64,jdk,9
2026-10-07T02:56:57+00:00,sapmachine-17.0.8,112724516,False,sapmachine-jdk-17.0.8-1.x86_64.rpm,linux,x64,jdk,3798
2026-10-07T02:56:57+00:00,sapmachine-17.0.8,112724516,False,sapmachine-jdk-17.0.8_linux-aarch64_bin.tar.gz,linux,aarch64,jdk,4968
2026-10-07T02:56:57+00:00,sapmachine-17.0.8,112724516,False,sapmachine-jre-17.0.8_linux-aarch64_bin.tar.gz,linux,aarch64,jre,3482
2026-10-07T02:56:57+00:00,sapmachine-17.0.8,112724516,False,sapmachine-jdk-17.0.8_linux-aarch64_bin-symbols.tar.gz,linux,aarch64,jdk,4
2026-10-07T02:56:57+00:00,sapmachine-17.0.8,112724516,False,sapmachine-jdk-17.0.8_windows-x64_bin.zip,windows,x64,jdk,5109
2026-10-07T02:56:57+00:00,sapmachine-17.0.8,112724516,False,sapmachine-jre-17.0.8_windows-x64_bin.zip,windows,x64,jre,3814
2026-10-07T02:56:57+00:00,sapmachine-17.0.8,112724516,False,sapmachine-jdk-17.0.8_windows-x64_bin-symbols.tar.gz,windows,x64,jdk,5
2026-10-07T02:56:57+00:00,sapmachine-17.0.8,112724516,False,sapmachine-jdk-17.0.8_linux-ppc64le_bin.tar.gz,linux,ppc64,jdk,3589
2026-10-07T02:56:57+00:00,sapmachine-17.0.8,112724516,False,sapmachine-jre-17.0.8_linux-ppc64le_bin.tar.gz,linux,ppc64,jre,3489
2026-10-07T02:56:57+00:00,sapmachine-17.0.8,112724516,False,sapmachine-jdk-17.0.8_linux-ppc64le_bin-symbols.tar.gz,linux,ppc64,jdk,2
2026-10-07T02:56:57+00:00,sapmachine-17.0.8,112724516,False,sapmachine-jdk-17.0.8_macos-x64_bin.tar.gz,macos,x64,jdk,4321
2026-10-07T02:56:57+00:00,sapmachine-17.0.8,112724516,False,sapmachine-jdk-17.0.8_macos-x64_bin.dmg,macos,x64,jdk,6315
2026-10-07T02:56:57+00:00,sapmachine-17.0.8,112724516,False,sapmachine-jre-17.0.8_macos-x64_bin.tar.gz,macos,x64,jre,3548
2026-10-07T02:56:57+00:00,sapmachine-17.0.8,112724516,False,sapmachine-jre-17.0.8_macos-x64_bin.dmg,macos,x64,jre,3477
2026-10-07T02:56:57+00:00,sapmachine-17.0.8,112724516,False,sapmachine-jdk-17.0.8_macos-x64_bin-symbols.tar.gz,macos,x64,jdk,2
2026-10-07T02:56:57+00:00,sapmachine-17.0.8,112724516,False,sapmachine-jdk-17.0.8_macos-aarch64_bin.tar.gz,macos,aarch64,jdk,4399
2026-10-07T02:56:57+00:00,sapmachine-17.0.8,112724516,False,sapmachine-jdk-17.0.8_macos-aarch64_bin.dmg,macos,aarch64,jdk,5854
2026-10-07T02:56:57+00:00,sapmachine-17.0.8,112724516,False,sapmachine-jre-17.0.8_macos-aarch64_bin.tar.gz,macos,aarch64,jre,3495
2026-10-07T02:56:57+00:00,sapmachine-17.0.8,112724516,False,sapmachine-jre-17.0.8_macos-aarch64_bin.dmg,macos,aarch64,jre,3420
2026-10-07T02:56:57+00:00,sapmachine-17.0.8,112724516,False,sapmachine-jdk-17.0.8_macos-aarch64_bin-symbols.tar.gz,macos,aarch64,jdk,7
2026-10-07T02:56:57+00:00,sapmachine-17.0.8,112724516,False,sapmachine-jdk-17.0.8_windows-x64_bin.msi,windows,x64,jdk,5817
2026-10-07T02:56:57+00:00,sapmachine-17.0.8,112724516,False,sapmachine-jre-17.0.8_windows-x64_bin.msi,windows,x64,jre,3780
2026-10-07T02:56:57+00:00,sapmachine-11.0.20,112728811,False,sapmachine-jdk-11.0.20_linux-x64_bin.tar.gz,linux,x64,jdk,47088
2026-10-07T02:56:57+00:00,sapmachine-11.0.20,112728811,False,sapmachine-jre-11.0.20_linux-x64_bin.tar.gz,linux,x64,jre,16444
2026-10-07T02:56:57+00:00,sapmachine-11.0.20,112728811,False,sapmachine-jdk-11.0.20_linux-x64_bin-symbols.tar.gz,linux,x64,jdk,17
2026-10-07T02:56:57+00:00,sapmachine-11.0.20,112728811,False,sapmachine-jdk-11.0.20-1.x86_64.rpm,linux,x64,jdk,3622
2026-10-07T02:56:57+00:00,sapmachine-11.0.20,112728811,False,sapmachine-jdk-11.0.20_linux-aarch64_bin.tar.gz,linux,aarch64,jdk,3522
2026-10-07T02:56:57+00:00,sapmachine-11.0.20,112728811,False,sapmachine-jre-11.0.20_linux-aarch64_bin.tar.gz,linux,aarch64,jre,3566
2026-10-07T02:56:57+00:00,sapmachine-11.0.20,112728811,False,sapmachine-jdk-11.0.20_linux-aarch64_bin-symbols.tar.gz,linux,aarch64,jdk,4
2026-10-07T02:56:57+00:00,sapmachine-11.0.20,112728811,False,sapmachine-jdk-11.0.20_windows-x64_bin.zip,windows,x64,jdk,4543
2026-10-07T02:56:57+00:00,sapmachine-11.0.20,112728811,False,sapmachine-jre-11.0.20_windows-x64_bin.zip,windows,x64,jre,3649
2026-10-07T02:56:57+00:00,sapmachine-11.0.20,112728811,False,sapmachine-jdk-11.0.20_windows-x64_bin-symbols.tar.gz,windows,x64,jdk,6
2026-10-07T02:56:57+00:00,sapmachine-11.0.20,112728811,False,sapmachine-jdk-11.0.20_linux-ppc64le_bin.tar.gz,linux,ppc64,jdk,3491
2026-10-07T02:56:57+00:00,sapmachine-11.0.20,112728811,False,sapmachine-jre-11.0.20_linux-ppc64le_bin.tar.gz,linux,ppc64,jre,3424
2026-10-07T02:56:57+00:00,sapmachine-11.0.20,112728811,False,sapmachine-jdk-11.0.20_linux-ppc64le_bin-symbols.tar.gz,linux,ppc64,jdk,3
2026-10-07T02:56:57+00:00,sapmachine-11.0.20,112728811,False,sapmachine-jdk-11.0.20_macos-aarch64_bin.tar.gz,macos,aarch64,jdk,4203
2026-10-07T02:56:57+00:00,sapmachine-11.0.20,112728811,False,sapmachine-jdk-11.0.20_macos-aarch64_bin.dmg,macos,aarch64,jdk,5283
2026-10-07T02:56:57+00:00,sapmachine-11.0.20,112728811,False,sapmachine-jre-11.0.20_macos-aarch64_bin.tar.gz,macos,aarch64,jre,3504
2026-10-07T02:56:57+00:00,sapmachine-11.0.20,112728811,False,sapmachine-jdk-11.0.20_macos-x64_bin.tar.gz,macos,x64,jdk,4161
2026-10-07T02:56:57+00:00,sapmachine-11.0.20,112728811,False,sapmachine-jre-11.0.20_macos-aarch64_bin.dmg,macos,aarch64,jre,3498
2026-10-07T02:56:57+00:00,sapmachine-11.0.20,112728811,False,sapmachine-jdk-11.0.20_macos-aarch64_bin-symbols.tar.gz,macos,aarch64,jdk,3
2026-10-07T02:56:57+00:00,sapmachine-11.0.20,112728811,False,sapmachine-jdk-11.0.20_macos-x64_bin.dmg,macos,x64,jdk,5511
2026-10-07T02:56:57+00:00,sapmachine-11.0.20,112728811,False,sapmachine-jre-11.0.20_macos-x64_bin.tar.gz,macos,x64,jre,3566
2026-10-07T02:56:57+00:00,sapmachine-11.0.20,112728811,False,sapmachine-jre-11.0.20_macos-x64_bin.dmg,macos,x64,jre,3472
2026-10-07T02:56:57+00:00,sapmachine-11.0.20,112728811,False,sapmachine-jdk-11.0.20_macos-x64_bin-symbols.tar.gz,macos,x64,jdk,3
2026-10-07T02:56:57+00:00,sapmachine-11.0.20,112728811,False,sapmachine-jdk-11.0.20_windows-x64_bin.msi,windows,x64,jdk,4377
2026-10-07T02:56:57+00:00,sapmachine-11.0.20,112728811,False,sapmachine-jre-11.0.20_windows-x64_bin.msi,windows,x64,jre,3693
2026-10-07T02:56:57+00:00,sapmachine-11.0.19,99977831,False,sapmachine-jdk-11.0.19_linux-x64_bin.tar.gz,linux,x64,jdk,75183
2026-10-07T02:56:57+00:00,sapmachine-11.0.19,99977831,False,sapmachine-jre-11.0.19_linux-x64_bin.tar.gz,linux,x64,jre,38509
2026-10-07T02:56:57+00:00,sapmachine-11.0.19,99977831,False,sapmachine-jdk-11.0.19_linux-x64_bin-symbols.tar.gz,linux,x64,jdk,30
2026-10-07T02:56:57+00:00,sapmachine-11.0.19,99977831,False,sapmachine-jdk-11.0.19_linux-aarch64_bin.tar.gz,linux,aarch64,jdk,3695
2026-10-07T02:56:57+00:00,sapmachine-11.0.19,99977831,False,sapmachine-jre-11.0.19_linux-aarch64_bin.tar.gz,linux,aarch64,jre,3652
2026-10-07T02:56:57+00:00,sapmachine-11.0.19,99977831,False,sapmachine-jdk-11.0.19_linux-aarch64_bin-symbols.tar.gz,linux,aarch64,jdk,4
2026-10-07T02:56:57+00:00,sapmachine-11.0.19,99977831,False,sapmachine-jdk-11.0.19-1.x86_64.rpm,linux,x64,jdk,3692
2026-10-07T02:56:57+00:00,sapmachine-11.0.19,99977831,False,sapmachine-jdk-11.0.19_linux-ppc64le_bin.tar.gz,linux,ppc64,jdk,3558
2026-10-07T02:56:57+00:00,sapmachine-11.0.19,99977831,False,sapmachine-jre-11.0.19_linux-ppc64le_bin.tar.gz,linux,ppc64,jre,3531
2026-10-07T02:56:57+00:00,sapmachine-11.0.19,99977831,False,sapmachine-jdk-11.0.19_linux-ppc64le_bin-symbols.tar.gz,linux,ppc64,jdk,3
2026-10-07T02:56:57+00:00,sapmachine-11.0.19,99977831,False,sapmachine-jdk-11.0.19_windows-x64_bin.zip,windows,x64,jdk,5229
2026-10-07T02:56:57+00:00,sapmachine-11.0.19,99977831,False,sapmachine-jre-11.0.19_windows-x64_bin.zip,windows,x64,jre,3805
2026-10-07T02:56:57+00:00,sapmachine-11.0.19,99977831,False,sapmachine-jdk-11.0.19_windows-x64_bin-symbols.tar.gz,windows,x64,jdk,4
2026-10-07T02:56:57+00:00,sapmachine-11.0.19,99977831,False,sapmachine-jdk-11.0.19_macos-aarch64_bin.tar.gz,macos,aarch64,jdk,4528
2026-10-07T02:56:57+00:00,sapmachine-11.0.19,99977831,False,sapmachine-jdk-11.0.19_macos-aarch64_bin.dmg,macos,aarch64,jdk,6172
2026-10-07T02:56:57+00:00,sapmachine-11.0.19,99977831,False,sapmachine-jre-11.0.19_macos-aarch64_bin.tar.gz,macos,aarch64,jre,3607
2026-10-07T02:56:57+00:00,sapmachine-11.0.19,99977831,False,sapmachine-jre-11.0.19_macos-aarch64_bin.dmg,macos,aarch64,jre,3614
2026-10-07T02:56:57+00:00,sapmachine-11.0.19,99977831,False,sapmachine-jdk-11.0.19_macos-aarch64_bin-symbols.tar.gz,macos,aarch64,jdk,2
2026-10-07T02:56:57+00:00,sapmachine-11.0.19,99977831,False,sapmachine-jdk-11.0.19_macos-x64_bin.tar.gz,macos,x64,jdk,4617
2026-10-07T02:56:57+00:00,sapmachine-11.0.19,99977831,False,sapmachine-jdk-11.0.19_macos-x64_bin.dmg,macos,x64,jdk,6348
2026-10-07T02:56:57+00:00,sapmachine-11.0.19,99977831,False,sapmachine-jre-11.0.19_macos-x64_bin.tar.gz,macos,x64,jre,3602
2026-10-07T02:56:57+00:00,sapmachine-11.0.19,99977831,False,sapmachine-jre-11.0.19_macos-x64_bin.dmg,macos,x64,jre,3590
2026-10-07T02:56:57+00:00,sapmachine-11.0.19,99977831,False,sapmachine-jdk-11.0.19_macos-x64_bin-symbols.tar.gz,macos,x64,jdk,3
2026-10-07T02:56:57+00:00,sapmachine-11.0.19,99977831,False,sapmachine-jdk-11.0.19_windows-x64_bin.msi,windows,x64,jdk,4724
2026-10-07T02:56:57+00:00,sapmachine-11.0.19,99977831,False,sapmachine-jre-11.0.19_windows-x64_bin.msi,windows,x64,jre,3940
2026-10-07T02:56:57+00:00,sapmachine-17.0.7,99977377,False,sapmachine-jdk-17.0.7_linux-x64-musl_bin.tar.gz,alpine,x64,jdk,4575
2026-10-07T02:56:57+00:00,sapmachine-17.0.7,99977377,False,sapmachine-jre-17.0.7_linux-x64-musl_bin.tar.gz,alpine,x64,jre,3604
2026-10-07T02:56:57+00:00,sapmachine-17.0.7,99977377,False,sapmachine-jdk-17.0.7_linux-x64-musl_bin-symbols.tar.gz,alpine,x64,jdk,3
2026-10-07T02:56:57+00:00,sapmachine-17.0.7,99977377,False,sapmachine-jdk-17.0.7_linux-x64_bin.tar.gz,linux,x64,jdk,230636
2026-10-07T02:56:57+00:00,sapmachine-17.0.7,99977377,False,sapmachine-jre-17.0.7_linux-x64_bin.tar.gz,linux,x64,jre,62750
2026-10-07T02:56:57+00:00,sapmachine-17.0.7,99977377,False,sapmachine-jdk-17.0.7_linux-x64_bin-symbols.tar.gz,linux,x64,jdk,13
2026-10-07T02:56:57+00:00,sapmachine-17.0.7,99977377,False,sapmachine-jdk-17.0.7_linux-aarch64_bin.tar.gz,linux,aarch64,jdk,4039
2026-10-07T02:56:57+00:00,sapmachine-17.0.7,99977377,False,sapmachine-jre-17.0.7_linux-aarch64_bin.tar.gz,linux,aarch64,jre,3611
2026-10-07T02:56:57+00:00,sapmachine-17.0.7,99977377,False,sapmachine-jdk-17.0.7-1.x86_64.rpm,linux,x64,jdk,3908
2026-10-07T02:56:57+00:00,sapmachine-17.0.7,99977377,False,sapmachine-jdk-17.0.7_linux-aarch64_bin-symbols.tar.gz,linux,aarch64,jdk,4
2026-10-07T02:56:57+00:00,sapmachine-17.0.7,99977377,False,sapmachine-jdk-17.0.7_linux-ppc64le_bin.tar.gz,linux,ppc64,jdk,3686
2026-10-07T02:56:57+00:00,sapmachine-17.0.7,99977377,False,sapmachine-jre-17.0.7_linux-ppc64le_bin.tar.gz,linux,ppc64,jre,3624
2026-10-07T02:56:57+00:00,sapmachine-17.0.7,99977377,False,sapmachine-jdk-17.0.7_linux-ppc64le_bin-symbols.tar.gz,linux,ppc64,jdk,3
2026-10-07T02:56:57+00:00,sapmachine-17.0.7,99977377,False,sapmachine-jdk-17.0.7_windows-x64_bin.zip,windows,x64,jdk,5547
2026-10-07T02:56:57+00:00,sapmachine-17.0.7,99977377,False,sapmachine-jre-17.0.7_windows-x64_bin.zip,windows,x64,jre,3930
2026-10-07T02:56:57+00:00,sapmachine-17.0.7,99977377,False,sapmachine-jdk-17.0.7_windows-x64_bin-symbols.tar.gz,windows,x64,jdk,2
2026-10-07T02:56:57+00:00,sapmachine-17.0.7,99977377,False,sapmachine-jdk-17.0.7_macos-aarch64_bin.tar.gz,macos,aarch64,jdk,5440
2026-10-07T02:56:57+00:00,sapmachine-17.0.7,99977377,False,sapmachine-jdk-17.0.7_macos-aarch64_bin.dmg,macos,aarch64,jdk,7061
2026-10-07T02:56:57+00:00,sapmachine-17.0.7,99977377,False,sapmachine-jre-17.0.7_macos-aarch64_bin.tar.gz,macos,aarch64,jre,3660
2026-10-07T02:56:57+00:00,sapmachine-17.0.7,99977377,False,sapmachine-jre-17.0.7_macos-aarch64_bin.dmg,macos,aarch64,jre,3583
2026-10-07T02:56:57+00:00,sapmachine-17.0.7,99977377,False,sapmachine-jdk-17.0.7_macos-aarch64_bin-symbols.tar.gz,macos,aarch64,jdk,4
2026-10-07T02:56:57+00:00,sapmachine-17.0.7,99977377,False,sapmachine-jdk-17.0.7_macos-x64_bin.tar.gz,macos,x64,jdk,5170
2026-10-07T02:56:57+00:00,sapmachine-17.0.7,99977377,False,sapmachine-jdk-17.0.7_macos-x64_bin.dmg,macos,x64,jdk,7807
2026-10-07T02:56:57+00:00,sapmachine-17.0.7,99977377,False,sapmachine-jre-17.0.7_macos-x64_bin.tar.gz,macos,x64,jre,3593
2026-10-07T02:56:57+00:00,sapmachine-17.0.7,99977377,False,sapmachine-jre-17.0.7_macos-x64_bin.dmg,macos,x64,jre,3651
2026-10-07T02:56:57+00:00,sapmachine-17.0.7,99977377,False,sapmachine-jdk-17.0.7_macos-x64_bin-symbols.tar.gz,macos,x64,jdk,2
2026-10-07T02:56:57+00:00,sapmachine-17.0.7,99977377,False,sapmachine-jdk-17.0.7_windows-x64_bin.msi,windows,x64,jdk,6016
2026-10-07T02:56:57+00:00,sapmachine-17.0.7,99977377,False,sapmachine-jre-17.0.7_windows-x64_bin.msi,windows,x64,jre,4136
2026-10-07T02:56:57+00:00,sapmachine-20.0.1,99976902,False,sapmachine-jdk-20.0.1_linux-x64-musl_bin.tar.gz,alpine,x64,jdk,3652
2026-10-07T02:56:57+00:00,sapmachine-20.0.1,99976902,False,sapmachine-jre-20.0.1_linux-x64-musl_bin.tar.gz,alpine,x64,jre,3558
2026-10-07T02:56:57+00:00,sapmachine-20.0.1,99976902,False,sapmachine-jdk-20.0.1_linux-x64-musl_bin-symbols.tar.gz,alpine,x64,jdk,7
2026-10-07T02:56:57+00:00,sapmachine-20.0.1,99976902,False,sapmachine-jdk-20.0.1_linux-x64_bin.tar.gz,linux,x64,jdk,5134
2026-10-07T02:56:57+00:00,sapmachine-20.0.1,99976902,False,sapmachine-jre-20.0.1_linux-x64_bin.tar.gz,linux,x64,jre,5062
2026-10-07T02:56:57+00:00,sapmachine-20.0.1,99976902,False,sapmachine-jdk-20.0.1_linux-x64_bin-symbols.tar.gz,linux,x64,jdk,7
2026-10-07T02:56:57+00:00,sapmachine-20.0.1,99976902,False,sapmachine-jdk-20.0.1_linux-aarch64_bin.tar.gz,linux,aarch64,jdk,3775
2026-10-07T02:56:57+00:00,sapmachine-20.0.1,99976902,False,sapmachine-jre-20.0.1_linux-aarch64_bin.tar.gz,linux,aarch64,jre,3555
2026-10-07T02:56:57+00:00,sapmachine-20.0.1,99976902,False,sapmachine-jdk-20.0.1_linux-aarch64_bin-symbols.tar.gz,linux,aarch64,jdk,10
2026-10-07T02:56:57+00:00,sapmachine-20.0.1,99976902,False,sapmachine-jdk-20.0.1-1.x86_64.rpm,linux,x64,jdk,3647
2026-10-07T02:56:57+00:00,sapmachine-20.0.1,99976902,False,sapmachine-jdk-20.0.1_macos-aarch64_bin.tar.gz,macos,aarch64,jdk,4516
2026-10-07T02:56:57+00:00,sapmachine-20.0.1,99976902,False,sapmachine-jdk-20.0.1_macos-aarch64_bin.dmg,macos,aarch64,jdk,4360
2026-10-07T02:56:57+00:00,sapmachine-20.0.1,99976902,False,sapmachine-jre-20.0.1_macos-aarch64_bin.tar.gz,macos,aarch64,jre,3624
2026-10-07T02:56:57+00:00,sapmachine-20.0.1,99976902,False,sapmachine-jre-20.0.1_macos-aarch64_bin.dmg,macos,aarch64,jre,3537
2026-10-07T02:56:57+00:00,sapmachine-20.0.1,99976902,False,sapmachine-jdk-20.0.1_macos-aarch64_bin-symbols.tar.gz,macos,aarch64,jdk,10
2026-10-07T02:56:57+00:00,sapmachine-20.0.1,99976902,False,sapmachine-jdk-20.0.1_macos-x64_bin.tar.gz,macos,x64,jdk,4674
2026-10-07T02:56:57+00:00,sapmachine-20.0.1,99976902,False,sapmachine-jdk-20.0.1_macos-x64_bin.dmg,macos,x64,jdk,5237
2026-10-07T02:56:57+00:00,sapmachine-20.0.1,99976902,False,sapmachine-jdk-20.0.1_linux-ppc64le_bin.tar.gz,linux,ppc64,jdk,3671
2026-10-07T02:56:57+00:00,sapmachine-20.0.1,99976902,False,sapmachine-jre-20.0.1_linux-ppc64le_bin.tar.gz,linux,ppc64,jre,3593
2026-10-07T02:56:57+00:00,sapmachine-20.0.1,99976902,False,sapmachine-jre-20.0.1_macos-x64_bin.tar.gz,macos,x64,jre,3682
2026-10-07T02:56:57+00:00,sapmachine-20.0.1,99976902,False,sapmachine-jdk-20.0.1_linux-ppc64le_bin-symbols.tar.gz,linux,ppc64,jdk,10
2026-10-07T02:56:57+00:00,sapmachine-20.0.1,99976902,False,sapmachine-jre-20.0.1_macos-x64_bin.dmg,macos,x64,jre,3652
2026-10-07T02:56:57+00:00,sapmachine-20.0.1,99976902,False,sapmachine-jdk-20.0.1_macos-x64_bin-symbols.tar.gz,macos,x64,jdk,8
2026-10-07T02:56:57+00:00,sapmachine-20.0.1,99976902,False,sapmachine-jdk-20.0.1_windows-x64_bin.zip,windows,x64,jdk,5432
2026-10-07T02:56:57+00:00,sapmachine-20.0.1,99976902,False,sapmachine-jre-20.0.1_windows-x64_bin.zip,windows,x64,jre,3843
2026-10-07T02:56:57+00:00,sapmachine-20.0.1,99976902,False,sapmachine-jdk-20.0.1_windows-x64_bin-symbols.tar.gz,windows,x64,jdk,6
2026-10-07T02:56:57+00:00,sapmachine-20.0.1,99976902,False,sapmachine-jdk-20.0.1_windows-x64_bin.msi,windows,x64,jdk,6720
2026-10-07T02:56:57+00:00,sapmachine-20.0.1,99976902,False,sapmachine-jre-20.0.1_windows-x64_bin.msi,windows,x64,jre,4302
2026-10-07T02:56:57+00:00,sapmachine-20,95999882,False,sapmachine-jdk-20_linux-x64-musl_bin.tar.gz,alpine,x64,jdk,3666
2026-10-07T02:56:57+00:00,sapmachine-20,95999882,False,sapmachine-jre-20_linux-x64-musl_bin.tar.gz,alpine,x64,jre,3618
2026-10-07T02:56:57+00:00,sapmachine-20,95999882,False,sapmachine-jdk-20_linux-x64-musl_bin-symbols.tar.gz,alpine,x64,jdk,7
2026-10-07T02:56:57+00:00,sapmachine-20,95999882,False,sapmachine-jdk-20_linux-x64_bin.tar.gz,linux,x64,jdk,4771
2026-10-07T02:56:57+00:00,sapmachine-20,95999882,False,sapmachine-jre-20_linux-x64_bin.tar.gz,linux,x64,jre,4967
2026-10-07T02:56:57+00:00,sapmachine-20,95999882,False,sapmachine-jdk-20_linux-x64_bin-symbols.tar.gz,linux,x64,jdk,7
2026-10-07T02:56:57+00:00,sapmachine-20,95999882,False,sapmachine-jdk-20-1.x86_64.rpm,linux,x64,jdk,3635
2026-10-07T02:56:57+00:00,sapmachine-20,95999882,False,sapmachine-jdk-20_linux-aarch64_bin.tar.gz,linux,aarch64,jdk,3743
2026-10-07T02:56:57+00:00,sapmachine-20,95999882,False,sapmachine-jre-20_linux-aarch64_bin.tar.gz,linux,aarch64,jre,3620
2026-10-07T02:56:57+00:00,sapmachine-20,95999882,False,sapmachine-jdk-20_linux-aarch64_bin-symbols.tar.gz,linux,aarch64,jdk,10
2026-10-07T02:56:57+00:00,sapmachine-20,95999882,False,sapmachine-jdk-20_linux-ppc64le_bin.tar.gz,linux,ppc64,jdk,3645
2026-10-07T02:56:57+00:00,sapmachine-20,95999882,False,sapmachine-jre-20_linux-ppc64le_bin.tar.gz,linux,ppc64,jre,3599
2026-10-07T02:56:57+00:00,sapmachine-20,95999882,False,sapmachine-jdk-20_linux-ppc64le_bin-symbols.tar.gz,linux,ppc64,jdk,8
2026-10-07T02:56:57+00:00,sapmachine-20,95999882,False,sapmachine-jdk-20_windows-x64_bin.zip,windows,x64,jdk,4751
2026-10-07T02:56:57+00:00,sapmachine-20,95999882,False,sapmachine-jre-20_windows-x64_bin.zip,windows,x64,jre,3721
2026-10-07T02:56:57+00:00,sapmachine-20,95999882,False,sapmachine-jdk-20_windows-x64_bin-symbols.tar.gz,windows,x64,jdk,5
2026-10-07T02:56:57+00:00,sapmachine-20,95999882,False,sapmachine-jdk-20_macos-x64_bin.tar.gz,macos,x64,jdk,4027
2026-10-07T02:56:57+00:00,sapmachine-20,95999882,False,sapmachine-jre-20_macos-x64_bin.tar.gz,macos,x64,jre,3688
2026-10-07T02:56:57+00:00,sapmachine-20,95999882,False,sapmachine-jdk-20_macos-x64_bin-symbols.tar.gz,macos,x64,jdk,30
2026-10-07T02:56:57+00:00,sapmachine-20,95999882,False,sapmachine-jdk-20_macos-x64_bin.dmg,macos,x64,jdk,4164
2026-10-07T02:56:57+00:00,sapmachine-20,95999882,False,sapmachine-jre-20_macos-x64_bin.dmg,macos,x64,jre,3551
2026-10-07T02:56:57+00:00,sapmachine-20,95999882,False,sapmachine-jdk-20_macos-aarch64_bin.tar.gz,macos,aarch64,jdk,4088
2026-10-07T02:56:57+00:00,sapmachine-20,95999882,False,sapmachine-jre-20_macos-aarch64_bin.tar.gz,macos,aarch64,jre,3637
2026-10-07T02:56:57+00:00,sapmachine-20,95999882,False,sapmachine-jdk-20_macos-aarch64_bin-symbols.tar.gz,macos,aarch64,jdk,29
2026-10-07T02:56:57+00:00,sapmachine-20,95999882,False,sapmachine-jdk-20_macos-aarch64_bin.dmg,macos,aarch64,jdk,3817
2026-10-07T02:56:57+00:00,sapmachine-20,95999882,False,sapmachine-jre-20_macos-aarch64_bin.dmg,macos,aarch64,jre,3531
2026-10-07T02:56:57+00:00,sapmachine-20,95999882,False,sapmachine-jdk-20_windows-x64_bin.msi,windows,x64,jdk,4302
2026-10-07T02:56:57+00:00,sapmachine-20,95999882,False,sapmachine-jre-20_windows-x64_bin.msi,windows,x64,jre,3817
2026-10-07T02:56:57+00:00,sapmachine-19.0.2,89316748,False,sapmachine-jdk-19.0.2_linux-x64_bin.tar.gz,linux,x64,jdk,5127
2026-10-07T02:56:57+00:00,sapmachine-19.0.2,89316748,False,sapmachine-jre-19.0.2_linux-x64_bin.tar.gz,linux,x64,jre,5107
2026-10-07T02:56:57+00:00,sapmachine-19.0.2,89316748,False,sapmachine-jdk-19.0.2_linux-x64_bin-symbols.tar.gz,linux,x64,jdk,8
2026-10-07T02:56:57+00:00,sapmachine-19.0.2,89316748,False,sapmachine-jdk-19.0.2-beta_linux-x64-musl_bin.tar.gz,alpine,x64,jdk,3292
2026-10-07T02:56:57+00:00,sapmachine-19.0.2,89316748,False,sapmachine-jre-19.0.2-beta_linux-x64-musl_bin.tar.gz,alpine,x64,jre,3288
2026-10-07T02:56:57+00:00,sapmachine-19.0.2,89316748,False,sapmachine-jdk-19.0.2-beta_linux-x64-musl_bin-symbols.tar.gz,alpine,x64,jdk,8
2026-10-07T02:56:57+00:00,sapmachine-19.0.2,89316748,False,sapmachine-jdk-19.0.2-1.x86_64.rpm,linux,x64,jdk,4821
2026-10-07T02:56:57+00:00,sapmachine-19.0.2,89316748,False,sapmachine-jdk-19.0.2_linux-aarch64_bin.tar.gz,linux,aarch64,jdk,3924
2026-10-07T02:56:57+00:00,sapmachine-19.0.2,89316748,False,sapmachine-jre-19.0.2_linux-aarch64_bin.tar.gz,linux,aarch64,jre,3737
2026-10-07T02:56:57+00:00,sapmachine-19.0.2,89316748,False,sapmachine-jdk-19.0.2_linux-aarch64_bin-symbols.tar.gz,linux,aarch64,jdk,7
2026-10-07T02:56:57+00:00,sapmachine-19.0.2,89316748,False,sapmachine-jdk-19.0.2_windows-x64_bin.zip,windows,x64,jdk,5203
2026-10-07T02:56:57+00:00,sapmachine-19.0.2,89316748,False,sapmachine-jre-19.0.2_windows-x64_bin.zip,windows,x64,jre,3890
2026-10-07T02:56:57+00:00,sapmachine-19.0.2,89316748,False,sapmachine-jdk-19.0.2_windows-x64_bin-symbols.tar.gz,windows,x64,jdk,6
2026-10-07T02:56:57+00:00,sapmachine-19.0.2,89316748,False,sapmachine-jdk-19.0.2_windows-x64_bin.msi,windows,x64,jdk,6396
2026-10-07T02:56:57+00:00,sapmachine-19.0.2,89316748,False,sapmachine-jre-19.0.2_windows-x64_bin.msi,windows,x64,jre,4166
2026-10-07T02:56:57+00:00,sapmachine-19.0.2,89316748,False,sapmachine-jdk-19.0.2_linux-ppc64le_bin.tar.gz,linux,ppc64,jdk,3748
2026-10-07T02:56:57+00:00,sapmachine-19.0.2,89316748,False,sapmachine-jre-19.0.2_linux-ppc64le_bin.tar.gz,linux,ppc64,jre,3743
2026-10-07T02:56:57+00:00,sapmachine-19.0.2,89316748,False,sapmachine-jdk-19.0.2_linux-ppc64le_bin-symbols.tar.gz,linux,ppc64,jdk,7
2026-10-07T02:56:57+00:00,sapmachine-19.0.2,89316748,False,sapmachine-jdk-19.0.2_macos-x64_bin.tar.gz,macos,x64,jdk,4547
2026-10-07T02:56:57+00:00,sapmachine-19.0.2,89316748,False,sapmachine-jre-19.0.2_macos-x64_bin.tar.gz,macos,x64,jre,3732
2026-10-07T02:56:57+00:00,sapmachine-19.0.2,89316748,False,sapmachine-jdk-19.0.2_macos-x64_bin-symbols.tar.gz,macos,x64,jdk,3
2026-10-07T02:56:57+00:00,sapmachine-19.0.2,89316748,False,sapmachine-jdk-19.0.2_macos-x64_bin.dmg,macos,x64,jdk,5090
2026-10-07T02:56:57+00:00,sapmachine-19.0.2,89316748,False,sapmachine-jre-19.0.2_macos-x64_bin.dmg,macos,x64,jre,3643
2026-10-07T02:56:57+00:00,sapmachine-19.0.2,89316748,False,sapmachine-jdk-19.0.2_macos-aarch64_bin.tar.gz,macos,aarch64,jdk,4586
2026-10-07T02:56:57+00:00,sapmachine-19.0.2,89316748,False,sapmachine-jre-19.0.2_macos-aarch64_bin.tar.gz,macos,aarch64,jre,3722
2026-10-07T02:56:57+00:00,sapmachine-19.0.2,89316748,False,sapmachine-jdk-19.0.2_macos-aarch64_bin-symbols.tar.gz,macos,aarch64,jdk,6
2026-10-07T02:56:57+00:00,sapmachine-19.0.2,89316748,False,sapmachine-jdk-19.0.2_macos-aarch64_bin.dmg,macos,aarch64,jdk,4366
2026-10-07T02:56:57+00:00,sapmachine-19.0.2,89316748,False,sapmachine-jre-19.0.2_macos-aarch64_bin.dmg,macos,aarch64,jre,3729
2026-10-07T02:56:57+00:00,sapmachine-17.0.6,89420725,False,sapmachine-jdk-17.0.6_linux-x64_bin.tar.gz,linux,x64,jdk,705072
2026-10-07T02:56:57+00:00,sapmachine-17.0.6,89420725,False,sapmachine-jre-17.0.6_linux-x64_bin.tar.gz,linux,x64,jre,38993
2026-10-07T02:56:57+00:00,sapmachine-17.0.6,89420725,False,sapmachine-jdk-17.0.6_linux-x64_bin-symbols.tar.gz,linux,x64,jdk,2
2026-10-07T02:56:57+00:00,sapmachine-17.0.6,89420725,False,sapmachine-jdk-17.0.6-beta_linux-x64-musl_bin.tar.gz,alpine,x64,jdk,3298
2026-10-07T02:56:57+00:00,sapmachine-17.0.6,89420725,False,sapmachine-jre-17.0.6-beta_linux-x64-musl_bin.tar.gz,alpine,x64,jre,3275
2026-10-07T02:56:57+00:00,sapmachine-17.0.6,89420725,False,sapmachine-jdk-17.0.6-beta_linux-x64-musl_bin-symbols.tar.gz,alpine,x64,jdk,5
2026-10-07T02:56:57+00:00,sapmachine-17.0.6,89420725,False,sapmachine-jdk-17.0.6_linux-aarch64_bin.tar.gz,linux,aarch64,jdk,4229
2026-10-07T02:56:57+00:00,sapmachine-17.0.6,89420725,False,sapmachine-jre-17.0.6_linux-aarch64_bin.tar.gz,linux,aarch64,jre,3814
2026-10-07T02:56:57+00:00,sapmachine-17.0.6,89420725,False,sapmachine-jdk-17.0.6_linux-aarch64_bin-symbols.tar.gz,linux,aarch64,jdk,1
2026-10-07T02:56:57+00:00,sapmachine-17.0.6,89420725,False,sapmachine-jdk-17.0.6-1.x86_64.rpm,linux,x64,jdk,4489
2026-10-07T02:56:57+00:00,sapmachine-17.0.6,89420725,False,sapmachine-jdk-17.0.6_windows-x64_bin.zip,windows,x64,jdk,6150
2026-10-07T02:56:57+00:00,sapmachine-17.0.6,89420725,False,sapmachine-jre-17.0.6_windows-x64_bin.zip,windows,x64,jre,3965
2026-10-07T02:56:57+00:00,sapmachine-17.0.6,89420725,False,sapmachine-jdk-17.0.6_windows-x64_bin-symbols.tar.gz,windows,x64,jdk,3
2026-10-07T02:56:57+00:00,sapmachine-17.0.6,89420725,False,sapmachine-jdk-17.0.6_windows-x64_bin.msi,windows,x64,jdk,6671
2026-10-07T02:56:57+00:00,sapmachine-17.0.6,89420725,False,sapmachine-jre-17.0.6_windows-x64_bin.msi,windows,x64,jre,4425
2026-10-07T02:56:57+00:00,sapmachine-17.0.6,89420725,False,sapmachine-jdk-17.0.6_linux-ppc64le_bin.tar.gz,linux,ppc64,jdk,3801
2026-10-07T02:56:57+00:00,sapmachine-17.0.6,89420725,False,sapmachine-jre-17.0.6_linux-ppc64le_bin.tar.gz,linux,ppc64,jre,3647
2026-10-07T02:56:57+00:00,sapmachine-17.0.6,89420725,False,sapmachine-jdk-17.0.6_linux-ppc64le_bin-symbols.tar.gz,linux,ppc64,jdk,1
2026-10-07T02:56:57+00:00,sapmachine-17.0.6,89420725,False,sapmachine-jdk-17.0.6_macos-x64_bin.tar.gz,macos,x64,jdk,5554
2026-10-07T02:56:57+00:00,sapmachine-17.0.6,89420725,False,sapmachine-jre-17.0.6_macos-x64_bin.tar.gz,macos,x64,jre,3820
2026-10-07T02:56:57+00:00,sapmachine-17.0.6,89420725,False,sapmachine-jdk-17.0.6_macos-x64_bin-symbols.tar.gz,macos,x64,jdk,15
2026-10-07T02:56:57+00:00,sapmachine-17.0.6,89420725,False,sapmachine-jdk-17.0.6_macos-x64_bin.dmg,macos,x64,jdk,9875
2026-10-07T02:56:57+00:00,sapmachine-17.0.6,89420725,False,sapmachine-jre-17.0.6_macos-x64_bin.dmg,macos,x64,jre,3860
2026-10-07T02:56:57+00:00,sapmachine-17.0.6,89420725,False,sapmachine-jdk-17.0.6_macos-aarch64_bin.tar.gz,macos,aarch64,jdk,5476
2026-10-07T02:56:57+00:00,sapmachine-17.0.6,89420725,False,sapmachine-jre-17.0.6_macos-aarch64_bin.tar.gz,macos,aarch64,jre,3794
2026-10-07T02:56:57+00:00,sapmachine-17.0.6,89420725,False,sapmachine-jdk-17.0.6_macos-aarch64_bin-symbols.tar.gz,macos,aarch64,jdk,37
2026-10-07T02:56:57+00:00,sapmachine-17.0.6,89420725,False,sapmachine-jdk-17.0.6_macos-aarch64_bin.dmg,macos,aarch64,jdk,9275
2026-10-07T02:56:57+00:00,sapmachine-17.0.6,89420725,False,sapmachine-jre-17.0.6_macos-aarch64_bin.dmg,macos,aarch64,jre,3743
2026-10-07T02:56:57+00:00,sapmachine-11.0.18,89317781,False,sapmachine-jdk-11.0.18_linux-x64_bin.tar.gz,linux,x64,jdk,90553
2026-10-07T02:56:57+00:00,sapmachine-11.0.18,89317781,False,sapmachine-jre-11.0.18_linux-x64_bin.tar.gz,linux,x64,jre,35847
2026-10-07T02:56:57+00:00,sapmachine-11.0.18,89317781,False,sapmachine-jdk-11.0.18_linux-x64_bin-symbols.tar.gz,linux,x64,jdk,38
2026-10-07T02:56:57+00:00,sapmachine-11.0.18,89317781,False,sapmachine-jdk-11.0.18_linux-aarch64_bin.tar.gz,linux,aarch64,jdk,3891
2026-10-07T02:56:57+00:00,sapmachine-11.0.18,89317781,False,sapmachine-jre-11.0.18_linux-aarch64_bin.tar.gz,linux,aarch64,jre,3684
2026-10-07T02:56:57+00:00,sapmachine-11.0.18,89317781,False,sapmachine-jdk-11.0.18_linux-aarch64_bin-symbols.tar.gz,linux,aarch64,jdk,3
2026-10-07T02:56:57+00:00,sapmachine-11.0.18,89317781,False,sapmachine-jdk-11.0.18-1.x86_64.rpm,linux,x64,jdk,3895
2026-10-07T02:56:57+00:00,sapmachine-11.0.18,89317781,False,sapmachine-jdk-11.0.18_windows-x64_bin.zip,windows,x64,jdk,5745
2026-10-07T02:56:57+00:00,sapmachine-11.0.18,89317781,False,sapmachine-jre-11.0.18_windows-x64_bin.zip,windows,x64,jre,4071
2026-10-07T02:56:57+00:00,sapmachine-11.0.18,89317781,False,sapmachine-jdk-11.0.18_windows-x64_bin-symbols.tar.gz,windows,x64,jdk,4
2026-10-07T02:56:57+00:00,sapmachine-11.0.18,89317781,False,sapmachine-jdk-11.0.18_windows-x64_bin.msi,windows,x64,jdk,5527
2026-10-07T02:56:57+00:00,sapmachine-11.0.18,89317781,False,sapmachine-jre-11.0.18_windows-x64_bin.msi,windows,x64,jre,4167
2026-10-07T02:56:57+00:00,sapmachine-11.0.18,89317781,False,sapmachine-jdk-11.0.18_linux-ppc64le_bin.tar.gz,linux,ppc64,jdk,3702
2026-10-07T02:56:57+00:00,sapmachine-11.0.18,89317781,False,sapmachine-jre-11.0.18_linux-ppc64le_bin.tar.gz,linux,ppc64,jre,3750
2026-10-07T02:56:57+00:00,sapmachine-11.0.18,89317781,False,sapmachine-jdk-11.0.18_linux-ppc64le_bin-symbols.tar.gz,linux,ppc64,jdk,3
2026-10-07T02:56:57+00:00,sapmachine-11.0.18,89317781,False,sapmachine-jdk-11.0.18_macos-x64_bin.tar.gz,macos,x64,jdk,5147
2026-10-07T02:56:57+00:00,sapmachine-11.0.18,89317781,False,sapmachine-jre-11.0.18_macos-x64_bin.tar.gz,macos,x64,jre,3742
2026-10-07T02:56:57+00:00,sapmachine-11.0.18,89317781,False,sapmachine-jdk-11.0.18_macos-x64_bin-symbols.tar.gz,macos,x64,jdk,2
2026-10-07T02:56:57+00:00,sapmachine-11.0.18,89317781,False,sapmachine-jdk-11.0.18_macos-x64_bin.dmg,macos,x64,jdk,7007
2026-10-07T02:56:57+00:00,sapmachine-11.0.18,89317781,False,sapmachine-jre-11.0.18_macos-x64_bin.dmg,macos,x64,jre,3881
2026-10-07T02:56:57+00:00,sapmachine-11.0.18,89317781,False,sapmachine-jdk-11.0.18_macos-aarch64_bin.tar.gz,macos,aarch64,jdk,4836
2026-10-07T02:56:57+00:00,sapmachine-11.0.18,89317781,False,sapmachine-jre-11.0.18_macos-aarch64_bin.tar.gz,macos,aarch64,jre,3772
2026-10-07T02:56:57+00:00,sapmachine-11.0.18,89317781,False,sapmachine-jdk-11.0.18_macos-aarch64_bin-symbols.tar.gz,macos,aarch64,jdk,2
2026-10-07T02:56:57+00:00,sapmachine-11.0.18,89317781,False,sapmachine-jdk-11.0.18_macos-aarch64_bin.dmg,macos,aarch64,jdk,6683
2026-10-07T02:56:57+00:00,sapmachine-11.0.18,89317781,False,sapmachine-jre-11.0.18_macos-aarch64_bin.dmg,macos,aarch64,jre,3832
2026-10-07T02:56:57+00:00,sapmachine-19.0.1,80227193,False,sapmachine-jdk-19.0.1_linux-x64_bin.tar.gz,linux,x64,jdk,5018
2026-10-07T02:56:57+00:00,sapmachine-19.0.1,80227193,False,sapmachine-jre-19.0.1_linux-x64_bin.tar.gz,linux,x64,jre,5363
2026-10-07T02:56:57+00:00,sapmachine-19.0.1,80227193,False,sapmachine-jdk-19.0.1_linux-x64_bin-symbols.tar.gz,linux,x64,jdk,6
2026-10-07T02:56:57+00:00,sapmachine-19.0.1,80227193,False,sapmachine-jdk-19.0.1-beta_linux-x64-musl_bin.tar.gz,alpine,x64,jdk,3368
2026-10-07T02:56:57+00:00,sapmachine-19.0.1,80227193,False,sapmachine-jre-19.0.1-beta_linux-x64-musl_bin.tar.gz,alpine,x64,jre,3377
2026-10-07T02:56:57+00:00,sapmachine-19.0.1,80227193,False,sapmachine-jdk-19.0.1-beta_linux-x64-musl_bin-symbols.tar.gz,alpine,x64,jdk,6
2026-10-07T02:56:57+00:00,sapmachine-19.0.1,80227193,False,sapmachine-jdk-19.0.1_linux-aarch64_bin.tar.gz,linux,aarch64,jdk,4005
2026-10-07T02:56:57+00:00,sapmachine-19.0.1,80227193,False,sapmachine-jre-19.0.1_linux-aarch64_bin.tar.gz,linux,aarch64,jre,3837
2026-10-07T02:56:57+00:00,sapmachine-19.0.1,80227193,False,sapmachine-jdk-19.0.1_linux-aarch64_bin-symbols.tar.gz,linux,aarch64,jdk,5
2026-10-07T02:56:57+00:00,sapmachine-19.0.1,80227193,False,sapmachine-jdk-19.0.1_windows-x64_bin.zip,windows,x64,jdk,5231
2026-10-07T02:56:57+00:00,sapmachine-19.0.1,80227193,False,sapmachine-jre-19.0.1_windows-x64_bin.zip,windows,x64,jre,3998
2026-10-07T02:56:57+00:00,sapmachine-19.0.1,80227193,False,sapmachine-jdk-19.0.1_windows-x64_bin-symbols.tar.gz,windows,x64,jdk,3
2026-10-07T02:56:57+00:00,sapmachine-19.0.1,80227193,False,sapmachine-jdk-19.0.1_windows-x64_bin.msi,windows,x64,jdk,7861
2026-10-07T02:56:57+00:00,sapmachine-19.0.1,80227193,False,sapmachine-jre-19.0.1_windows-x64_bin.msi,windows,x64,jre,4492
2026-10-07T02:56:57+00:00,sapmachine-19.0.1,80227193,False,sapmachine-jdk-19.0.1_linux-ppc64le_bin.tar.gz,linux,ppc64,jdk,3883
2026-10-07T02:56:57+00:00,sapmachine-19.0.1,80227193,False,sapmachine-jre-19.0.1_linux-ppc64le_bin.tar.gz,linux,ppc64,jre,3789
2026-10-07T02:56:57+00:00,sapmachine-19.0.1,80227193,False,sapmachine-jdk-19.0.1_linux-ppc64le_bin-symbols.tar.gz,linux,ppc64,jdk,3
2026-10-07T02:56:57+00:00,sapmachine-19.0.1,80227193,False,sapmachine-jdk-19.0.1-1.x86_64.rpm,linux,x64,jdk,3811
2026-10-07T02:56:57+00:00,sapmachine-19.0.1,80227193,False,sapmachine-jdk-19.0.1_macos-x64_bin.tar.gz,macos,x64,jdk,4736
2026-10-07T02:56:57+00:00,sapmachine-19.0.1,80227193,False,sapmachine-jre-19.0.1_macos-x64_bin.tar.gz,macos,x64,jre,3872
2026-10-07T02:56:57+00:00,sapmachine-19.0.1,80227193,False,sapmachine-jdk-19.0.1_macos-x64_bin-symbols.tar.gz,macos,x64,jdk,4
2026-10-07T02:56:57+00:00,sapmachine-19.0.1,80227193,False,sapmachine-jdk-19.0.1_macos-x64_bin.dmg,macos,x64,jdk,6677
2026-10-07T02:56:57+00:00,sapmachine-19.0.1,80227193,False,sapmachine-jre-19.0.1_macos-x64_bin.dmg,macos,x64,jre,3837
2026-10-07T02:56:57+00:00,sapmachine-19.0.1,80227193,False,sapmachine-jdk-19.0.1_macos-aarch64_bin.tar.gz,macos,aarch64,jdk,4797
2026-10-07T02:56:57+00:00,sapmachine-19.0.1,80227193,False,sapmachine-jre-19.0.1_macos-aarch64_bin.tar.gz,macos,aarch64,jre,3904
2026-10-07T02:56:57+00:00,sapmachine-19.0.1,80227193,False,sapmachine-jdk-19.0.1_macos-aarch64_bin-symbols.tar.gz,macos,aarch64,jdk,6
2026-10-07T02:56:57+00:00,sapmachine-19.0.1,80227193,False,sapmachine-jdk-19.0.1_macos-aarch64_bin.dmg,macos,aarch64,jdk,4817
2026-10-07T02:56:57+00:00,sapmachine-19.0.1,80227193,False,sapmachine-jre-19.0.1_macos-aarch64_bin.dmg,macos,aarch64,jre,3809
2026-10-07T02:56:57+00:00,sapmachine-17.0.5,80227273,False,sapmachine-jdk-17.0.5_linux-x64_bin.tar.gz,linux,x64,jdk,136288
2026-10-07T02:56:57+00:00,sapmachine-17.0.5,80227273,False,sapmachine-jre-17.0.5_linux-x64_bin.tar.gz,linux,x64,jre,144279
2026-10-07T02:56:57+00:00,sapmachine-17.0.5,80227273,False,sapmachine-jdk-17.0.5_linux-x64_bin-symbols.tar.gz,linux,x64,jdk,7
2026-10-07T02:56:57+00:00,sapmachine-17.0.5,80227273,False,sapmachine-jdk-17.0.5-beta_linux-x64-musl_bin.tar.gz,alpine,x64,jdk,3386
2026-10-07T02:56:57+00:00,sapmachine-17.0.5,80227273,False,sapmachine-jre-17.0.5-beta_linux-x64-musl_bin.tar.gz,alpine,x64,jre,3379
2026-10-07T02:56:57+00:00,sapmachine-17.0.5,80227273,False,sapmachine-jdk-17.0.5-beta_linux-x64-musl_bin-symbols.tar.gz,alpine,x64,jdk,5
2026-10-07T02:56:57+00:00,sapmachine-17.0.5,80227273,False,sapmachine-jdk-17.0.5_linux-aarch64_bin.tar.gz,linux,aarch64,jdk,7923
2026-10-07T02:56:57+00:00,sapmachine-17.0.5,80227273,False,sapmachine-jre-17.0.5_linux-aarch64_bin.tar.gz,linux,aarch64,jre,3819
2026-10-07T02:56:57+00:00,sapmachine-17.0.5,80227273,False,sapmachine-jdk-17.0.5_linux-aarch64_bin-symbols.tar.gz,linux,aarch64,jdk,5
2026-10-07T02:56:57+00:00,sapmachine-17.0.5,80227273,False,sapmachine-jdk-17.0.5_windows-x64_bin.zip,windows,x64,jdk,5624
2026-10-07T02:56:57+00:00,sapmachine-17.0.5,80227273,False,sapmachine-jre-17.0.5_windows-x64_bin.zip,windows,x64,jre,4100
2026-10-07T02:56:57+00:00,sapmachine-17.0.5,80227273,False,sapmachine-jdk-17.0.5_windows-x64_bin-symbols.tar.gz,windows,x64,jdk,4
2026-10-07T02:56:57+00:00,sapmachine-17.0.5,80227273,False,sapmachine-jdk-17.0.5_windows-x64_bin.msi,windows,x64,jdk,6381
2026-10-07T02:56:57+00:00,sapmachine-17.0.5,80227273,False,sapmachine-jre-17.0.5_windows-x64_bin.msi,windows,x64,jre,4270
2026-10-07T02:56:57+00:00,sapmachine-17.0.5,80227273,False,sapmachine-jdk-17.0.5_linux-ppc64le_bin.tar.gz,linux,ppc64,jdk,3943
2026-10-07T02:56:57+00:00,sapmachine-17.0.5,80227273,False,sapmachine-jre-17.0.5_linux-ppc64le_bin.tar.gz,linux,ppc64,jre,3766
2026-10-07T02:56:57+00:00,sapmachine-17.0.5,80227273,False,sapmachine-jdk-17.0.5_linux-ppc64le_bin-symbols.tar.gz,linux,ppc64,jdk,4
2026-10-07T02:56:57+00:00,sapmachine-17.0.5,80227273,False,sapmachine-jdk-17.0.5-1.x86_64.rpm,linux,x64,jdk,9042
2026-10-07T02:56:57+00:00,sapmachine-17.0.5,80227273,False,sapmachine-jdk-17.0.5_macos-x64_bin.tar.gz,macos,x64,jdk,5269
2026-10-07T02:56:57+00:00,sapmachine-17.0.5,80227273,False,sapmachine-jre-17.0.5_macos-x64_bin.tar.gz,macos,x64,jre,3847
2026-10-07T02:56:57+00:00,sapmachine-17.0.5,80227273,False,sapmachine-jdk-17.0.5_macos-x64_bin-symbols.tar.gz,macos,x64,jdk,3
2026-10-07T02:56:57+00:00,sapmachine-17.0.5,80227273,False,sapmachine-jdk-17.0.5_macos-x64_bin.dmg,macos,x64,jdk,8905
2026-10-07T02:56:57+00:00,sapmachine-17.0.5,80227273,False,sapmachine-jre-17.0.5_macos-x64_bin.dmg,macos,x64,jre,3796
2026-10-07T02:56:57+00:00,sapmachine-17.0.5,80227273,False,sapmachine-jdk-17.0.5_macos-aarch64_bin.tar.gz,macos,aarch64,jdk,5146
2026-10-07T02:56:57+00:00,sapmachine-17.0.5,80227273,False,sapmachine-jre-17.0.5_macos-aarch64_bin.tar.gz,macos,aarch64,jre,3863
2026-10-07T02:56:57+00:00,sapmachine-17.0.5,80227273,False,sapmachine-jdk-17.0.5_macos-aarch64_bin-symbols.tar.gz,macos,aarch64,jdk,2
2026-10-07T02:56:57+00:00,sapmachine-17.0.5,80227273,False,sapmachine-jdk-17.0.5_macos-aarch64_bin.dmg,macos,aarch64,jdk,8329
2026-10-07T02:56:57+00:00,sapmachine-17.0.5,80227273,False,sapmachine-jre-17.0.5_macos-aarch64_bin.dmg,macos,aarch64,jre,3776
2026-10-07T02:56:57+00:00,sapmachine-11.0.17,80228007,False,sapmachine-jdk-11.0.17_linux-x64_bin.tar.gz,linux,x64,jdk,98953
2026-10-07T02:56:57+00:00,sapmachine-11.0.17,80228007,False,sapmachine-jre-11.0.17_linux-x64_bin.tar.gz,linux,x64,jre,39517
2026-10-07T02:56:57+00:00,sapmachine-11.0.17,80228007,False,sapmachine-jdk-11.0.17_linux-x64_bin-symbols.tar.gz,linux,x64,jdk,1
2026-10-07T02:56:57+00:00,sapmachine-11.0.17,80228007,False,sapmachine-jdk-11.0.17_linux-aarch64_bin.tar.gz,linux,aarch64,jdk,4359
2026-10-07T02:56:57+00:00,sapmachine-11.0.17,80228007,False,sapmachine-jre-11.0.17_linux-aarch64_bin.tar.gz,linux,aarch64,jre,3820
2026-10-07T02:56:57+00:00,sapmachine-11.0.17,80228007,False,sapmachine-jdk-11.0.17_linux-aarch64_bin-symbols.tar.gz,linux,aarch64,jdk,3
2026-10-07T02:56:57+00:00,sapmachine-11.0.17,80228007,False,sapmachine-jdk-11.0.17_windows-x64_bin.zip,windows,x64,jdk,5478
2026-10-07T02:56:57+00:00,sapmachine-11.0.17,80228007,False,sapmachine-jre-11.0.17_windows-x64_bin.zip,windows,x64,jre,4095
2026-10-07T02:56:57+00:00,sapmachine-11.0.17,80228007,False,sapmachine-jdk-11.0.17_windows-x64_bin-symbols.tar.gz,windows,x64,jdk,1
2026-10-07T02:56:57+00:00,sapmachine-11.0.17,80228007,False,sapmachine-jdk-11.0.17_windows-x64_bin.msi,windows,x64,jdk,5592
2026-10-07T02:56:57+00:00,sapmachine-11.0.17,80228007,False,sapmachine-jre-11.0.17_windows-x64_bin.msi,windows,x64,jre,4251
2026-10-07T02:56:57+00:00,sapmachine-11.0.17,80228007,False,sapmachine-jdk-11.0.17_linux-ppc64le_bin.tar.gz,linux,ppc64,jdk,3926
2026-10-07T02:56:57+00:00,sapmachine-11.0.17,80228007,False,sapmachine-jre-11.0.17_linux-ppc64le_bin.tar.gz,linux,ppc64,jre,3768
2026-10-07T02:56:57+00:00,sapmachine-11.0.17,80228007,False,sapmachine-jdk-11.0.17_linux-ppc64le_bin-symbols.tar.gz,linux,ppc64,jdk,1
2026-10-07T02:56:57+00:00,sapmachine-11.0.17,80228007,False,sapmachine-jdk-11.0.17-1.x86_64.rpm,linux,x64,jdk,4480
2026-10-07T02:56:57+00:00,sapmachine-11.0.17,80228007,False,sapmachine-jdk-11.0.17_macos-x64_bin.tar.gz,macos,x64,jdk,5045
2026-10-07T02:56:57+00:00,sapmachine-11.0.17,80228007,False,sapmachine-jre-11.0.17_macos-x64_bin.tar.gz,macos,x64,jre,3847
2026-10-07T02:56:57+00:00,sapmachine-11.0.17,80228007,False,sapmachine-jdk-11.0.17_macos-x64_bin-symbols.tar.gz,macos,x64,jdk,3
2026-10-07T02:56:57+00:00,sapmachine-11.0.17,80228007,False,sapmachine-jdk-11.0.17_macos-x64_bin.dmg,macos,x64,jdk,7001
2026-10-07T02:56:57+00:00,sapmachine-11.0.17,80228007,False,sapmachine-jre-11.0.17_macos-x64_bin.dmg,macos,x64,jre,3824
2026-10-07T02:56:57+00:00,sapmachine-11.0.17,80228007,False,sapmachine-jdk-11.0.17_macos-aarch64_bin.tar.gz,macos,aarch64,jdk,4858
2026-10-07T02:56:57+00:00,sapmachine-11.0.17,80228007,False,sapmachine-jre-11.0.17_macos-aarch64_bin.tar.gz,macos,aarch64,jre,3884
2026-10-07T02:56:57+00:00,sapmachine-11.0.17,80228007,False,sapmachine-jdk-11.0.17_macos-aarch64_bin-symbols.tar.gz,macos,aarch64,jdk,4
2026-10-07T02:56:57+00:00,sapmachine-11.0.17,80228007,False,sapmachine-jdk-11.0.17_macos-aarch64_bin.dmg,macos,aarch64,jdk,6499
2026-10-07T02:56:57+00:00,sapmachine-11.0.17,80228007,False,sapmachine-jre-11.0.17_macos-aarch64_bin.dmg,macos,aarch64,jre,3757
2026-10-07T02:56:57+00:00,sapmachine-19,77507122,False,sapmachine-jdk-19_linux-x64_bin.tar.gz,linux,x64,jdk,4563
2026-10-07T02:56:57+00:00,sapmachine-19,77507122,False,sapmachine-jre-19_linux-x64_bin.tar.gz,linux,x64,jre,5289
2026-10-07T02:56:57+00:00,sapmachine-19,77507122,False,sapmachine-jdk-19_linux-x64_bin-symbols.tar.gz,linux,x64,jdk,9
2026-10-07T02:56:57+00:00,sapmachine-19,77507122,False,sapmachine-jdk-19-beta_linux-x64-musl_bin.tar.gz,alpine,x64,jdk,3561
2026-10-07T02:56:57+00:00,sapmachine-19,77507122,False,sapmachine-jre-19-beta_linux-x64-musl_bin.tar.gz,alpine,x64,jre,3401
2026-10-07T02:56:57+00:00,sapmachine-19,77507122,False,sapmachine-jdk-19-beta_linux-x64-musl_bin-symbols.tar.gz,alpine,x64,jdk,8
2026-10-07T02:56:57+00:00,sapmachine-19,77507122,False,sapmachine-jdk-19_linux-aarch64_bin.tar.gz,linux,aarch64,jdk,4027
2026-10-07T02:56:57+00:00,sapmachine-19,77507122,False,sapmachine-jre-19_linux-aarch64_bin.tar.gz,linux,aarch64,jre,3860
2026-10-07T02:56:57+00:00,sapmachine-19,77507122,False,sapmachine-jdk-19_linux-aarch64_bin-symbols.tar.gz,linux,aarch64,jdk,9
2026-10-07T02:56:57+00:00,sapmachine-19,77507122,False,sapmachine-jdk-19-1.x86_64.rpm,linux,x64,jdk,3802
2026-10-07T02:56:57+00:00,sapmachine-19,77507122,False,sapmachine-jdk-19_windows-x64_bin.zip,windows,x64,jdk,4655
2026-10-07T02:56:57+00:00,sapmachine-19,77507122,False,sapmachine-jre-19_windows-x64_bin.zip,windows,x64,jre,3925
2026-10-07T02:56:57+00:00,sapmachine-19,77507122,False,sapmachine-jdk-19_windows-x64_bin-symbols.tar.gz,windows,x64,jdk,8
2026-10-07T02:56:57+00:00,sapmachine-19,77507122,False,sapmachine-jdk-19_windows-x64_bin.msi,windows,x64,jdk,5507
2026-10-07T02:56:57+00:00,sapmachine-19,77507122,False,sapmachine-jre-19_windows-x64_bin.msi,windows,x64,jre,4150
2026-10-07T02:56:57+00:00,sapmachine-19,77507122,False,sapmachine-jdk-19_linux-ppc64le_bin.tar.gz,linux,ppc64,jdk,3841
2026-10-07T02:56:57+00:00,sapmachine-19,77507122,False,sapmachine-jre-19_linux-ppc64le_bin.tar.gz,linux,ppc64,jre,3841
2026-10-07T02:56:57+00:00,sapmachine-19,77507122,False,sapmachine-jdk-19_linux-ppc64le_bin-symbols.tar.gz,linux,ppc64,jdk,8
2026-10-07T02:56:57+00:00,sapmachine-19,77507122,False,sapmachine-jdk-19_macos-x64_bin.tar.gz,macos,x64,jdk,4437
2026-10-07T02:56:57+00:00,sapmachine-19,77507122,False,sapmachine-jre-19_macos-x64_bin.tar.gz,macos,x64,jre,3854
2026-10-07T02:56:57+00:00,sapmachine-19,77507122,False,sapmachine-jdk-19_macos-x64_bin-symbols.tar.gz,macos,x64,jdk,3
2026-10-07T02:56:57+00:00,sapmachine-19,77507122,False,sapmachine-jdk-19_macos-x64_bin.dmg,macos,x64,jdk,4702
2026-10-07T02:56:57+00:00,sapmachine-19,77507122,False,sapmachine-jre-19_macos-x64_bin.dmg,macos,x64,jre,3777
2026-10-07T02:56:57+00:00,sapmachine-19,77507122,False,sapmachine-jdk-19_macos-aarch64_bin.tar.gz,macos,aarch64,jdk,4445
2026-10-07T02:56:57+00:00,sapmachine-19,77507122,False,sapmachine-jre-19_macos-aarch64_bin.tar.gz,macos,aarch64,jre,3890
2026-10-07T02:56:57+00:00,sapmachine-19,77507122,False,sapmachine-jdk-19_macos-aarch64_bin-symbols.tar.gz,macos,aarch64,jdk,4
2026-10-07T02:56:57+00:00,sapmachine-19,77507122,False,sapmachine-jdk-19_macos-aarch64_bin.dmg,macos,aarch64,jdk,4160
2026-10-07T02:56:57+00:00,sapmachine-19,77507122,False,sapmachine-jre-19_macos-aarch64_bin.dmg,macos,aarch64,jre,3812
2026-10-07T02:56:57+00:00,sapmachine-18.0.2.1,75143311,False,sapmachine-jdk-18.0.2.1_linux-x64_bin.tar.gz,linux,x64,jdk,13069
2026-10-07T02:56:57+00:00,sapmachine-18.0.2.1,75143311,False,sapmachine-jre-18.0.2.1_linux-x64_bin.tar.gz,linux,x64,jre,5515
2026-10-07T02:56:57+00:00,sapmachine-18.0.2.1,75143311,False,sapmachine-jdk-18.0.2.1_linux-x64_bin-symbols.tar.gz,linux,x64,jdk,5
2026-10-07T02:56:57+00:00,sapmachine-18.0.2.1,75143311,False,sapmachine-jdk-18.0.2.1-beta_linux-x64-musl_bin.tar.gz,alpine,x64,jdk,3428
2026-10-07T02:56:57+00:00,sapmachine-18.0.2.1,75143311,False,sapmachine-jre-18.0.2.1-beta_linux-x64-musl_bin.tar.gz,alpine,x64,jre,3432
2026-10-07T02:56:57+00:00,sapmachine-18.0.2.1,75143311,False,sapmachine-jdk-18.0.2.1-beta_linux-x64-musl_bin-symbols.tar.gz,alpine,x64,jdk,5
2026-10-07T02:56:57+00:00,sapmachine-18.0.2.1,75143311,False,sapmachine-jdk-18.0.2.1_linux-aarch64_bin.tar.gz,linux,aarch64,jdk,3996
2026-10-07T02:56:57+00:00,sapmachine-18.0.2.1,75143311,False,sapmachine-jre-18.0.2.1_linux-aarch64_bin.tar.gz,linux,aarch64,jre,3884
2026-10-07T02:56:57+00:00,sapmachine-18.0.2.1,75143311,False,sapmachine-jdk-18.0.2.1_linux-aarch64_bin-symbols.tar.gz,linux,aarch64,jdk,6
2026-10-07T02:56:57+00:00,sapmachine-18.0.2.1,75143311,False,sapmachine-jdk-18.0.2.1-1.x86_64.rpm,linux,x64,jdk,3863
2026-10-07T02:56:57+00:00,sapmachine-18.0.2.1,75143311,False,sapmachine-jdk-18.0.2.1_windows-x64_bin.zip,windows,x64,jdk,4698
2026-10-07T02:56:57+00:00,sapmachine-18.0.2.1,75143311,False,sapmachine-jre-18.0.2.1_windows-x64_bin.zip,windows,x64,jre,4002
2026-10-07T02:56:57+00:00,sapmachine-18.0.2.1,75143311,False,sapmachine-jdk-18.0.2.1_windows-x64_bin-symbols.tar.gz,windows,x64,jdk,3
2026-10-07T02:56:57+00:00,sapmachine-18.0.2.1,75143311,False,sapmachine-jdk-18.0.2.1_windows-x64_bin.msi,windows,x64,jdk,5027
2026-10-07T02:56:57+00:00,sapmachine-18.0.2.1,75143311,False,sapmachine-jre-18.0.2.1_windows-x64_bin.msi,windows,x64,jre,4181
2026-10-07T02:56:57+00:00,sapmachine-18.0.2.1,75143311,False,sapmachine-jdk-18.0.2.1_linux-ppc64le_bin.tar.gz,linux,ppc64,jdk,3824
2026-10-07T02:56:57+00:00,sapmachine-18.0.2.1,75143311,False,sapmachine-jre-18.0.2.1_linux-ppc64le_bin.tar.gz,linux,ppc64,jre,3934
2026-10-07T02:56:57+00:00,sapmachine-18.0.2.1,75143311,False,sapmachine-jdk-18.0.2.1_linux-ppc64le_bin-symbols.tar.gz,linux,ppc64,jdk,5
2026-10-07T02:56:57+00:00,sapmachine-18.0.2.1,75143311,False,sapmachine-jdk-18.0.2.1_macos-x64_bin.tar.gz,macos,x64,jdk,4444
2026-10-07T02:56:57+00:00,sapmachine-18.0.2.1,75143311,False,sapmachine-jre-18.0.2.1_macos-x64_bin.tar.gz,macos,x64,jre,3969
2026-10-07T02:56:57+00:00,sapmachine-18.0.2.1,75143311,False,sapmachine-jdk-18.0.2.1_macos-x64_bin-symbols.tar.gz,macos,x64,jdk,2
2026-10-07T02:56:57+00:00,sapmachine-18.0.2.1,75143311,False,sapmachine-jdk-18.0.2.1_macos-x64_bin.dmg,macos,x64,jdk,4427
2026-10-07T02:56:57+00:00,sapmachine-18.0.2.1,75143311,False,sapmachine-jre-18.0.2.1_macos-x64_bin.dmg,macos,x64,jre,3952
2026-10-07T02:56:57+00:00,sapmachine-18.0.2.1,75143311,False,sapmachine-jdk-18.0.2.1_macos-aarch64_bin.tar.gz,macos,aarch64,jdk,4382
2026-10-07T02:56:57+00:00,sapmachine-18.0.2.1,75143311,False,sapmachine-jre-18.0.2.1_macos-aarch64_bin.tar.gz,macos,aarch64,jre,3957
2026-10-07T02:56:57+00:00,sapmachine-18.0.2.1,75143311,False,sapmachine-jdk-18.0.2.1_macos-aarch64_bin-symbols.tar.gz,macos,aarch64,jdk,4
2026-10-07T02:56:57+00:00,sapmachine-18.0.2.1,75143311,False,sapmachine-jdk-18.0.2.1_macos-aarch64_bin.dmg,macos,aarch64,jdk,4023
2026-10-07T02:56:57+00:00,sapmachine-18.0.2.1,75143311,False,sapmachine-jre-18.0.2.1_macos-aarch64_bin.dmg,macos,aarch64,jre,3861
2026-10-07T02:56:57+00:00,sapmachine-17.0.4.1,75141647,False,sapmachine-jdk-17.0.4.1_linux-x64_bin.tar.gz,linux,x64,jdk,174823
2026-10-07T02:56:57+00:00,sapmachine-17.0.4.1,75141647,False,sapmachine-jre-17.0.4.1_linux-x64_bin.tar.gz,linux,x64,jre,39980
2026-10-07T02:56:57+00:00,sapmachine-17.0.4.1,75141647,False,sapmachine-jdk-17.0.4.1_linux-x64_bin-symbols.tar.gz,linux,x64,jdk,6
2026-10-07T02:56:57+00:00,sapmachine-17.0.4.1,75141647,False,sapmachine-jdk-17.0.4.1-beta_linux-x64-musl_bin.tar.gz,alpine,x64,jdk,3499
2026-10-07T02:56:57+00:00,sapmachine-17.0.4.1,75141647,False,sapmachine-jre-17.0.4.1-beta_linux-x64-musl_bin.tar.gz,alpine,x64,jre,3430
2026-10-07T02:56:57+00:00,sapmachine-17.0.4.1,75141647,False,sapmachine-jdk-17.0.4.1-beta_linux-x64-musl_bin-symbols.tar.gz,alpine,x64,jdk,4
2026-10-07T02:56:57+00:00,sapmachine-17.0.4.1,75141647,False,sapmachine-jdk-17.0.4.1_linux-aarch64_bin.tar.gz,linux,aarch64,jdk,4071
2026-10-07T02:56:57+00:00,sapmachine-17.0.4.1,75141647,False,sapmachine-jre-17.0.4.1_linux-aarch64_bin.tar.gz,linux,aarch64,jre,3932
2026-10-07T02:56:57+00:00,sapmachine-17.0.4.1,75141647,False,sapmachine-jdk-17.0.4.1_linux-aarch64_bin-symbols.tar.gz,linux,aarch64,jdk,4
2026-10-07T02:56:57+00:00,sapmachine-17.0.4.1,75141647,False,sapmachine-jdk-17.0.4.1-1.x86_64.rpm,linux,x64,jdk,3850
2026-10-07T02:56:57+00:00,sapmachine-17.0.4.1,75141647,False,sapmachine-jdk-17.0.4.1_windows-x64_bin.zip,windows,x64,jdk,5112
2026-10-07T02:56:57+00:00,sapmachine-17.0.4.1,75141647,False,sapmachine-jre-17.0.4.1_windows-x64_bin.zip,windows,x64,jre,3988
2026-10-07T02:56:57+00:00,sapmachine-17.0.4.1,75141647,False,sapmachine-jdk-17.0.4.1_windows-x64_bin-symbols.tar.gz,windows,x64,jdk,5
2026-10-07T02:56:57+00:00,sapmachine-17.0.4.1,75141647,False,sapmachine-jdk-17.0.4.1_windows-x64_bin.msi,windows,x64,jdk,4936
2026-10-07T02:56:57+00:00,sapmachine-17.0.4.1,75141647,False,sapmachine-jre-17.0.4.1_windows-x64_bin.msi,windows,x64,jre,4052
2026-10-07T02:56:57+00:00,sapmachine-17.0.4.1,75141647,False,sapmachine-jdk-17.0.4.1_linux-ppc64le_bin.tar.gz,linux,ppc64,jdk,3933
2026-10-07T02:56:57+00:00,sapmachine-17.0.4.1,75141647,False,sapmachine-jre-17.0.4.1_linux-ppc64le_bin.tar.gz,linux,ppc64,jre,3874
2026-10-07T02:56:57+00:00,sapmachine-17.0.4.1,75141647,False,sapmachine-jdk-17.0.4.1_linux-ppc64le_bin-symbols.tar.gz,linux,ppc64,jdk,5
2026-10-07T02:56:57+00:00,sapmachine-17.0.4.1,75141647,False,sapmachine-jdk-17.0.4.1_macos-x64_bin.tar.gz,macos,x64,jdk,4882
2026-10-07T02:56:57+00:00,sapmachine-17.0.4.1,75141647,False,sapmachine-jre-17.0.4.1_macos-x64_bin.tar.gz,macos,x64,jre,3956
2026-10-07T02:56:57+00:00,sapmachine-17.0.4.1,75141647,False,sapmachine-jdk-17.0.4.1_macos-x64_bin-symbols.tar.gz,macos,x64,jdk,2
2026-10-07T02:56:57+00:00,sapmachine-17.0.4.1,75141647,False,sapmachine-jdk-17.0.4.1_macos-x64_bin.dmg,macos,x64,jdk,7553
2026-10-07T02:56:57+00:00,sapmachine-17.0.4.1,75141647,False,sapmachine-jre-17.0.4.1_macos-x64_bin.dmg,macos,x64,jre,3844
2026-10-07T02:56:57+00:00,sapmachine-17.0.4.1,75141647,False,sapmachine-jdk-17.0.4.1_macos-aarch64_bin.tar.gz,macos,aarch64,jdk,4924
2026-10-07T02:56:57+00:00,sapmachine-17.0.4.1,75141647,False,sapmachine-jre-17.0.4.1_macos-aarch64_bin.tar.gz,macos,aarch64,jre,3948
2026-10-07T02:56:57+00:00,sapmachine-17.0.4.1,75141647,False,sapmachine-jdk-17.0.4.1_macos-aarch64_bin-symbols.tar.gz,macos,aarch64,jdk,2
2026-10-07T02:56:57+00:00,sapmachine-17.0.4.1,75141647,False,sapmachine-jdk-17.0.4.1_macos-aarch64_bin.dmg,macos,aarch64,jdk,7185
2026-10-07T02:56:57+00:00,sapmachine-17.0.4.1,75141647,False,sapmachine-jre-17.0.4.1_macos-aarch64_bin.dmg,macos,aarch64,jre,3888
2026-10-07T02:56:57+00:00,sapmachine-11.0.16.1,75103971,False,sapmachine-jdk-11.0.16.1_linux-x64_bin.tar.gz,linux,x64,jdk,46000
2026-10-07T02:56:57+00:00,sapmachine-11.0.16.1,75103971,False,sapmachine-jre-11.0.16.1_linux-x64_bin.tar.gz,linux,x64,jre,22818
2026-10-07T02:56:57+00:00,sapmachine-11.0.16.1,75103971,False,sapmachine-jdk-11.0.16.1_linux-x64_bin-symbols.tar.gz,linux,x64,jdk,12
2026-10-07T02:56:57+00:00,sapmachine-11.0.16.1,75103971,False,sapmachine-jdk-11.0.16.1_linux-aarch64_bin.tar.gz,linux,aarch64,jdk,4097
2026-10-07T02:56:57+00:00,sapmachine-11.0.16.1,75103971,False,sapmachine-jre-11.0.16.1_linux-aarch64_bin.tar.gz,linux,aarch64,jre,3884
2026-10-07T02:56:57+00:00,sapmachine-11.0.16.1,75103971,False,sapmachine-jdk-11.0.16.1_linux-aarch64_bin-symbols.tar.gz,linux,aarch64,jdk,10
2026-10-07T02:56:57+00:00,sapmachine-11.0.16.1,75103971,False,sapmachine-jdk-11.0.16.1-1.x86_64.rpm,linux,x64,jdk,3997
2026-10-07T02:56:57+00:00,sapmachine-11.0.16.1,75103971,False,sapmachine-jdk-11.0.16.1_windows-x64_bin.zip,windows,x64,jdk,5716
2026-10-07T02:56:57+00:00,sapmachine-11.0.16.1,75103971,False,sapmachine-jre-11.0.16.1_windows-x64_bin.zip,windows,x64,jre,4492
2026-10-07T02:56:57+00:00,sapmachine-11.0.16.1,75103971,False,sapmachine-jdk-11.0.16.1_windows-x64_bin-symbols.tar.gz,windows,x64,jdk,10
2026-10-07T02:56:57+00:00,sapmachine-11.0.16.1,75103971,False,sapmachine-jdk-11.0.16.1_windows-x64_bin.msi,windows,x64,jdk,4977
2026-10-07T02:56:57+00:00,sapmachine-11.0.16.1,75103971,False,sapmachine-jre-11.0.16.1_windows-x64_bin.msi,windows,x64,jre,4229
2026-10-07T02:56:57+00:00,sapmachine-11.0.16.1,75103971,False,sapmachine-jdk-11.0.16.1_linux-ppc64le_bin.tar.gz,linux,ppc64,jdk,3947
2026-10-07T02:56:57+00:00,sapmachine-11.0.16.1,75103971,False,sapmachine-jre-11.0.16.1_linux-ppc64le_bin.tar.gz,linux,ppc64,jre,3835
2026-10-07T02:56:57+00:00,sapmachine-11.0.16.1,75103971,False,sapmachine-jdk-11.0.16.1_linux-ppc64le_bin-symbols.tar.gz,linux,ppc64,jdk,8
2026-10-07T02:56:57+00:00,sapmachine-11.0.16.1,75103971,False,sapmachine-jdk-11.0.16.1_macos-x64_bin.tar.gz,macos,x64,jdk,4959
2026-10-07T02:56:57+00:00,sapmachine-11.0.16.1,75103971,False,sapmachine-jre-11.0.16.1_macos-x64_bin.tar.gz,macos,x64,jre,3950
2026-10-07T02:56:57+00:00,sapmachine-11.0.16.1,75103971,False,sapmachine-jdk-11.0.16.1_macos-x64_bin-symbols.tar.gz,macos,x64,jdk,4
2026-10-07T02:56:57+00:00,sapmachine-11.0.16.1,75103971,False,sapmachine-jdk-11.0.16.1_macos-x64_bin.dmg,macos,x64,jdk,6602
2026-10-07T02:56:57+00:00,sapmachine-11.0.16.1,75103971,False,sapmachine-jre-11.0.16.1_macos-x64_bin.dmg,macos,x64,jre,3860
2026-10-07T02:56:57+00:00,sapmachine-11.0.16.1,75103971,False,sapmachine-jdk-11.0.16.1_macos-aarch64_bin.tar.gz,macos,aarch64,jdk,4830
2026-10-07T02:56:57+00:00,sapmachine-11.0.16.1,75103971,False,sapmachine-jre-11.0.16.1_macos-aarch64_bin.tar.gz,macos,aarch64,jre,3933
2026-10-07T02:56:57+00:00,sapmachine-11.0.16.1,75103971,False,sapmachine-jdk-11.0.16.1_macos-aarch64_bin-symbols.tar.gz,macos,aarch64,jdk,4
2026-10-07T02:56:57+00:00,sapmachine-11.0.16.1,75103971,False,sapmachine-jdk-11.0.16.1_macos-aarch64_bin.dmg,macos,aarch64,jdk,6186
2026-10-07T02:56:57+00:00,sapmachine-11.0.16.1,75103971,False,sapmachine-jre-11.0.16.1_macos-aarch64_bin.dmg,macos,aarch64,jre,3943
2026-10-07T02:56:57+00:00,sapmachine-11.0.16,72372178,False,sapmachine-jdk-11.0.16_linux-x64_bin.tar.gz,linux,x64,jdk,22280
2026-10-07T02:56:57+00:00,sapmachine-11.0.16,72372178,False,sapmachine-jre-11.0.16_linux-x64_bin.tar.gz,linux,x64,jre,11234
2026-10-07T02:56:57+00:00,sapmachine-11.0.16,72372178,False,sapmachine-jdk-11.0.16_linux-x64_bin-symbols.tar.gz,linux,x64,jdk,14
2026-10-07T02:56:57+00:00,sapmachine-11.0.16,72372178,False,sapmachine-jdk-11.0.16_linux-aarch64_bin.tar.gz,linux,aarch64,jdk,4115
2026-10-07T02:56:57+00:00,sapmachine-11.0.16,72372178,False,sapmachine-jre-11.0.16_linux-aarch64_bin.tar.gz,linux,aarch64,jre,3895
2026-10-07T02:56:57+00:00,sapmachine-11.0.16,72372178,False,sapmachine-jdk-11.0.16_linux-aarch64_bin-symbols.tar.gz,linux,aarch64,jdk,16
2026-10-07T02:56:57+00:00,sapmachine-11.0.16,72372178,False,sapmachine-jdk-11.0.16-1.x86_64.rpm,linux,x64,jdk,3961
2026-10-07T02:56:57+00:00,sapmachine-11.0.16,72372178,False,sapmachine-jdk-11.0.16_windows-x64_bin.zip,windows,x64,jdk,5217
2026-10-07T02:56:57+00:00,sapmachine-11.0.16,72372178,False,sapmachine-jre-11.0.16_windows-x64_bin.zip,windows,x64,jre,4292
2026-10-07T02:56:57+00:00,sapmachine-11.0.16,72372178,False,sapmachine-jdk-11.0.16_windows-x64_bin-symbols.tar.gz,windows,x64,jdk,8
2026-10-07T02:56:57+00:00,sapmachine-11.0.16,72372178,False,sapmachine-jdk-11.0.16_windows-x64_bin.msi,windows,x64,jdk,42251
2026-10-07T02:56:57+00:00,sapmachine-11.0.16,72372178,False,sapmachine-jre-11.0.16_windows-x64_bin.msi,windows,x64,jre,41514
2026-10-07T02:56:57+00:00,sapmachine-11.0.16,72372178,False,sapmachine-jdk-11.0.16_linux-ppc64le_bin.tar.gz,linux,ppc64,jdk,3912
2026-10-07T02:56:57+00:00,sapmachine-11.0.16,72372178,False,sapmachine-jre-11.0.16_linux-ppc64le_bin.tar.gz,linux,ppc64,jre,3931
2026-10-07T02:56:57+00:00,sapmachine-11.0.16,72372178,False,sapmachine-jdk-11.0.16_linux-ppc64le_bin-symbols.tar.gz,linux,ppc64,jdk,13
2026-10-07T02:56:57+00:00,sapmachine-11.0.16,72372178,False,sapmachine-jdk-11.0.16_macos-x64_bin.tar.gz,macos,x64,jdk,4752
2026-10-07T02:56:57+00:00,sapmachine-11.0.16,72372178,False,sapmachine-jre-11.0.16_macos-x64_bin.tar.gz,macos,x64,jre,4027
2026-10-07T02:56:57+00:00,sapmachine-11.0.16,72372178,False,sapmachine-jdk-11.0.16_macos-x64_bin-symbols.tar.gz,macos,x64,jdk,8
2026-10-07T02:56:57+00:00,sapmachine-11.0.16,72372178,False,sapmachine-jdk-11.0.16_macos-x64_bin.dmg,macos,x64,jdk,5312
2026-10-07T02:56:57+00:00,sapmachine-11.0.16,72372178,False,sapmachine-jre-11.0.16_macos-x64_bin.dmg,macos,x64,jre,3913
2026-10-07T02:56:57+00:00,sapmachine-11.0.16,72372178,False,sapmachine-jdk-11.0.16_macos-aarch64_bin.tar.gz,macos,aarch64,jdk,4556
2026-10-07T02:56:57+00:00,sapmachine-11.0.16,72372178,False,sapmachine-jre-11.0.16_macos-aarch64_bin.tar.gz,macos,aarch64,jre,3968
2026-10-07T02:56:57+00:00,sapmachine-11.0.16,72372178,False,sapmachine-jdk-11.0.16_macos-aarch64_bin-symbols.tar.gz,macos,aarch64,jdk,11
2026-10-07T02:56:57+00:00,sapmachine-11.0.16,72372178,False,sapmachine-jdk-11.0.16_macos-aarch64_bin.dmg,macos,aarch64,jdk,4991
2026-10-07T02:56:57+00:00,sapmachine-11.0.16,72372178,False,sapmachine-jre-11.0.16_macos-aarch64_bin.dmg,macos,aarch64,jre,3903
2026-10-07T02:56:57+00:00,sapmachine-17.0.4,72368981,False,sapmachine-jdk-17.0.4_linux-x64_bin.tar.gz,linux,x64,jdk,5302
2026-10-07T02:56:57+00:00,sapmachine-17.0.4,72368981,False,sapmachine-jre-17.0.4_linux-x64_bin.tar.gz,linux,x64,jre,6630
2026-10-07T02:56:57+00:00,sapmachine-17.0.4,72368981,False,sapmachine-jdk-17.0.4_linux-x64_bin-symbols.tar.gz,linux,x64,jdk,5
2026-10-07T02:56:57+00:00,sapmachine-17.0.4,72368981,False,sapmachine-jdk-17.0.4-beta_linux-x64-musl_bin.tar.gz,alpine,x64,jdk,3502
2026-10-07T02:56:57+00:00,sapmachine-17.0.4,72368981,False,sapmachine-jre-17.0.4-beta_linux-x64-musl_bin.tar.gz,alpine,x64,jre,3456
2026-10-07T02:56:57+00:00,sapmachine-17.0.4,72368981,False,sapmachine-jdk-17.0.4-beta_linux-x64-musl_bin-symbols.tar.gz,alpine,x64,jdk,4
2026-10-07T02:56:57+00:00,sapmachine-17.0.4,72368981,False,sapmachine-jdk-17.0.4_linux-aarch64_bin.tar.gz,linux,aarch64,jdk,4105
2026-10-07T02:56:57+00:00,sapmachine-17.0.4,72368981,False,sapmachine-jre-17.0.4_linux-aarch64_bin.tar.gz,linux,aarch64,jre,3868
2026-10-07T02:56:57+00:00,sapmachine-17.0.4,72368981,False,sapmachine-jdk-17.0.4_linux-aarch64_bin-symbols.tar.gz,linux,aarch64,jdk,4
2026-10-07T02:56:57+00:00,sapmachine-17.0.4,72368981,False,sapmachine-jdk-17.0.4-1.x86_64.rpm,linux,x64,jdk,5773
2026-10-07T02:56:57+00:00,sapmachine-17.0.4,72368981,False,sapmachine-jdk-17.0.4_windows-x64_bin.zip,windows,x64,jdk,4692
2026-10-07T02:56:57+00:00,sapmachine-17.0.4,72368981,False,sapmachine-jre-17.0.4_windows-x64_bin.zip,windows,x64,jre,4071
2026-10-07T02:56:57+00:00,sapmachine-17.0.4,72368981,False,sapmachine-jdk-17.0.4_windows-x64_bin-symbols.tar.gz,windows,x64,jdk,2
2026-10-07T02:56:57+00:00,sapmachine-17.0.4,72368981,False,sapmachine-jdk-17.0.4_windows-x64_bin.msi,windows,x64,jdk,5978
2026-10-07T02:56:57+00:00,sapmachine-17.0.4,72368981,False,sapmachine-jre-17.0.4_windows-x64_bin.msi,windows,x64,jre,41307
2026-10-07T02:56:57+00:00,sapmachine-17.0.4,72368981,False,sapmachine-jdk-17.0.4_linux-ppc64le_bin.tar.gz,linux,ppc64,jdk,3918
2026-10-07T02:56:57+00:00,sapmachine-17.0.4,72368981,False,sapmachine-jre-17.0.4_linux-ppc64le_bin.tar.gz,linux,ppc64,jre,3880
2026-10-07T02:56:57+00:00,sapmachine-17.0.4,72368981,False,sapmachine-jdk-17.0.4_linux-ppc64le_bin-symbols.tar.gz,linux,ppc64,jdk,4
2026-10-07T02:56:57+00:00,sapmachine-17.0.4,72368981,False,sapmachine-jdk-17.0.4_macos-x64_bin.tar.gz,macos,x64,jdk,4558
2026-10-07T02:56:57+00:00,sapmachine-17.0.4,72368981,False,sapmachine-jre-17.0.4_macos-x64_bin.tar.gz,macos,x64,jre,3997
2026-10-07T02:56:57+00:00,sapmachine-17.0.4,72368981,False,sapmachine-jdk-17.0.4_macos-x64_bin-symbols.tar.gz,macos,x64,jdk,2
2026-10-07T02:56:57+00:00,sapmachine-17.0.4,72368981,False,sapmachine-jdk-17.0.4_macos-x64_bin.dmg,macos,x64,jdk,5269
2026-10-07T02:56:57+00:00,sapmachine-17.0.4,72368981,False,sapmachine-jre-17.0.4_macos-x64_bin.dmg,macos,x64,jre,3964
2026-10-07T02:56:57+00:00,sapmachine-17.0.4,72368981,False,sapmachine-jdk-17.0.4_macos-aarch64_bin.tar.gz,macos,aarch64,jdk,4547
2026-10-07T02:56:57+00:00,sapmachine-17.0.4,72368981,False,sapmachine-jre-17.0.4_macos-aarch64_bin.tar.gz,macos,aarch64,jre,3949
2026-10-07T02:56:57+00:00,sapmachine-17.0.4,72368981,False,sapmachine-jdk-17.0.4_macos-aarch64_bin-symbols.tar.gz,macos,aarch64,jdk,2
2026-10-07T02:56:57+00:00,sapmachine-17.0.4,72368981,False,sapmachine-jdk-17.0.4_macos-aarch64_bin.dmg,macos,aarch64,jdk,5196
2026-10-07T02:56:57+00:00,sapmachine-17.0.4,72368981,False,sapmachine-jre-17.0.4_macos-aarch64_bin.dmg,macos,aarch64,jre,3868
2026-10-07T02:56:57+00:00,sapmachine-18.0.2,72370892,False,sapmachine-jdk-18.0.2_linux-x64_bin.tar.gz,linux,x64,jdk,4520
2026-10-07T02:56:57+00:00,sapmachine-18.0.2,72370892,False,sapmachine-jre-18.0.2_linux-x64_bin.tar.gz,linux,x64,jre,5556
2026-10-07T02:56:57+00:00,sapmachine-18.0.2,72370892,False,sapmachine-jdk-18.0.2_linux-x64_bin-symbols.tar.gz,linux,x64,jdk,2
2026-10-07T02:56:57+00:00,sapmachine-18.0.2,72370892,False,sapmachine-jdk-18.0.2-beta_linux-x64-musl_bin.tar.gz,alpine,x64,jdk,3503
2026-10-07T02:56:57+00:00,sapmachine-18.0.2,72370892,False,sapmachine-jre-18.0.2-beta_linux-x64-musl_bin.tar.gz,alpine,x64,jre,3454
2026-10-07T02:56:57+00:00,sapmachine-18.0.2,72370892,False,sapmachine-jdk-18.0.2-beta_linux-x64-musl_bin-symbols.tar.gz,alpine,x64,jdk,2
2026-10-07T02:56:57+00:00,sapmachine-18.0.2,72370892,False,sapmachine-jdk-18.0.2_linux-aarch64_bin.tar.gz,linux,aarch64,jdk,4045
2026-10-07T02:56:57+00:00,sapmachine-18.0.2,72370892,False,sapmachine-jre-18.0.2_linux-aarch64_bin.tar.gz,linux,aarch64,jre,3927
2026-10-07T02:56:57+00:00,sapmachine-18.0.2,72370892,False,sapmachine-jdk-18.0.2_linux-aarch64_bin-symbols.tar.gz,linux,aarch64,jdk,1
2026-10-07T02:56:57+00:00,sapmachine-18.0.2,72370892,False,sapmachine-jdk-18.0.2-1.x86_64.rpm,linux,x64,jdk,3839
2026-10-07T02:56:57+00:00,sapmachine-18.0.2,72370892,False,sapmachine-jdk-18.0.2_windows-x64_bin.zip,windows,x64,jdk,4677
2026-10-07T02:56:57+00:00,sapmachine-18.0.2,72370892,False,sapmachine-jre-18.0.2_windows-x64_bin.zip,windows,x64,jre,4036
2026-10-07T02:56:57+00:00,sapmachine-18.0.2,72370892,False,sapmachine-jdk-18.0.2_windows-x64_bin-symbols.tar.gz,windows,x64,jdk,1
2026-10-07T02:56:57+00:00,sapmachine-18.0.2,72370892,False,sapmachine-jdk-18.0.2_windows-x64_bin.msi,windows,x64,jdk,7062
2026-10-07T02:56:57+00:00,sapmachine-18.0.2,72370892,False,sapmachine-jre-18.0.2_windows-x64_bin.msi,windows,x64,jre,6026
2026-10-07T02:56:57+00:00,sapmachine-18.0.2,72370892,False,sapmachine-jdk-18.0.2_linux-ppc64le_bin.tar.gz,linux,ppc64,jdk,3910
2026-10-07T02:56:57+00:00,sapmachine-18.0.2,72370892,False,sapmachine-jre-18.0.2_linux-ppc64le_bin.tar.gz,linux,ppc64,jre,3898
2026-10-07T02:56:57+00:00,sapmachine-18.0.2,72370892,False,sapmachine-jdk-18.0.2_linux-ppc64le_bin-symbols.tar.gz,linux,ppc64,jdk,1
2026-10-07T02:56:57+00:00,sapmachine-18.0.2,72370892,False,sapmachine-jdk-18.0.2_macos-x64_bin.tar.gz,macos,x64,jdk,4488
2026-10-07T02:56:57+00:00,sapmachine-18.0.2,72370892,False,sapmachine-jre-18.0.2_macos-x64_bin.tar.gz,macos,x64,jre,4009
2026-10-07T02:56:57+00:00,sapmachine-18.0.2,72370892,False,sapmachine-jdk-18.0.2_macos-x64_bin-symbols.tar.gz,macos,x64,jdk,2
2026-10-07T02:56:57+00:00,sapmachine-18.0.2,72370892,False,sapmachine-jdk-18.0.2_macos-x64_bin.dmg,macos,x64,jdk,4631
2026-10-07T02:56:57+00:00,sapmachine-18.0.2,72370892,False,sapmachine-jre-18.0.2_macos-x64_bin.dmg,macos,x64,jre,3895
2026-10-07T02:56:57+00:00,sapmachine-18.0.2,72370892,False,sapmachine-jdk-18.0.2_macos-aarch64_bin.tar.gz,macos,aarch64,jdk,4396
2026-10-07T02:56:57+00:00,sapmachine-18.0.2,72370892,False,sapmachine-jre-18.0.2_macos-aarch64_bin.tar.gz,macos,aarch64,jre,4017
2026-10-07T02:56:57+00:00,sapmachine-18.0.2,72370892,False,sapmachine-jdk-18.0.2_macos-aarch64_bin-symbols.tar.gz,macos,aarch64,jdk,2
2026-10-07T02:56:57+00:00,sapmachine-18.0.2,72370892,False,sapmachine-jdk-18.0.2_macos-aarch64_bin.dmg,macos,aarch64,jdk,4147
2026-10-07T02:56:57+00:00,sapmachine-18.0.2,72370892,False,sapmachine-jre-18.0.2_macos-aarch64_bin.dmg,macos,aarch64,jre,3894
2026-10-07T02:56:57+00:00,sapmachine-18.0.1.1,66160612,False,sapmachine-jdk-18.0.1.1-beta_linux-x64-musl_bin.tar.gz,alpine,x64,jdk,3543
2026-10-07T02:56:57+00:00,sapmachine-18.0.1.1,66160612,False,sapmachine-jre-18.0.1.1-beta_linux-x64-musl_bin.tar.gz,alpine,x64,jre,3544
2026-10-07T02:56:57+00:00,sapmachine-18.0.1.1,66160612,False,sapmachine-jdk-18.0.1.1-beta_linux-x64-musl_bin-symbols.tar.gz,alpine,x64,jdk,4
2026-10-07T02:56:57+00:00,sapmachine-18.0.1.1,66160612,False,sapmachine-jdk-18.0.1.1_linux-x64_bin.tar.gz,linux,x64,jdk,5376
2026-10-07T02:56:57+00:00,sapmachine-18.0.1.1,66160612,False,sapmachine-jre-18.0.1.1_linux-x64_bin.tar.gz,linux,x64,jre,5564
2026-10-07T02:56:57+00:00,sapmachine-18.0.1.1,66160612,False,sapmachine-jdk-18.0.1.1_linux-x64_bin-symbols.tar.gz,linux,x64,jdk,46
2026-10-07T02:56:57+00:00,sapmachine-18.0.1.1,66160612,False,sapmachine-jdk-18.0.1.1-beta_linux-aarch64_bin.tar.gz,linux,aarch64,jdk,3537
2026-10-07T02:56:57+00:00,sapmachine-18.0.1.1,66160612,False,sapmachine-jre-18.0.1.1-beta_linux-aarch64_bin.tar.gz,linux,aarch64,jre,3540
2026-10-07T02:56:57+00:00,sapmachine-18.0.1.1,66160612,False,sapmachine-jdk-18.0.1.1-beta_linux-aarch64_bin-symbols.tar.gz,linux,aarch64,jdk,4
2026-10-07T02:56:57+00:00,sapmachine-18.0.1.1,66160612,False,sapmachine-jdk-18.0.1.1-1.x86_64.rpm,linux,x64,jdk,3962
2026-10-07T02:56:57+00:00,sapmachine-18.0.1.1,66160612,False,sapmachine-jdk-18.0.1.1_windows-x64_bin.zip,windows,x64,jdk,5625
2026-10-07T02:56:57+00:00,sapmachine-18.0.1.1,66160612,False,sapmachine-jre-18.0.1.1_windows-x64_bin.zip,windows,x64,jre,4275
2026-10-07T02:56:57+00:00,sapmachine-18.0.1.1,66160612,False,sapmachine-jdk-18.0.1.1_windows-x64_bin-symbols.tar.gz,windows,x64,jdk,5
2026-10-07T02:56:57+00:00,sapmachine-18.0.1.1,66160612,False,sapmachine-jdk-18.0.1.1_windows-x64_bin.msi,windows,x64,jdk,6817
2026-10-07T02:56:57+00:00,sapmachine-18.0.1.1,66160612,False,sapmachine-jre-18.0.1.1_windows-x64_bin.msi,windows,x64,jre,4548
2026-10-07T02:56:57+00:00,sapmachine-18.0.1.1,66160612,False,sapmachine-jdk-18.0.1.1_linux-ppc64le_bin.tar.gz,linux,ppc64,jdk,4203
2026-10-07T02:56:57+00:00,sapmachine-18.0.1.1,66160612,False,sapmachine-jre-18.0.1.1_linux-ppc64le_bin.tar.gz,linux,ppc64,jre,4063
2026-10-07T02:56:57+00:00,sapmachine-18.0.1.1,66160612,False,sapmachine-jdk-18.0.1.1_linux-ppc64le_bin-symbols.tar.gz,linux,ppc64,jdk,4
2026-10-07T02:56:57+00:00,sapmachine-18.0.1.1,66160612,False,sapmachine-jdk-18.0.1.1_macos-x64_bin.tar.gz,macos,x64,jdk,4973
2026-10-07T02:56:57+00:00,sapmachine-18.0.1.1,66160612,False,sapmachine-jre-18.0.1.1_macos-x64_bin.tar.gz,macos,x64,jre,4070
2026-10-07T02:56:57+00:00,sapmachine-18.0.1.1,66160612,False,sapmachine-jdk-18.0.1.1_macos-x64_bin-symbols.tar.gz,macos,x64,jdk,4
2026-10-07T02:56:57+00:00,sapmachine-18.0.1.1,66160612,False,sapmachine-jdk-18.0.1.1_macos-x64_bin.dmg,macos,x64,jdk,5493
2026-10-07T02:56:57+00:00,sapmachine-18.0.1.1,66160612,False,sapmachine-jre-18.0.1.1_macos-x64_bin.dmg,macos,x64,jre,4098
2026-10-07T02:56:57+00:00,sapmachine-18.0.1.1,66160612,False,sapmachine-jdk-18.0.1.1_macos-aarch64_bin.tar.gz,macos,aarch64,jdk,4893
2026-10-07T02:56:57+00:00,sapmachine-18.0.1.1,66160612,False,sapmachine-jre-18.0.1.1_macos-aarch64_bin.tar.gz,macos,aarch64,jre,4128
2026-10-07T02:56:57+00:00,sapmachine-18.0.1.1,66160612,False,sapmachine-jdk-18.0.1.1_macos-aarch64_bin-symbols.tar.gz,macos,aarch64,jdk,9
2026-10-07T02:56:57+00:00,sapmachine-18.0.1.1,66160612,False,sapmachine-jdk-18.0.1.1_macos-aarch64_bin.dmg,macos,aarch64,jdk,4441
2026-10-07T02:56:57+00:00,sapmachine-18.0.1.1,66160612,False,sapmachine-jre-18.0.1.1_macos-aarch64_bin.dmg,macos,aarch64,jre,4056
2026-10-07T02:56:57+00:00,sapmachine-11.0.15.0.1,65565426,False,sapmachine-jdk-11.0.15.0.1_linux-x64_bin.tar.gz,linux,x64,jdk,59730
2026-10-07T02:56:57+00:00,sapmachine-11.0.15.0.1,65565426,False,sapmachine-jre-11.0.15.0.1_linux-x64_bin.tar.gz,linux,x64,jre,28477
2026-10-07T02:56:57+00:00,sapmachine-11.0.15.0.1,65565426,False,sapmachine-jdk-11.0.15.0.1_linux-x64_bin-symbols.tar.gz,linux,x64,jdk,8
2026-10-07T02:56:57+00:00,sapmachine-11.0.15.0.1,65565426,False,sapmachine-jdk-11.0.15.0.1-beta_linux-aarch64_bin.tar.gz,linux,aarch64,jdk,3701
2026-10-07T02:56:57+00:00,sapmachine-11.0.15.0.1,65565426,False,sapmachine-jre-11.0.15.0.1-beta_linux-aarch64_bin.tar.gz,linux,aarch64,jre,3548
2026-10-07T02:56:57+00:00,sapmachine-11.0.15.0.1,65565426,False,sapmachine-jdk-11.0.15.0.1-beta_linux-aarch64_bin-symbols.tar.gz,linux,aarch64,jdk,14
2026-10-07T02:56:57+00:00,sapmachine-11.0.15.0.1,65565426,False,sapmachine-jdk-11.0.15.0.1-1.x86_64.rpm,linux,x64,jdk,4165
2026-10-07T02:56:57+00:00,sapmachine-11.0.15.0.1,65565426,False,sapmachine-jdk-11.0.15.0.1_windows-x64_bin.zip,windows,x64,jdk,6109
2026-10-07T02:56:57+00:00,sapmachine-11.0.15.0.1,65565426,False,sapmachine-jre-11.0.15.0.1_windows-x64_bin.zip,windows,x64,jre,4420
2026-10-07T02:56:57+00:00,sapmachine-11.0.15.0.1,65565426,False,sapmachine-jdk-11.0.15.0.1_windows-x64_bin-symbols.tar.gz,windows,x64,jdk,13
2026-10-07T02:56:57+00:00,sapmachine-11.0.15.0.1,65565426,False,sapmachine-jdk-11.0.15.0.1_windows-x64_bin.msi,windows,x64,jdk,5956
2026-10-07T02:56:57+00:00,sapmachine-11.0.15.0.1,65565426,False,sapmachine-jre-11.0.15.0.1_windows-x64_bin.msi,windows,x64,jre,4587
2026-10-07T02:56:57+00:00,sapmachine-11.0.15.0.1,65565426,False,sapmachine-jdk-11.0.15.0.1_linux-ppc64le_bin.tar.gz,linux,ppc64,jdk,4060
2026-10-07T02:56:57+00:00,sapmachine-11.0.15.0.1,65565426,False,sapmachine-jre-11.0.15.0.1_linux-ppc64le_bin.tar.gz,linux,ppc64,jre,4088
2026-10-07T02:56:57+00:00,sapmachine-11.0.15.0.1,65565426,False,sapmachine-jdk-11.0.15.0.1_linux-ppc64le_bin-symbols.tar.gz,linux,ppc64,jdk,8
2026-10-07T02:56:57+00:00,sapmachine-11.0.15.0.1,65565426,False,sapmachine-jdk-11.0.15.0.1_osx-x64_bin.tar.gz,macos,x64,jdk,5453
2026-10-07T02:56:57+00:00,sapmachine-11.0.15.0.1,65565426,False,sapmachine-jre-11.0.15.0.1_osx-x64_bin.tar.gz,macos,x64,jre,4119
2026-10-07T02:56:57+00:00,sapmachine-11.0.15.0.1,65565426,False,sapmachine-jdk-11.0.15.0.1_osx-x64_bin-symbols.tar.gz,macos,x64,jdk,4
2026-10-07T02:56:57+00:00,sapmachine-11.0.15.0.1,65565426,False,sapmachine-jdk-11.0.15.0.1_osx-x64_bin.dmg,macos,x64,jdk,7087
2026-10-07T02:56:57+00:00,sapmachine-11.0.15.0.1,65565426,False,sapmachine-jre-11.0.15.0.1_osx-x64_bin.dmg,macos,x64,jre,4238
2026-10-07T02:56:57+00:00,sapmachine-17.0.3.0.1,65560463,False,sapmachine-jdk-17.0.3.0.1_linux-x64_bin.tar.gz,linux,x64,jdk,135981
2026-10-07T02:56:57+00:00,sapmachine-17.0.3.0.1,65560463,False,sapmachine-jre-17.0.3.0.1_linux-x64_bin.tar.gz,linux,x64,jre,9159
2026-10-07T02:56:57+00:00,sapmachine-17.0.3.0.1,65560463,False,sapmachine-jdk-17.0.3.0.1_linux-x64_bin-symbols.tar.gz,linux,x64,jdk,9
2026-10-07T02:56:57+00:00,sapmachine-17.0.3.0.1,65560463,False,sapmachine-jdk-17.0.3.0.1-beta_linux-aarch64_bin.tar.gz,linux,aarch64,jdk,3691
2026-10-07T02:56:57+00:00,sapmachine-17.0.3.0.1,65560463,False,sapmachine-jre-17.0.3.0.1-beta_linux-aarch64_bin.tar.gz,linux,aarch64,jre,3550
2026-10-07T02:56:57+00:00,sapmachine-17.0.3.0.1,65560463,False,sapmachine-jdk-17.0.3.0.1-beta_linux-aarch64_bin-symbols.tar.gz,linux,aarch64,jdk,6
2026-10-07T02:56:57+00:00,sapmachine-17.0.3.0.1,65560463,False,sapmachine-jdk-17.0.3.0.1-1.x86_64.rpm,linux,x64,jdk,3995
2026-10-07T02:56:57+00:00,sapmachine-17.0.3.0.1,65560463,False,sapmachine-jdk-17.0.3.0.1_windows-x64_bin.zip,windows,x64,jdk,5446
2026-10-07T02:56:57+00:00,sapmachine-17.0.3.0.1,65560463,False,sapmachine-jre-17.0.3.0.1_windows-x64_bin.zip,windows,x64,jre,4241
2026-10-07T02:56:57+00:00,sapmachine-17.0.3.0.1,65560463,False,sapmachine-jdk-17.0.3.0.1_windows-x64_bin-symbols.tar.gz,windows,x64,jdk,7
2026-10-07T02:56:57+00:00,sapmachine-17.0.3.0.1,65560463,False,sapmachine-jdk-17.0.3.0.1_windows-x64_bin.msi,windows,x64,jdk,4639
2026-10-07T02:56:57+00:00,sapmachine-17.0.3.0.1,65560463,False,sapmachine-jre-17.0.3.0.1_windows-x64_bin.msi,windows,x64,jre,4186
2026-10-07T02:56:57+00:00,sapmachine-17.0.3.0.1,65560463,False,sapmachine-jdk-17.0.3.0.1_linux-ppc64le_bin.tar.gz,linux,ppc64,jdk,4188
2026-10-07T02:56:57+00:00,sapmachine-17.0.3.0.1,65560463,False,sapmachine-jre-17.0.3.0.1_linux-ppc64le_bin.tar.gz,linux,ppc64,jre,4017
2026-10-07T02:56:57+00:00,sapmachine-17.0.3.0.1,65560463,False,sapmachine-jdk-17.0.3.0.1_linux-ppc64le_bin-symbols.tar.gz,linux,ppc64,jdk,6
2026-10-07T02:56:57+00:00,sapmachine-17.0.3.0.1,65560463,False,sapmachine-jdk-17.0.3.0.1_macos-x64_bin.tar.gz,macos,x64,jdk,4963
2026-10-07T02:56:57+00:00,sapmachine-17.0.3.0.1,65560463,False,sapmachine-jre-17.0.3.0.1_macos-x64_bin.tar.gz,macos,x64,jre,4187
2026-10-07T02:56:57+00:00,sapmachine-17.0.3.0.1,65560463,False,sapmachine-jdk-17.0.3.0.1_macos-x64_bin-symbols.tar.gz,macos,x64,jdk,4
2026-10-07T02:56:57+00:00,sapmachine-17.0.3.0.1,65560463,False,sapmachine-jdk-17.0.3.0.1_macos-x64_bin.dmg,macos,x64,jdk,6556
2026-10-07T02:56:57+00:00,sapmachine-17.0.3.0.1,65560463,False,sapmachine-jre-17.0.3.0.1_macos-x64_bin.dmg,macos,x64,jre,4061
2026-10-07T02:56:57+00:00,sapmachine-17.0.3.0.1,65560463,False,sapmachine-jdk-17.0.3.0.1_macos-aarch64_bin.tar.gz,macos,aarch64,jdk,5035
2026-10-07T02:56:57+00:00,sapmachine-17.0.3.0.1,65560463,False,sapmachine-jre-17.0.3.0.1_macos-aarch64_bin.tar.gz,macos,aarch64,jre,4140
2026-10-07T02:56:57+00:00,sapmachine-17.0.3.0.1,65560463,False,sapmachine-jdk-17.0.3.0.1_macos-aarch64_bin-symbols.tar.gz,macos,aarch64,jdk,4
2026-10-07T02:56:57+00:00,sapmachine-17.0.3.0.1,65560463,False,sapmachine-jdk-17.0.3.0.1_macos-aarch64_bin.dmg,macos,aarch64,jdk,6222
2026-10-07T02:56:57+00:00,sapmachine-17.0.3.0.1,65560463,False,sapmachine-jre-17.0.3.0.1_macos-aarch64_bin.dmg,macos,aarch64,jre,4040
2026-10-07T02:56:57+00:00,sapmachine-17.0.3,64783616,False,sapmachine-jdk-17.0.3_linux-x64_bin.tar.gz,linux,x64,jdk,4719
2026-10-07T02:56:57+00:00,sapmachine-17.0.3,64783616,False,sapmachine-jre-17.0.3_linux-x64_bin.tar.gz,linux,x64,jre,6387
2026-10-07T02:56:57+00:00,sapmachine-17.0.3,64783616,False,sapmachine-jdk-17.0.3_linux-x64_bin-symbols.tar.gz,linux,x64,jdk,6
2026-10-07T02:56:57+00:00,sapmachine-17.0.3,64783616,False,sapmachine-jdk-17.0.3-beta_linux-aarch64_bin.tar.gz,linux,aarch64,jdk,3715
2026-10-07T02:56:57+00:00,sapmachine-17.0.3,64783616,False,sapmachine-jre-17.0.3-beta_linux-aarch64_bin.tar.gz,linux,aarch64,jre,3561
2026-10-07T02:56:57+00:00,sapmachine-17.0.3,64783616,False,sapmachine-jdk-17.0.3-beta_linux-aarch64_bin-symbols.tar.gz,linux,aarch64,jdk,8
2026-10-07T02:56:57+00:00,sapmachine-17.0.3,64783616,False,sapmachine-jdk-17.0.3_windows-x64_bin.zip,windows,x64,jdk,4459
2026-10-07T02:56:57+00:00,sapmachine-17.0.3,64783616,False,sapmachine-jre-17.0.3_windows-x64_bin.zip,windows,x64,jre,4161
2026-10-07T02:56:57+00:00,sapmachine-17.0.3,64783616,False,sapmachine-jdk-17.0.3_windows-x64_bin-symbols.tar.gz,windows,x64,jdk,6
2026-10-07T02:56:57+00:00,sapmachine-17.0.3,64783616,False,sapmachine-jdk-17.0.3_windows-x64_bin.msi,windows,x64,jdk,4249
2026-10-07T02:56:57+00:00,sapmachine-17.0.3,64783616,False,sapmachine-jre-17.0.3_windows-x64_bin.msi,windows,x64,jre,6344
2026-10-07T02:56:57+00:00,sapmachine-17.0.3,64783616,False,sapmachine-jdk-17.0.3_linux-ppc64le_bin.tar.gz,linux,ppc64,jdk,4083
2026-10-07T02:56:57+00:00,sapmachine-17.0.3,64783616,False,sapmachine-jre-17.0.3_linux-ppc64le_bin.tar.gz,linux,ppc64,jre,4070
2026-10-07T02:56:57+00:00,sapmachine-17.0.3,64783616,False,sapmachine-jdk-17.0.3_linux-ppc64le_bin-symbols.tar.gz,linux,ppc64,jdk,6
2026-10-07T02:56:57+00:00,sapmachine-17.0.3,64783616,False,sapmachine-jdk-17.0.3-1.x86_64.rpm,linux,x64,jdk,3941
2026-10-07T02:56:57+00:00,sapmachine-17.0.3,64783616,False,sapmachine-jdk-17.0.3_macos-x64_bin.tar.gz,macos,x64,jdk,4393
2026-10-07T02:56:57+00:00,sapmachine-17.0.3,64783616,False,sapmachine-jre-17.0.3_macos-x64_bin.tar.gz,macos,x64,jre,4129
2026-10-07T02:56:57+00:00,sapmachine-17.0.3,64783616,False,sapmachine-jdk-17.0.3_macos-x64_bin-symbols.tar.gz,macos,x64,jdk,5
2026-10-07T02:56:57+00:00,sapmachine-17.0.3,64783616,False,sapmachine-jdk-17.0.3_macos-x64_bin.dmg,macos,x64,jdk,4481
2026-10-07T02:56:57+00:00,sapmachine-17.0.3,64783616,False,sapmachine-jre-17.0.3_macos-x64_bin.dmg,macos,x64,jre,4095
2026-10-07T02:56:57+00:00,sapmachine-17.0.3,64783616,False,sapmachine-jdk-17.0.3_macos-aarch64_bin.tar.gz,macos,aarch64,jdk,4399
2026-10-07T02:56:57+00:00,sapmachine-17.0.3,64783616,False,sapmachine-jre-17.0.3_macos-aarch64_bin.tar.gz,macos,aarch64,jre,4133
2026-10-07T02:56:57+00:00,sapmachine-17.0.3,64783616,False,sapmachine-jdk-17.0.3_macos-aarch64_bin-symbols.tar.gz,macos,aarch64,jdk,7
2026-10-07T02:56:57+00:00,sapmachine-17.0.3,64783616,False,sapmachine-jdk-17.0.3_macos-aarch64_bin.dmg,macos,aarch64,jdk,4389
2026-10-07T02:56:57+00:00,sapmachine-17.0.3,64783616,False,sapmachine-jre-17.0.3_macos-aarch64_bin.dmg,macos,aarch64,jre,4038
2026-10-07T02:56:57+00:00,sapmachine-18.0.1,64782703,False,sapmachine-jdk-18.0.1_linux-x64_bin.tar.gz,linux,x64,jdk,4717
2026-10-07T02:56:57+00:00,sapmachine-18.0.1,64782703,False,sapmachine-jre-18.0.1_linux-x64_bin.tar.gz,linux,x64,jre,5809
2026-10-07T02:56:57+00:00,sapmachine-18.0.1,64782703,False,sapmachine-jdk-18.0.1_linux-x64_bin-symbols.tar.gz,linux,x64,jdk,4
2026-10-07T02:56:57+00:00,sapmachine-18.0.1,64782703,False,sapmachine-jdk-18.0.1-beta_linux-aarch64_bin.tar.gz,linux,aarch64,jdk,3547
2026-10-07T02:56:57+00:00,sapmachine-18.0.1,64782703,False,sapmachine-jre-18.0.1-beta_linux-aarch64_bin.tar.gz,linux,aarch64,jre,3563
2026-10-07T02:56:57+00:00,sapmachine-18.0.1,64782703,False,sapmachine-jdk-18.0.1-beta_linux-aarch64_bin-symbols.tar.gz,linux,aarch64,jdk,7
2026-10-07T02:56:57+00:00,sapmachine-18.0.1,64782703,False,sapmachine-jdk-18.0.1_windows-x64_bin.zip,windows,x64,jdk,4591
2026-10-07T02:56:57+00:00,sapmachine-18.0.1,64782703,False,sapmachine-jre-18.0.1_windows-x64_bin.zip,windows,x64,jre,4184
2026-10-07T02:56:57+00:00,sapmachine-18.0.1,64782703,False,sapmachine-jdk-18.0.1_windows-x64_bin-symbols.tar.gz,windows,x64,jdk,6
2026-10-07T02:56:57+00:00,sapmachine-18.0.1,64782703,False,sapmachine-jdk-18.0.1_windows-x64_bin.msi,windows,x64,jdk,5190
2026-10-07T02:56:57+00:00,sapmachine-18.0.1,64782703,False,sapmachine-jre-18.0.1_windows-x64_bin.msi,windows,x64,jre,4498
2026-10-07T02:56:57+00:00,sapmachine-18.0.1,64782703,False,sapmachine-jdk-18.0.1_linux-ppc64le_bin.tar.gz,linux,ppc64,jdk,4075
2026-10-07T02:56:57+00:00,sapmachine-18.0.1,64782703,False,sapmachine-jre-18.0.1_linux-ppc64le_bin.tar.gz,linux,ppc64,jre,4078
2026-10-07T02:56:57+00:00,sapmachine-18.0.1,64782703,False,sapmachine-jdk-18.0.1_linux-ppc64le_bin-symbols.tar.gz,linux,ppc64,jdk,6
2026-10-07T02:56:57+00:00,sapmachine-18.0.1,64782703,False,sapmachine-jdk-18.0.1-1.x86_64.rpm,linux,x64,jdk,3953
2026-10-07T02:56:57+00:00,sapmachine-18.0.1,64782703,False,sapmachine-jdk-18.0.1_macos-x64_bin.tar.gz,macos,x64,jdk,4534
2026-10-07T02:56:57+00:00,sapmachine-18.0.1,64782703,False,sapmachine-jre-18.0.1_macos-x64_bin.tar.gz,macos,x64,jre,4173
2026-10-07T02:56:57+00:00,sapmachine-18.0.1,64782703,False,sapmachine-jdk-18.0.1_macos-x64_bin-symbols.tar.gz,macos,x64,jdk,7
2026-10-07T02:56:57+00:00,sapmachine-18.0.1,64782703,False,sapmachine-jdk-18.0.1_macos-x64_bin.dmg,macos,x64,jdk,4442
2026-10-07T02:56:57+00:00,sapmachine-18.0.1,64782703,False,sapmachine-jre-18.0.1_macos-x64_bin.dmg,macos,x64,jre,4081
2026-10-07T02:56:57+00:00,sapmachine-18.0.1,64782703,False,sapmachine-jdk-18.0.1_macos-aarch64_bin.tar.gz,macos,aarch64,jdk,4518
2026-10-07T02:56:57+00:00,sapmachine-18.0.1,64782703,False,sapmachine-jre-18.0.1_macos-aarch64_bin.tar.gz,macos,aarch64,jre,4197
2026-10-07T02:56:57+00:00,sapmachine-18.0.1,64782703,False,sapmachine-jdk-18.0.1_macos-aarch64_bin-symbols.tar.gz,macos,aarch64,jdk,7
2026-10-07T02:56:57+00:00,sapmachine-18.0.1,64782703,False,sapmachine-jdk-18.0.1_macos-aarch64_bin.dmg,macos,aarch64,jdk,4182
2026-10-07T02:56:57+00:00,sapmachine-18.0.1,64782703,False,sapmachine-jre-18.0.1_macos-aarch64_bin.dmg,macos,aarch64,jre,4094
2026-10-07T02:56:57+00:00,sapmachine-11.0.15,64783940,False,sapmachine-jdk-11.0.15_linux-x64_bin.tar.gz,linux,x64,jdk,10654
2026-10-07T02:56:57+00:00,sapmachine-11.0.15,64783940,False,sapmachine-jre-11.0.15_linux-x64_bin.tar.gz,linux,x64,jre,8953
2026-10-07T02:56:57+00:00,sapmachine-11.0.15,64783940,False,sapmachine-jdk-11.0.15_linux-x64_bin-symbols.tar.gz,linux,x64,jdk,6
2026-10-07T02:56:57+00:00,sapmachine-11.0.15,64783940,False,sapmachine-jdk-11.0.15-beta_linux-aarch64_bin.tar.gz,linux,aarch64,jdk,3709
2026-10-07T02:56:57+00:00,sapmachine-11.0.15,64783940,False,sapmachine-jre-11.0.15-beta_linux-aarch64_bin.tar.gz,linux,aarch64,jre,3556
2026-10-07T02:56:57+00:00,sapmachine-11.0.15,64783940,False,sapmachine-jdk-11.0.15-beta_linux-aarch64_bin-symbols.tar.gz,linux,aarch64,jdk,7
2026-10-07T02:56:57+00:00,sapmachine-11.0.15,64783940,False,sapmachine-jdk-11.0.15_windows-x64_bin.zip,windows,x64,jdk,4611
2026-10-07T02:56:57+00:00,sapmachine-11.0.15,64783940,False,sapmachine-jre-11.0.15_windows-x64_bin.zip,windows,x64,jre,4182
2026-10-07T02:56:57+00:00,sapmachine-11.0.15,64783940,False,sapmachine-jdk-11.0.15_windows-x64_bin-symbols.tar.gz,windows,x64,jdk,6
2026-10-07T02:56:57+00:00,sapmachine-11.0.15,64783940,False,sapmachine-jdk-11.0.15_windows-x64_bin.msi,windows,x64,jdk,6617
2026-10-07T02:56:57+00:00,sapmachine-11.0.15,64783940,False,sapmachine-jre-11.0.15_windows-x64_bin.msi,windows,x64,jre,6396
2026-10-07T02:56:57+00:00,sapmachine-11.0.15,64783940,False,sapmachine-jdk-11.0.15_linux-ppc64le_bin.tar.gz,linux,ppc64,jdk,4151
2026-10-07T02:56:57+00:00,sapmachine-11.0.15,64783940,False,sapmachine-jre-11.0.15_linux-ppc64le_bin.tar.gz,linux,ppc64,jre,4166
2026-10-07T02:56:57+00:00,sapmachine-11.0.15,64783940,False,sapmachine-jdk-11.0.15_linux-ppc64le_bin-symbols.tar.gz,linux,ppc64,jdk,6
2026-10-07T02:56:57+00:00,sapmachine-11.0.15,64783940,False,sapmachine-jdk-11.0.15-1.x86_64.rpm,linux,x64,jdk,3975
2026-10-07T02:56:57+00:00,sapmachine-11.0.15,64783940,False,sapmachine-jdk-11.0.15_osx-x64_bin.tar.gz,macos,x64,jdk,4605
2026-10-07T02:56:57+00:00,sapmachine-11.0.15,64783940,False,sapmachine-jre-11.0.15_osx-x64_bin.tar.gz,macos,x64,jre,4145
2026-10-07T02:56:57+00:00,sapmachine-11.0.15,64783940,False,sapmachine-jdk-11.0.15_osx-x64_bin-symbols.tar.gz,macos,x64,jdk,8
2026-10-07T02:56:57+00:00,sapmachine-11.0.15,64783940,False,sapmachine-jdk-11.0.15_osx-x64_bin.dmg,macos,x64,jdk,4533
2026-10-07T02:56:57+00:00,sapmachine-11.0.15,64783940,False,sapmachine-jre-11.0.15_osx-x64_bin.dmg,macos,x64,jre,4066
2026-10-07T02:56:57+00:00,sapmachine-18,62373994,False,sapmachine-jdk-18_linux-x64_bin.tar.gz,linux,x64,jdk,9869
2026-10-07T02:56:57+00:00,sapmachine-18,62373994,False,sapmachine-jre-18_linux-x64_bin.tar.gz,linux,x64,jre,6325
2026-10-07T02:56:57+00:00,sapmachine-18,62373994,False,sapmachine-jdk-18_linux-x64_bin-symbols.tar.gz,linux,x64,jdk,5
2026-10-07T02:56:57+00:00,sapmachine-18,62373994,False,sapmachine-jdk-18-beta_linux-aarch64_bin.tar.gz,linux,aarch64,jdk,3713
2026-10-07T02:56:57+00:00,sapmachine-18,62373994,False,sapmachine-jre-18-beta_linux-aarch64_bin.tar.gz,linux,aarch64,jre,3590
2026-10-07T02:56:57+00:00,sapmachine-18,62373994,False,sapmachine-jdk-18-beta_linux-aarch64_bin-symbols.tar.gz,linux,aarch64,jdk,5
2026-10-07T02:56:57+00:00,sapmachine-18,62373994,False,sapmachine-jdk-18-1.x86_64.rpm,linux,x64,jdk,4027
2026-10-07T02:56:57+00:00,sapmachine-18,62373994,False,sapmachine-jdk-18_windows-x64_bin.zip,windows,x64,jdk,5666
2026-10-07T02:56:57+00:00,sapmachine-18,62373994,False,sapmachine-jre-18_windows-x64_bin.zip,windows,x64,jre,4787
2026-10-07T02:56:57+00:00,sapmachine-18,62373994,False,sapmachine-jdk-18_windows-x64_bin-symbols.tar.gz,windows,x64,jdk,5
2026-10-07T02:56:57+00:00,sapmachine-18,62373994,False,sapmachine-jdk-18_windows-x64_bin.msi,windows,x64,jdk,5645
2026-10-07T02:56:57+00:00,sapmachine-18,62373994,False,sapmachine-jre-18_windows-x64_bin.msi,windows,x64,jre,4532
2026-10-07T02:56:57+00:00,sapmachine-18,62373994,False,sapmachine-jdk-18_linux-ppc64le_bin.tar.gz,linux,ppc64,jdk,4109
2026-10-07T02:56:57+00:00,sapmachine-18,62373994,False,sapmachine-jre-18_linux-ppc64le_bin.tar.gz,linux,ppc64,jre,4147
2026-10-07T02:56:57+00:00,sapmachine-18,62373994,False,sapmachine-jdk-18_linux-ppc64le_bin-symbols.tar.gz,linux,ppc64,jdk,5
2026-10-07T02:56:57+00:00,sapmachine-18,62373994,False,sapmachine-jdk-18_macos-x64_bin.tar.gz,macos,x64,jdk,4963
2026-10-07T02:56:57+00:00,sapmachine-18,62373994,False,sapmachine-jre-18_macos-x64_bin.tar.gz,macos,x64,jre,4196
2026-10-07T02:56:57+00:00,sapmachine-18,62373994,False,sapmachine-jdk-18_macos-x64_bin-symbols.tar.gz,macos,x64,jdk,6
2026-10-07T02:56:57+00:00,sapmachine-18,62373994,False,sapmachine-jdk-18_macos-x64_bin.dmg,macos,x64,jdk,4874
2026-10-07T02:56:57+00:00,sapmachine-18,62373994,False,sapmachine-jre-18_macos-x64_bin.dmg,macos,x64,jre,4219
2026-10-07T02:56:57+00:00,sapmachine-18,62373994,False,sapmachine-jdk-18_macos-aarch64_bin.tar.gz,macos,aarch64,jdk,4747
2026-10-07T02:56:57+00:00,sapmachine-18,62373994,False,sapmachine-jre-18_macos-aarch64_bin.tar.gz,macos,aarch64,jre,4254
2026-10-07T02:56:57+00:00,sapmachine-18,62373994,False,sapmachine-jdk-18_macos-aarch64_bin-symbols.tar.gz,macos,aarch64,jdk,6
2026-10-07T02:56:57+00:00,sapmachine-18,62373994,False,sapmachine-jdk-18_macos-aarch64_bin.dmg,macos,aarch64,jdk,4293
2026-10-07T02:56:57+00:00,sapmachine-18,62373994,False,sapmachine-jre-18_macos-aarch64_bin.dmg,macos,aarch64,jre,4155
2026-10-07T02:56:57+00:00,sapmachine-11.0.14.1,58939848,False,sapmachine-jdk-11.0.14.1-beta_linux-aarch64_bin.tar.gz,linux,aarch64,jdk,3874
2026-10-07T02:56:57+00:00,sapmachine-11.0.14.1,58939848,False,sapmachine-jre-11.0.14.1-beta_linux-aarch64_bin.tar.gz,linux,aarch64,jre,3627
2026-10-07T02:56:57+00:00,sapmachine-11.0.14.1,58939848,False,sapmachine-jdk-11.0.14.1-beta_linux-aarch64_bin-symbols.tar.gz,linux,aarch64,jdk,9
2026-10-07T02:56:57+00:00,sapmachine-11.0.14.1,58939848,False,sapmachine-jdk-11.0.14.1_linux-x64_bin.tar.gz,linux,x64,jdk,68472
2026-10-07T02:56:57+00:00,sapmachine-11.0.14.1,58939848,False,sapmachine-jre-11.0.14.1_linux-x64_bin.tar.gz,linux,x64,jre,20183
2026-10-07T02:56:57+00:00,sapmachine-11.0.14.1,58939848,False,sapmachine-jdk-11.0.14.1_linux-x64_bin-symbols.tar.gz,linux,x64,jdk,10
2026-10-07T02:56:57+00:00,sapmachine-11.0.14.1,58939848,False,sapmachine-jdk-11.0.14.1_windows-x64_bin.zip,windows,x64,jdk,6620
2026-10-07T02:56:57+00:00,sapmachine-11.0.14.1,58939848,False,sapmachine-jre-11.0.14.1_windows-x64_bin.zip,windows,x64,jre,4698
2026-10-07T02:56:57+00:00,sapmachine-11.0.14.1,58939848,False,sapmachine-jdk-11.0.14.1_windows-x64_bin-symbols.tar.gz,windows,x64,jdk,8
2026-10-07T02:56:57+00:00,sapmachine-11.0.14.1,58939848,False,sapmachine-jdk-11.0.14.1_windows-x64_bin.msi,windows,x64,jdk,5683
2026-10-07T02:56:57+00:00,sapmachine-11.0.14.1,58939848,False,sapmachine-jre-11.0.14.1_windows-x64_bin.msi,windows,x64,jre,4743
2026-10-07T02:56:57+00:00,sapmachine-11.0.14.1,58939848,False,sapmachine-jdk-11.0.14.1_linux-ppc64le_bin.tar.gz,linux,ppc64,jdk,4325
2026-10-07T02:56:57+00:00,sapmachine-11.0.14.1,58939848,False,sapmachine-jre-11.0.14.1_linux-ppc64le_bin.tar.gz,linux,ppc64,jre,4182
2026-10-07T02:56:57+00:00,sapmachine-11.0.14.1,58939848,False,sapmachine-jdk-11.0.14.1_linux-ppc64le_bin-symbols.tar.gz,linux,ppc64,jdk,7
2026-10-07T02:56:57+00:00,sapmachine-11.0.14.1,58939848,False,sapmachine-jdk-11.0.14.1-1.x86_64.rpm,linux,x64,jdk,4453
2026-10-07T02:56:57+00:00,sapmachine-11.0.14.1,58939848,False,sapmachine-jdk-11.0.14.1_osx-x64_bin.tar.gz,macos,x64,jdk,5945
2026-10-07T02:56:57+00:00,sapmachine-11.0.14.1,58939848,False,sapmachine-jre-11.0.14.1_osx-x64_bin.tar.gz,macos,x64,jre,4287
2026-10-07T02:56:57+00:00,sapmachine-11.0.14.1,58939848,False,sapmachine-jdk-11.0.14.1_osx-x64_bin-symbols.tar.gz,macos,x64,jdk,5
2026-10-07T02:56:57+00:00,sapmachine-11.0.14.1,58939848,False,sapmachine-jdk-11.0.14.1_osx-x64_bin.dmg,macos,x64,jdk,8168
2026-10-07T02:56:57+00:00,sapmachine-11.0.14.1,58939848,False,sapmachine-jre-11.0.14.1_osx-x64_bin.dmg,macos,x64,jre,4305
2026-10-07T02:56:57+00:00,sapmachine-17.0.2,57405100,False,sapmachine-jdk-17.0.2-beta_linux-aarch64_bin.tar.gz,linux,aarch64,jdk,3952
2026-10-07T02:56:57+00:00,sapmachine-17.0.2,57405100,False,sapmachine-jre-17.0.2-beta_linux-aarch64_bin.tar.gz,linux,aarch64,jre,3652
2026-10-07T02:56:57+00:00,sapmachine-17.0.2,57405100,False,sapmachine-jdk-17.0.2-beta_linux-aarch64_bin-symbols.tar.gz,linux,aarch64,jdk,6
2026-10-07T02:56:57+00:00,sapmachine-17.0.2,57405100,False,sapmachine-jdk-17.0.2_linux-x64_bin.tar.gz,linux,x64,jdk,14346
2026-10-07T02:56:57+00:00,sapmachine-17.0.2,57405100,False,sapmachine-jre-17.0.2_linux-x64_bin.tar.gz,linux,x64,jre,9853
2026-10-07T02:56:57+00:00,sapmachine-17.0.2,57405100,False,sapmachine-jdk-17.0.2_linux-x64_bin-symbols.tar.gz,linux,x64,jdk,8
2026-10-07T02:56:57+00:00,sapmachine-17.0.2,57405100,False,sapmachine-jdk-17.0.2_windows-x64_bin.zip,windows,x64,jdk,20461
2026-10-07T02:56:57+00:00,sapmachine-17.0.2,57405100,False,sapmachine-jre-17.0.2_windows-x64_bin.zip,windows,x64,jre,4970
2026-10-07T02:56:57+00:00,sapmachine-17.0.2,57405100,False,sapmachine-jdk-17.0.2_windows-x64_bin-symbols.tar.gz,windows,x64,jdk,6
2026-10-07T02:56:57+00:00,sapmachine-17.0.2,57405100,False,sapmachine-jdk-17.0.2_windows-x64_bin.msi,windows,x64,jdk,6729
2026-10-07T02:56:57+00:00,sapmachine-17.0.2,57405100,False,sapmachine-jre-17.0.2_windows-x64_bin.msi,windows,x64,jre,5067
2026-10-07T02:56:57+00:00,sapmachine-17.0.2,57405100,False,sapmachine-jdk-17.0.2_macos-x64_bin.tar.gz,macos,x64,jdk,5831
2026-10-07T02:56:57+00:00,sapmachine-17.0.2,57405100,False,sapmachine-jre-17.0.2_macos-x64_bin.tar.gz,macos,x64,jre,4397
2026-10-07T02:56:57+00:00,sapmachine-17.0.2,57405100,False,sapmachine-jdk-17.0.2_macos-x64_bin-symbols.tar.gz,macos,x64,jdk,9
2026-10-07T02:56:57+00:00,sapmachine-17.0.2,57405100,False,sapmachine-jdk-17.0.2_macos-x64_bin.dmg,macos,x64,jdk,9301
2026-10-07T02:56:57+00:00,sapmachine-17.0.2,57405100,False,sapmachine-jre-17.0.2_macos-x64_bin.dmg,macos,x64,jre,4453
2026-10-07T02:56:57+00:00,sapmachine-17.0.2,57405100,False,sapmachine-jdk-17.0.2_macos-aarch64_bin.tar.gz,macos,aarch64,jdk,5844
2026-10-07T02:56:57+00:00,sapmachine-17.0.2,57405100,False,sapmachine-jre-17.0.2_macos-aarch64_bin.tar.gz,macos,aarch64,jre,4410
2026-10-07T02:56:57+00:00,sapmachine-17.0.2,57405100,False,sapmachine-jdk-17.0.2_macos-aarch64_bin-symbols.tar.gz,macos,aarch64,jdk,6
2026-10-07T02:56:57+00:00,sapmachine-17.0.2,57405100,False,sapmachine-jdk-17.0.2_macos-aarch64_bin.dmg,macos,aarch64,jdk,8121
2026-10-07T02:56:57+00:00,sapmachine-17.0.2,57405100,False,sapmachine-jre-17.0.2_macos-aarch64_bin.dmg,macos,aarch64,jre,4398
2026-10-07T02:56:57+00:00,sapmachine-17.0.2,57405100,False,sapmachine-jdk-17.0.2_linux-ppc64le_bin.tar.gz,linux,ppc64,jdk,4470
2026-10-07T02:56:57+00:00,sapmachine-17.0.2,57405100,False,sapmachine-jre-17.0.2_linux-ppc64le_bin.tar.gz,linux,ppc64,jre,4328
2026-10-07T02:56:57+00:00,sapmachine-17.0.2,57405100,False,sapmachine-jdk-17.0.2_linux-ppc64le_bin-symbols.tar.gz,linux,ppc64,jdk,5
2026-10-07T02:56:57+00:00,sapmachine-17.0.2,57405100,False,sapmachine-jdk-17.0.2-1.x86_64.rpm,linux,x64,jdk,17405
2026-10-07T02:56:57+00:00,sapmachine-11.0.14,57403970,False,sapmachine-jdk-11.0.14-beta_linux-aarch64_bin.tar.gz,linux,aarch64,jdk,3859
2026-10-07T02:56:57+00:00,sapmachine-11.0.14,57403970,False,sapmachine-jre-11.0.14-beta_linux-aarch64_bin.tar.gz,linux,aarch64,jre,3648
2026-10-07T02:56:57+00:00,sapmachine-11.0.14,57403970,False,sapmachine-jdk-11.0.14-beta_linux-aarch64_bin-symbols.tar.gz,linux,aarch64,jdk,3
2026-10-07T02:56:57+00:00,sapmachine-11.0.14,57403970,False,sapmachine-jdk-11.0.14_linux-x64_bin.tar.gz,linux,x64,jdk,15972
2026-10-07T02:56:57+00:00,sapmachine-11.0.14,57403970,False,sapmachine-jre-11.0.14_linux-x64_bin.tar.gz,linux,x64,jre,13891
2026-10-07T02:56:57+00:00,sapmachine-11.0.14,57403970,False,sapmachine-jdk-11.0.14_linux-x64_bin-symbols.tar.gz,linux,x64,jdk,6
2026-10-07T02:56:57+00:00,sapmachine-11.0.14,57403970,False,sapmachine-jdk-11.0.14_windows-x64_bin.zip,windows,x64,jdk,5418
2026-10-07T02:56:57+00:00,sapmachine-11.0.14,57403970,False,sapmachine-jre-11.0.14_windows-x64_bin.zip,windows,x64,jre,4647
2026-10-07T02:56:57+00:00,sapmachine-11.0.14,57403970,False,sapmachine-jdk-11.0.14_windows-x64_bin-symbols.tar.gz,windows,x64,jdk,7
2026-10-07T02:56:57+00:00,sapmachine-11.0.14,57403970,False,sapmachine-jdk-11.0.14_windows-x64_bin.msi,windows,x64,jdk,4654
2026-10-07T02:56:57+00:00,sapmachine-11.0.14,57403970,False,sapmachine-jre-11.0.14_windows-x64_bin.msi,windows,x64,jre,4503
2026-10-07T02:56:57+00:00,sapmachine-11.0.14,57403970,False,sapmachine-jdk-11.0.14_linux-ppc64le_bin.tar.gz,linux,ppc64,jdk,4416
2026-10-07T02:56:57+00:00,sapmachine-11.0.14,57403970,False,sapmachine-jre-11.0.14_linux-ppc64le_bin.tar.gz,linux,ppc64,jre,4390
2026-10-07T02:56:57+00:00,sapmachine-11.0.14,57403970,False,sapmachine-jdk-11.0.14_linux-ppc64le_bin-symbols.tar.gz,linux,ppc64,jdk,5
2026-10-07T02:56:57+00:00,sapmachine-11.0.14,57403970,False,sapmachine-jdk-11.0.14_osx-x64_bin.tar.gz,macos,x64,jdk,5060
2026-10-07T02:56:57+00:00,sapmachine-11.0.14,57403970,False,sapmachine-jre-11.0.14_osx-x64_bin.tar.gz,macos,x64,jre,4351
2026-10-07T02:56:57+00:00,sapmachine-11.0.14,57403970,False,sapmachine-jdk-11.0.14_osx-x64_bin-symbols.tar.gz,macos,x64,jdk,7
2026-10-07T02:56:57+00:00,sapmachine-11.0.14,57403970,False,sapmachine-jdk-11.0.14_osx-x64_bin.dmg,macos,x64,jdk,5495
2026-10-07T02:56:57+00:00,sapmachine-11.0.14,57403970,False,sapmachine-jre-11.0.14_osx-x64_bin.dmg,macos,x64,jre,4392
2026-10-07T02:56:57+00:00,sapmachine-11.0.14,57403970,False,sapmachine-jdk-11.0.14-1.x86_64.rpm,linux,x64,jdk,6080
2026-10-07T02:56:57+00:00,sapmachine-17.0.1,51804980,False,sapmachine-jdk-17.0.1_linux-x64_bin.tar.gz,linux,x64,jdk,8257
2026-10-07T02:56:57+00:00,sapmachine-17.0.1,51804980,False,sapmachine-jre-17.0.1_linux-x64_bin.tar.gz,linux,x64,jre,115314
2026-10-07T02:56:57+00:00,sapmachine-17.0.1,51804980,False,sapmachine-jdk-17.0.1_linux-x64_bin-symbols.tar.gz,linux,x64,jdk,4
2026-10-07T02:56:57+00:00,sapmachine-17.0.1,51804980,False,sapmachine-jdk-17.0.1_windows-x64_bin.zip,windows,x64,jdk,10348
2026-10-07T02:56:57+00:00,sapmachine-17.0.1,51804980,False,sapmachine-jre-17.0.1_windows-x64_bin.zip,windows,x64,jre,20646
2026-10-07T02:56:57+00:00,sapmachine-17.0.1,51804980,False,sapmachine-jdk-17.0.1_windows-x64_bin-symbols.tar.gz,windows,x64,jdk,6
2026-10-07T02:56:57+00:00,sapmachine-17.0.1,51804980,False,sapmachine-jdk-17.0.1_windows-x64_bin.msi,windows,x64,jdk,5435
2026-10-07T02:56:57+00:00,sapmachine-17.0.1,51804980,False,sapmachine-jre-17.0.1_windows-x64_bin.msi,windows,x64,jre,4897
2026-10-07T02:56:57+00:00,sapmachine-17.0.1,51804980,False,sapmachine-jdk-17.0.1_linux-ppc64le_bin.tar.gz,linux,ppc64,jdk,4662
2026-10-07T02:56:57+00:00,sapmachine-17.0.1,51804980,False,sapmachine-jre-17.0.1_linux-ppc64le_bin.tar.gz,linux,ppc64,jre,4469
2026-10-07T02:56:57+00:00,sapmachine-17.0.1,51804980,False,sapmachine-jdk-17.0.1_linux-ppc64le_bin-symbols.tar.gz,linux,ppc64,jdk,5
2026-10-07T02:56:57+00:00,sapmachine-17.0.1,51804980,False,sapmachine-jdk-17.0.1-1.x86_64.rpm,linux,x64,jdk,4153
2026-10-07T02:56:57+00:00,sapmachine-17.0.1,51804980,False,sapmachine-jdk-17.0.1-beta_linux-aarch64_bin.tar.gz,linux,aarch64,jdk,3988
2026-10-07T02:56:57+00:00,sapmachine-17.0.1,51804980,False,sapmachine-jre-17.0.1-beta_linux-aarch64_bin.tar.gz,linux,aarch64,jre,3735
2026-10-07T02:56:57+00:00,sapmachine-17.0.1,51804980,False,sapmachine-jdk-17.0.1-beta_linux-aarch64_bin-symbols.tar.gz,linux,aarch64,jdk,5
2026-10-07T02:56:57+00:00,sapmachine-17.0.1,51804980,False,sapmachine-jdk-17.0.1_macos-x64_bin.tar.gz,macos,x64,jdk,5854
2026-10-07T02:56:57+00:00,sapmachine-17.0.1,51804980,False,sapmachine-jre-17.0.1_macos-x64_bin.tar.gz,macos,x64,jre,4993
2026-10-07T02:56:57+00:00,sapmachine-17.0.1,51804980,False,sapmachine-jdk-17.0.1_macos-x64_bin-symbols.tar.gz,macos,x64,jdk,5
2026-10-07T02:56:57+00:00,sapmachine-17.0.1,51804980,False,sapmachine-jdk-17.0.1_macos-x64_bin.dmg,macos,x64,jdk,8787
2026-10-07T02:56:57+00:00,sapmachine-17.0.1,51804980,False,sapmachine-jre-17.0.1_macos-x64_bin.dmg,macos,x64,jre,4601
2026-10-07T02:56:57+00:00,sapmachine-17.0.1,51804980,False,sapmachine-jdk-17.0.1_macos-aarch64_bin.tar.gz,macos,aarch64,jdk,5309
2026-10-07T02:56:57+00:00,sapmachine-17.0.1,51804980,False,sapmachine-jre-17.0.1_macos-aarch64_bin.tar.gz,macos,aarch64,jre,4546
2026-10-07T02:56:57+00:00,sapmachine-17.0.1,51804980,False,sapmachine-jdk-17.0.1_macos-aarch64_bin-symbols.tar.gz,macos,aarch64,jdk,5
2026-10-07T02:56:57+00:00,sapmachine-17.0.1,51804980,False,sapmachine-jdk-17.0.1_macos-aarch64_bin.dmg,macos,aarch64,jdk,7576
2026-10-07T02:56:57+00:00,sapmachine-17.0.1,51804980,False,sapmachine-jre-17.0.1_macos-aarch64_bin.dmg,macos,aarch64,jre,4597
2026-10-07T02:56:57+00:00,sapmachine-11.0.13,51636996,False,sapmachine-jdk-11.0.13-beta_linux-aarch64_bin.tar.gz,linux,aarch64,jdk,4008
2026-10-07T02:56:57+00:00,sapmachine-11.0.13,51636996,False,sapmachine-jre-11.0.13-beta_linux-aarch64_bin.tar.gz,linux,aarch64,jre,3736
2026-10-07T02:56:57+00:00,sapmachine-11.0.13,51636996,False,sapmachine-jdk-11.0.13-beta_linux-aarch64_bin-symbols.tar.gz,linux,aarch64,jdk,3
2026-10-07T02:56:57+00:00,sapmachine-11.0.13,51636996,False,sapmachine-jdk-11.0.13_windows-x64_bin.zip,windows,x64,jdk,8899
2026-10-07T02:56:57+00:00,sapmachine-11.0.13,51636996,False,sapmachine-jre-11.0.13_windows-x64_bin.zip,windows,x64,jre,5790
2026-10-07T02:56:57+00:00,sapmachine-11.0.13,51636996,False,sapmachine-jdk-11.0.13_windows-x64_bin-symbols.tar.gz,windows,x64,jdk,6
2026-10-07T02:56:57+00:00,sapmachine-11.0.13,51636996,False,sapmachine-jdk-11.0.13_windows-x64_bin.msi,windows,x64,jdk,5564
2026-10-07T02:56:57+00:00,sapmachine-11.0.13,51636996,False,sapmachine-jre-11.0.13_windows-x64_bin.msi,windows,x64,jre,4835
2026-10-07T02:56:57+00:00,sapmachine-11.0.13,51636996,False,sapmachine-jdk-11.0.13_linux-ppc64le_bin.tar.gz,linux,ppc64,jdk,4626
2026-10-07T02:56:57+00:00,sapmachine-11.0.13,51636996,False,sapmachine-jre-11.0.13_linux-ppc64le_bin.tar.gz,linux,ppc64,jre,4513
2026-10-07T02:56:57+00:00,sapmachine-11.0.13,51636996,False,sapmachine-jdk-11.0.13_linux-ppc64le_bin-symbols.tar.gz,linux,ppc64,jdk,3
2026-10-07T02:56:57+00:00,sapmachine-11.0.13,51636996,False,sapmachine-jdk-11.0.13_linux-x64_bin.tar.gz,linux,x64,jdk,378674
2026-10-07T02:56:57+00:00,sapmachine-11.0.13,51636996,False,sapmachine-jre-11.0.13_linux-x64_bin.tar.gz,linux,x64,jre,23997
2026-10-07T02:56:57+00:00,sapmachine-11.0.13,51636996,False,sapmachine-jdk-11.0.13_linux-x64_bin-symbols.tar.gz,linux,x64,jdk,3
2026-10-07T02:56:57+00:00,sapmachine-11.0.13,51636996,False,sapmachine-jdk-11.0.13-1.x86_64.rpm,linux,x64,jdk,4315
2026-10-07T02:56:57+00:00,sapmachine-11.0.13,51636996,False,sapmachine-jdk-11.0.13_osx-x64_bin.tar.gz,macos,x64,jdk,6143
2026-10-07T02:56:57+00:00,sapmachine-11.0.13,51636996,False,sapmachine-jdk-11.0.13_osx-x64_bin-symbols.tar.gz,macos,x64,jdk,6
2026-10-07T02:56:57+00:00,sapmachine-11.0.13,51636996,False,sapmachine-jdk-11.0.13_osx-x64_bin.dmg,macos,x64,jdk,8113
2026-10-07T02:56:57+00:00,sapmachine-11.0.13,51636996,False,sapmachine-jre-11.0.13_osx-x64_bin.dmg,macos,x64,jre,4628
2026-10-07T02:56:57+00:00,sapmachine-11.0.13,51636996,False,sapmachine-jre-11.0.13_osx-x64_bin.tar.gz,macos,x64,jre,4523
2026-10-07T02:56:57+00:00,sapmachine-17,49519526,False,sapmachine-jdk-17_macos-x64_bin.tar.gz,macos,x64,jdk,5754
2026-10-07T02:56:57+00:00,sapmachine-17,49519526,False,sapmachine-jre-17_macos-x64_bin.tar.gz,macos,x64,jre,5252
2026-10-07T02:56:57+00:00,sapmachine-17,49519526,False,sapmachine-jdk-17_macos-x64_bin-symbols.tar.gz,macos,x64,jdk,12
2026-10-07T02:56:57+00:00,sapmachine-17,49519526,False,sapmachine-jdk-17_macos-x64_bin.dmg,macos,x64,jdk,6491
2026-10-07T02:56:57+00:00,sapmachine-17,49519526,False,sapmachine-jre-17_macos-x64_bin.dmg,macos,x64,jre,4565
2026-10-07T02:56:57+00:00,sapmachine-17,49519526,False,sapmachine-jdk-17_macos-aarch64_bin.tar.gz,macos,aarch64,jdk,4998
2026-10-07T02:56:57+00:00,sapmachine-17,49519526,False,sapmachine-jre-17_macos-aarch64_bin.tar.gz,macos,aarch64,jre,4616
2026-10-07T02:56:57+00:00,sapmachine-17,49519526,False,sapmachine-jdk-17_macos-aarch64_bin-symbols.tar.gz,macos,aarch64,jdk,16
2026-10-07T02:56:57+00:00,sapmachine-17,49519526,False,sapmachine-jdk-17_macos-aarch64_bin.dmg,macos,aarch64,jdk,5567
2026-10-07T02:56:57+00:00,sapmachine-17,49519526,False,sapmachine-jre-17_macos-aarch64_bin.dmg,macos,aarch64,jre,4563
2026-10-07T02:56:57+00:00,sapmachine-17,49519526,False,sapmachine-jdk-17-beta_linux-aarch64_bin.tar.gz,linux,aarch64,jdk,4185
2026-10-07T02:56:57+00:00,sapmachine-17,49519526,False,sapmachine-jre-17-beta_linux-aarch64_bin.tar.gz,linux,aarch64,jre,3775
2026-10-07T02:56:57+00:00,sapmachine-17,49519526,False,sapmachine-jdk-17-beta_linux-aarch64_bin-symbols.tar.gz,linux,aarch64,jdk,10
2026-10-07T02:56:57+00:00,sapmachine-17,49519526,False,sapmachine-jdk-17_windows-x64_bin.zip,windows,x64,jdk,8498
2026-10-07T02:56:57+00:00,sapmachine-17,49519526,False,sapmachine-jre-17_windows-x64_bin.zip,windows,x64,jre,5658
2026-10-07T02:56:57+00:00,sapmachine-17,49519526,False,sapmachine-jdk-17_windows-x64_bin-symbols.tar.gz,windows,x64,jdk,11
2026-10-07T02:56:57+00:00,sapmachine-17,49519526,False,sapmachine-jdk-17_windows-x64_bin.msi,windows,x64,jdk,5185
2026-10-07T02:56:57+00:00,sapmachine-17,49519526,False,sapmachine-jre-17_windows-x64_bin.msi,windows,x64,jre,9907
2026-10-07T02:56:57+00:00,sapmachine-17,49519526,False,sapmachine-jdk-17_linux-x64_bin.tar.gz,linux,x64,jdk,9049
2026-10-07T02:56:57+00:00,sapmachine-17,49519526,False,sapmachine-jre-17_linux-x64_bin.tar.gz,linux,x64,jre,32387
2026-10-07T02:56:57+00:00,sapmachine-17,49519526,False,sapmachine-jdk-17_linux-x64_bin-symbols.tar.gz,linux,x64,jdk,12
2026-10-07T02:56:57+00:00,sapmachine-17,49519526,False,sapmachine-jdk-17_linux-ppc64le_bin.tar.gz,linux,ppc64,jdk,4570
2026-10-07T02:56:57+00:00,sapmachine-17,49519526,False,sapmachine-jre-17_linux-ppc64le_bin.tar.gz,linux,ppc64,jre,4510
2026-10-07T02:56:57+00:00,sapmachine-17,49519526,False,sapmachine-jdk-17_linux-ppc64le_bin-symbols.tar.gz,linux,ppc64,jdk,9
2026-10-07T02:56:57+00:00,sapmachine-17,49519526,False,sapmachine-jdk-17-1.x86_64.rpm,linux,x64,jdk,4291
2026-10-07T02:56:57+00:00,sapmachine-16.0.2,46612324,False,sapmachine-jdk-16.0.2_linux-x64_bin.tar.gz,linux,x64,jdk,7786
2026-10-07T02:56:57+00:00,sapmachine-16.0.2,46612324,False,sapmachine-jre-16.0.2_linux-x64_bin.tar.gz,linux,x64,jre,9071
2026-10-07T02:56:57+00:00,sapmachine-16.0.2,46612324,False,sapmachine-jdk-16.0.2_linux-x64_bin-symbols.tar.gz,linux,x64,jdk,8
2026-10-07T02:56:57+00:00,sapmachine-16.0.2,46612324,False,sapmachine-jdk-16.0.2-beta_linux-aarch64_bin.tar.gz,linux,aarch64,jdk,4269
2026-10-07T02:56:57+00:00,sapmachine-16.0.2,46612324,False,sapmachine-jre-16.0.2-beta_linux-aarch64_bin.tar.gz,linux,aarch64,jre,3825
2026-10-07T02:56:57+00:00,sapmachine-16.0.2,46612324,False,sapmachine-jdk-16.0.2-beta_linux-aarch64_bin-symbols.tar.gz,linux,aarch64,jdk,8
2026-10-07T02:56:57+00:00,sapmachine-16.0.2,46612324,False,sapmachine-jdk-16.0.2-1.x86_64.rpm,linux,x64,jdk,4250
2026-10-07T02:56:57+00:00,sapmachine-16.0.2,46612324,False,sapmachine-jdk-16.0.2_windows-x64_bin.zip,windows,x64,jdk,6799
2026-10-07T02:56:57+00:00,sapmachine-16.0.2,46612324,False,sapmachine-jre-16.0.2_windows-x64_bin.zip,windows,x64,jre,5486
2026-10-07T02:56:57+00:00,sapmachine-16.0.2,46612324,False,sapmachine-jdk-16.0.2_windows-x64_bin-symbols.tar.gz,windows,x64,jdk,8
2026-10-07T02:56:57+00:00,sapmachine-16.0.2,46612324,False,sapmachine-jdk-16.0.2_windows-x64_bin.msi,windows,x64,jdk,50704
2026-10-07T02:56:57+00:00,sapmachine-16.0.2,46612324,False,sapmachine-jre-16.0.2_windows-x64_bin.msi,windows,x64,jre,50702
2026-10-07T02:56:57+00:00,sapmachine-16.0.2,46612324,False,sapmachine-jdk-16.0.2_linux-ppc64_bin.tar.gz,linux,ppc64,jdk,4466
2026-10-07T02:56:57+00:00,sapmachine-16.0.2,46612324,False,sapmachine-jre-16.0.2_linux-ppc64_bin.tar.gz,linux,ppc64,jre,4481
2026-10-07T02:56:57+00:00,sapmachine-16.0.2,46612324,False,sapmachine-jdk-16.0.2_linux-ppc64_bin-symbols.tar.gz,linux,ppc64,jdk,7
2026-10-07T02:56:57+00:00,sapmachine-16.0.2,46612324,False,sapmachine-jdk-16.0.2_linux-ppc64le_bin.tar.gz,linux,ppc64,jdk,4558
2026-10-07T02:56:57+00:00,sapmachine-16.0.2,46612324,False,sapmachine-jre-16.0.2_linux-ppc64le_bin.tar.gz,linux,ppc64,jre,4507
2026-10-07T02:56:57+00:00,sapmachine-16.0.2,46612324,False,sapmachine-jdk-16.0.2_linux-ppc64le_bin-symbols.tar.gz,linux,ppc64,jdk,6
2026-10-07T02:56:57+00:00,sapmachine-16.0.2,46612324,False,sapmachine-jdk-16.0.2_osx-x64_bin.tar.gz,macos,x64,jdk,6325
2026-10-07T02:56:57+00:00,sapmachine-16.0.2,46612324,False,sapmachine-jre-16.0.2_osx-x64_bin.tar.gz,macos,x64,jre,5349
2026-10-07T02:56:57+00:00,sapmachine-16.0.2,46612324,False,sapmachine-jdk-16.0.2_osx-x64_bin-symbols.tar.gz,macos,x64,jdk,4
2026-10-07T02:56:57+00:00,sapmachine-16.0.2,46612324,False,sapmachine-jdk-16.0.2_osx-x64_bin.dmg,macos,x64,jdk,5106
2026-10-07T02:56:57+00:00,sapmachine-16.0.2,46612324,False,sapmachine-jre-16.0.2_osx-x64_bin.dmg,macos,x64,jre,4602
2026-10-07T02:56:57+00:00,sapmachine-11.0.12,46498867,False,sapmachine-jdk-11.0.12_linux-x64_bin.tar.gz,linux,x64,jdk,327782
2026-10-07T02:56:57+00:00,sapmachine-11.0.12,46498867,False,sapmachine-jre-11.0.12_linux-x64_bin.tar.gz,linux,x64,jre,33831
2026-10-07T02:56:57+00:00,sapmachine-11.0.12,46498867,False,sapmachine-jdk-11.0.12_linux-x64_bin-symbols.tar.gz,linux,x64,jdk,10
2026-10-07T02:56:57+00:00,sapmachine-11.0.12,46498867,False,sapmachine-jdk-11.0.12-beta_linux-aarch64_bin.tar.gz,linux,aarch64,jdk,4231
2026-10-07T02:56:57+00:00,sapmachine-11.0.12,46498867,False,sapmachine-jre-11.0.12-beta_linux-aarch64_bin.tar.gz,linux,aarch64,jre,3833
2026-10-07T02:56:57+00:00,sapmachine-11.0.12,46498867,False,sapmachine-jdk-11.0.12-beta_linux-aarch64_bin-symbols.tar.gz,linux,aarch64,jdk,10
2026-10-07T02:56:57+00:00,sapmachine-11.0.12,46498867,False,sapmachine-jdk-11.0.12_windows-x64_bin.zip,windows,x64,jdk,92594
2026-10-07T02:56:57+00:00,sapmachine-11.0.12,46498867,False,sapmachine-jre-11.0.12_windows-x64_bin.zip,windows,x64,jre,9171
2026-10-07T02:56:57+00:00,sapmachine-11.0.12,46498867,False,sapmachine-jdk-11.0.12_windows-x64_bin-symbols.tar.gz,windows,x64,jdk,11
2026-10-07T02:56:57+00:00,sapmachine-11.0.12,46498867,False,sapmachine-jdk-11.0.12_windows-x64_bin.msi,windows,x64,jdk,5723
2026-10-07T02:56:57+00:00,sapmachine-11.0.12,46498867,False,sapmachine-jre-11.0.12_windows-x64_bin.msi,windows,x64,jre,4934
2026-10-07T02:56:57+00:00,sapmachine-11.0.12,46498867,False,sapmachine-jdk-11.0.12_osx-x64_bin.tar.gz,macos,x64,jdk,5951
2026-10-07T02:56:57+00:00,sapmachine-11.0.12,46498867,False,sapmachine-jre-11.0.12_osx-x64_bin.tar.gz,macos,x64,jre,4552
2026-10-07T02:56:57+00:00,sapmachine-11.0.12,46498867,False,sapmachine-jdk-11.0.12_osx-x64_bin-symbols.tar.gz,macos,x64,jdk,12
2026-10-07T02:56:57+00:00,sapmachine-11.0.12,46498867,False,sapmachine-jdk-11.0.12_osx-x64_bin.dmg,macos,x64,jdk,8947
2026-10-07T02:56:57+00:00,sapmachine-11.0.12,46498867,False,sapmachine-jre-11.0.12_osx-x64_bin.dmg,macos,x64,jre,4605
2026-10-07T02:56:57+00:00,sapmachine-11.0.12,46498867,False,sapmachine-jdk-11.0.12-1.x86_64.rpm,linux,x64,jdk,5558
2026-10-07T02:56:57+00:00,sapmachine-11.0.12,46498867,False,sapmachine-jdk-11.0.12_linux-ppc64_bin.tar.gz,linux,ppc64,jdk,4504
2026-10-07T02:56:57+00:00,sapmachine-11.0.12,46498867,False,sapmachine-jdk-11.0.12_linux-ppc64le_bin.tar.gz,linux,ppc64,jdk,4592
2026-10-07T02:56:57+00:00,sapmachine-11.0.12,46498867,False,sapmachine-jre-11.0.12_linux-ppc64_bin.tar.gz,linux,ppc64,jre,4499
2026-10-07T02:56:57+00:00,sapmachine-11.0.12,46498867,False,sapmachine-jre-11.0.12_linux-ppc64le_bin.tar.gz,linux,ppc64,jre,4462
2026-10-07T02:56:57+00:00,sapmachine-11.0.12,46498867,False,sapmachine-jdk-11.0.12_linux-ppc64le_bin-symbols.tar.gz,linux,ppc64,jdk,8
2026-10-07T02:56:57+00:00,sapmachine-11.0.12,46498867,False,sapmachine-jdk-11.0.12_linux-ppc64_bin-symbols.tar.gz,linux,ppc64,jdk,8
2026-10-07T02:56:57+00:00,sapmachine-16.0.1,41759412,False,sapmachine-jdk-16.0.1_linux-x64_bin.tar.gz,linux,x64,jdk,7523
2026-10-07T02:56:57+00:00,sapmachine-16.0.1,41759412,False,sapmachine-jre-16.0.1_linux-x64_bin.tar.gz,linux,x64,jre,8855
2026-10-07T02:56:57+00:00,sapmachine-16.0.1,41759412,False,sapmachine-jdk-16.0.1_linux-x64_bin-symbols.tar.gz,linux,x64,jdk,10
2026-10-07T02:56:57+00:00,sapmachine-16.0.1,41759412,False,sapmachine-jdk-16.0.1-1.x86_64.rpm,linux,x64,jdk,4374
2026-10-07T02:56:57+00:00,sapmachine-16.0.1,41759412,False,sapmachine-jdk-16.0.1_windows-x64_bin.zip,windows,x64,jdk,7479
2026-10-07T02:56:57+00:00,sapmachine-16.0.1,41759412,False,sapmachine-jre-16.0.1_windows-x64_bin.zip,windows,x64,jre,6145
2026-10-07T02:56:57+00:00,sapmachine-16.0.1,41759412,False,sapmachine-jdk-16.0.1_windows-x64_bin-symbols.tar.gz,windows,x64,jdk,7
2026-10-07T02:56:57+00:00,sapmachine-16.0.1,41759412,False,sapmachine-jdk-16.0.1_windows-x64_bin.msi,windows,x64,jdk,7056
2026-10-07T02:56:57+00:00,sapmachine-16.0.1,41759412,False,sapmachine-jre-16.0.1_windows-x64_bin.msi,windows,x64,jre,7038
2026-10-07T02:56:57+00:00,sapmachine-16.0.1,41759412,False,sapmachine-jdk-16.0.1_linux-ppc64_bin.tar.gz,linux,ppc64,jdk,4593
2026-10-07T02:56:57+00:00,sapmachine-16.0.1,41759412,False,sapmachine-jre-16.0.1_linux-ppc64_bin.tar.gz,linux,ppc64,jre,4525
2026-10-07T02:56:57+00:00,sapmachine-16.0.1,41759412,False,sapmachine-jdk-16.0.1_linux-ppc64_bin-symbols.tar.gz,linux,ppc64,jdk,11
2026-10-07T02:56:57+00:00,sapmachine-16.0.1,41759412,False,sapmachine-jdk-16.0.1_linux-ppc64le_bin.tar.gz,linux,ppc64,jdk,4731
2026-10-07T02:56:57+00:00,sapmachine-16.0.1,41759412,False,sapmachine-jre-16.0.1_linux-ppc64le_bin.tar.gz,linux,ppc64,jre,4668
2026-10-07T02:56:57+00:00,sapmachine-16.0.1,41759412,False,sapmachine-jdk-16.0.1_linux-ppc64le_bin-symbols.tar.gz,linux,ppc64,jdk,7
2026-10-07T02:56:57+00:00,sapmachine-16.0.1,41759412,False,sapmachine-jdk-16.0.1-beta_linux-aarch64_bin.tar.gz,linux,aarch64,jdk,4362
2026-10-07T02:56:57+00:00,sapmachine-16.0.1,41759412,False,sapmachine-jre-16.0.1-beta_linux-aarch64_bin.tar.gz,linux,aarch64,jre,3921
2026-10-07T02:56:57+00:00,sapmachine-16.0.1,41759412,False,sapmachine-jdk-16.0.1-beta_linux-aarch64_bin-symbols.tar.gz,linux,aarch64,jdk,7
2026-10-07T02:56:57+00:00,sapmachine-16.0.1,41759412,False,sapmachine-jdk-16.0.1_osx-x64_bin.tar.gz,macos,x64,jdk,6967
2026-10-07T02:56:57+00:00,sapmachine-16.0.1,41759412,False,sapmachine-jre-16.0.1_osx-x64_bin.tar.gz,macos,x64,jre,6027
2026-10-07T02:56:57+00:00,sapmachine-16.0.1,41759412,False,sapmachine-jdk-16.0.1_osx-x64_bin-symbols.tar.gz,macos,x64,jdk,9
2026-10-07T02:56:57+00:00,sapmachine-16.0.1,41759412,False,sapmachine-jdk-16.0.1_osx-x64_bin.dmg,macos,x64,jdk,5476
2026-10-07T02:56:57+00:00,sapmachine-16.0.1,41759412,False,sapmachine-jre-16.0.1_osx-x64_bin.dmg,macos,x64,jre,4612
2026-10-07T02:56:57+00:00,sapmachine-11.0.11,41730420,False,sapmachine-jdk-11.0.11_linux-x64_bin.tar.gz,linux,x64,jdk,103577
2026-10-07T02:56:57+00:00,sapmachine-11.0.11,41730420,False,sapmachine-jre-11.0.11_linux-x64_bin.tar.gz,linux,x64,jre,31713
2026-10-07T02:56:57+00:00,sapmachine-11.0.11,41730420,False,sapmachine-jdk-11.0.11_linux-x64_bin-symbols.tar.gz,linux,x64,jdk,8
2026-10-07T02:56:57+00:00,sapmachine-11.0.11,41730420,False,sapmachine-jdk-11.0.11-1.x86_64.rpm,linux,x64,jdk,8271
2026-10-07T02:56:57+00:00,sapmachine-11.0.11,41730420,False,sapmachine-jdk-11.0.11_windows-x64_bin.zip,windows,x64,jdk,14588
2026-10-07T02:56:57+00:00,sapmachine-11.0.11,41730420,False,sapmachine-jre-11.0.11_windows-x64_bin.zip,windows,x64,jre,8883
2026-10-07T02:56:57+00:00,sapmachine-11.0.11,41730420,False,sapmachine-jdk-11.0.11_windows-x64_bin-symbols.tar.gz,windows,x64,jdk,13
2026-10-07T02:56:57+00:00,sapmachine-11.0.11,41730420,False,sapmachine-jdk-11.0.11_windows-x64_bin.msi,windows,x64,jdk,14779
2026-10-07T02:56:57+00:00,sapmachine-11.0.11,41730420,False,sapmachine-jre-11.0.11_windows-x64_bin.msi,windows,x64,jre,13880
2026-10-07T02:56:57+00:00,sapmachine-11.0.11,41730420,False,sapmachine-jdk-11.0.11_osx-x64_bin.tar.gz,macos,x64,jdk,5814
2026-10-07T02:56:57+00:00,sapmachine-11.0.11,41730420,False,sapmachine-jre-11.0.11_osx-x64_bin.tar.gz,macos,x64,jre,4679
2026-10-07T02:56:57+00:00,sapmachine-11.0.11,41730420,False,sapmachine-jdk-11.0.11_osx-x64_bin-symbols.tar.gz,macos,x64,jdk,8
2026-10-07T02:56:57+00:00,sapmachine-11.0.11,41730420,False,sapmachine-jdk-11.0.11_osx-x64_bin.dmg,macos,x64,jdk,8896
2026-10-07T02:56:57+00:00,sapmachine-11.0.11,41730420,False,sapmachine-jre-11.0.11_osx-x64_bin.dmg,macos,x64,jre,4692
2026-10-07T02:56:57+00:00,sapmachine-11.0.11,41730420,False,sapmachine-jdk-11.0.11_linux-ppc64_bin.tar.gz,linux,ppc64,jdk,4577
2026-10-07T02:56:57+00:00,sapmachine-11.0.11,41730420,False,sapmachine-jre-11.0.11_linux-ppc64_bin.tar.gz,linux,ppc64,jre,4528
2026-10-07T02:56:57+00:00,sapmachine-11.0.11,41730420,False,sapmachine-jdk-11.0.11_linux-ppc64_bin-symbols.tar.gz,linux,ppc64,jdk,8
2026-10-07T02:56:57+00:00,sapmachine-11.0.11,41730420,False,sapmachine-jdk-11.0.11_linux-ppc64le_bin.tar.gz,linux,ppc64,jdk,4600
2026-10-07T02:56:57+00:00,sapmachine-11.0.11,41730420,False,sapmachine-jre-11.0.11_linux-ppc64le_bin.tar.gz,linux,ppc64,jre,4571
2026-10-07T02:56:57+00:00,sapmachine-11.0.11,41730420,False,sapmachine-jdk-11.0.11_linux-ppc64le_bin-symbols.tar.gz,linux,ppc64,jdk,10
2026-10-07T02:56:57+00:00,sapmachine-11.0.11,41730420,False,sapmachine-jdk-11.0.11-beta_linux-aarch64_bin.tar.gz,linux,aarch64,jdk,4307
2026-10-07T02:56:57+00:00,sapmachine-11.0.11,41730420,False,sapmachine-jre-11.0.11-beta_linux-aarch64_bin.tar.gz,linux,aarch64,jre,3920
2026-10-07T02:56:57+00:00,sapmachine-11.0.11,41730420,False,sapmachine-jdk-11.0.11-beta_linux-aarch64_bin-symbols.tar.gz,linux,aarch64,jdk,17
2026-10-07T02:56:57+00:00,sapmachine-16,39844832,False,sapmachine-jdk-16_linux-x64_bin.tar.gz,linux,x64,jdk,7470
2026-10-07T02:56:57+00:00,sapmachine-16,39844832,False,sapmachine-jre-16_linux-x64_bin.tar.gz,linux,x64,jre,8716
2026-10-07T02:56:57+00:00,sapmachine-16,39844832,False,sapmachine-jdk-16_linux-x64_bin-symbols.tar.gz,linux,x64,jdk,3
2026-10-07T02:56:57+00:00,sapmachine-16,39844832,False,sapmachine-jdk-16-beta_linux-aarch64_bin.tar.gz,linux,aarch64,jdk,4377
2026-10-07T02:56:57+00:00,sapmachine-16,39844832,False,sapmachine-jre-16-beta_linux-aarch64_bin.tar.gz,linux,aarch64,jre,3971
2026-10-07T02:56:57+00:00,sapmachine-16,39844832,False,sapmachine-jdk-16-beta_linux-aarch64_bin-symbols.tar.gz,linux,aarch64,jdk,4
2026-10-07T02:56:57+00:00,sapmachine-16,39844832,False,sapmachine-jdk-16-1.x86_64.rpm,linux,x64,jdk,4410
2026-10-07T02:56:57+00:00,sapmachine-16,39844832,False,sapmachine-jdk-16_windows-x64_bin.zip,windows,x64,jdk,7649
2026-10-07T02:56:57+00:00,sapmachine-16,39844832,False,sapmachine-jre-16_windows-x64_bin.zip,windows,x64,jre,6831
2026-10-07T02:56:57+00:00,sapmachine-16,39844832,False,sapmachine-jdk-16_windows-x64_bin-symbols.tar.gz,windows,x64,jdk,3
2026-10-07T02:56:57+00:00,sapmachine-16,39844832,False,sapmachine-jdk-16_windows-x64_bin.msi,windows,x64,jdk,4781
2026-10-07T02:56:57+00:00,sapmachine-16,39844832,False,sapmachine-jre-16_windows-x64_bin.msi,windows,x64,jre,4606
2026-10-07T02:56:57+00:00,sapmachine-16,39844832,False,sapmachine-jdk-16_linux-ppc64le_bin.tar.gz,linux,ppc64,jdk,4487
2026-10-07T02:56:57+00:00,sapmachine-16,39844832,False,sapmachine-jre-16_linux-ppc64le_bin.tar.gz,linux,ppc64,jre,4512
2026-10-07T02:56:57+00:00,sapmachine-16,39844832,False,sapmachine-jdk-16_linux-ppc64le_bin-symbols.tar.gz,linux,ppc64,jdk,3
2026-10-07T02:56:57+00:00,sapmachine-16,39844832,False,sapmachine-jdk-16_linux-ppc64_bin.tar.gz,linux,ppc64,jdk,4502
2026-10-07T02:56:57+00:00,sapmachine-16,39844832,False,sapmachine-jre-16_linux-ppc64_bin.tar.gz,linux,ppc64,jre,4491
2026-10-07T02:56:57+00:00,sapmachine-16,39844832,False,sapmachine-jdk-16_linux-ppc64_bin-symbols.tar.gz,linux,ppc64,jdk,3
2026-10-07T02:56:57+00:00,sapmachine-16,39844832,False,sapmachine-jdk-16_osx-x64_bin.tar.gz,macos,x64,jdk,7377
2026-10-07T02:56:57+00:00,sapmachine-16,39844832,False,sapmachine-jre-16_osx-x64_bin.tar.gz,macos,x64,jre,2922
2026-10-07T02:56:57+00:00,sapmachine-16,39844832,False,sapmachine-jdk-16_osx-x64_bin-symbols.tar.gz,macos,x64,jdk,4
2026-10-07T02:56:57+00:00,sapmachine-16,39844832,False,sapmachine-jdk-16_osx-x64_bin.dmg,macos,x64,jdk,5147
2026-10-07T02:56:57+00:00,sapmachine-16,39844832,False,sapmachine-jre-16_osx-x64_bin.dmg,macos,x64,jre,4565
2026-10-07T02:56:57+00:00,sapmachine-15.0.2,36751903,False,sapmachine-jdk-15.0.2_linux-x64_bin.tar.gz,linux,x64,jdk,13617
2026-10-07T02:56:57+00:00,sapmachine-15.0.2,36751903,False,sapmachine-jre-15.0.2_linux-x64_bin.tar.gz,linux,x64,jre,13391
2026-10-07T02:56:57+00:00,sapmachine-15.0.2,36751903,False,sapmachine-jdk-15.0.2_linux-x64_bin-symbols.tar.gz,linux,x64,jdk,5
2026-10-07T02:56:57+00:00,sapmachine-15.0.2,36751903,False,sapmachine-jdk-15.0.2-beta_linux-aarch64_bin.tar.gz,linux,aarch64,jdk,4510
2026-10-07T02:56:57+00:00,sapmachine-15.0.2,36751903,False,sapmachine-jre-15.0.2-beta_linux-aarch64_bin.tar.gz,linux,aarch64,jre,4015
2026-10-07T02:56:57+00:00,sapmachine-15.0.2,36751903,False,sapmachine-jdk-15.0.2-beta_linux-aarch64_bin-symbols.tar.gz,linux,aarch64,jdk,6
2026-10-07T02:56:57+00:00,sapmachine-15.0.2,36751903,False,sapmachine-jdk-15.0.2-1.x86_64.rpm,linux,x64,jdk,4429
2026-10-07T02:56:57+00:00,sapmachine-15.0.2,36751903,False,sapmachine-jdk-15.0.2_windows-x64_bin.zip,windows,x64,jdk,13357
2026-10-07T02:56:57+00:00,sapmachine-15.0.2,36751903,False,sapmachine-jre-15.0.2_windows-x64_bin.zip,windows,x64,jre,7983
2026-10-07T02:56:57+00:00,sapmachine-15.0.2,36751903,False,sapmachine-jdk-15.0.2_windows-x64_bin-symbols.tar.gz,windows,x64,jdk,8
2026-10-07T02:56:57+00:00,sapmachine-15.0.2,36751903,False,sapmachine-jdk-15.0.2_windows-x64_bin.msi,windows,x64,jdk,4750
2026-10-07T02:56:57+00:00,sapmachine-15.0.2,36751903,False,sapmachine-jre-15.0.2_windows-x64_bin.msi,windows,x64,jre,4683
2026-10-07T02:56:57+00:00,sapmachine-15.0.2,36751903,False,sapmachine-jdk-15.0.2_linux-ppc64_bin.tar.gz,linux,ppc64,jdk,4539
2026-10-07T02:56:57+00:00,sapmachine-15.0.2,36751903,False,sapmachine-jre-15.0.2_linux-ppc64_bin.tar.gz,linux,ppc64,jre,4492
2026-10-07T02:56:57+00:00,sapmachine-15.0.2,36751903,False,sapmachine-jdk-15.0.2_linux-ppc64_bin-symbols.tar.gz,linux,ppc64,jdk,6
2026-10-07T02:56:57+00:00,sapmachine-15.0.2,36751903,False,sapmachine-jdk-15.0.2_linux-ppc64le_bin.tar.gz,linux,ppc64,jdk,4510
2026-10-07T02:56:57+00:00,sapmachine-15.0.2,36751903,False,sapmachine-jre-15.0.2_linux-ppc64le_bin.tar.gz,linux,ppc64,jre,4518
2026-10-07T02:56:57+00:00,sapmachine-15.0.2,36751903,False,sapmachine-jdk-15.0.2_linux-ppc64le_bin-symbols.tar.gz,linux,ppc64,jdk,5
2026-10-07T02:56:57+00:00,sapmachine-15.0.2,36751903,False,sapmachine-jdk-15.0.2_osx-x64_bin.tar.gz,macos,x64,jdk,13537
2026-10-07T02:56:57+00:00,sapmachine-15.0.2,36751903,False,sapmachine-jre-15.0.2_osx-x64_bin.tar.gz,macos,x64,jre,7800
2026-10-07T02:56:57+00:00,sapmachine-15.0.2,36751903,False,sapmachine-jdk-15.0.2_osx-x64_bin-symbols.tar.gz,macos,x64,jdk,8
2026-10-07T02:56:57+00:00,sapmachine-15.0.2,36751903,False,sapmachine-jdk-15.0.2_osx-x64_bin.dmg,macos,x64,jdk,5496
2026-10-07T02:56:57+00:00,sapmachine-15.0.2,36751903,False,sapmachine-jre-15.0.2_osx-x64_bin.dmg,macos,x64,jre,4549
2026-10-07T02:56:57+00:00,sapmachine-11.0.10,36625952,False,sapmachine-jdk-11.0.10_linux-x64_bin.tar.gz,linux,x64,jdk,105892
2026-10-07T02:56:57+00:00,sapmachine-11.0.10,36625952,False,sapmachine-jre-11.0.10_linux-x64_bin.tar.gz,linux,x64,jre,32960
2026-10-07T02:56:57+00:00,sapmachine-11.0.10,36625952,False,sapmachine-jdk-11.0.10_linux-x64_bin-symbols.tar.gz,linux,x64,jdk,7
2026-10-07T02:56:57+00:00,sapmachine-11.0.10,36625952,False,sapmachine-jdk-11.0.10-beta_linux-aarch64_bin.tar.gz,linux,aarch64,jdk,4820
2026-10-07T02:56:57+00:00,sapmachine-11.0.10,36625952,False,sapmachine-jre-11.0.10-beta_linux-aarch64_bin.tar.gz,linux,aarch64,jre,4016
2026-10-07T02:56:57+00:00,sapmachine-11.0.10,36625952,False,sapmachine-jdk-11.0.10-beta_linux-aarch64_bin-symbols.tar.gz,linux,aarch64,jdk,7
2026-10-07T02:56:57+00:00,sapmachine-11.0.10,36625952,False,sapmachine-jdk-11.0.10-1.x86_64.rpm,linux,x64,jdk,4665
2026-10-07T02:56:57+00:00,sapmachine-11.0.10,36625952,False,sapmachine-jdk-11.0.10_windows-x64_bin.zip,windows,x64,jdk,15386
2026-10-07T02:56:57+00:00,sapmachine-11.0.10,36625952,False,sapmachine-jre-11.0.10_windows-x64_bin.zip,windows,x64,jre,9556
2026-10-07T02:56:57+00:00,sapmachine-11.0.10,36625952,False,sapmachine-jdk-11.0.10_windows-x64_bin-symbols.tar.gz,windows,x64,jdk,7
2026-10-07T02:56:57+00:00,sapmachine-11.0.10,36625952,False,sapmachine-jdk-11.0.10_windows-x64_bin.msi,windows,x64,jdk,6024
2026-10-07T02:56:57+00:00,sapmachine-11.0.10,36625952,False,sapmachine-jre-11.0.10_windows-x64_bin.msi,windows,x64,jre,5329
2026-10-07T02:56:57+00:00,sapmachine-11.0.10,36625952,False,sapmachine-jdk-11.0.10_linux-ppc64_bin.tar.gz,linux,ppc64,jdk,4605
2026-10-07T02:56:57+00:00,sapmachine-11.0.10,36625952,False,sapmachine-jre-11.0.10_linux-ppc64_bin.tar.gz,linux,ppc64,jre,4475
2026-10-07T02:56:57+00:00,sapmachine-11.0.10,36625952,False,sapmachine-jdk-11.0.10_linux-ppc64_bin-symbols.tar.gz,linux,ppc64,jdk,7
2026-10-07T02:56:57+00:00,sapmachine-11.0.10,36625952,False,sapmachine-jdk-11.0.10_linux-ppc64le_bin.tar.gz,linux,ppc64,jdk,4576
2026-10-07T02:56:57+00:00,sapmachine-11.0.10,36625952,False,sapmachine-jre-11.0.10_linux-ppc64le_bin.tar.gz,linux,ppc64,jre,4496
2026-10-07T02:56:57+00:00,sapmachine-11.0.10,36625952,False,sapmachine-jdk-11.0.10_linux-ppc64le_bin-symbols.tar.gz,linux,ppc64,jdk,6
2026-10-07T02:56:57+00:00,sapmachine-11.0.10,36625952,False,sapmachine-jdk-11.0.10_osx-x64_bin.tar.gz,macos,x64,jdk,6014
2026-10-07T02:56:57+00:00,sapmachine-11.0.10,36625952,False,sapmachine-jre-11.0.10_osx-x64_bin.tar.gz,macos,x64,jre,4569
2026-10-07T02:56:57+00:00,sapmachine-11.0.10,36625952,False,sapmachine-jdk-11.0.10_osx-x64_bin-symbols.tar.gz,macos,x64,jdk,9
2026-10-07T02:56:57+00:00,sapmachine-11.0.10,36625952,False,sapmachine-jdk-11.0.10_osx-x64_bin.dmg,macos,x64,jdk,8047
2026-10-07T02:56:57+00:00,sapmachine-11.0.10,36625952,False,sapmachine-jre-11.0.10_osx-x64_bin.dmg,macos,x64,jre,4669
2026-10-07T02:56:57+00:00,sapmachine-11.0.9.1,33496967,False,sapmachine-jdk-11.0.9.1_linux-x64_bin.tar.gz,linux,x64,jdk,83722
2026-10-07T02:56:57+00:00,sapmachine-11.0.9.1,33496967,False,sapmachine-jre-11.0.9.1_linux-x64_bin.tar.gz,linux,x64,jre,6817
2026-10-07T02:56:57+00:00,sapmachine-11.0.9.1,33496967,False,sapmachine-jdk-11.0.9.1_linux-x64_bin-symbols.tar.gz,linux,x64,jdk,4
2026-10-07T02:56:57+00:00,sapmachine-11.0.9.1,33496967,False,sapmachine-jdk-11.0.9.1-beta_linux-aarch64_bin.tar.gz,linux,aarch64,jdk,4556
2026-10-07T02:56:57+00:00,sapmachine-11.0.9.1,33496967,False,sapmachine-jre-11.0.9.1-beta_linux-aarch64_bin.tar.gz,linux,aarch64,jre,4091
2026-10-07T02:56:57+00:00,sapmachine-11.0.9.1,33496967,False,sapmachine-jdk-11.0.9.1-beta_linux-aarch64_bin-symbols.tar.gz,linux,aarch64,jdk,7
2026-10-07T02:56:57+00:00,sapmachine-11.0.9.1,33496967,False,sapmachine-jdk-11.0.9.1_windows-x64_bin.zip,windows,x64,jdk,11220
2026-10-07T02:56:57+00:00,sapmachine-11.0.9.1,33496967,False,sapmachine-jre-11.0.9.1_windows-x64_bin.zip,windows,x64,jre,5815
2026-10-07T02:56:57+00:00,sapmachine-11.0.9.1,33496967,False,sapmachine-jdk-11.0.9.1_windows-x64_bin-symbols.tar.gz,windows,x64,jdk,5
2026-10-07T02:56:57+00:00,sapmachine-11.0.9.1,33496967,False,sapmachine-jdk-11.0.9.1_linux-ppc64_bin.tar.gz,linux,ppc64,jdk,4595
2026-10-07T02:56:57+00:00,sapmachine-11.0.9.1,33496967,False,sapmachine-jre-11.0.9.1_linux-ppc64_bin.tar.gz,linux,ppc64,jre,4645
2026-10-07T02:56:57+00:00,sapmachine-11.0.9.1,33496967,False,sapmachine-jdk-11.0.9.1_linux-ppc64_bin-symbols.tar.gz,linux,ppc64,jdk,4
2026-10-07T02:56:57+00:00,sapmachine-11.0.9.1,33496967,False,sapmachine-jdk-11.0.9.1_linux-ppc64le_bin.tar.gz,linux,ppc64,jdk,4632
2026-10-07T02:56:57+00:00,sapmachine-11.0.9.1,33496967,False,sapmachine-jre-11.0.9.1_linux-ppc64le_bin.tar.gz,linux,ppc64,jre,4546
2026-10-07T02:56:57+00:00,sapmachine-11.0.9.1,33496967,False,sapmachine-jdk-11.0.9.1_linux-ppc64le_bin-symbols.tar.gz,linux,ppc64,jdk,5
2026-10-07T02:56:57+00:00,sapmachine-11.0.9.1,33496967,False,sapmachine-jdk-11.0.9.1-1.x86_64.rpm,linux,x64,jdk,4761
2026-10-07T02:56:57+00:00,sapmachine-11.0.9.1,33496967,False,sapmachine-jdk-11.0.9.1_osx-x64_bin.tar.gz,macos,x64,jdk,6476
2026-10-07T02:56:57+00:00,sapmachine-11.0.9.1,33496967,False,sapmachine-jre-11.0.9.1_osx-x64_bin.tar.gz,macos,x64,jre,4601
2026-10-07T02:56:57+00:00,sapmachine-11.0.9.1,33496967,False,sapmachine-jdk-11.0.9.1_osx-x64_bin-symbols.tar.gz,macos,x64,jdk,14
2026-10-07T02:56:57+00:00,sapmachine-11.0.9.1,33496967,False,sapmachine-jdk-11.0.9.1_osx-x64_bin.dmg,macos,x64,jdk,7616
2026-10-07T02:56:57+00:00,sapmachine-11.0.9.1,33496967,False,sapmachine-jre-11.0.9.1_osx-x64_bin.dmg,macos,x64,jre,4820
2026-10-07T02:56:57+00:00,sapmachine-11.0.9.1,33496967,False,sapmachine-jdk-11.0.9.1_windows-x64_bin.msi,windows,x64,jdk,9101
2026-10-07T02:56:57+00:00,sapmachine-11.0.9.1,33496967,False,sapmachine-jre-11.0.9.1_windows-x64_bin.msi,windows,x64,jre,8324
2026-10-07T02:56:57+00:00,sapmachine-11.0.9,32898755,False,sapmachine-jdk-11.0.9_linux-x64_bin.tar.gz,linux,x64,jdk,57533
2026-10-07T02:56:57+00:00,sapmachine-11.0.9,32898755,False,sapmachine-jre-11.0.9_linux-x64_bin.tar.gz,linux,x64,jre,15905
2026-10-07T02:56:57+00:00,sapmachine-11.0.9,32898755,False,sapmachine-jdk-11.0.9_linux-x64_bin-symbols.tar.gz,linux,x64,jdk,4
2026-10-07T02:56:57+00:00,sapmachine-11.0.9,32898755,False,sapmachine-jdk-11.0.9-beta_linux-aarch64_bin.tar.gz,linux,aarch64,jdk,4097
2026-10-07T02:56:57+00:00,sapmachine-11.0.9,32898755,False,sapmachine-jre-11.0.9-beta_linux-aarch64_bin.tar.gz,linux,aarch64,jre,4106
2026-10-07T02:56:57+00:00,sapmachine-11.0.9,32898755,False,sapmachine-jdk-11.0.9-beta_linux-aarch64_bin-symbols.tar.gz,linux,aarch64,jdk,9
2026-10-07T02:56:57+00:00,sapmachine-11.0.9,32898755,False,sapmachine-jdk-11.0.9_windows-x64_bin.zip,windows,x64,jdk,10219
2026-10-07T02:56:57+00:00,sapmachine-11.0.9,32898755,False,sapmachine-jre-11.0.9_windows-x64_bin.zip,windows,x64,jre,8222
2026-10-07T02:56:57+00:00,sapmachine-11.0.9,32898755,False,sapmachine-jdk-11.0.9_windows-x64_bin-symbols.tar.gz,windows,x64,jdk,4
2026-10-07T02:56:57+00:00,sapmachine-11.0.9,32898755,False,sapmachine-jdk-11.0.9_windows-x64_bin.msi,windows,x64,jdk,5044
2026-10-07T02:56:57+00:00,sapmachine-11.0.9,32898755,False,sapmachine-jre-11.0.9_windows-x64_bin.msi,windows,x64,jre,4715
2026-10-07T02:56:57+00:00,sapmachine-11.0.9,32898755,False,sapmachine-jdk-11.0.9_linux-ppc64_bin.tar.gz,linux,ppc64,jdk,4604
2026-10-07T02:56:57+00:00,sapmachine-11.0.9,32898755,False,sapmachine-jre-11.0.9_linux-ppc64_bin.tar.gz,linux,ppc64,jre,4661
2026-10-07T02:56:57+00:00,sapmachine-11.0.9,32898755,False,sapmachine-jdk-11.0.9_linux-ppc64_bin-symbols.tar.gz,linux,ppc64,jdk,5
2026-10-07T02:56:57+00:00,sapmachine-11.0.9,32898755,False,sapmachine-jdk-11.0.9_linux-ppc64le_bin.tar.gz,linux,ppc64,jdk,4604
2026-10-07T02:56:57+00:00,sapmachine-11.0.9,32898755,False,sapmachine-jre-11.0.9_linux-ppc64le_bin.tar.gz,linux,ppc64,jre,4554
2026-10-07T02:56:57+00:00,sapmachine-11.0.9,32898755,False,sapmachine-jdk-11.0.9_linux-ppc64le_bin-symbols.tar.gz,linux,ppc64,jdk,4
2026-10-07T02:56:57+00:00,sapmachine-11.0.9,32898755,False,sapmachine-jdk-11.0.9_osx-x64_bin.tar.gz,macos,x64,jdk,5390
2026-10-07T02:56:57+00:00,sapmachine-11.0.9,32898755,False,sapmachine-jre-11.0.9_osx-x64_bin.tar.gz,macos,x64,jre,4688
2026-10-07T02:56:57+00:00,sapmachine-11.0.9,32898755,False,sapmachine-jdk-11.0.9_osx-x64_bin-symbols.tar.gz,macos,x64,jdk,6
2026-10-07T02:56:57+00:00,sapmachine-11.0.9,32898755,False,sapmachine-jdk-11.0.9_osx-x64_bin.dmg,macos,x64,jdk,4882
2026-10-07T02:56:57+00:00,sapmachine-11.0.9,32898755,False,sapmachine-jre-11.0.9_osx-x64_bin.dmg,macos,x64,jre,4566
2026-10-07T02:56:57+00:00,sapmachine-11.0.9,32898755,False,sapmachine-jdk-11.0.9-1.x86_64.rpm,linux,x64,jdk,4594
2026-10-07T02:56:57+00:00,sapmachine-15.0.1,32898848,False,sapmachine-jdk-15.0.1_linux-x64_bin.tar.gz,linux,x64,jdk,10400
2026-10-07T02:56:57+00:00,sapmachine-15.0.1,32898848,False,sapmachine-jre-15.0.1_linux-x64_bin.tar.gz,linux,x64,jre,10405
2026-10-07T02:56:57+00:00,sapmachine-15.0.1,32898848,False,sapmachine-jdk-15.0.1_linux-x64_bin-symbols.tar.gz,linux,x64,jdk,4
2026-10-07T02:56:57+00:00,sapmachine-15.0.1,32898848,False,sapmachine-jdk-15.0.1_windows-x64_bin.zip,windows,x64,jdk,10149
2026-10-07T02:56:57+00:00,sapmachine-15.0.1,32898848,False,sapmachine-jre-15.0.1_windows-x64_bin.zip,windows,x64,jre,7982
2026-10-07T02:56:57+00:00,sapmachine-15.0.1,32898848,False,sapmachine-jdk-15.0.1_windows-x64_bin-symbols.tar.gz,windows,x64,jdk,4
2026-10-07T02:56:57+00:00,sapmachine-15.0.1,32898848,False,sapmachine-jdk-15.0.1_windows-x64_bin.msi,windows,x64,jdk,4898
2026-10-07T02:56:57+00:00,sapmachine-15.0.1,32898848,False,sapmachine-jre-15.0.1_windows-x64_bin.msi,windows,x64,jre,4764
2026-10-07T02:56:57+00:00,sapmachine-15.0.1,32898848,False,sapmachine-jdk-15.0.1-beta_linux-aarch64_bin.tar.gz,linux,aarch64,jdk,4709
2026-10-07T02:56:57+00:00,sapmachine-15.0.1,32898848,False,sapmachine-jre-15.0.1-beta_linux-aarch64_bin.tar.gz,linux,aarch64,jre,4101
2026-10-07T02:56:57+00:00,sapmachine-15.0.1,32898848,False,sapmachine-jdk-15.0.1-beta_linux-aarch64_bin-symbols.tar.gz,linux,aarch64,jdk,4
2026-10-07T02:56:57+00:00,sapmachine-15.0.1,32898848,False,sapmachine-jdk-15.0.1_linux-ppc64_bin.tar.gz,linux,ppc64,jdk,4674
2026-10-07T02:56:57+00:00,sapmachine-15.0.1,32898848,False,sapmachine-jre-15.0.1_linux-ppc64_bin.tar.gz,linux,ppc64,jre,4596
2026-10-07T02:56:57+00:00,sapmachine-15.0.1,32898848,False,sapmachine-jdk-15.0.1_linux-ppc64_bin-symbols.tar.gz,linux,ppc64,jdk,5
2026-10-07T02:56:57+00:00,sapmachine-15.0.1,32898848,False,sapmachine-jdk-15.0.1_linux-ppc64le_bin.tar.gz,linux,ppc64,jdk,4623
2026-10-07T02:56:57+00:00,sapmachine-15.0.1,32898848,False,sapmachine-jre-15.0.1_linux-ppc64le_bin.tar.gz,linux,ppc64,jre,4652
2026-10-07T02:56:57+00:00,sapmachine-15.0.1,32898848,False,sapmachine-jdk-15.0.1_linux-ppc64le_bin-symbols.tar.gz,linux,ppc64,jdk,4
2026-10-07T02:56:57+00:00,sapmachine-15.0.1,32898848,False,sapmachine-jdk-15.0.1_osx-x64_bin.tar.gz,macos,x64,jdk,9548
2026-10-07T02:56:57+00:00,sapmachine-15.0.1,32898848,False,sapmachine-jre-15.0.1_osx-x64_bin.tar.gz,macos,x64,jre,7867
2026-10-07T02:56:57+00:00,sapmachine-15.0.1,32898848,False,sapmachine-jdk-15.0.1_osx-x64_bin-symbols.tar.gz,macos,x64,jdk,6
2026-10-07T02:56:57+00:00,sapmachine-15.0.1,32898848,False,sapmachine-jdk-15.0.1_osx-x64_bin.dmg,macos,x64,jdk,5671
2026-10-07T02:56:57+00:00,sapmachine-15.0.1,32898848,False,sapmachine-jre-15.0.1_osx-x64_bin.dmg,macos,x64,jre,4611
2026-10-07T02:56:57+00:00,sapmachine-15.0.1,32898848,False,sapmachine-jdk-15.0.1-1.x86_64.rpm,linux,x64,jdk,4505
2026-10-07T02:56:57+00:00,sapmachine-15,31379215,False,sapmachine-jdk-15_linux-x64_bin.tar.gz,linux,x64,jdk,11394
2026-10-07T02:56:57+00:00,sapmachine-15,31379215,False,sapmachine-jre-15_linux-x64_bin.tar.gz,linux,x64,jre,13100
2026-10-07T02:56:57+00:00,sapmachine-15,31379215,False,sapmachine-jdk-15_linux-x64_bin-symbols.tar.gz,linux,x64,jdk,7
2026-10-07T02:56:57+00:00,sapmachine-15,31379215,False,sapmachine-jdk-15_linux-ppc64_bin.tar.gz,linux,ppc64,jdk,4623
2026-10-07T02:56:57+00:00,sapmachine-15,31379215,False,sapmachine-jre-15_linux-ppc64_bin.tar.gz,linux,ppc64,jre,4634
2026-10-07T02:56:57+00:00,sapmachine-15,31379215,False,sapmachine-jdk-15_linux-ppc64_bin-symbols.tar.gz,linux,ppc64,jdk,5
2026-10-07T02:56:57+00:00,sapmachine-15,31379215,False,sapmachine-jdk-15_windows-x64_bin.zip,windows,x64,jdk,11139
2026-10-07T02:56:57+00:00,sapmachine-15,31379215,False,sapmachine-jre-15_windows-x64_bin.zip,windows,x64,jre,10694
2026-10-07T02:56:57+00:00,sapmachine-15,31379215,False,sapmachine-jdk-15_windows-x64_bin-symbols.tar.gz,windows,x64,jdk,6
2026-10-07T02:56:57+00:00,sapmachine-15,31379215,False,sapmachine-jdk-15_windows-x64_bin.msi,windows,x64,jdk,4764
2026-10-07T02:56:57+00:00,sapmachine-15,31379215,False,sapmachine-jre-15_windows-x64_bin.msi,windows,x64,jre,4631
2026-10-07T02:56:57+00:00,sapmachine-15,31379215,False,sapmachine-jdk-15_linux-ppc64le_bin.tar.gz,linux,ppc64,jdk,4728
2026-10-07T02:56:57+00:00,sapmachine-15,31379215,False,sapmachine-jre-15_linux-ppc64le_bin.tar.gz,linux,ppc64,jre,4686
2026-10-07T02:56:57+00:00,sapmachine-15,31379215,False,sapmachine-jdk-15_linux-ppc64le_bin-symbols.tar.gz,linux,ppc64,jdk,6
2026-10-07T02:56:57+00:00,sapmachine-15,31379215,False,sapmachine-jdk-15-beta_linux-aarch64_bin.tar.gz,linux,aarch64,jdk,4154
2026-10-07T02:56:57+00:00,sapmachine-15,31379215,False,sapmachine-jre-15-beta_linux-aarch64_bin.tar.gz,linux,aarch64,jre,4142
2026-10-07T02:56:57+00:00,sapmachine-15,31379215,False,sapmachine-jdk-15-beta_linux-aarch64_bin-symbols.tar.gz,linux,aarch64,jdk,6
2026-10-07T02:56:57+00:00,sapmachine-15,31379215,False,sapmachine-jdk-15_osx-x64_bin.tar.gz,macos,x64,jdk,11249
2026-10-07T02:56:57+00:00,sapmachine-15,31379215,False,sapmachine-jre-15_osx-x64_bin.tar.gz,macos,x64,jre,11021
2026-10-07T02:56:57+00:00,sapmachine-15,31379215,False,sapmachine-jdk-15_osx-x64_bin-symbols.tar.gz,macos,x64,jdk,8
2026-10-07T02:56:57+00:00,sapmachine-15,31379215,False,sapmachine-jdk-15_osx-x64_bin.dmg,macos,x64,jdk,5134
2026-10-07T02:56:57+00:00,sapmachine-15,31379215,False,sapmachine-jre-15_osx-x64_bin.dmg,macos,x64,jre,4721
2026-10-07T02:56:57+00:00,sapmachine-15,31379215,False,sapmachine-jdk-15-1.x86_64.rpm,linux,x64,jdk,4517
2026-10-07T02:56:57+00:00,sapmachine-11.0.8,28580678,False,sapmachine-jdk-11.0.8_linux-x64_bin.tar.gz,linux,x64,jdk,1889466
2026-10-07T02:56:57+00:00,sapmachine-11.0.8,28580678,False,sapmachine-jre-11.0.8_linux-x64_bin.tar.gz,linux,x64,jre,16462
2026-10-07T02:56:57+00:00,sapmachine-11.0.8,28580678,False,sapmachine-jdk-11.0.8_linux-x64_bin-symbols.tar.gz,linux,x64,jdk,9
2026-10-07T02:56:57+00:00,sapmachine-11.0.8,28580678,False,sapmachine-jdk-11.0.8_windows-x64_bin.zip,windows,x64,jdk,15503
2026-10-07T02:56:57+00:00,sapmachine-11.0.8,28580678,False,sapmachine-jre-11.0.8_windows-x64_bin.zip,windows,x64,jre,8988
2026-10-07T02:56:57+00:00,sapmachine-11.0.8,28580678,False,sapmachine-jdk-11.0.8_windows-x64_bin-symbols.tar.gz,windows,x64,jdk,11
2026-10-07T02:56:57+00:00,sapmachine-11.0.8,28580678,False,sapmachine-jdk-11.0.8_windows-x64_bin.msi,windows,x64,jdk,6031
2026-10-07T02:56:57+00:00,sapmachine-11.0.8,28580678,False,sapmachine-jre-11.0.8_windows-x64_bin.msi,windows,x64,jre,5137
2026-10-07T02:56:57+00:00,sapmachine-11.0.8,28580678,False,sapmachine-jdk-11.0.8_linux-ppc64le_bin.tar.gz,linux,ppc64,jdk,4737
2026-10-07T02:56:57+00:00,sapmachine-11.0.8,28580678,False,sapmachine-jre-11.0.8_linux-ppc64le_bin.tar.gz,linux,ppc64,jre,4705
2026-10-07T02:56:57+00:00,sapmachine-11.0.8,28580678,False,sapmachine-jdk-11.0.8_linux-ppc64le_bin-symbols.tar.gz,linux,ppc64,jdk,6
2026-10-07T02:56:57+00:00,sapmachine-11.0.8,28580678,False,sapmachine-jdk-11.0.8-1.x86_64.rpm,linux,x64,jdk,4755
2026-10-07T02:56:57+00:00,sapmachine-11.0.8,28580678,False,sapmachine-jdk-11.0.8_linux-ppc64_bin.tar.gz,linux,ppc64,jdk,4714
2026-10-07T02:56:57+00:00,sapmachine-11.0.8,28580678,False,sapmachine-jre-11.0.8_linux-ppc64_bin.tar.gz,linux,ppc64,jre,4662
2026-10-07T02:56:57+00:00,sapmachine-11.0.8,28580678,False,sapmachine-jdk-11.0.8_linux-ppc64_bin-symbols.tar.gz,linux,ppc64,jdk,7
2026-10-07T02:56:57+00:00,sapmachine-11.0.8,28580678,False,sapmachine-jdk-11.0.8_osx-x64_bin.tar.gz,macos,x64,jdk,6023
2026-10-07T02:56:57+00:00,sapmachine-11.0.8,28580678,False,sapmachine-jre-11.0.8_osx-x64_bin.tar.gz,macos,x64,jre,4762
2026-10-07T02:56:57+00:00,sapmachine-11.0.8,28580678,False,sapmachine-jdk-11.0.8_osx-x64_bin-symbols.tar.gz,macos,x64,jdk,18
2026-10-07T02:56:57+00:00,sapmachine-11.0.8,28580678,False,sapmachine-jre-11.0.8_osx-x64_bin.dmg,macos,x64,jre,4799
2026-10-07T02:56:57+00:00,sapmachine-11.0.8,28580678,False,sapmachine-jdk-11.0.8_osx-x64_bin.dmg,macos,x64,jdk,7975
2026-10-07T02:56:57+00:00,sapmachine-14.0.2,28622206,False,sapmachine-jdk-14.0.2_linux-x64_bin.tar.gz,linux,x64,jdk,10399
2026-10-07T02:56:57+00:00,sapmachine-14.0.2,28622206,False,sapmachine-jre-14.0.2_linux-x64_bin.tar.gz,linux,x64,jre,10837
2026-10-07T02:56:57+00:00,sapmachine-14.0.2,28622206,False,sapmachine-jdk-14.0.2_linux-x64_bin-symbols.tar.gz,linux,x64,jdk,6
2026-10-07T02:56:57+00:00,sapmachine-14.0.2,28622206,False,sapmachine-jdk-14.0.2_windows-x64_bin.zip,windows,x64,jdk,9967
2026-10-07T02:56:57+00:00,sapmachine-14.0.2,28622206,False,sapmachine-jre-14.0.2_windows-x64_bin.zip,windows,x64,jre,8128
2026-10-07T02:56:57+00:00,sapmachine-14.0.2,28622206,False,sapmachine-jdk-14.0.2_windows-x64_bin-symbols.tar.gz,windows,x64,jdk,6
2026-10-07T02:56:57+00:00,sapmachine-14.0.2,28622206,False,sapmachine-jdk-14.0.2_windows-x64_bin.msi,windows,x64,jdk,4831
2026-10-07T02:56:57+00:00,sapmachine-14.0.2,28622206,False,sapmachine-jre-14.0.2_windows-x64_bin.msi,windows,x64,jre,4707
2026-10-07T02:56:57+00:00,sapmachine-14.0.2,28622206,False,sapmachine-jdk-14.0.2_linux-ppc64_bin.tar.gz,linux,ppc64,jdk,4822
2026-10-07T02:56:57+00:00,sapmachine-14.0.2,28622206,False,sapmachine-jre-14.0.2_linux-ppc64_bin.tar.gz,linux,ppc64,jre,4744
2026-10-07T02:56:57+00:00,sapmachine-14.0.2,28622206,False,sapmachine-jdk-14.0.2_linux-ppc64_bin-symbols.tar.gz,linux,ppc64,jdk,5
2026-10-07T02:56:57+00:00,sapmachine-14.0.2,28622206,False,sapmachine-jdk-14.0.2_linux-ppc64le_bin.tar.gz,linux,ppc64,jdk,4751
2026-10-07T02:56:57+00:00,sapmachine-14.0.2,28622206,False,sapmachine-jre-14.0.2_linux-ppc64le_bin.tar.gz,linux,ppc64,jre,4670
2026-10-07T02:56:57+00:00,sapmachine-14.0.2,28622206,False,sapmachine-jdk-14.0.2_linux-ppc64le_bin-symbols.tar.gz,linux,ppc64,jdk,5
2026-10-07T02:56:57+00:00,sapmachine-14.0.2,28622206,False,sapmachine-jdk-14.0.2_osx-x64_bin.tar.gz,macos,x64,jdk,6478
2026-10-07T02:56:57+00:00,sapmachine-14.0.2,28622206,False,sapmachine-jre-14.0.2_osx-x64_bin.tar.gz,macos,x64,jre,4791
2026-10-07T02:56:57+00:00,sapmachine-14.0.2,28622206,False,sapmachine-jdk-14.0.2_osx-x64_bin-symbols.tar.gz,macos,x64,jdk,10
2026-10-07T02:56:57+00:00,sapmachine-14.0.2,28622206,False,sapmachine-jdk-14.0.2_osx-x64_bin.dmg,macos,x64,jdk,5517
2026-10-07T02:56:57+00:00,sapmachine-14.0.2,28622206,False,sapmachine-jre-14.0.2_osx-x64_bin.dmg,macos,x64,jre,4692
2026-10-07T02:56:57+00:00,sapmachine-14.0.2,28622206,False,sapmachine-jdk-14.0.2-1.x86_64.rpm,linux,x64,jdk,4620
2026-10-07T02:56:57+00:00,sapmachine-14.0.1,25562726,False,sapmachine-jdk-14.0.1_linux-x64_bin.tar.gz,linux,x64,jdk,5293
2026-10-07T02:56:57+00:00,sapmachine-14.0.1,25562726,False,sapmachine-jre-14.0.1_linux-x64_bin.tar.gz,linux,x64,jre,7196
2026-10-07T02:56:57+00:00,sapmachine-14.0.1,25562726,False,sapmachine-jdk-14.0.1_linux-x64_bin-symbols.tar.gz,linux,x64,jdk,9
2026-10-07T02:56:57+00:00,sapmachine-14.0.1,25562726,False,sapmachine-jdk-14.0.1_linux-ppc64le_bin.tar.gz,linux,ppc64,jdk,4767
2026-10-07T02:56:57+00:00,sapmachine-14.0.1,25562726,False,sapmachine-jre-14.0.1_linux-ppc64le_bin.tar.gz,linux,ppc64,jre,4684
2026-10-07T02:56:57+00:00,sapmachine-14.0.1,25562726,False,sapmachine-jdk-14.0.1_linux-ppc64le_bin-symbols.tar.gz,linux,ppc64,jdk,8
2026-10-07T02:56:57+00:00,sapmachine-14.0.1,25562726,False,sapmachine-jdk-14.0.1_linux-ppc64_bin.tar.gz,linux,ppc64,jdk,4761
2026-10-07T02:56:57+00:00,sapmachine-14.0.1,25562726,False,sapmachine-jre-14.0.1_linux-ppc64_bin.tar.gz,linux,ppc64,jre,4735
2026-10-07T02:56:57+00:00,sapmachine-14.0.1,25562726,False,sapmachine-jdk-14.0.1_linux-ppc64_bin-symbols.tar.gz,linux,ppc64,jdk,9
2026-10-07T02:56:57+00:00,sapmachine-14.0.1,25562726,False,sapmachine-jdk-14.0.1-1.x86_64.rpm,linux,x64,jdk,4620
2026-10-07T02:56:57+00:00,sapmachine-14.0.1,25562726,False,sapmachine-jdk-14.0.1_osx-x64_bin.tar.gz,macos,x64,jdk,5024
2026-10-07T02:56:57+00:00,sapmachine-14.0.1,25562726,False,sapmachine-jre-14.0.1_osx-x64_bin.tar.gz,macos,x64,jre,4818
2026-10-07T02:56:57+00:00,sapmachine-14.0.1,25562726,False,sapmachine-jdk-14.0.1_osx-x64_bin-symbols.tar.gz,macos,x64,jdk,13
2026-10-07T02:56:57+00:00,sapmachine-14.0.1,25562726,False,sapmachine-jdk-14.0.1_osx-x64_bin.dmg,macos,x64,jdk,5535
2026-10-07T02:56:57+00:00,sapmachine-14.0.1,25562726,False,sapmachine-jre-14.0.1_osx-x64_bin.dmg,macos,x64,jre,4746
2026-10-07T02:56:57+00:00,sapmachine-14.0.1,25562726,False,sapmachine-jdk-14.0.1_windows-x64_bin.zip,windows,x64,jdk,5237
2026-10-07T02:56:57+00:00,sapmachine-14.0.1,25562726,False,sapmachine-jre-14.0.1_windows-x64_bin.zip,windows,x64,jre,4764
2026-10-07T02:56:57+00:00,sapmachine-14.0.1,25562726,False,sapmachine-jdk-14.0.1_windows-x64_bin-symbols.tar.gz,windows,x64,jdk,9
2026-10-07T02:56:57+00:00,sapmachine-14.0.1,25562726,False,sapmachine-jdk-14.0.1_windows-x64_bin.msi,windows,x64,jdk,4829
2026-10-07T02:56:57+00:00,sapmachine-14.0.1,25562726,False,sapmachine-jre-14.0.1_windows-x64_bin.msi,windows,x64,jre,4810
2026-10-07T02:56:57+00:00,sapmachine-11.0.7,25525566,False,sapmachine-jdk-11.0.7_linux-x64_bin.tar.gz,linux,x64,jdk,708060
2026-10-07T02:56:57+00:00,sapmachine-11.0.7,25525566,False,sapmachine-jre-11.0.7_linux-x64_bin.tar.gz,linux,x64,jre,16590
2026-10-07T02:56:57+00:00,sapmachine-11.0.7,25525566,False,sapmachine-jdk-11.0.7_linux-x64_bin-symbols.tar.gz,linux,x64,jdk,12
2026-10-07T02:56:57+00:00,sapmachine-11.0.7,25525566,False,sapmachine-jdk-11.0.7_linux-ppc64le_bin.tar.gz,linux,ppc64,jdk,4682
2026-10-07T02:56:57+00:00,sapmachine-11.0.7,25525566,False,sapmachine-jre-11.0.7_linux-ppc64le_bin.tar.gz,linux,ppc64,jre,4629
2026-10-07T02:56:57+00:00,sapmachine-11.0.7,25525566,False,sapmachine-jdk-11.0.7_linux-ppc64le_bin-symbols.tar.gz,linux,ppc64,jdk,9
2026-10-07T02:56:57+00:00,sapmachine-11.0.7,25525566,False,sapmachine-jdk-11.0.7_linux-ppc64_bin.tar.gz,linux,ppc64,jdk,4662
2026-10-07T02:56:57+00:00,sapmachine-11.0.7,25525566,False,sapmachine-jre-11.0.7_linux-ppc64_bin.tar.gz,linux,ppc64,jre,4636
2026-10-07T02:56:57+00:00,sapmachine-11.0.7,25525566,False,sapmachine-jdk-11.0.7_linux-ppc64_bin-symbols.tar.gz,linux,ppc64,jdk,9
2026-10-07T02:56:57+00:00,sapmachine-11.0.7,25525566,False,sapmachine-jdk-11.0.7_windows-x64_bin.zip,windows,x64,jdk,9358
2026-10-07T02:56:57+00:00,sapmachine-11.0.7,25525566,False,sapmachine-jre-11.0.7_windows-x64_bin.zip,windows,x64,jre,5244
2026-10-07T02:56:57+00:00,sapmachine-11.0.7,25525566,False,sapmachine-jdk-11.0.7_windows-x64_bin-symbols.tar.gz,windows,x64,jdk,10
2026-10-07T02:56:57+00:00,sapmachine-11.0.7,25525566,False,sapmachine-jdk-11.0.7_windows-x64_bin.msi,windows,x64,jdk,5588
2026-10-07T02:56:57+00:00,sapmachine-11.0.7,25525566,False,sapmachine-jre-11.0.7_windows-x64_bin.msi,windows,x64,jre,4920
2026-10-07T02:56:57+00:00,sapmachine-11.0.7,25525566,False,sapmachine-jdk-11.0.7_osx-x64_bin.tar.gz,macos,x64,jdk,5079
2026-10-07T02:56:57+00:00,sapmachine-11.0.7,25525566,False,sapmachine-jre-11.0.7_osx-x64_bin.tar.gz,macos,x64,jre,4825
2026-10-07T02:56:57+00:00,sapmachine-11.0.7,25525566,False,sapmachine-jdk-11.0.7_osx-x64_bin-symbols.tar.gz,macos,x64,jdk,11
2026-10-07T02:56:57+00:00,sapmachine-11.0.7,25525566,False,sapmachine-jdk-11.0.7_osx-x64_bin.dmg,macos,x64,jdk,7103
2026-10-07T02:56:57+00:00,sapmachine-11.0.7,25525566,False,sapmachine-jre-11.0.7_osx-x64_bin.dmg,macos,x64,jre,4754
2026-10-07T02:56:57+00:00,sapmachine-11.0.7,25525566,False,sapmachine-jdk-11.0.7-1.x86_64.rpm,linux,x64,jdk,4667
2026-10-07T02:56:57+00:00,sapmachine-14,24646923,False,sapmachine-jdk-14_linux-x64_bin.tar.gz,linux,x64,jdk,4844
2026-10-07T02:56:57+00:00,sapmachine-14,24646923,False,sapmachine-jre-14_linux-x64_bin.tar.gz,linux,x64,jre,7140
2026-10-07T02:56:57+00:00,sapmachine-14,24646923,False,sapmachine-jdk-14_linux-x64_bin-symbols.tar.gz,linux,x64,jdk,8
2026-10-07T02:56:57+00:00,sapmachine-14,24646923,False,sapmachine-jdk-14_linux-ppc64le_bin.tar.gz,linux,ppc64,jdk,4653
2026-10-07T02:56:57+00:00,sapmachine-14,24646923,False,sapmachine-jre-14_linux-ppc64le_bin.tar.gz,linux,ppc64,jre,4618
2026-10-07T02:56:57+00:00,sapmachine-14,24646923,False,sapmachine-jdk-14_linux-ppc64le_bin-symbols.tar.gz,linux,ppc64,jdk,10
2026-10-07T02:56:57+00:00,sapmachine-14,24646923,False,sapmachine-jdk-14_windows-x64_bin.zip,windows,x64,jdk,4864
2026-10-07T02:56:57+00:00,sapmachine-14,24646923,False,sapmachine-jre-14_windows-x64_bin.zip,windows,x64,jre,4741
2026-10-07T02:56:57+00:00,sapmachine-14,24646923,False,sapmachine-jdk-14_windows-x64_bin-symbols.tar.gz,windows,x64,jdk,9
2026-10-07T02:56:57+00:00,sapmachine-14,24646923,False,sapmachine-jdk-14_windows-x64_bin.msi,windows,x64,jdk,4784
2026-10-07T02:56:57+00:00,sapmachine-14,24646923,False,sapmachine-jre-14_windows-x64_bin.msi,windows,x64,jre,4769
2026-10-07T02:56:57+00:00,sapmachine-14,24646923,False,sapmachine-jdk-14_linux-ppc64_bin.tar.gz,linux,ppc64,jdk,4655
2026-10-07T02:56:57+00:00,sapmachine-14,24646923,False,sapmachine-jre-14_linux-ppc64_bin.tar.gz,linux,ppc64,jre,4657
2026-10-07T02:56:57+00:00,sapmachine-14,24646923,False,sapmachine-jdk-14_linux-ppc64_bin-symbols.tar.gz,linux,ppc64,jdk,8
2026-10-07T02:56:57+00:00,sapmachine-14,24646923,False,sapmachine-jdk-14_osx-x64_bin.tar.gz,macos,x64,jdk,4728
2026-10-07T02:56:57+00:00,sapmachine-14,24646923,False,sapmachine-jre-14_osx-x64_bin.tar.gz,macos,x64,jre,4657
2026-10-07T02:56:57+00:00,sapmachine-14,24646923,False,sapmachine-jdk-14_osx-x64_bin-symbols.tar.gz,macos,x64,jdk,9
2026-10-07T02:56:57+00:00,sapmachine-14,24646923,False,sapmachine-jdk-14_osx-x64_bin.dmg,macos,x64,jdk,5082
2026-10-07T02:56:57+00:00,sapmachine-14,24646923,False,sapmachine-jre-14_osx-x64_bin.dmg,macos,x64,jre,4737
2026-10-07T02:56:57+00:00,sapmachine-14,24646923,False,sapmachine-jdk-14-1.x86_64.rpm,linux,x64,jdk,4621
2026-10-07T02:56:57+00:00,sapmachine-11.0.6.0.1,23610957,False,sapmachine-jdk-11.0.6.0.1_linux-x64_bin.tar.gz,linux,x64,jdk,10752
2026-10-07T02:56:57+00:00,sapmachine-11.0.6.0.1,23610957,False,sapmachine-jre-11.0.6.0.1_linux-x64_bin.tar.gz,linux,x64,jre,10756
2026-10-07T02:56:57+00:00,sapmachine-11.0.6.0.1,23610957,False,sapmachine-jdk-11.0.6.0.1_linux-x64_bin-symbols.tar.gz,linux,x64,jdk,10
2026-10-07T02:56:57+00:00,sapmachine-11.0.6.0.1,23610957,False,sapmachine-jdk-11.0.6.0.1_linux-ppc64_bin.tar.gz,linux,ppc64,jdk,4731
2026-10-07T02:56:57+00:00,sapmachine-11.0.6.0.1,23610957,False,sapmachine-jre-11.0.6.0.1_linux-ppc64_bin.tar.gz,linux,ppc64,jre,4674
2026-10-07T02:56:57+00:00,sapmachine-11.0.6.0.1,23610957,False,sapmachine-jdk-11.0.6.0.1_linux-ppc64_bin-symbols.tar.gz,linux,ppc64,jdk,10
2026-10-07T02:56:57+00:00,sapmachine-11.0.6.0.1,23610957,False,sapmachine-jdk-11.0.6.0.1_linux-ppc64le_bin.tar.gz,linux,ppc64,jdk,4754
2026-10-07T02:56:57+00:00,sapmachine-11.0.6.0.1,23610957,False,sapmachine-jre-11.0.6.0.1_linux-ppc64le_bin.tar.gz,linux,ppc64,jre,4675
2026-10-07T02:56:57+00:00,sapmachine-11.0.6.0.1,23610957,False,sapmachine-jdk-11.0.6.0.1_linux-ppc64le_bin-symbols.tar.gz,linux,ppc64,jdk,17
2026-10-07T02:56:57+00:00,sapmachine-11.0.6.0.1,23610957,False,sapmachine-jdk-11.0.6.0.1_osx-x64_bin.tar.gz,macos,x64,jdk,4746
2026-10-07T02:56:57+00:00,sapmachine-11.0.6.0.1,23610957,False,sapmachine-jre-11.0.6.0.1_osx-x64_bin.tar.gz,macos,x64,jre,4669
2026-10-07T02:56:57+00:00,sapmachine-11.0.6.0.1,23610957,False,sapmachine-jdk-11.0.6.0.1_osx-x64_bin-symbols.tar.gz,macos,x64,jdk,15
2026-10-07T02:56:57+00:00,sapmachine-11.0.6.0.1,23610957,False,sapmachine-jdk-11.0.6.0.1_osx-x64_bin.dmg,macos,x64,jdk,6959
2026-10-07T02:56:57+00:00,sapmachine-11.0.6.0.1,23610957,False,sapmachine-jre-11.0.6.0.1_osx-x64_bin.dmg,macos,x64,jre,4821
2026-10-07T02:56:57+00:00,sapmachine-11.0.6.0.1,23610957,False,sapmachine-jdk-11.0.6.0.1_windows-x64_bin.zip,windows,x64,jdk,7268
2026-10-07T02:56:57+00:00,sapmachine-11.0.6.0.1,23610957,False,sapmachine-jre-11.0.6.0.1_windows-x64_bin.zip,windows,x64,jre,4992
2026-10-07T02:56:57+00:00,sapmachine-11.0.6.0.1,23610957,False,sapmachine-jdk-11.0.6.0.1_windows-x64_bin-symbols.tar.gz,windows,x64,jdk,15
2026-10-07T02:56:57+00:00,sapmachine-11.0.6.0.1,23610957,False,sapmachine-jdk-11.0.6.0.1_windows-x64_bin.msi,windows,x64,jdk,5184
2026-10-07T02:56:57+00:00,sapmachine-11.0.6.0.1,23610957,False,sapmachine-jre-11.0.6.0.1_windows-x64_bin.msi,windows,x64,jre,4944
2026-10-07T02:56:57+00:00,sapmachine-13.0.2,22893880,False,sapmachine-jdk-13.0.2_linux-x64_bin.tar.gz,linux,x64,jdk,8955
2026-10-07T02:56:57+00:00,sapmachine-13.0.2,22893880,False,sapmachine-jre-13.0.2_linux-x64_bin.tar.gz,linux,x64,jre,10622
2026-10-07T02:56:57+00:00,sapmachine-13.0.2,22893880,False,sapmachine-jdk-13.0.2_linux-x64_bin-symbols.tar.gz,linux,x64,jdk,1570
2026-10-07T02:56:57+00:00,sapmachine-13.0.2,22893880,False,sapmachine-jdk-13.0.2_linux-ppc64le_bin.tar.gz,linux,ppc64,jdk,4903
2026-10-07T02:56:57+00:00,sapmachine-13.0.2,22893880,False,sapmachine-jre-13.0.2_linux-ppc64le_bin.tar.gz,linux,ppc64,jre,4806
2026-10-07T02:56:57+00:00,sapmachine-13.0.2,22893880,False,sapmachine-jdk-13.0.2_linux-ppc64le_bin-symbols.tar.gz,linux,ppc64,jdk,30
2026-10-07T02:56:57+00:00,sapmachine-13.0.2,22893880,False,sapmachine-jdk-13.0.2_linux-ppc64_bin.tar.gz,linux,ppc64,jdk,4913
2026-10-07T02:56:57+00:00,sapmachine-13.0.2,22893880,False,sapmachine-jre-13.0.2_linux-ppc64_bin.tar.gz,linux,ppc64,jre,4860
2026-10-07T02:56:57+00:00,sapmachine-13.0.2,22893880,False,sapmachine-jdk-13.0.2_linux-ppc64_bin-symbols.tar.gz,linux,ppc64,jdk,23
2026-10-07T02:56:57+00:00,sapmachine-13.0.2,22893880,False,sapmachine-jdk-13.0.2-1.x86_64.rpm,linux,x64,jdk,4581
2026-10-07T02:56:57+00:00,sapmachine-13.0.2,22893880,False,sapmachine-jdk-13.0.2_windows-x64_bin.zip,windows,x64,jdk,9764
2026-10-07T02:56:57+00:00,sapmachine-13.0.2,22893880,False,sapmachine-jre-13.0.2_windows-x64_bin.zip,windows,x64,jre,8303
2026-10-07T02:56:57+00:00,sapmachine-13.0.2,22893880,False,sapmachine-jdk-13.0.2_windows-x64_bin-symbols.tar.gz,windows,x64,jdk,22
2026-10-07T02:56:57+00:00,sapmachine-13.0.2,22893880,False,sapmachine-jdk-13.0.2_windows-x64_bin.msi,windows,x64,jdk,6433
2026-10-07T02:56:57+00:00,sapmachine-13.0.2,22893880,False,sapmachine-jre-13.0.2_windows-x64_bin.msi,windows,x64,jre,4907
2026-10-07T02:56:57+00:00,sapmachine-13.0.2,22893880,False,sapmachine-jdk-13.0.2_osx-x64_bin.tar.gz,macos,x64,jdk,6321
2026-10-07T02:56:57+00:00,sapmachine-13.0.2,22893880,False,sapmachine-jre-13.0.2_osx-x64_bin.tar.gz,macos,x64,jre,4841
2026-10-07T02:56:57+00:00,sapmachine-13.0.2,22893880,False,sapmachine-jdk-13.0.2_osx-x64_bin-symbols.tar.gz,macos,x64,jdk,33
2026-10-07T02:56:57+00:00,sapmachine-13.0.2,22893880,False,sapmachine-jdk-13.0.2_osx-x64_bin.dmg,macos,x64,jdk,5601
2026-10-07T02:56:57+00:00,sapmachine-13.0.2,22893880,False,sapmachine-jre-13.0.2_osx-x64_bin.dmg,macos,x64,jre,4889
2026-10-07T02:56:57+00:00,sapmachine-11.0.6,22865328,False,sapmachine-jdk-11.0.6_linux-x64_bin.tar.gz,linux,x64,jdk,16724
2026-10-07T02:56:57+00:00,sapmachine-11.0.6,22865328,False,sapmachine-jre-11.0.6_linux-x64_bin.tar.gz,linux,x64,jre,8320
2026-10-07T02:56:57+00:00,sapmachine-11.0.6,22865328,False,sapmachine-jdk-11.0.6_linux-x64_bin-symbols.tar.gz,linux,x64,jdk,9
2026-10-07T02:56:57+00:00,sapmachine-11.0.6,22865328,False,sapmachine-jdk-11.0.6_linux-ppc64le_bin.tar.gz,linux,ppc64,jdk,4668
2026-10-07T02:56:57+00:00,sapmachine-11.0.6,22865328,False,sapmachine-jre-11.0.6_linux-ppc64le_bin.tar.gz,linux,ppc64,jre,4684
2026-10-07T02:56:57+00:00,sapmachine-11.0.6,22865328,False,sapmachine-jdk-11.0.6_linux-ppc64le_bin-symbols.tar.gz,linux,ppc64,jdk,8
2026-10-07T02:56:57+00:00,sapmachine-11.0.6,22865328,False,sapmachine-jdk-11.0.6_linux-ppc64_bin.tar.gz,linux,ppc64,jdk,4737
2026-10-07T02:56:57+00:00,sapmachine-11.0.6,22865328,False,sapmachine-jre-11.0.6_linux-ppc64_bin.tar.gz,linux,ppc64,jre,4653
2026-10-07T02:56:57+00:00,sapmachine-11.0.6,22865328,False,sapmachine-jdk-11.0.6_linux-ppc64_bin-symbols.tar.gz,linux,ppc64,jdk,8
2026-10-07T02:56:57+00:00,sapmachine-11.0.6,22865328,False,sapmachine-jdk-11.0.6_windows-x64_bin.zip,windows,x64,jdk,6126
2026-10-07T02:56:57+00:00,sapmachine-11.0.6,22865328,False,sapmachine-jre-11.0.6_windows-x64_bin.zip,windows,x64,jre,4848
2026-10-07T02:56:57+00:00,sapmachine-11.0.6,22865328,False,sapmachine-jdk-11.0.6_windows-x64_bin-symbols.tar.gz,windows,x64,jdk,10
2026-10-07T02:56:57+00:00,sapmachine-11.0.6,22865328,False,sapmachine-jdk-11.0.6_windows-x64_bin.msi,windows,x64,jdk,5096
2026-10-07T02:56:57+00:00,sapmachine-11.0.6,22865328,False,sapmachine-jre-11.0.6_windows-x64_bin.msi,windows,x64,jre,4819
2026-10-07T02:56:57+00:00,sapmachine-11.0.6,22865328,False,sapmachine-jdk-11.0.6_osx-x64_bin.tar.gz,macos,x64,jdk,4996
2026-10-07T02:56:57+00:00,sapmachine-11.0.6,22865328,False,sapmachine-jre-11.0.6_osx-x64_bin.tar.gz,macos,x64,jre,4778
2026-10-07T02:56:57+00:00,sapmachine-11.0.6,22865328,False,sapmachine-jdk-11.0.6_osx-x64_bin-symbols.tar.gz,macos,x64,jdk,12
2026-10-07T02:56:57+00:00,sapmachine-11.0.6,22865328,False,sapmachine-jdk-11.0.6_osx-x64_bin.dmg,macos,x64,jdk,6494
2026-10-07T02:56:57+00:00,sapmachine-11.0.6,22865328,False,sapmachine-jre-11.0.6_osx-x64_bin.dmg,macos,x64,jre,4794
2026-10-07T02:56:57+00:00,sapmachine-11.0.6,22865328,False,sapmachine-jdk-11.0.6-1.x86_64.rpm,linux,x64,jdk,4603
2026-10-07T02:56:57+00:00,sapmachine-13.0.1,20769204,False,sapmachine-jdk-13.0.1_linux-x64_bin.tar.gz,linux,x64,jdk,1111
2026-10-07T02:56:57+00:00,sapmachine-13.0.1,20769204,False,sapmachine-jre-13.0.1_linux-x64_bin.tar.gz,linux,x64,jre,3231
2026-10-07T02:56:57+00:00,sapmachine-13.0.1,20769204,False,sapmachine-jdk-13.0.1_osx-x64_bin.tar.gz,macos,x64,jdk,705
2026-10-07T02:56:57+00:00,sapmachine-13.0.1,20769204,False,sapmachine-jre-13.0.1_osx-x64_bin.tar.gz,macos,x64,jre,545
2026-10-07T02:56:57+00:00,sapmachine-13.0.1,20769204,False,sapmachine-jdk-13.0.1_osx-x64_bin.dmg,macos,x64,jdk,1464
2026-10-07T02:56:57+00:00,sapmachine-13.0.1,20769204,False,sapmachine-jre-13.0.1_osx-x64_bin.dmg,macos,x64,jre,644
2026-10-07T02:56:57+00:00,sapmachine-13.0.1,20769204,False,sapmachine-jdk-13.0.1_linux-ppc64_bin.tar.gz,linux,ppc64,jdk,708
2026-10-07T02:56:57+00:00,sapmachine-13.0.1,20769204,False,sapmachine-jre-13.0.1_linux-ppc64_bin.tar.gz,linux,ppc64,jre,527
2026-10-07T02:56:57+00:00,sapmachine-13.0.1,20769204,False,sapmachine-jdk-13.0.1-1.x86_64.rpm,linux,x64,jdk,476
2026-10-07T02:56:57+00:00,sapmachine-13.0.1,20769204,False,sapmachine-jdk-13.0.1_linux-ppc64le_bin.tar.gz,linux,ppc64,jdk,628
2026-10-07T02:56:57+00:00,sapmachine-13.0.1,20769204,False,sapmachine-jre-13.0.1_linux-ppc64le_bin.tar.gz,linux,ppc64,jre,532
2026-10-07T02:56:57+00:00,sapmachine-13.0.1,20769204,False,sapmachine-jdk-13.0.1_windows-x64_bin.zip,windows,x64,jdk,733
2026-10-07T02:56:57+00:00,sapmachine-13.0.1,20769204,False,sapmachine-jre-13.0.1_windows-x64_bin.zip,windows,x64,jre,642
2026-10-07T02:56:57+00:00,sapmachine-13.0.1,20769204,False,sapmachine-jdk-13.0.1_windows-x64_bin.msi,windows,x64,jdk,821
2026-10-07T02:56:57+00:00,sapmachine-13.0.1,20769204,False,sapmachine-jre-13.0.1_windows-x64_bin.msi,windows,x64,jre,667
2026-10-07T02:56:57+00:00,sapmachine-11.0.5,20734889,False,sapmachine-jdk-11.0.5_linux-ppc64_bin.tar.gz,linux,ppc64,jdk,662
2026-10-07T02:56:57+00:00,sapmachine-11.0.5,20734889,False,sapmachine-jre-11.0.5_linux-ppc64_bin.tar.gz,linux,ppc64,jre,472
2026-10-07T02:56:57+00:00,sapmachine-11.0.5,20734889,False,sapmachine-jdk-11.0.5_linux-ppc64le_bin.tar.gz,linux,ppc64,jdk,613
2026-10-07T02:56:57+00:00,sapmachine-11.0.5,20734889,False,sapmachine-jre-11.0.5_linux-ppc64le_bin.tar.gz,linux,ppc64,jre,594
2026-10-07T02:56:57+00:00,sapmachine-11.0.5,20734889,False,sapmachine-jdk-11.0.5_osx-x64_bin.tar.gz,macos,x64,jdk,713
2026-10-07T02:56:57+00:00,sapmachine-11.0.5,20734889,False,sapmachine-jre-11.0.5_osx-x64_bin.tar.gz,macos,x64,jre,568
2026-10-07T02:56:57+00:00,sapmachine-11.0.5,20734889,False,sapmachine-jdk-11.0.5_osx-x64_bin.dmg,macos,x64,jdk,4381
2026-10-07T02:56:57+00:00,sapmachine-11.0.5,20734889,False,sapmachine-jre-11.0.5_osx-x64_bin.dmg,macos,x64,jre,610
2026-10-07T02:56:57+00:00,sapmachine-11.0.5,20734889,False,sapmachine-jdk-11.0.5_linux-x64_bin.tar.gz,linux,x64,jdk,112942
2026-10-07T02:56:57+00:00,sapmachine-11.0.5,20734889,False,sapmachine-jre-11.0.5_linux-x64_bin.tar.gz,linux,x64,jre,16344
2026-10-07T02:56:57+00:00,sapmachine-11.0.5,20734889,False,sapmachine-jdk-11.0.5-1.x86_64.rpm,linux,x64,jdk,766
2026-10-07T02:56:57+00:00,sapmachine-11.0.5,20734889,False,sapmachine-jdk-11.0.5_windows-x64_bin.zip,windows,x64,jdk,1855
2026-10-07T02:56:57+00:00,sapmachine-11.0.5,20734889,False,sapmachine-jre-11.0.5_windows-x64_bin.zip,windows,x64,jre,760
2026-10-07T02:56:57+00:00,sapmachine-11.0.5,20734889,False,sapmachine-jdk-11.0.5_windows-x64_bin.msi,windows,x64,jdk,915
2026-10-07T02:56:57+00:00,sapmachine-11.0.5,20734889,False,sapmachine-jre-11.0.5_windows-x64_bin.msi,windows,x64,jre,709
2026-10-07T02:56:57+00:00,sapmachine-13,20069372,False,sapmachine-jdk-13_linux-x64_bin.tar.gz,linux,x64,jdk,588
2026-10-07T02:56:57+00:00,sapmachine-13,20069372,False,sapmachine-jre-13_linux-x64_bin.tar.gz,linux,x64,jre,3095
2026-10-07T02:56:57+00:00,sapmachine-13,20069372,False,sapmachine-jdk-13_linux-ppc64le_bin.tar.gz,linux,ppc64,jdk,518
2026-10-07T02:56:57+00:00,sapmachine-13,20069372,False,sapmachine-jre-13_linux-ppc64le_bin.tar.gz,linux,ppc64,jre,544
2026-10-07T02:56:57+00:00,sapmachine-13,20069372,False,sapmachine-jdk-13_linux-ppc64_bin.tar.gz,linux,ppc64,jdk,528
2026-10-07T02:56:57+00:00,sapmachine-13,20069372,False,sapmachine-jre-13_linux-ppc64_bin.tar.gz,linux,ppc64,jre,523
2026-10-07T02:56:57+00:00,sapmachine-13,20069372,False,sapmachine-jdk-13_windows-x64_bin.zip,windows,x64,jdk,669
2026-10-07T02:56:57+00:00,sapmachine-13,20069372,False,sapmachine-jre-13_windows-x64_bin.zip,windows,x64,jre,623
2026-10-07T02:56:57+00:00,sapmachine-13,20069372,False,sapmachine-jdk-13_windows-x64_bin.msi,windows,x64,jdk,1065
2026-10-07T02:56:57+00:00,sapmachine-13,20069372,False,sapmachine-jdk-13_osx-x64_bin.tar.gz,macos,x64,jdk,566
2026-10-07T02:56:57+00:00,sapmachine-13,20069372,False,sapmachine-jre-13_osx-x64_bin.tar.gz,macos,x64,jre,500
2026-10-07T02:56:57+00:00,sapmachine-13,20069372,False,sapmachine-jdk-13_osx-x64_bin.dmg,macos,x64,jdk,922
2026-10-07T02:56:57+00:00,sapmachine-13,20069372,False,sapmachine-jre-13_osx-x64_bin.dmg,macos,x64,jre,584
2026-10-07T02:56:57+00:00,sapmachine-13,20069372,False,sapmachine-jdk-13-1.x86_64.rpm,linux,x64,jdk,428
2026-10-07T02:56:57+00:00,sapmachine-12.0.2,18677178,False,sapmachine-jdk-12.0.2_linux-x64_bin.tar.gz,linux,x64,jdk,3585
2026-10-07T02:56:57+00:00,sapmachine-12.0.2,18677178,False,sapmachine-jre-12.0.2_linux-x64_bin.tar.gz,linux,x64,jre,4082
2026-10-07T02:56:57+00:00,sapmachine-12.0.2,18677178,False,sapmachine-jdk-12.0.2_linux-ppc64_bin.tar.gz,linux,ppc64,jdk,717
2026-10-07T02:56:57+00:00,sapmachine-12.0.2,18677178,False,sapmachine-jre-12.0.2_linux-ppc64_bin.tar.gz,linux,ppc64,jre,747
2026-10-07T02:56:57+00:00,sapmachine-12.0.2,18677178,False,sapmachine-jdk-12.0.2_linux-ppc64le_bin.tar.gz,linux,ppc64,jdk,719
2026-10-07T02:56:57+00:00,sapmachine-12.0.2,18677178,False,sapmachine-jre-12.0.2_linux-ppc64le_bin.tar.gz,linux,ppc64,jre,712
2026-10-07T02:56:57+00:00,sapmachine-12.0.2,18677178,False,sapmachine-jdk-12.0.2_osx-x64_bin.tar.gz,macos,x64,jdk,3016
2026-10-07T02:56:57+00:00,sapmachine-12.0.2,18677178,False,sapmachine-jre-12.0.2_osx-x64_bin.tar.gz,macos,x64,jre,719
2026-10-07T02:56:57+00:00,sapmachine-12.0.2,18677178,False,sapmachine-jdk-12.0.2_windows-x64_bin.zip,windows,x64,jdk,3024
2026-10-07T02:56:57+00:00,sapmachine-12.0.2,18677178,False,sapmachine-jre-12.0.2_windows-x64_bin.zip,windows,x64,jre,1223
2026-10-07T02:56:57+00:00,sapmachine-12.0.2,18677178,False,sapmachine-jdk-12.0.2_windows-x64_bin.msi,windows,x64,jdk,939
2026-10-07T02:56:57+00:00,sapmachine-11.0.4,18662772,False,sapmachine-jdk-11.0.4_linux-x64_bin.tar.gz,linux,x64,jdk,54396
2026-10-07T02:56:57+00:00,sapmachine-11.0.4,18662772,False,sapmachine-jre-11.0.4_linux-x64_bin.tar.gz,linux,x64,jre,6196
2026-10-07T02:56:57+00:00,sapmachine-11.0.4,18662772,False,sapmachine-jdk-11.0.4_linux-ppc64le_bin.tar.gz,linux,ppc64,jdk,554
2026-10-07T02:56:57+00:00,sapmachine-11.0.4,18662772,False,sapmachine-jre-11.0.4_linux-ppc64le_bin.tar.gz,linux,ppc64,jre,534
2026-10-07T02:56:57+00:00,sapmachine-11.0.4,18662772,False,sapmachine-jdk-11.0.4_linux-ppc64_bin.tar.gz,linux,ppc64,jdk,574
2026-10-07T02:56:57+00:00,sapmachine-11.0.4,18662772,False,sapmachine-jre-11.0.4_linux-ppc64_bin.tar.gz,linux,ppc64,jre,528
2026-10-07T02:56:57+00:00,sapmachine-11.0.4,18662772,False,sapmachine-jdk-11.0.4_windows-x64_bin.zip,windows,x64,jdk,5007
2026-10-07T02:56:57+00:00,sapmachine-11.0.4,18662772,False,sapmachine-jre-11.0.4_windows-x64_bin.zip,windows,x64,jre,505
2026-10-07T02:56:57+00:00,sapmachine-11.0.4,18662772,False,sapmachine-jdk-11.0.4_windows-x64_bin.msi,windows,x64,jdk,1221
2026-10-07T02:56:57+00:00,sapmachine-11.0.4,18662772,False,sapmachine-jdk-11.0.4_osx-x64_bin.tar.gz,macos,x64,jdk,1309
2026-10-07T02:56:57+00:00,sapmachine-11.0.4,18662772,False,sapmachine-jre-11.0.4_osx-x64_bin.tar.gz,macos,x64,jre,561
2026-10-07T02:56:57+00:00,sapmachine-11.0.4,18662772,False,sapmachine-jdk-11.0.4_osx-x64_bin.dmg,macos,x64,jdk,2096
2026-10-07T02:56:57+00:00,sapmachine-11.0.4,18662772,False,sapmachine-jre-11.0.4_osx-x64_bin.dmg,macos,x64,jre,589
2026-10-07T02:56:57+00:00,sapmachine-11.0.4,18662772,False,sapmachine-jdk-11.0.4-1.x86_64.rpm,linux,x64,jdk,5401
2026-10-07T02:56:57+00:00,sapmachine-11.0.3,16817222,False,sapmachine-jdk-11.0.3_linux-x64_bin.tar.gz,linux,x64,jdk,162537
2026-10-07T02:56:57+00:00,sapmachine-11.0.3,16817222,False,sapmachine-jre-11.0.3_linux-x64_bin.tar.gz,linux,x64,jre,4412
2026-10-07T02:56:57+00:00,sapmachine-11.0.3,16817222,False,sapmachine-jdk-11.0.3_linux-ppc64_bin.tar.gz,linux,ppc64,jdk,579
2026-10-07T02:56:57+00:00,sapmachine-11.0.3,16817222,False,sapmachine-jre-11.0.3_linux-ppc64_bin.tar.gz,linux,ppc64,jre,545
2026-10-07T02:56:57+00:00,sapmachine-11.0.3,16817222,False,sapmachine-jdk-11.0.3_linux-ppc64le_bin.tar.gz,linux,ppc64,jdk,653
2026-10-07T02:56:57+00:00,sapmachine-11.0.3,16817222,False,sapmachine-jre-11.0.3_linux-ppc64le_bin.tar.gz,linux,ppc64,jre,504
2026-10-07T02:56:57+00:00,sapmachine-11.0.3,16817222,False,sapmachine-jdk-11.0.3_osx-x64_bin.tar.gz,macos,x64,jdk,2701
2026-10-07T02:56:57+00:00,sapmachine-11.0.3,16817222,False,sapmachine-jre-11.0.3_osx-x64_bin.tar.gz,macos,x64,jre,624
2026-10-07T02:56:57+00:00,sapmachine-11.0.3,16817222,False,sapmachine-jdk-11.0.3_windows-x64_bin.zip,windows,x64,jdk,3040
2026-10-07T02:56:57+00:00,sapmachine-11.0.3,16817222,False,sapmachine-jre-11.0.3_windows-x64_bin.zip,windows,x64,jre,573
2026-10-07T02:56:57+00:00,sapmachine-11.0.3,16817222,False,sapmachine-jdk-11.0.3_windows-x64_bin.msi,windows,x64,jdk,1108
2026-10-07T02:56:57+00:00,sapmachine-12.0.1,16817523,False,sapmachine-jdk-12.0.1_linux-x64_bin.tar.gz,linux,x64,jdk,191931
2026-10-07T02:56:57+00:00,sapmachine-12.0.1,16817523,False,sapmachine-jre-12.0.1_linux-x64_bin.tar.gz,linux,x64,jre,3259
2026-10-07T02:56:57+00:00,sapmachine-12.0.1,16817523,False,sapmachine-jdk-12.0.1_osx-x64_bin.tar.gz,macos,x64,jdk,1790
2026-10-07T02:56:57+00:00,sapmachine-12.0.1,16817523,False,sapmachine-jre-12.0.1_osx-x64_bin.tar.gz,macos,x64,jre,523
2026-10-07T02:56:57+00:00,sapmachine-12.0.1,16817523,False,sapmachine-jdk-12.0.1_linux-ppc64_bin.tar.gz,linux,ppc64,jdk,599
2026-10-07T02:56:57+00:00,sapmachine-12.0.1,16817523,False,sapmachine-jre-12.0.1_linux-ppc64_bin.tar.gz,linux,ppc64,jre,526
2026-10-07T02:56:57+00:00,sapmachine-12.0.1,16817523,False,sapmachine-jdk-12.0.1_linux-ppc64le_bin.tar.gz,linux,ppc64,jdk,610
2026-10-07T02:56:57+00:00,sapmachine-12.0.1,16817523,False,sapmachine-jre-12.0.1_linux-ppc64le_bin.tar.gz,linux,ppc64,jre,530
2026-10-07T02:56:57+00:00,sapmachine-12.0.1,16817523,False,sapmachine-jdk-12.0.1_windows-x64_bin.zip,windows,x64,jdk,1858
2026-10-07T02:56:57+00:00,sapmachine-12.0.1,16817523,False,sapmachine-jre-12.0.1_windows-x64_bin.zip,windows,x64,jre,490
2026-10-07T02:56:57+00:00,sapmachine-12.0.1,16817523,False,sapmachine-jdk-12.0.1_windows-x64_bin.msi,windows,x64,jdk,699
2026-10-07T02:56:57+00:00,sapmachine-12,16255922,False,sapmachine-jdk-12_linux-x64_bin.tar.gz,linux,x64,jdk,574
2026-10-07T02:56:57+00:00,sapmachine-12,16255922,False,sapmachine-jre-12_linux-x64_bin.tar.gz,linux,x64,jre,3181
2026-10-07T02:56:57+00:00,sapmachine-12,16255922,False,sapmachine-jdk-12_linux-ppc64le_bin.tar.gz,linux,ppc64,jdk,564
2026-10-07T02:56:57+00:00,sapmachine-12,16255922,False,sapmachine-jre-12_linux-ppc64le_bin.tar.gz,linux,ppc64,jre,551
2026-10-07T02:56:57+00:00,sapmachine-12,16255922,False,sapmachine-jdk-12_osx-x64_bin.tar.gz,macos,x64,jdk,680
2026-10-07T02:56:57+00:00,sapmachine-12,16255922,False,sapmachine-jre-12_osx-x64_bin.tar.gz,macos,x64,jre,497
2026-10-07T02:56:57+00:00,sapmachine-12,16255922,False,sapmachine-jdk-12_linux-ppc64_bin.tar.gz,linux,ppc64,jdk,629
2026-10-07T02:56:57+00:00,sapmachine-12,16255922,False,sapmachine-jre-12_linux-ppc64_bin.tar.gz,linux,ppc64,jre,582
2026-10-07T02:56:57+00:00,sapmachine-12,16255922,False,sapmachine-jdk-12_windows-x64_bin.zip,windows,x64,jdk,596
2026-10-07T02:56:57+00:00,sapmachine-12,16255922,False,sapmachine-jre-12_windows-x64_bin.zip,windows,x64,jre,531
2026-10-07T02:56:57+00:00,sapmachine-12,16255922,False,sapmachine-jdk-12_windows-x64_bin.msi,windows,x64,jdk,539
2026-10-07T02:56:57+00:00,sapmachine-11.0.2,15006958,False,sapmachine-jdk-11.0.2_linux-x64_bin.tar.gz,linux,x64,jdk,535779
2026-10-07T02:56:57+00:00,sapmachine-11.0.2,15006958,False,sapmachine-jre-11.0.2_linux-x64_bin.tar.gz,linux,x64,jre,1434421
2026-10-07T02:56:57+00:00,sapmachine-11.0.2,15006958,False,sapmachine-jdk-11.0.2_linux-ppc64le_bin.tar.gz,linux,ppc64,jdk,571
2026-10-07T02:56:57+00:00,sapmachine-11.0.2,15006958,False,sapmachine-jre-11.0.2_linux-ppc64le_bin.tar.gz,linux,ppc64,jre,531
2026-10-07T02:56:57+00:00,sapmachine-11.0.2,15006958,False,sapmachine-jdk-11.0.2_linux-ppc64_bin.tar.gz,linux,ppc64,jdk,623
2026-10-07T02:56:57+00:00,sapmachine-11.0.2,15006958,False,sapmachine-jre-11.0.2_linux-ppc64_bin.tar.gz,linux,ppc64,jre,505
2026-10-07T02:56:57+00:00,sapmachine-11.0.2,15006958,False,sapmachine-jdk-11.0.2_windows-x64_bin.zip,windows,x64,jdk,1577
2026-10-07T02:56:57+00:00,sapmachine-11.0.2,15006958,False,sapmachine-jre-11.0.2_windows-x64_bin.zip,windows,x64,jre,646
2026-10-07T02:56:57+00:00,sapmachine-11.0.2,15006958,False,sapmachine-jdk-11.0.2_osx-x64_bin.tar.gz,macos,x64,jdk,2120
2026-10-07T02:56:57+00:00,sapmachine-11.0.2,15006958,False,sapmachine-jre-11.0.2_osx-x64_bin.tar.gz,macos,x64,jre,585
2026-10-07T02:56:57+00:00,sapmachine-11.0.2,15006958,False,sapmachine-jdk-11.0.2_windows-x64_bin.msi,windows,x64,jdk,710
2026-10-07T02:56:57+00:00,sapmachine10_linux-x64_snapshot-20180123_12_34_01,9347530,True,sapmachine-jdk-10-snapshot.47_linux-x64_bin.tar.gz,linux,x64,jdk,0
2026-10-07T02:56:57+00:00,sapmachine10_linux-x64_snapshot-20180123_12_34_01,9347530,True,sapmachine-jre-10-snapshot.47_linux-x64_bin.tar.gz,linux,x64,jre,0
