timestamp,release_name,release_id,is_prerelease,asset_name,os_name,architecture,java_type,total_downloads
2026-09-26T02:14:35+00:00,sapmachine-27.0.1+1,396578333,True,sapmachine-jdk-27.0.1-ea.1_linux-x64-musl_bin.tar.gz,alpine,x64,jdk,11
2026-09-26T02:14:35+00:00,sapmachine-27.0.1+1,396578333,True,sapmachine-jre-27.0.1-ea.1_linux-x64-musl_bin.tar.gz,alpine,x64,jre,13
2026-09-26T02:14:35+00:00,sapmachine-27.0.1+1,396578333,True,sapmachine-jdk-27.0.1-ea.1_linux-x64-musl_bin-symbols.tar.gz,alpine,x64,jdk,1
2026-09-26T02:14:35+00:00,sapmachine-27.0.1+1,396578333,True,sapmachine-jdk-27.0.1-ea.1_linux-x64_bin.tar.gz,linux,x64,jdk,14
2026-09-26T02:14:35+00:00,sapmachine-27.0.1+1,396578333,True,sapmachine-jre-27.0.1-ea.1_linux-x64_bin.tar.gz,linux,x64,jre,11
2026-09-26T02:14:35+00:00,sapmachine-27.0.1+1,396578333,True,sapmachine-jdk-27.0.1-ea.1_linux-x64_bin-symbols.tar.gz,linux,x64,jdk,0
2026-09-26T02:14:35+00:00,sapmachine-27.0.1+1,396578333,True,sapmachine-jdk-27.0.1-ea.1_macos-aarch64_bin.tar.gz,macos,aarch64,jdk,15
2026-09-26T02:14:35+00:00,sapmachine-27.0.1+1,396578333,True,sapmachine-jre-27.0.1-ea.1_macos-aarch64_bin.tar.gz,macos,aarch64,jre,13
2026-09-26T02:14:35+00:00,sapmachine-27.0.1+1,396578333,True,sapmachine-jdk-27.0.1-ea.1_macos-aarch64_bin-symbols.tar.gz,macos,aarch64,jdk,0
2026-09-26T02:14:35+00:00,sapmachine-27.0.1+1,396578333,True,sapmachine-jdk-27.0.1-ea.1_macos-aarch64_bin.dmg,macos,aarch64,jdk,13
2026-09-26T02:14:35+00:00,sapmachine-27.0.1+1,396578333,True,sapmachine-jre-27.0.1-ea.1_macos-aarch64_bin.dmg,macos,aarch64,jre,12
2026-09-26T02:14:35+00:00,sapmachine-27.0.1+1,396578333,True,sapmachine-jdk-27.0.1-ea.1_linux-ppc64le_bin.tar.gz,linux,ppc64,jdk,10
2026-09-26T02:14:35+00:00,sapmachine-27.0.1+1,396578333,True,sapmachine-jre-27.0.1-ea.1_linux-ppc64le_bin.tar.gz,linux,ppc64,jre,13
2026-09-26T02:14:35+00:00,sapmachine-27.0.1+1,396578333,True,sapmachine-jdk-27.0.1-ea.1_linux-ppc64le_bin-symbols.tar.gz,linux,ppc64,jdk,0
2026-09-26T02:14:35+00:00,sapmachine-27.0.1+1,396578333,True,sapmachine-jdk-27.0.1-ea.1_aix-ppc64_bin.tar.gz,aix,ppc64,jdk,12
2026-09-26T02:14:35+00:00,sapmachine-27.0.1+1,396578333,True,sapmachine-jre-27.0.1-ea.1_aix-ppc64_bin.tar.gz,aix,ppc64,jre,11
2026-09-26T02:14:35+00:00,sapmachine-27.0.1+1,396578333,True,sapmachine-jdk-27.0.1-ea.1_aix-ppc64_bin-symbols.tar.gz,aix,ppc64,jdk,0
2026-09-26T02:14:35+00:00,sapmachine-27.0.1+1,396578333,True,sapmachine-jdk-27.0.1-ea.1_linux-aarch64_bin.tar.gz,linux,aarch64,jdk,10
2026-09-26T02:14:35+00:00,sapmachine-27.0.1+1,396578333,True,sapmachine-jre-27.0.1-ea.1_linux-aarch64_bin.tar.gz,linux,aarch64,jre,12
2026-09-26T02:14:35+00:00,sapmachine-27.0.1+1,396578333,True,sapmachine-jdk-27.0.1-ea.1_linux-aarch64_bin-symbols.tar.gz,linux,aarch64,jdk,0
2026-09-26T02:14:35+00:00,sapmachine-27.0.1+1,396578333,True,sapmachine-jdk-27.0.1-ea.1_windows-x64_bin.zip,windows,x64,jdk,2
2026-09-26T02:14:35+00:00,sapmachine-27.0.1+1,396578333,True,sapmachine-jre-27.0.1-ea.1_windows-x64_bin.zip,windows,x64,jre,2
2026-09-26T02:14:35+00:00,sapmachine-27.0.1+1,396578333,True,sapmachine-jdk-27.0.1-ea.1_windows-x64_bin-symbols.tar.gz,windows,x64,jdk,0
2026-09-26T02:14:35+00:00,sapmachine-17.0.21+7,393403739,True,sapmachine-jdk-17.0.21-ea.7_linux-x64-musl_bin.tar.gz,alpine,x64,jdk,18
2026-09-26T02:14:35+00:00,sapmachine-17.0.21+7,393403739,True,sapmachine-jre-17.0.21-ea.7_linux-x64-musl_bin.tar.gz,alpine,x64,jre,19
2026-09-26T02:14:35+00:00,sapmachine-17.0.21+7,393403739,True,sapmachine-jdk-17.0.21-ea.7_linux-x64-musl_bin-symbols.tar.gz,alpine,x64,jdk,1
2026-09-26T02:14:35+00:00,sapmachine-17.0.21+7,393403739,True,sapmachine-jdk-17.0.21-ea.7_linux-x64_bin.tar.gz,linux,x64,jdk,130
2026-09-26T02:14:35+00:00,sapmachine-17.0.21+7,393403739,True,sapmachine-jre-17.0.21-ea.7_linux-x64_bin.tar.gz,linux,x64,jre,19
2026-09-26T02:14:35+00:00,sapmachine-17.0.21+7,393403739,True,sapmachine-jdk-17.0.21-ea.7_linux-x64_bin-symbols.tar.gz,linux,x64,jdk,1
2026-09-26T02:14:35+00:00,sapmachine-17.0.21+7,393403739,True,sapmachine-jdk-17.0.21-ea.7_macos-aarch64_bin.tar.gz,macos,aarch64,jdk,405
2026-09-26T02:14:35+00:00,sapmachine-17.0.21+7,393403739,True,sapmachine-jre-17.0.21-ea.7_macos-aarch64_bin.tar.gz,macos,aarch64,jre,23
2026-09-26T02:14:35+00:00,sapmachine-17.0.21+7,393403739,True,sapmachine-jdk-17.0.21-ea.7_macos-aarch64_bin-symbols.tar.gz,macos,aarch64,jdk,1
2026-09-26T02:14:35+00:00,sapmachine-17.0.21+7,393403739,True,sapmachine-jdk-17.0.21-ea.7_macos-aarch64_bin.dmg,macos,aarch64,jdk,22
2026-09-26T02:14:35+00:00,sapmachine-17.0.21+7,393403739,True,sapmachine-jre-17.0.21-ea.7_macos-aarch64_bin.dmg,macos,aarch64,jre,19
2026-09-26T02:14:35+00:00,sapmachine-17.0.21+7,393403739,True,sapmachine-jdk-17.0.21-ea.7_linux-aarch64_bin.tar.gz,linux,aarch64,jdk,17
2026-09-26T02:14:35+00:00,sapmachine-17.0.21+7,393403739,True,sapmachine-jre-17.0.21-ea.7_linux-aarch64_bin.tar.gz,linux,aarch64,jre,17
2026-09-26T02:14:35+00:00,sapmachine-17.0.21+7,393403739,True,sapmachine-jdk-17.0.21-ea.7_linux-aarch64_bin-symbols.tar.gz,linux,aarch64,jdk,0
2026-09-26T02:14:35+00:00,sapmachine-17.0.21+7,393403739,True,sapmachine-jdk-17.0.21-ea.7_macos-x64_bin.tar.gz,macos,x64,jdk,23
2026-09-26T02:14:35+00:00,sapmachine-17.0.21+7,393403739,True,sapmachine-jre-17.0.21-ea.7_macos-x64_bin.tar.gz,macos,x64,jre,17
2026-09-26T02:14:35+00:00,sapmachine-17.0.21+7,393403739,True,sapmachine-jdk-17.0.21-ea.7_macos-x64_bin-symbols.tar.gz,macos,x64,jdk,0
2026-09-26T02:14:35+00:00,sapmachine-17.0.21+7,393403739,True,sapmachine-jdk-17.0.21-ea.7_macos-x64_bin.dmg,macos,x64,jdk,17
2026-09-26T02:14:35+00:00,sapmachine-17.0.21+7,393403739,True,sapmachine-jre-17.0.21-ea.7_macos-x64_bin.dmg,macos,x64,jre,17
2026-09-26T02:14:35+00:00,sapmachine-17.0.21+7,393403739,True,sapmachine-jdk-17.0.21-ea.7_windows-x64_bin.zip,windows,x64,jdk,120
2026-09-26T02:14:35+00:00,sapmachine-17.0.21+7,393403739,True,sapmachine-jre-17.0.21-ea.7_windows-x64_bin.zip,windows,x64,jre,17
2026-09-26T02:14:35+00:00,sapmachine-17.0.21+7,393403739,True,sapmachine-jdk-17.0.21-ea.7_windows-x64_bin-symbols.tar.gz,windows,x64,jdk,0
2026-09-26T02:14:35+00:00,sapmachine-17.0.21+7,393403739,True,sapmachine-jdk-17.0.21-ea.7_linux-ppc64le_bin.tar.gz,linux,ppc64,jdk,17
2026-09-26T02:14:35+00:00,sapmachine-17.0.21+7,393403739,True,sapmachine-jre-17.0.21-ea.7_linux-ppc64le_bin.tar.gz,linux,ppc64,jre,18
2026-09-26T02:14:35+00:00,sapmachine-17.0.21+7,393403739,True,sapmachine-jdk-17.0.21-ea.7_linux-ppc64le_bin-symbols.tar.gz,linux,ppc64,jdk,0
2026-09-26T02:14:35+00:00,sapmachine-21.0.13+7,393400323,True,sapmachine-jdk-21.0.13-ea.7_macos-aarch64_bin.tar.gz,macos,aarch64,jdk,183
2026-09-26T02:14:35+00:00,sapmachine-21.0.13+7,393400323,True,sapmachine-jre-21.0.13-ea.7_macos-aarch64_bin.tar.gz,macos,aarch64,jre,22
2026-09-26T02:14:35+00:00,sapmachine-21.0.13+7,393400323,True,sapmachine-jdk-21.0.13-ea.7_macos-aarch64_bin-symbols.tar.gz,macos,aarch64,jdk,1
2026-09-26T02:14:35+00:00,sapmachine-21.0.13+7,393400323,True,sapmachine-jdk-21.0.13-ea.7_macos-aarch64_bin.dmg,macos,aarch64,jdk,19
2026-09-26T02:14:35+00:00,sapmachine-21.0.13+7,393400323,True,sapmachine-jre-21.0.13-ea.7_macos-aarch64_bin.dmg,macos,aarch64,jre,19
2026-09-26T02:14:35+00:00,sapmachine-21.0.13+7,393400323,True,sapmachine-jdk-21.0.13-ea.7_linux-x64-musl_bin.tar.gz,alpine,x64,jdk,20
2026-09-26T02:14:35+00:00,sapmachine-21.0.13+7,393400323,True,sapmachine-jre-21.0.13-ea.7_linux-x64-musl_bin.tar.gz,alpine,x64,jre,18
2026-09-26T02:14:35+00:00,sapmachine-21.0.13+7,393400323,True,sapmachine-jdk-21.0.13-ea.7_linux-x64-musl_bin-symbols.tar.gz,alpine,x64,jdk,1
2026-09-26T02:14:35+00:00,sapmachine-21.0.13+7,393400323,True,sapmachine-jdk-21.0.13-ea.7_aix-ppc64_bin.tar.gz,aix,ppc64,jdk,18
2026-09-26T02:14:35+00:00,sapmachine-21.0.13+7,393400323,True,sapmachine-jre-21.0.13-ea.7_aix-ppc64_bin.tar.gz,aix,ppc64,jre,18
2026-09-26T02:14:35+00:00,sapmachine-21.0.13+7,393400323,True,sapmachine-jdk-21.0.13-ea.7_aix-ppc64_bin-symbols.tar.gz,aix,ppc64,jdk,1
2026-09-26T02:14:35+00:00,sapmachine-21.0.13+7,393400323,True,sapmachine-jdk-21.0.13-ea.7_linux-x64_bin.tar.gz,linux,x64,jdk,139
2026-09-26T02:14:35+00:00,sapmachine-21.0.13+7,393400323,True,sapmachine-jre-21.0.13-ea.7_linux-x64_bin.tar.gz,linux,x64,jre,20
2026-09-26T02:14:35+00:00,sapmachine-21.0.13+7,393400323,True,sapmachine-jdk-21.0.13-ea.7_linux-x64_bin-symbols.tar.gz,linux,x64,jdk,0
2026-09-26T02:14:35+00:00,sapmachine-21.0.13+7,393400323,True,sapmachine-jdk-21.0.13-ea.7_macos-x64_bin.tar.gz,macos,x64,jdk,17
2026-09-26T02:14:35+00:00,sapmachine-21.0.13+7,393400323,True,sapmachine-jre-21.0.13-ea.7_macos-x64_bin.tar.gz,macos,x64,jre,16
2026-09-26T02:14:35+00:00,sapmachine-21.0.13+7,393400323,True,sapmachine-jdk-21.0.13-ea.7_macos-x64_bin-symbols.tar.gz,macos,x64,jdk,0
2026-09-26T02:14:35+00:00,sapmachine-21.0.13+7,393400323,True,sapmachine-jdk-21.0.13-ea.7_macos-x64_bin.dmg,macos,x64,jdk,16
2026-09-26T02:14:35+00:00,sapmachine-21.0.13+7,393400323,True,sapmachine-jre-21.0.13-ea.7_macos-x64_bin.dmg,macos,x64,jre,16
2026-09-26T02:14:35+00:00,sapmachine-21.0.13+7,393400323,True,sapmachine-jdk-21.0.13-ea.7_linux-aarch64_bin.tar.gz,linux,aarch64,jdk,16
2026-09-26T02:14:35+00:00,sapmachine-21.0.13+7,393400323,True,sapmachine-jre-21.0.13-ea.7_linux-aarch64_bin.tar.gz,linux,aarch64,jre,17
2026-09-26T02:14:35+00:00,sapmachine-21.0.13+7,393400323,True,sapmachine-jdk-21.0.13-ea.7_linux-aarch64_bin-symbols.tar.gz,linux,aarch64,jdk,0
2026-09-26T02:14:35+00:00,sapmachine-21.0.13+7,393400323,True,sapmachine-jdk-21.0.13-ea.7_windows-x64_bin.zip,windows,x64,jdk,115
2026-09-26T02:14:35+00:00,sapmachine-21.0.13+7,393400323,True,sapmachine-jre-21.0.13-ea.7_windows-x64_bin.zip,windows,x64,jre,16
2026-09-26T02:14:35+00:00,sapmachine-21.0.13+7,393400323,True,sapmachine-jdk-21.0.13-ea.7_windows-x64_bin-symbols.tar.gz,windows,x64,jdk,0
2026-09-26T02:14:35+00:00,sapmachine-25.0.5+7,393395411,True,sapmachine-jdk-25.0.5-ea.7_aix-ppc64_bin.tar.gz,aix,ppc64,jdk,19
2026-09-26T02:14:35+00:00,sapmachine-25.0.5+7,393395411,True,sapmachine-jre-25.0.5-ea.7_aix-ppc64_bin.tar.gz,aix,ppc64,jre,19
2026-09-26T02:14:35+00:00,sapmachine-25.0.5+7,393395411,True,sapmachine-jdk-25.0.5-ea.7_aix-ppc64_bin-symbols.tar.gz,aix,ppc64,jdk,1
2026-09-26T02:14:35+00:00,sapmachine-25.0.5+7,393395411,True,sapmachine-jdk-25.0.5-ea.7_linux-x64_bin.tar.gz,linux,x64,jdk,27
2026-09-26T02:14:35+00:00,sapmachine-25.0.5+7,393395411,True,sapmachine-jre-25.0.5-ea.7_linux-x64_bin.tar.gz,linux,x64,jre,18
2026-09-26T02:14:35+00:00,sapmachine-25.0.5+7,393395411,True,sapmachine-jdk-25.0.5-ea.7_linux-x64_bin-symbols.tar.gz,linux,x64,jdk,1
2026-09-26T02:14:35+00:00,sapmachine-25.0.5+7,393395411,True,sapmachine-jdk-25.0.5-ea.7_linux-x64-musl_bin.tar.gz,alpine,x64,jdk,17
2026-09-26T02:14:35+00:00,sapmachine-25.0.5+7,393395411,True,sapmachine-jre-25.0.5-ea.7_linux-x64-musl_bin.tar.gz,alpine,x64,jre,17
2026-09-26T02:14:35+00:00,sapmachine-25.0.5+7,393395411,True,sapmachine-jdk-25.0.5-ea.7_linux-x64-musl_bin-symbols.tar.gz,alpine,x64,jdk,0
2026-09-26T02:14:35+00:00,sapmachine-25.0.5+7,393395411,True,sapmachine-jdk-25.0.5-ea.7_macos-aarch64_bin.tar.gz,macos,aarch64,jdk,70
2026-09-26T02:14:35+00:00,sapmachine-25.0.5+7,393395411,True,sapmachine-jre-25.0.5-ea.7_macos-aarch64_bin.tar.gz,macos,aarch64,jre,17
2026-09-26T02:14:35+00:00,sapmachine-25.0.5+7,393395411,True,sapmachine-jdk-25.0.5-ea.7_macos-aarch64_bin-symbols.tar.gz,macos,aarch64,jdk,0
2026-09-26T02:14:35+00:00,sapmachine-25.0.5+7,393395411,True,sapmachine-jdk-25.0.5-ea.7_macos-aarch64_bin.dmg,macos,aarch64,jdk,18
2026-09-26T02:14:35+00:00,sapmachine-25.0.5+7,393395411,True,sapmachine-jre-25.0.5-ea.7_macos-aarch64_bin.dmg,macos,aarch64,jre,17
2026-09-26T02:14:35+00:00,sapmachine-25.0.5+7,393395411,True,sapmachine-jdk-25.0.5-ea.7_linux-aarch64_bin.tar.gz,linux,aarch64,jdk,19
2026-09-26T02:14:35+00:00,sapmachine-25.0.5+7,393395411,True,sapmachine-jre-25.0.5-ea.7_linux-aarch64_bin.tar.gz,linux,aarch64,jre,17
2026-09-26T02:14:35+00:00,sapmachine-25.0.5+7,393395411,True,sapmachine-jdk-25.0.5-ea.7_linux-aarch64_bin-symbols.tar.gz,linux,aarch64,jdk,0
2026-09-26T02:14:35+00:00,sapmachine-25.0.5+7,393395411,True,sapmachine-jdk-25.0.5-ea.7_windows-x64_bin.zip,windows,x64,jdk,17
2026-09-26T02:14:35+00:00,sapmachine-25.0.5+7,393395411,True,sapmachine-jre-25.0.5-ea.7_windows-x64_bin.zip,windows,x64,jre,16
2026-09-26T02:14:35+00:00,sapmachine-25.0.5+7,393395411,True,sapmachine-jdk-25.0.5-ea.7_windows-x64_bin-symbols.tar.gz,windows,x64,jdk,0
2026-09-26T02:14:35+00:00,sapmachine-25.0.5+7,393395411,True,sapmachine-jdk-25.0.5-ea.7_linux-ppc64le_bin.tar.gz,linux,ppc64,jdk,18
2026-09-26T02:14:35+00:00,sapmachine-25.0.5+7,393395411,True,sapmachine-jre-25.0.5-ea.7_linux-ppc64le_bin.tar.gz,linux,ppc64,jre,17
2026-09-26T02:14:35+00:00,sapmachine-25.0.5+7,393395411,True,sapmachine-jdk-25.0.5-ea.7_linux-ppc64le_bin-symbols.tar.gz,linux,ppc64,jdk,0
2026-09-26T02:14:35+00:00,sapmachine-28+16,393394323,True,sapmachine-jdk-28-ea.16_macos-aarch64_bin.tar.gz,macos,aarch64,jdk,22
2026-09-26T02:14:35+00:00,sapmachine-28+16,393394323,True,sapmachine-jre-28-ea.16_macos-aarch64_bin.tar.gz,macos,aarch64,jre,20
2026-09-26T02:14:35+00:00,sapmachine-28+16,393394323,True,sapmachine-jdk-28-ea.16_macos-aarch64_bin-symbols.tar.gz,macos,aarch64,jdk,1
2026-09-26T02:14:35+00:00,sapmachine-28+16,393394323,True,sapmachine-jdk-28-ea.16_macos-aarch64_bin.dmg,macos,aarch64,jdk,22
2026-09-26T02:14:35+00:00,sapmachine-28+16,393394323,True,sapmachine-jre-28-ea.16_macos-aarch64_bin.dmg,macos,aarch64,jre,20
2026-09-26T02:14:35+00:00,sapmachine-28+16,393394323,True,sapmachine-jdk-28-ea.16_linux-x64-musl_bin.tar.gz,alpine,x64,jdk,20
2026-09-26T02:14:35+00:00,sapmachine-28+16,393394323,True,sapmachine-jre-28-ea.16_linux-x64-musl_bin.tar.gz,alpine,x64,jre,20
2026-09-26T02:14:35+00:00,sapmachine-28+16,393394323,True,sapmachine-jdk-28-ea.16_linux-x64-musl_bin-symbols.tar.gz,alpine,x64,jdk,1
2026-09-26T02:14:35+00:00,sapmachine-28+16,393394323,True,sapmachine-jdk-28-ea.16_linux-x64_bin.tar.gz,linux,x64,jdk,30
2026-09-26T02:14:35+00:00,sapmachine-28+16,393394323,True,sapmachine-jre-28-ea.16_linux-x64_bin.tar.gz,linux,x64,jre,19
2026-09-26T02:14:35+00:00,sapmachine-28+16,393394323,True,sapmachine-jdk-28-ea.16_linux-x64_bin-symbols.tar.gz,linux,x64,jdk,0
2026-09-26T02:14:35+00:00,sapmachine-28+16,393394323,True,sapmachine-jdk-28-ea.16_aix-ppc64_bin.tar.gz,aix,ppc64,jdk,18
2026-09-26T02:14:35+00:00,sapmachine-28+16,393394323,True,sapmachine-jre-28-ea.16_aix-ppc64_bin.tar.gz,aix,ppc64,jre,18
2026-09-26T02:14:35+00:00,sapmachine-28+16,393394323,True,sapmachine-jdk-28-ea.16_aix-ppc64_bin-symbols.tar.gz,aix,ppc64,jdk,0
2026-09-26T02:14:35+00:00,sapmachine-28+16,393394323,True,sapmachine-jdk-28-ea.16_linux-aarch64_bin.tar.gz,linux,aarch64,jdk,19
2026-09-26T02:14:35+00:00,sapmachine-28+16,393394323,True,sapmachine-jre-28-ea.16_linux-aarch64_bin.tar.gz,linux,aarch64,jre,19
2026-09-26T02:14:35+00:00,sapmachine-28+16,393394323,True,sapmachine-jdk-28-ea.16_linux-aarch64_bin-symbols.tar.gz,linux,aarch64,jdk,0
2026-09-26T02:14:35+00:00,sapmachine-28+16,393394323,True,sapmachine-jdk-28-ea.16_windows-x64_bin.zip,windows,x64,jdk,20
2026-09-26T02:14:35+00:00,sapmachine-28+16,393394323,True,sapmachine-jre-28-ea.16_windows-x64_bin.zip,windows,x64,jre,18
2026-09-26T02:14:35+00:00,sapmachine-28+16,393394323,True,sapmachine-jdk-28-ea.16_windows-x64_bin-symbols.tar.gz,windows,x64,jdk,0
2026-09-26T02:14:35+00:00,sapmachine-28+16,393394323,True,sapmachine-jdk-28-ea.16_linux-ppc64le_bin.tar.gz,linux,ppc64,jdk,17
2026-09-26T02:14:35+00:00,sapmachine-28+16,393394323,True,sapmachine-jre-28-ea.16_linux-ppc64le_bin.tar.gz,linux,ppc64,jre,17
2026-09-26T02:14:35+00:00,sapmachine-28+16,393394323,True,sapmachine-jdk-28-ea.16_linux-ppc64le_bin-symbols.tar.gz,linux,ppc64,jdk,0
2026-09-26T02:14:35+00:00,sapmachine-21.0.13+6,391159599,True,sapmachine-jdk-21.0.13-ea.6_aix-ppc64_bin.tar.gz,aix,ppc64,jdk,23
2026-09-26T02:14:35+00:00,sapmachine-21.0.13+6,391159599,True,sapmachine-jre-21.0.13-ea.6_aix-ppc64_bin.tar.gz,aix,ppc64,jre,23
2026-09-26T02:14:35+00:00,sapmachine-21.0.13+6,391159599,True,sapmachine-jdk-21.0.13-ea.6_aix-ppc64_bin-symbols.tar.gz,aix,ppc64,jdk,2
2026-09-26T02:14:35+00:00,sapmachine-21.0.13+6,391159599,True,sapmachine-jdk-21.0.13-ea.6_linux-x64-musl_bin.tar.gz,alpine,x64,jdk,24
2026-09-26T02:14:35+00:00,sapmachine-21.0.13+6,391159599,True,sapmachine-jre-21.0.13-ea.6_linux-x64-musl_bin.tar.gz,alpine,x64,jre,24
2026-09-26T02:14:35+00:00,sapmachine-21.0.13+6,391159599,True,sapmachine-jdk-21.0.13-ea.6_linux-x64-musl_bin-symbols.tar.gz,alpine,x64,jdk,2
2026-09-26T02:14:35+00:00,sapmachine-21.0.13+6,391159599,True,sapmachine-jdk-21.0.13-ea.6_linux-x64_bin.tar.gz,linux,x64,jdk,157
2026-09-26T02:14:35+00:00,sapmachine-21.0.13+6,391159599,True,sapmachine-jre-21.0.13-ea.6_linux-x64_bin.tar.gz,linux,x64,jre,27
2026-09-26T02:14:35+00:00,sapmachine-21.0.13+6,391159599,True,sapmachine-jdk-21.0.13-ea.6_linux-x64_bin-symbols.tar.gz,linux,x64,jdk,1
2026-09-26T02:14:35+00:00,sapmachine-21.0.13+6,391159599,True,sapmachine-jdk-21.0.13-ea.6_macos-aarch64_bin.tar.gz,macos,aarch64,jdk,217
2026-09-26T02:14:35+00:00,sapmachine-21.0.13+6,391159599,True,sapmachine-jre-21.0.13-ea.6_macos-aarch64_bin.tar.gz,macos,aarch64,jre,29
2026-09-26T02:14:35+00:00,sapmachine-21.0.13+6,391159599,True,sapmachine-jdk-21.0.13-ea.6_macos-aarch64_bin-symbols.tar.gz,macos,aarch64,jdk,1
2026-09-26T02:14:35+00:00,sapmachine-21.0.13+6,391159599,True,sapmachine-jdk-21.0.13-ea.6_macos-aarch64_bin.dmg,macos,aarch64,jdk,24
2026-09-26T02:14:35+00:00,sapmachine-21.0.13+6,391159599,True,sapmachine-jre-21.0.13-ea.6_macos-aarch64_bin.dmg,macos,aarch64,jre,23
2026-09-26T02:14:35+00:00,sapmachine-21.0.13+6,391159599,True,sapmachine-jdk-21.0.13-ea.6_linux-ppc64le_bin.tar.gz,linux,ppc64,jdk,23
2026-09-26T02:14:35+00:00,sapmachine-21.0.13+6,391159599,True,sapmachine-jre-21.0.13-ea.6_linux-ppc64le_bin.tar.gz,linux,ppc64,jre,22
2026-09-26T02:14:35+00:00,sapmachine-21.0.13+6,391159599,True,sapmachine-jdk-21.0.13-ea.6_linux-ppc64le_bin-symbols.tar.gz,linux,ppc64,jdk,1
2026-09-26T02:14:35+00:00,sapmachine-21.0.13+6,391159599,True,sapmachine-jdk-21.0.13-ea.6_macos-x64_bin.tar.gz,macos,x64,jdk,22
2026-09-26T02:14:35+00:00,sapmachine-21.0.13+6,391159599,True,sapmachine-jre-21.0.13-ea.6_macos-x64_bin.tar.gz,macos,x64,jre,21
2026-09-26T02:14:35+00:00,sapmachine-21.0.13+6,391159599,True,sapmachine-jdk-21.0.13-ea.6_macos-x64_bin-symbols.tar.gz,macos,x64,jdk,1
2026-09-26T02:14:35+00:00,sapmachine-21.0.13+6,391159599,True,sapmachine-jdk-21.0.13-ea.6_macos-x64_bin.dmg,macos,x64,jdk,21
2026-09-26T02:14:35+00:00,sapmachine-21.0.13+6,391159599,True,sapmachine-jre-21.0.13-ea.6_macos-x64_bin.dmg,macos,x64,jre,21
2026-09-26T02:14:35+00:00,sapmachine-21.0.13+6,391159599,True,sapmachine-jdk-21.0.13-ea.6_linux-aarch64_bin.tar.gz,linux,aarch64,jdk,22
2026-09-26T02:14:35+00:00,sapmachine-21.0.13+6,391159599,True,sapmachine-jre-21.0.13-ea.6_linux-aarch64_bin.tar.gz,linux,aarch64,jre,23
2026-09-26T02:14:35+00:00,sapmachine-21.0.13+6,391159599,True,sapmachine-jdk-21.0.13-ea.6_linux-aarch64_bin-symbols.tar.gz,linux,aarch64,jdk,1
2026-09-26T02:14:35+00:00,sapmachine-21.0.13+6,391159599,True,sapmachine-jdk-21.0.13-ea.6_windows-x64_bin.zip,windows,x64,jdk,136
2026-09-26T02:14:35+00:00,sapmachine-21.0.13+6,391159599,True,sapmachine-jre-21.0.13-ea.6_windows-x64_bin.zip,windows,x64,jre,24
2026-09-26T02:14:35+00:00,sapmachine-21.0.13+6,391159599,True,sapmachine-jdk-21.0.13-ea.6_windows-x64_bin-symbols.tar.gz,windows,x64,jdk,1
2026-09-26T02:14:35+00:00,sapmachine-25.0.5+6,391155473,True,sapmachine-jdk-25.0.5-ea.6_linux-x64-musl_bin.tar.gz,alpine,x64,jdk,26
2026-09-26T02:14:35+00:00,sapmachine-25.0.5+6,391155473,True,sapmachine-jre-25.0.5-ea.6_linux-x64-musl_bin.tar.gz,alpine,x64,jre,23
2026-09-26T02:14:35+00:00,sapmachine-25.0.5+6,391155473,True,sapmachine-jdk-25.0.5-ea.6_linux-x64-musl_bin-symbols.tar.gz,alpine,x64,jdk,1
2026-09-26T02:14:35+00:00,sapmachine-25.0.5+6,391155473,True,sapmachine-jdk-25.0.5-ea.6_linux-ppc64le_bin.tar.gz,linux,ppc64,jdk,23
2026-09-26T02:14:35+00:00,sapmachine-25.0.5+6,391155473,True,sapmachine-jre-25.0.5-ea.6_linux-ppc64le_bin.tar.gz,linux,ppc64,jre,24
2026-09-26T02:14:35+00:00,sapmachine-25.0.5+6,391155473,True,sapmachine-jdk-25.0.5-ea.6_linux-ppc64le_bin-symbols.tar.gz,linux,ppc64,jdk,1
2026-09-26T02:14:35+00:00,sapmachine-25.0.5+6,391155473,True,sapmachine-jdk-25.0.5-ea.6_macos-aarch64_bin.tar.gz,macos,aarch64,jdk,81
2026-09-26T02:14:35+00:00,sapmachine-25.0.5+6,391155473,True,sapmachine-jre-25.0.5-ea.6_macos-aarch64_bin.tar.gz,macos,aarch64,jre,24
2026-09-26T02:14:35+00:00,sapmachine-25.0.5+6,391155473,True,sapmachine-jdk-25.0.5-ea.6_macos-aarch64_bin-symbols.tar.gz,macos,aarch64,jdk,1
2026-09-26T02:14:35+00:00,sapmachine-25.0.5+6,391155473,True,sapmachine-jdk-25.0.5-ea.6_macos-aarch64_bin.dmg,macos,aarch64,jdk,25
2026-09-26T02:14:35+00:00,sapmachine-25.0.5+6,391155473,True,sapmachine-jre-25.0.5-ea.6_macos-aarch64_bin.dmg,macos,aarch64,jre,24
2026-09-26T02:14:35+00:00,sapmachine-25.0.5+6,391155473,True,sapmachine-jdk-25.0.5-ea.6_linux-x64_bin.tar.gz,linux,x64,jdk,34
2026-09-26T02:14:35+00:00,sapmachine-25.0.5+6,391155473,True,sapmachine-jre-25.0.5-ea.6_linux-x64_bin.tar.gz,linux,x64,jre,25
2026-09-26T02:14:35+00:00,sapmachine-25.0.5+6,391155473,True,sapmachine-jdk-25.0.5-ea.6_linux-x64_bin-symbols.tar.gz,linux,x64,jdk,1
2026-09-26T02:14:35+00:00,sapmachine-25.0.5+6,391155473,True,sapmachine-jdk-25.0.5-ea.6_linux-aarch64_bin.tar.gz,linux,aarch64,jdk,22
2026-09-26T02:14:35+00:00,sapmachine-25.0.5+6,391155473,True,sapmachine-jre-25.0.5-ea.6_linux-aarch64_bin.tar.gz,linux,aarch64,jre,23
2026-09-26T02:14:35+00:00,sapmachine-25.0.5+6,391155473,True,sapmachine-jdk-25.0.5-ea.6_linux-aarch64_bin-symbols.tar.gz,linux,aarch64,jdk,1
2026-09-26T02:14:35+00:00,sapmachine-25.0.5+6,391155473,True,sapmachine-jdk-25.0.5-ea.6_windows-x64_bin.zip,windows,x64,jdk,23
2026-09-26T02:14:35+00:00,sapmachine-25.0.5+6,391155473,True,sapmachine-jre-25.0.5-ea.6_windows-x64_bin.zip,windows,x64,jre,22
2026-09-26T02:14:35+00:00,sapmachine-25.0.5+6,391155473,True,sapmachine-jdk-25.0.5-ea.6_windows-x64_bin-symbols.tar.gz,windows,x64,jdk,1
2026-09-26T02:14:35+00:00,sapmachine-25.0.5+6,391155473,True,sapmachine-jdk-25.0.5-ea.6_aix-ppc64_bin.tar.gz,aix,ppc64,jdk,22
2026-09-26T02:14:35+00:00,sapmachine-25.0.5+6,391155473,True,sapmachine-jre-25.0.5-ea.6_aix-ppc64_bin.tar.gz,aix,ppc64,jre,22
2026-09-26T02:14:35+00:00,sapmachine-25.0.5+6,391155473,True,sapmachine-jdk-25.0.5-ea.6_aix-ppc64_bin-symbols.tar.gz,aix,ppc64,jdk,1
2026-09-26T02:14:35+00:00,sapmachine-17.0.21+6,390380351,True,sapmachine-jdk-17.0.21-ea.6_linux-x64-musl_bin.tar.gz,alpine,x64,jdk,27
2026-09-26T02:14:35+00:00,sapmachine-17.0.21+6,390380351,True,sapmachine-jre-17.0.21-ea.6_linux-x64-musl_bin.tar.gz,alpine,x64,jre,27
2026-09-26T02:14:35+00:00,sapmachine-17.0.21+6,390380351,True,sapmachine-jdk-17.0.21-ea.6_linux-x64-musl_bin-symbols.tar.gz,alpine,x64,jdk,2
2026-09-26T02:14:35+00:00,sapmachine-17.0.21+6,390380351,True,sapmachine-jdk-17.0.21-ea.6_macos-aarch64_bin.tar.gz,macos,aarch64,jdk,418
2026-09-26T02:14:35+00:00,sapmachine-17.0.21+6,390380351,True,sapmachine-jre-17.0.21-ea.6_macos-aarch64_bin.tar.gz,macos,aarch64,jre,32
2026-09-26T02:14:35+00:00,sapmachine-17.0.21+6,390380351,True,sapmachine-jdk-17.0.21-ea.6_macos-aarch64_bin-symbols.tar.gz,macos,aarch64,jdk,2
2026-09-26T02:14:35+00:00,sapmachine-17.0.21+6,390380351,True,sapmachine-jdk-17.0.21-ea.6_macos-aarch64_bin.dmg,macos,aarch64,jdk,29
2026-09-26T02:14:35+00:00,sapmachine-17.0.21+6,390380351,True,sapmachine-jre-17.0.21-ea.6_macos-aarch64_bin.dmg,macos,aarch64,jre,30
2026-09-26T02:14:35+00:00,sapmachine-17.0.21+6,390380351,True,sapmachine-jdk-17.0.21-ea.6_linux-x64_bin.tar.gz,linux,x64,jdk,180
2026-09-26T02:14:35+00:00,sapmachine-17.0.21+6,390380351,True,sapmachine-jre-17.0.21-ea.6_linux-x64_bin.tar.gz,linux,x64,jre,30
2026-09-26T02:14:35+00:00,sapmachine-17.0.21+6,390380351,True,sapmachine-jdk-17.0.21-ea.6_linux-x64_bin-symbols.tar.gz,linux,x64,jdk,1
2026-09-26T02:14:35+00:00,sapmachine-17.0.21+6,390380351,True,sapmachine-jdk-17.0.21-ea.6_linux-ppc64le_bin.tar.gz,linux,ppc64,jdk,24
2026-09-26T02:14:35+00:00,sapmachine-17.0.21+6,390380351,True,sapmachine-jre-17.0.21-ea.6_linux-ppc64le_bin.tar.gz,linux,ppc64,jre,24
2026-09-26T02:14:35+00:00,sapmachine-17.0.21+6,390380351,True,sapmachine-jdk-17.0.21-ea.6_linux-ppc64le_bin-symbols.tar.gz,linux,ppc64,jdk,1
2026-09-26T02:14:35+00:00,sapmachine-17.0.21+6,390380351,True,sapmachine-jdk-17.0.21-ea.6_linux-aarch64_bin.tar.gz,linux,aarch64,jdk,27
2026-09-26T02:14:35+00:00,sapmachine-17.0.21+6,390380351,True,sapmachine-jre-17.0.21-ea.6_linux-aarch64_bin.tar.gz,linux,aarch64,jre,25
2026-09-26T02:14:35+00:00,sapmachine-17.0.21+6,390380351,True,sapmachine-jdk-17.0.21-ea.6_linux-aarch64_bin-symbols.tar.gz,linux,aarch64,jdk,1
2026-09-26T02:14:35+00:00,sapmachine-17.0.21+6,390380351,True,sapmachine-jdk-17.0.21-ea.6_macos-x64_bin.tar.gz,macos,x64,jdk,26
2026-09-26T02:14:35+00:00,sapmachine-17.0.21+6,390380351,True,sapmachine-jre-17.0.21-ea.6_macos-x64_bin.tar.gz,macos,x64,jre,25
2026-09-26T02:14:35+00:00,sapmachine-17.0.21+6,390380351,True,sapmachine-jdk-17.0.21-ea.6_macos-x64_bin-symbols.tar.gz,macos,x64,jdk,1
2026-09-26T02:14:35+00:00,sapmachine-17.0.21+6,390380351,True,sapmachine-jdk-17.0.21-ea.6_macos-x64_bin.dmg,macos,x64,jdk,25
2026-09-26T02:14:35+00:00,sapmachine-17.0.21+6,390380351,True,sapmachine-jre-17.0.21-ea.6_macos-x64_bin.dmg,macos,x64,jre,26
2026-09-26T02:14:35+00:00,sapmachine-17.0.21+6,390380351,True,sapmachine-jdk-17.0.21-ea.6_windows-x64_bin.zip,windows,x64,jdk,169
2026-09-26T02:14:35+00:00,sapmachine-17.0.21+6,390380351,True,sapmachine-jre-17.0.21-ea.6_windows-x64_bin.zip,windows,x64,jre,26
2026-09-26T02:14:35+00:00,sapmachine-17.0.21+6,390380351,True,sapmachine-jdk-17.0.21-ea.6_windows-x64_bin-symbols.tar.gz,windows,x64,jdk,1
2026-09-26T02:14:35+00:00,sapmachine-28+15,390373829,True,sapmachine-jdk-28-ea.15_linux-x64-musl_bin.tar.gz,alpine,x64,jdk,27
2026-09-26T02:14:35+00:00,sapmachine-28+15,390373829,True,sapmachine-jre-28-ea.15_linux-x64-musl_bin.tar.gz,alpine,x64,jre,28
2026-09-26T02:14:35+00:00,sapmachine-28+15,390373829,True,sapmachine-jdk-28-ea.15_linux-x64-musl_bin-symbols.tar.gz,alpine,x64,jdk,2
2026-09-26T02:14:35+00:00,sapmachine-28+15,390373829,True,sapmachine-jdk-28-ea.15_linux-x64_bin.tar.gz,linux,x64,jdk,31
2026-09-26T02:14:35+00:00,sapmachine-28+15,390373829,True,sapmachine-jre-28-ea.15_linux-x64_bin.tar.gz,linux,x64,jre,26
2026-09-26T02:14:35+00:00,sapmachine-28+15,390373829,True,sapmachine-jdk-28-ea.15_linux-x64_bin-symbols.tar.gz,linux,x64,jdk,2
2026-09-26T02:14:35+00:00,sapmachine-28+15,390373829,True,sapmachine-jdk-28-ea.15_linux-ppc64le_bin.tar.gz,linux,ppc64,jdk,24
2026-09-26T02:14:35+00:00,sapmachine-28+15,390373829,True,sapmachine-jre-28-ea.15_linux-ppc64le_bin.tar.gz,linux,ppc64,jre,24
2026-09-26T02:14:35+00:00,sapmachine-28+15,390373829,True,sapmachine-jdk-28-ea.15_linux-ppc64le_bin-symbols.tar.gz,linux,ppc64,jdk,1
2026-09-26T02:14:35+00:00,sapmachine-28+15,390373829,True,sapmachine-jdk-28-ea.15_linux-aarch64_bin.tar.gz,linux,aarch64,jdk,25
2026-09-26T02:14:35+00:00,sapmachine-28+15,390373829,True,sapmachine-jre-28-ea.15_linux-aarch64_bin.tar.gz,linux,aarch64,jre,25
2026-09-26T02:14:35+00:00,sapmachine-28+15,390373829,True,sapmachine-jdk-28-ea.15_linux-aarch64_bin-symbols.tar.gz,linux,aarch64,jdk,1
2026-09-26T02:14:35+00:00,sapmachine-28+15,390373829,True,sapmachine-jdk-28-ea.15_aix-ppc64_bin.tar.gz,aix,ppc64,jdk,24
2026-09-26T02:14:35+00:00,sapmachine-28+15,390373829,True,sapmachine-jre-28-ea.15_aix-ppc64_bin.tar.gz,aix,ppc64,jre,23
2026-09-26T02:14:35+00:00,sapmachine-28+15,390373829,True,sapmachine-jdk-28-ea.15_aix-ppc64_bin-symbols.tar.gz,aix,ppc64,jdk,1
2026-09-26T02:14:35+00:00,sapmachine-28+15,390373829,True,sapmachine-jdk-28-ea.15_windows-x64_bin.zip,windows,x64,jdk,29
2026-09-26T02:14:35+00:00,sapmachine-28+15,390373829,True,sapmachine-jre-28-ea.15_windows-x64_bin.zip,windows,x64,jre,27
2026-09-26T02:14:35+00:00,sapmachine-28+15,390373829,True,sapmachine-jdk-28-ea.15_windows-x64_bin-symbols.tar.gz,windows,x64,jdk,1
2026-09-26T02:14:35+00:00,sapmachine-28+15,390373829,True,sapmachine-jdk-28-ea.15_macos-aarch64_bin.tar.gz,macos,aarch64,jdk,26
2026-09-26T02:14:35+00:00,sapmachine-28+15,390373829,True,sapmachine-jre-28-ea.15_macos-aarch64_bin.tar.gz,macos,aarch64,jre,25
2026-09-26T02:14:35+00:00,sapmachine-28+15,390373829,True,sapmachine-jdk-28-ea.15_macos-aarch64_bin-symbols.tar.gz,macos,aarch64,jdk,1
2026-09-26T02:14:35+00:00,sapmachine-28+15,390373829,True,sapmachine-jdk-28-ea.15_macos-aarch64_bin.dmg,macos,aarch64,jdk,27
2026-09-26T02:14:35+00:00,sapmachine-28+15,390373829,True,sapmachine-jre-28-ea.15_macos-aarch64_bin.dmg,macos,aarch64,jre,24
2026-09-26T02:14:35+00:00,sapmachine-27,388994246,False,sapmachine-jdk-27_aix-ppc64_bin-symbols.tar.gz,aix,ppc64,jdk,4
2026-09-26T02:14:35+00:00,sapmachine-27,388994246,False,sapmachine-jdk-27_aix-ppc64_bin.tar.gz,aix,ppc64,jdk,60
2026-09-26T02:14:35+00:00,sapmachine-27,388994246,False,sapmachine-jdk-27_linux-aarch64_bin-symbols.tar.gz,linux,aarch64,jdk,5
2026-09-26T02:14:35+00:00,sapmachine-27,388994246,False,sapmachine-jdk-27_linux-aarch64_bin.tar.gz,linux,aarch64,jdk,84
2026-09-26T02:14:35+00:00,sapmachine-27,388994246,False,sapmachine-jdk-27_linux-ppc64le_bin-symbols.tar.gz,linux,ppc64,jdk,1
2026-09-26T02:14:35+00:00,sapmachine-27,388994246,False,sapmachine-jdk-27_linux-ppc64le_bin.tar.gz,linux,ppc64,jdk,60
2026-09-26T02:14:35+00:00,sapmachine-27,388994246,False,sapmachine-jdk-27_linux-x64-musl_bin-symbols.tar.gz,alpine,x64,jdk,1
2026-09-26T02:14:35+00:00,sapmachine-27,388994246,False,sapmachine-jdk-27_linux-x64-musl_bin.tar.gz,alpine,x64,jdk,59
2026-09-26T02:14:35+00:00,sapmachine-27,388994246,False,sapmachine-jdk-27_linux-x64_bin-symbols.tar.gz,linux,x64,jdk,2
2026-09-26T02:14:35+00:00,sapmachine-27,388994246,False,sapmachine-jdk-27_linux-x64_bin.tar.gz,linux,x64,jdk,1266
2026-09-26T02:14:35+00:00,sapmachine-27,388994246,False,sapmachine-jdk-27_macos-aarch64_bin-symbols.tar.gz,macos,aarch64,jdk,1
2026-09-26T02:14:35+00:00,sapmachine-27,388994246,False,sapmachine-jdk-27_macos-aarch64_bin.dmg,macos,aarch64,jdk,505
2026-09-26T02:14:35+00:00,sapmachine-27,388994246,False,sapmachine-jdk-27_macos-aarch64_bin.tar.gz,macos,aarch64,jdk,187
2026-09-26T02:14:35+00:00,sapmachine-27,388994246,False,sapmachine-jdk-27_windows-x64_bin-symbols.tar.gz,windows,x64,jdk,1
2026-09-26T02:14:35+00:00,sapmachine-27,388994246,False,sapmachine-jdk-27_windows-x64_bin.msi,windows,x64,jdk,67
2026-09-26T02:14:35+00:00,sapmachine-27,388994246,False,sapmachine-jdk-27_windows-x64_bin.zip,windows,x64,jdk,233
2026-09-26T02:14:35+00:00,sapmachine-27,388994246,False,sapmachine-jre-27_aix-ppc64_bin.tar.gz,aix,ppc64,jre,33
2026-09-26T02:14:35+00:00,sapmachine-27,388994246,False,sapmachine-jre-27_linux-aarch64_bin.tar.gz,linux,aarch64,jre,49
2026-09-26T02:14:35+00:00,sapmachine-27,388994246,False,sapmachine-jre-27_linux-ppc64le_bin.tar.gz,linux,ppc64,jre,31
2026-09-26T02:14:35+00:00,sapmachine-27,388994246,False,sapmachine-jre-27_linux-x64-musl_bin.tar.gz,alpine,x64,jre,34
2026-09-26T02:14:35+00:00,sapmachine-27,388994246,False,sapmachine-jre-27_linux-x64_bin.tar.gz,linux,x64,jre,61
2026-09-26T02:14:35+00:00,sapmachine-27,388994246,False,sapmachine-jre-27_macos-aarch64_bin.dmg,macos,aarch64,jre,31
2026-09-26T02:14:35+00:00,sapmachine-27,388994246,False,sapmachine-jre-27_macos-aarch64_bin.tar.gz,macos,aarch64,jre,45
2026-09-26T02:14:35+00:00,sapmachine-27,388994246,False,sapmachine-jre-27_windows-x64_bin.msi,windows,x64,jre,42
2026-09-26T02:14:35+00:00,sapmachine-27,388994246,False,sapmachine-jre-27_windows-x64_bin.zip,windows,x64,jre,36
2026-09-26T02:14:35+00:00,sapmachine-17.0.21+5,384393701,True,sapmachine-jdk-17.0.21-ea.5_linux-x64_bin.tar.gz,linux,x64,jdk,327
2026-09-26T02:14:35+00:00,sapmachine-17.0.21+5,384393701,True,sapmachine-jre-17.0.21-ea.5_linux-x64_bin.tar.gz,linux,x64,jre,36
2026-09-26T02:14:35+00:00,sapmachine-17.0.21+5,384393701,True,sapmachine-jdk-17.0.21-ea.5_linux-x64_bin-symbols.tar.gz,linux,x64,jdk,2
2026-09-26T02:14:35+00:00,sapmachine-17.0.21+5,384393701,True,sapmachine-jdk-17.0.21-ea.5_linux-x64-musl_bin.tar.gz,alpine,x64,jdk,36
2026-09-26T02:14:35+00:00,sapmachine-17.0.21+5,384393701,True,sapmachine-jre-17.0.21-ea.5_linux-x64-musl_bin.tar.gz,alpine,x64,jre,36
2026-09-26T02:14:35+00:00,sapmachine-17.0.21+5,384393701,True,sapmachine-jdk-17.0.21-ea.5_linux-x64-musl_bin-symbols.tar.gz,alpine,x64,jdk,2
2026-09-26T02:14:35+00:00,sapmachine-17.0.21+5,384393701,True,sapmachine-jdk-17.0.21-ea.5_macos-aarch64_bin.tar.gz,macos,aarch64,jdk,559
2026-09-26T02:14:35+00:00,sapmachine-17.0.21+5,384393701,True,sapmachine-jre-17.0.21-ea.5_macos-aarch64_bin.tar.gz,macos,aarch64,jre,37
2026-09-26T02:14:35+00:00,sapmachine-17.0.21+5,384393701,True,sapmachine-jdk-17.0.21-ea.5_macos-aarch64_bin-symbols.tar.gz,macos,aarch64,jdk,1
2026-09-26T02:14:35+00:00,sapmachine-17.0.21+5,384393701,True,sapmachine-jdk-17.0.21-ea.5_macos-aarch64_bin.dmg,macos,aarch64,jdk,35
2026-09-26T02:14:35+00:00,sapmachine-17.0.21+5,384393701,True,sapmachine-jre-17.0.21-ea.5_macos-aarch64_bin.dmg,macos,aarch64,jre,35
2026-09-26T02:14:35+00:00,sapmachine-17.0.21+5,384393701,True,sapmachine-jdk-17.0.21-ea.5_linux-aarch64_bin.tar.gz,linux,aarch64,jdk,32
2026-09-26T02:14:35+00:00,sapmachine-17.0.21+5,384393701,True,sapmachine-jre-17.0.21-ea.5_linux-aarch64_bin.tar.gz,linux,aarch64,jre,34
2026-09-26T02:14:35+00:00,sapmachine-17.0.21+5,384393701,True,sapmachine-jdk-17.0.21-ea.5_linux-aarch64_bin-symbols.tar.gz,linux,aarch64,jdk,1
2026-09-26T02:14:35+00:00,sapmachine-17.0.21+5,384393701,True,sapmachine-jdk-17.0.21-ea.5_linux-ppc64le_bin.tar.gz,linux,ppc64,jdk,33
2026-09-26T02:14:35+00:00,sapmachine-17.0.21+5,384393701,True,sapmachine-jre-17.0.21-ea.5_linux-ppc64le_bin.tar.gz,linux,ppc64,jre,32
2026-09-26T02:14:35+00:00,sapmachine-17.0.21+5,384393701,True,sapmachine-jdk-17.0.21-ea.5_linux-ppc64le_bin-symbols.tar.gz,linux,ppc64,jdk,1
2026-09-26T02:14:35+00:00,sapmachine-17.0.21+5,384393701,True,sapmachine-jdk-17.0.21-ea.5_windows-x64_bin.zip,windows,x64,jdk,317
2026-09-26T02:14:35+00:00,sapmachine-17.0.21+5,384393701,True,sapmachine-jre-17.0.21-ea.5_windows-x64_bin.zip,windows,x64,jre,33
2026-09-26T02:14:35+00:00,sapmachine-17.0.21+5,384393701,True,sapmachine-jdk-17.0.21-ea.5_windows-x64_bin-symbols.tar.gz,windows,x64,jdk,2
2026-09-26T02:14:35+00:00,sapmachine-17.0.21+5,384393701,True,sapmachine-jdk-17.0.21-ea.5_macos-x64_bin.tar.gz,macos,x64,jdk,32
2026-09-26T02:14:35+00:00,sapmachine-17.0.21+5,384393701,True,sapmachine-jre-17.0.21-ea.5_macos-x64_bin.tar.gz,macos,x64,jre,32
2026-09-26T02:14:35+00:00,sapmachine-17.0.21+5,384393701,True,sapmachine-jdk-17.0.21-ea.5_macos-x64_bin-symbols.tar.gz,macos,x64,jdk,1
2026-09-26T02:14:35+00:00,sapmachine-17.0.21+5,384393701,True,sapmachine-jdk-17.0.21-ea.5_macos-x64_bin.dmg,macos,x64,jdk,34
2026-09-26T02:14:35+00:00,sapmachine-17.0.21+5,384393701,True,sapmachine-jre-17.0.21-ea.5_macos-x64_bin.dmg,macos,x64,jre,35
2026-09-26T02:14:35+00:00,sapmachine-21.0.13+5,384389960,True,sapmachine-jdk-21.0.13-ea.5_linux-x64-musl_bin.tar.gz,alpine,x64,jdk,33
2026-09-26T02:14:35+00:00,sapmachine-21.0.13+5,384389960,True,sapmachine-jre-21.0.13-ea.5_linux-x64-musl_bin.tar.gz,alpine,x64,jre,33
2026-09-26T02:14:35+00:00,sapmachine-21.0.13+5,384389960,True,sapmachine-jdk-21.0.13-ea.5_linux-x64-musl_bin-symbols.tar.gz,alpine,x64,jdk,2
2026-09-26T02:14:35+00:00,sapmachine-21.0.13+5,384389960,True,sapmachine-jdk-21.0.13-ea.5_aix-ppc64_bin.tar.gz,aix,ppc64,jdk,33
2026-09-26T02:14:35+00:00,sapmachine-21.0.13+5,384389960,True,sapmachine-jre-21.0.13-ea.5_aix-ppc64_bin.tar.gz,aix,ppc64,jre,33
2026-09-26T02:14:35+00:00,sapmachine-21.0.13+5,384389960,True,sapmachine-jdk-21.0.13-ea.5_aix-ppc64_bin-symbols.tar.gz,aix,ppc64,jdk,2
2026-09-26T02:14:35+00:00,sapmachine-21.0.13+5,384389960,True,sapmachine-jdk-21.0.13-ea.5_linux-x64_bin.tar.gz,linux,x64,jdk,364
2026-09-26T02:14:35+00:00,sapmachine-21.0.13+5,384389960,True,sapmachine-jre-21.0.13-ea.5_linux-x64_bin.tar.gz,linux,x64,jre,46
2026-09-26T02:14:35+00:00,sapmachine-21.0.13+5,384389960,True,sapmachine-jdk-21.0.13-ea.5_linux-x64_bin-symbols.tar.gz,linux,x64,jdk,1
2026-09-26T02:14:35+00:00,sapmachine-21.0.13+5,384389960,True,sapmachine-jdk-21.0.13-ea.5_linux-ppc64le_bin.tar.gz,linux,ppc64,jdk,32
2026-09-26T02:14:35+00:00,sapmachine-21.0.13+5,384389960,True,sapmachine-jre-21.0.13-ea.5_linux-ppc64le_bin.tar.gz,linux,ppc64,jre,33
2026-09-26T02:14:35+00:00,sapmachine-21.0.13+5,384389960,True,sapmachine-jdk-21.0.13-ea.5_linux-ppc64le_bin-symbols.tar.gz,linux,ppc64,jdk,1
2026-09-26T02:14:35+00:00,sapmachine-21.0.13+5,384389960,True,sapmachine-jdk-21.0.13-ea.5_linux-aarch64_bin.tar.gz,linux,aarch64,jdk,32
2026-09-26T02:14:35+00:00,sapmachine-21.0.13+5,384389960,True,sapmachine-jre-21.0.13-ea.5_linux-aarch64_bin.tar.gz,linux,aarch64,jre,33
2026-09-26T02:14:35+00:00,sapmachine-21.0.13+5,384389960,True,sapmachine-jdk-21.0.13-ea.5_linux-aarch64_bin-symbols.tar.gz,linux,aarch64,jdk,1
2026-09-26T02:14:35+00:00,sapmachine-21.0.13+5,384389960,True,sapmachine-jdk-21.0.13-ea.5_macos-aarch64_bin.tar.gz,macos,aarch64,jdk,478
2026-09-26T02:14:35+00:00,sapmachine-21.0.13+5,384389960,True,sapmachine-jre-21.0.13-ea.5_macos-aarch64_bin.tar.gz,macos,aarch64,jre,36
2026-09-26T02:14:35+00:00,sapmachine-21.0.13+5,384389960,True,sapmachine-jdk-21.0.13-ea.5_macos-aarch64_bin-symbols.tar.gz,macos,aarch64,jdk,1
2026-09-26T02:14:35+00:00,sapmachine-21.0.13+5,384389960,True,sapmachine-jdk-21.0.13-ea.5_macos-aarch64_bin.dmg,macos,aarch64,jdk,38
2026-09-26T02:14:35+00:00,sapmachine-21.0.13+5,384389960,True,sapmachine-jre-21.0.13-ea.5_macos-aarch64_bin.dmg,macos,aarch64,jre,33
2026-09-26T02:14:35+00:00,sapmachine-21.0.13+5,384389960,True,sapmachine-jdk-21.0.13-ea.5_macos-x64_bin.tar.gz,macos,x64,jdk,31
2026-09-26T02:14:35+00:00,sapmachine-21.0.13+5,384389960,True,sapmachine-jre-21.0.13-ea.5_macos-x64_bin.tar.gz,macos,x64,jre,31
2026-09-26T02:14:35+00:00,sapmachine-21.0.13+5,384389960,True,sapmachine-jdk-21.0.13-ea.5_macos-x64_bin-symbols.tar.gz,macos,x64,jdk,2
2026-09-26T02:14:35+00:00,sapmachine-21.0.13+5,384389960,True,sapmachine-jdk-21.0.13-ea.5_macos-x64_bin.dmg,macos,x64,jdk,33
2026-09-26T02:14:35+00:00,sapmachine-21.0.13+5,384389960,True,sapmachine-jre-21.0.13-ea.5_macos-x64_bin.dmg,macos,x64,jre,32
2026-09-26T02:14:35+00:00,sapmachine-21.0.13+5,384389960,True,sapmachine-jdk-21.0.13-ea.5_windows-x64_bin.zip,windows,x64,jdk,337
2026-09-26T02:14:35+00:00,sapmachine-21.0.13+5,384389960,True,sapmachine-jre-21.0.13-ea.5_windows-x64_bin.zip,windows,x64,jre,34
2026-09-26T02:14:35+00:00,sapmachine-21.0.13+5,384389960,True,sapmachine-jdk-21.0.13-ea.5_windows-x64_bin-symbols.tar.gz,windows,x64,jdk,1
2026-09-26T02:14:35+00:00,sapmachine-28+14,384389777,True,sapmachine-jdk-28-ea.14_linux-x64-musl_bin.tar.gz,alpine,x64,jdk,34
2026-09-26T02:14:35+00:00,sapmachine-28+14,384389777,True,sapmachine-jre-28-ea.14_linux-x64-musl_bin.tar.gz,alpine,x64,jre,35
2026-09-26T02:14:35+00:00,sapmachine-28+14,384389777,True,sapmachine-jdk-28-ea.14_linux-x64-musl_bin-symbols.tar.gz,alpine,x64,jdk,3
2026-09-26T02:14:35+00:00,sapmachine-28+14,384389777,True,sapmachine-jdk-28-ea.14_macos-aarch64_bin.tar.gz,macos,aarch64,jdk,33
2026-09-26T02:14:35+00:00,sapmachine-28+14,384389777,True,sapmachine-jre-28-ea.14_macos-aarch64_bin.tar.gz,macos,aarch64,jre,33
2026-09-26T02:14:35+00:00,sapmachine-28+14,384389777,True,sapmachine-jdk-28-ea.14_macos-aarch64_bin-symbols.tar.gz,macos,aarch64,jdk,1
2026-09-26T02:14:35+00:00,sapmachine-28+14,384389777,True,sapmachine-jdk-28-ea.14_macos-aarch64_bin.dmg,macos,aarch64,jdk,38
2026-09-26T02:14:35+00:00,sapmachine-28+14,384389777,True,sapmachine-jre-28-ea.14_macos-aarch64_bin.dmg,macos,aarch64,jre,35
2026-09-26T02:14:35+00:00,sapmachine-28+14,384389777,True,sapmachine-jdk-28-ea.14_linux-x64_bin.tar.gz,linux,x64,jdk,34
2026-09-26T02:14:35+00:00,sapmachine-28+14,384389777,True,sapmachine-jre-28-ea.14_linux-x64_bin.tar.gz,linux,x64,jre,34
2026-09-26T02:14:35+00:00,sapmachine-28+14,384389777,True,sapmachine-jdk-28-ea.14_linux-x64_bin-symbols.tar.gz,linux,x64,jdk,1
2026-09-26T02:14:35+00:00,sapmachine-28+14,384389777,True,sapmachine-jdk-28-ea.14_linux-aarch64_bin.tar.gz,linux,aarch64,jdk,34
2026-09-26T02:14:35+00:00,sapmachine-28+14,384389777,True,sapmachine-jre-28-ea.14_linux-aarch64_bin.tar.gz,linux,aarch64,jre,33
2026-09-26T02:14:35+00:00,sapmachine-28+14,384389777,True,sapmachine-jdk-28-ea.14_linux-aarch64_bin-symbols.tar.gz,linux,aarch64,jdk,1
2026-09-26T02:14:35+00:00,sapmachine-28+14,384389777,True,sapmachine-jdk-28-ea.14_linux-ppc64le_bin.tar.gz,linux,ppc64,jdk,33
2026-09-26T02:14:35+00:00,sapmachine-28+14,384389777,True,sapmachine-jre-28-ea.14_linux-ppc64le_bin.tar.gz,linux,ppc64,jre,33
2026-09-26T02:14:35+00:00,sapmachine-28+14,384389777,True,sapmachine-jdk-28-ea.14_linux-ppc64le_bin-symbols.tar.gz,linux,ppc64,jdk,1
2026-09-26T02:14:35+00:00,sapmachine-28+14,384389777,True,sapmachine-jdk-28-ea.14_aix-ppc64_bin.tar.gz,aix,ppc64,jdk,32
2026-09-26T02:14:35+00:00,sapmachine-28+14,384389777,True,sapmachine-jre-28-ea.14_aix-ppc64_bin.tar.gz,aix,ppc64,jre,32
2026-09-26T02:14:35+00:00,sapmachine-28+14,384389777,True,sapmachine-jdk-28-ea.14_aix-ppc64_bin-symbols.tar.gz,aix,ppc64,jdk,1
2026-09-26T02:14:35+00:00,sapmachine-28+14,384389777,True,sapmachine-jdk-28-ea.14_windows-x64_bin.zip,windows,x64,jdk,43
2026-09-26T02:14:35+00:00,sapmachine-28+14,384389777,True,sapmachine-jre-28-ea.14_windows-x64_bin.zip,windows,x64,jre,37
2026-09-26T02:14:35+00:00,sapmachine-28+14,384389777,True,sapmachine-jdk-28-ea.14_windows-x64_bin-symbols.tar.gz,windows,x64,jdk,1
2026-09-26T02:14:35+00:00,sapmachine-25.0.5+5,383777589,True,sapmachine-jdk-25.0.5-ea.5_linux-x64-musl_bin.tar.gz,alpine,x64,jdk,36
2026-09-26T02:14:35+00:00,sapmachine-25.0.5+5,383777589,True,sapmachine-jre-25.0.5-ea.5_linux-x64-musl_bin.tar.gz,alpine,x64,jre,37
2026-09-26T02:14:35+00:00,sapmachine-25.0.5+5,383777589,True,sapmachine-jdk-25.0.5-ea.5_linux-x64-musl_bin-symbols.tar.gz,alpine,x64,jdk,4
2026-09-26T02:14:35+00:00,sapmachine-25.0.5+5,383777589,True,sapmachine-jdk-25.0.5-ea.5_linux-x64_bin.tar.gz,linux,x64,jdk,50
2026-09-26T02:14:35+00:00,sapmachine-25.0.5+5,383777589,True,sapmachine-jre-25.0.5-ea.5_linux-x64_bin.tar.gz,linux,x64,jre,37
2026-09-26T02:14:35+00:00,sapmachine-25.0.5+5,383777589,True,sapmachine-jdk-25.0.5-ea.5_linux-x64_bin-symbols.tar.gz,linux,x64,jdk,4
2026-09-26T02:14:35+00:00,sapmachine-25.0.5+5,383777589,True,sapmachine-jdk-25.0.5-ea.5_aix-ppc64_bin.tar.gz,aix,ppc64,jdk,34
2026-09-26T02:14:35+00:00,sapmachine-25.0.5+5,383777589,True,sapmachine-jre-25.0.5-ea.5_aix-ppc64_bin.tar.gz,aix,ppc64,jre,35
2026-09-26T02:14:35+00:00,sapmachine-25.0.5+5,383777589,True,sapmachine-jdk-25.0.5-ea.5_aix-ppc64_bin-symbols.tar.gz,aix,ppc64,jdk,1
2026-09-26T02:14:35+00:00,sapmachine-25.0.5+5,383777589,True,sapmachine-jdk-25.0.5-ea.5_linux-ppc64le_bin.tar.gz,linux,ppc64,jdk,34
2026-09-26T02:14:35+00:00,sapmachine-25.0.5+5,383777589,True,sapmachine-jre-25.0.5-ea.5_linux-ppc64le_bin.tar.gz,linux,ppc64,jre,33
2026-09-26T02:14:35+00:00,sapmachine-25.0.5+5,383777589,True,sapmachine-jdk-25.0.5-ea.5_linux-ppc64le_bin-symbols.tar.gz,linux,ppc64,jdk,1
2026-09-26T02:14:35+00:00,sapmachine-25.0.5+5,383777589,True,sapmachine-jdk-25.0.5-ea.5_linux-aarch64_bin.tar.gz,linux,aarch64,jdk,34
2026-09-26T02:14:35+00:00,sapmachine-25.0.5+5,383777589,True,sapmachine-jre-25.0.5-ea.5_linux-aarch64_bin.tar.gz,linux,aarch64,jre,34
2026-09-26T02:14:35+00:00,sapmachine-25.0.5+5,383777589,True,sapmachine-jdk-25.0.5-ea.5_linux-aarch64_bin-symbols.tar.gz,linux,aarch64,jdk,1
2026-09-26T02:14:35+00:00,sapmachine-25.0.5+5,383777589,True,sapmachine-jdk-25.0.5-ea.5_macos-aarch64_bin.tar.gz,macos,aarch64,jdk,54
2026-09-26T02:14:35+00:00,sapmachine-25.0.5+5,383777589,True,sapmachine-jre-25.0.5-ea.5_macos-aarch64_bin.tar.gz,macos,aarch64,jre,36
2026-09-26T02:14:35+00:00,sapmachine-25.0.5+5,383777589,True,sapmachine-jdk-25.0.5-ea.5_macos-aarch64_bin-symbols.tar.gz,macos,aarch64,jdk,1
2026-09-26T02:14:35+00:00,sapmachine-25.0.5+5,383777589,True,sapmachine-jdk-25.0.5-ea.5_macos-aarch64_bin.dmg,macos,aarch64,jdk,41
2026-09-26T02:14:35+00:00,sapmachine-25.0.5+5,383777589,True,sapmachine-jre-25.0.5-ea.5_macos-aarch64_bin.dmg,macos,aarch64,jre,35
2026-09-26T02:14:35+00:00,sapmachine-25.0.5+5,383777589,True,sapmachine-jdk-25.0.5-ea.5_windows-x64_bin.zip,windows,x64,jdk,41
2026-09-26T02:14:35+00:00,sapmachine-25.0.5+5,383777589,True,sapmachine-jre-25.0.5-ea.5_windows-x64_bin.zip,windows,x64,jre,35
2026-09-26T02:14:35+00:00,sapmachine-25.0.5+5,383777589,True,sapmachine-jdk-25.0.5-ea.5_windows-x64_bin-symbols.tar.gz,windows,x64,jdk,1
2026-09-26T02:14:35+00:00,sapmachine-28+13,382721864,True,sapmachine-jdk-28-ea.13_linux-x64-musl_bin.tar.gz,alpine,x64,jdk,41
2026-09-26T02:14:35+00:00,sapmachine-28+13,382721864,True,sapmachine-jre-28-ea.13_linux-x64-musl_bin.tar.gz,alpine,x64,jre,40
2026-09-26T02:14:35+00:00,sapmachine-28+13,382721864,True,sapmachine-jdk-28-ea.13_linux-x64-musl_bin-symbols.tar.gz,alpine,x64,jdk,4
2026-09-26T02:14:35+00:00,sapmachine-28+13,382721864,True,sapmachine-jdk-28-ea.13_linux-x64_bin.tar.gz,linux,x64,jdk,41
2026-09-26T02:14:35+00:00,sapmachine-28+13,382721864,True,sapmachine-jre-28-ea.13_linux-x64_bin.tar.gz,linux,x64,jre,40
2026-09-26T02:14:35+00:00,sapmachine-28+13,382721864,True,sapmachine-jdk-28-ea.13_linux-x64_bin-symbols.tar.gz,linux,x64,jdk,6
2026-09-26T02:14:35+00:00,sapmachine-28+13,382721864,True,sapmachine-jdk-28-ea.13_macos-aarch64_bin.tar.gz,macos,aarch64,jdk,39
2026-09-26T02:14:35+00:00,sapmachine-28+13,382721864,True,sapmachine-jre-28-ea.13_macos-aarch64_bin.tar.gz,macos,aarch64,jre,40
2026-09-26T02:14:35+00:00,sapmachine-28+13,382721864,True,sapmachine-jdk-28-ea.13_macos-aarch64_bin-symbols.tar.gz,macos,aarch64,jdk,4
2026-09-26T02:14:35+00:00,sapmachine-28+13,382721864,True,sapmachine-jdk-28-ea.13_macos-aarch64_bin.dmg,macos,aarch64,jdk,42
2026-09-26T02:14:35+00:00,sapmachine-28+13,382721864,True,sapmachine-jre-28-ea.13_macos-aarch64_bin.dmg,macos,aarch64,jre,40
2026-09-26T02:14:35+00:00,sapmachine-28+13,382721864,True,sapmachine-jdk-28-ea.13_linux-ppc64le_bin.tar.gz,linux,ppc64,jdk,39
2026-09-26T02:14:35+00:00,sapmachine-28+13,382721864,True,sapmachine-jre-28-ea.13_linux-ppc64le_bin.tar.gz,linux,ppc64,jre,38
2026-09-26T02:14:35+00:00,sapmachine-28+13,382721864,True,sapmachine-jdk-28-ea.13_linux-ppc64le_bin-symbols.tar.gz,linux,ppc64,jdk,3
2026-09-26T02:14:35+00:00,sapmachine-28+13,382721864,True,sapmachine-jdk-28-ea.13_aix-ppc64_bin.tar.gz,aix,ppc64,jdk,38
2026-09-26T02:14:35+00:00,sapmachine-28+13,382721864,True,sapmachine-jre-28-ea.13_aix-ppc64_bin.tar.gz,aix,ppc64,jre,39
2026-09-26T02:14:35+00:00,sapmachine-28+13,382721864,True,sapmachine-jdk-28-ea.13_aix-ppc64_bin-symbols.tar.gz,aix,ppc64,jdk,3
2026-09-26T02:14:35+00:00,sapmachine-28+13,382721864,True,sapmachine-jdk-28-ea.13_linux-aarch64_bin.tar.gz,linux,aarch64,jdk,41
2026-09-26T02:14:35+00:00,sapmachine-28+13,382721864,True,sapmachine-jre-28-ea.13_linux-aarch64_bin.tar.gz,linux,aarch64,jre,39
2026-09-26T02:14:35+00:00,sapmachine-28+13,382721864,True,sapmachine-jdk-28-ea.13_linux-aarch64_bin-symbols.tar.gz,linux,aarch64,jdk,3
2026-09-26T02:14:35+00:00,sapmachine-28+13,382721864,True,sapmachine-jdk-28-ea.13_windows-x64_bin.zip,windows,x64,jdk,41
2026-09-26T02:14:35+00:00,sapmachine-28+13,382721864,True,sapmachine-jre-28-ea.13_windows-x64_bin.zip,windows,x64,jre,41
2026-09-26T02:14:35+00:00,sapmachine-28+13,382721864,True,sapmachine-jdk-28-ea.13_windows-x64_bin-symbols.tar.gz,windows,x64,jdk,4
2026-09-26T02:14:35+00:00,sapmachine-17.0.21+4,382421693,True,sapmachine-jdk-17.0.21-ea.4_linux-x64-musl_bin.tar.gz,alpine,x64,jdk,40
2026-09-26T02:14:35+00:00,sapmachine-17.0.21+4,382421693,True,sapmachine-jre-17.0.21-ea.4_linux-x64-musl_bin.tar.gz,alpine,x64,jre,40
2026-09-26T02:14:35+00:00,sapmachine-17.0.21+4,382421693,True,sapmachine-jdk-17.0.21-ea.4_linux-x64-musl_bin-symbols.tar.gz,alpine,x64,jdk,5
2026-09-26T02:14:35+00:00,sapmachine-17.0.21+4,382421693,True,sapmachine-jdk-17.0.21-ea.4_macos-aarch64_bin.tar.gz,macos,aarch64,jdk,370
2026-09-26T02:14:35+00:00,sapmachine-17.0.21+4,382421693,True,sapmachine-jre-17.0.21-ea.4_macos-aarch64_bin.tar.gz,macos,aarch64,jre,45
2026-09-26T02:14:35+00:00,sapmachine-17.0.21+4,382421693,True,sapmachine-jdk-17.0.21-ea.4_macos-aarch64_bin-symbols.tar.gz,macos,aarch64,jdk,4
2026-09-26T02:14:35+00:00,sapmachine-17.0.21+4,382421693,True,sapmachine-jdk-17.0.21-ea.4_macos-aarch64_bin.dmg,macos,aarch64,jdk,42
2026-09-26T02:14:35+00:00,sapmachine-17.0.21+4,382421693,True,sapmachine-jre-17.0.21-ea.4_macos-aarch64_bin.dmg,macos,aarch64,jre,41
2026-09-26T02:14:35+00:00,sapmachine-17.0.21+4,382421693,True,sapmachine-jdk-17.0.21-ea.4_linux-x64_bin.tar.gz,linux,x64,jdk,184
2026-09-26T02:14:35+00:00,sapmachine-17.0.21+4,382421693,True,sapmachine-jre-17.0.21-ea.4_linux-x64_bin.tar.gz,linux,x64,jre,39
2026-09-26T02:14:35+00:00,sapmachine-17.0.21+4,382421693,True,sapmachine-jdk-17.0.21-ea.4_linux-x64_bin-symbols.tar.gz,linux,x64,jdk,4
2026-09-26T02:14:35+00:00,sapmachine-17.0.21+4,382421693,True,sapmachine-jdk-17.0.21-ea.4_linux-ppc64le_bin.tar.gz,linux,ppc64,jdk,39
2026-09-26T02:14:35+00:00,sapmachine-17.0.21+4,382421693,True,sapmachine-jre-17.0.21-ea.4_linux-ppc64le_bin.tar.gz,linux,ppc64,jre,39
2026-09-26T02:14:35+00:00,sapmachine-17.0.21+4,382421693,True,sapmachine-jdk-17.0.21-ea.4_linux-ppc64le_bin-symbols.tar.gz,linux,ppc64,jdk,4
2026-09-26T02:14:35+00:00,sapmachine-17.0.21+4,382421693,True,sapmachine-jdk-17.0.21-ea.4_linux-aarch64_bin.tar.gz,linux,aarch64,jdk,40
2026-09-26T02:14:35+00:00,sapmachine-17.0.21+4,382421693,True,sapmachine-jre-17.0.21-ea.4_linux-aarch64_bin.tar.gz,linux,aarch64,jre,40
2026-09-26T02:14:35+00:00,sapmachine-17.0.21+4,382421693,True,sapmachine-jdk-17.0.21-ea.4_linux-aarch64_bin-symbols.tar.gz,linux,aarch64,jdk,3
2026-09-26T02:14:35+00:00,sapmachine-17.0.21+4,382421693,True,sapmachine-jdk-17.0.21-ea.4_windows-x64_bin.zip,windows,x64,jdk,180
2026-09-26T02:14:35+00:00,sapmachine-17.0.21+4,382421693,True,sapmachine-jre-17.0.21-ea.4_windows-x64_bin.zip,windows,x64,jre,39
2026-09-26T02:14:35+00:00,sapmachine-17.0.21+4,382421693,True,sapmachine-jdk-17.0.21-ea.4_windows-x64_bin-symbols.tar.gz,windows,x64,jdk,3
2026-09-26T02:14:35+00:00,sapmachine-17.0.21+4,382421693,True,sapmachine-jdk-17.0.21-ea.4_macos-x64_bin.tar.gz,macos,x64,jdk,40
2026-09-26T02:14:35+00:00,sapmachine-17.0.21+4,382421693,True,sapmachine-jre-17.0.21-ea.4_macos-x64_bin.tar.gz,macos,x64,jre,38
2026-09-26T02:14:35+00:00,sapmachine-17.0.21+4,382421693,True,sapmachine-jdk-17.0.21-ea.4_macos-x64_bin-symbols.tar.gz,macos,x64,jdk,3
2026-09-26T02:14:35+00:00,sapmachine-17.0.21+4,382421693,True,sapmachine-jdk-17.0.21-ea.4_macos-x64_bin.dmg,macos,x64,jdk,38
2026-09-26T02:14:35+00:00,sapmachine-17.0.21+4,382421693,True,sapmachine-jre-17.0.21-ea.4_macos-x64_bin.dmg,macos,x64,jre,38
2026-09-26T02:14:35+00:00,sapmachine-21.0.13+4,382421849,True,sapmachine-jdk-21.0.13-ea.4_linux-x64-musl_bin.tar.gz,alpine,x64,jdk,42
2026-09-26T02:14:35+00:00,sapmachine-21.0.13+4,382421849,True,sapmachine-jre-21.0.13-ea.4_linux-x64-musl_bin.tar.gz,alpine,x64,jre,41
2026-09-26T02:14:35+00:00,sapmachine-21.0.13+4,382421849,True,sapmachine-jdk-21.0.13-ea.4_linux-x64-musl_bin-symbols.tar.gz,alpine,x64,jdk,6
2026-09-26T02:14:35+00:00,sapmachine-21.0.13+4,382421849,True,sapmachine-jdk-21.0.13-ea.4_linux-x64_bin.tar.gz,linux,x64,jdk,187
2026-09-26T02:14:35+00:00,sapmachine-21.0.13+4,382421849,True,sapmachine-jre-21.0.13-ea.4_linux-x64_bin.tar.gz,linux,x64,jre,42
2026-09-26T02:14:35+00:00,sapmachine-21.0.13+4,382421849,True,sapmachine-jdk-21.0.13-ea.4_linux-x64_bin-symbols.tar.gz,linux,x64,jdk,6
2026-09-26T02:14:35+00:00,sapmachine-21.0.13+4,382421849,True,sapmachine-jdk-21.0.13-ea.4_macos-aarch64_bin.tar.gz,macos,aarch64,jdk,277
2026-09-26T02:14:35+00:00,sapmachine-21.0.13+4,382421849,True,sapmachine-jre-21.0.13-ea.4_macos-aarch64_bin.tar.gz,macos,aarch64,jre,43
2026-09-26T02:14:35+00:00,sapmachine-21.0.13+4,382421849,True,sapmachine-jdk-21.0.13-ea.4_macos-aarch64_bin-symbols.tar.gz,macos,aarch64,jdk,4
2026-09-26T02:14:35+00:00,sapmachine-21.0.13+4,382421849,True,sapmachine-jdk-21.0.13-ea.4_macos-aarch64_bin.dmg,macos,aarch64,jdk,40
2026-09-26T02:14:35+00:00,sapmachine-21.0.13+4,382421849,True,sapmachine-jre-21.0.13-ea.4_macos-aarch64_bin.dmg,macos,aarch64,jre,39
2026-09-26T02:14:35+00:00,sapmachine-21.0.13+4,382421849,True,sapmachine-jdk-21.0.13-ea.4_linux-ppc64le_bin.tar.gz,linux,ppc64,jdk,38
2026-09-26T02:14:35+00:00,sapmachine-21.0.13+4,382421849,True,sapmachine-jre-21.0.13-ea.4_linux-ppc64le_bin.tar.gz,linux,ppc64,jre,40
2026-09-26T02:14:35+00:00,sapmachine-21.0.13+4,382421849,True,sapmachine-jdk-21.0.13-ea.4_linux-ppc64le_bin-symbols.tar.gz,linux,ppc64,jdk,3
2026-09-26T02:14:35+00:00,sapmachine-21.0.13+4,382421849,True,sapmachine-jdk-21.0.13-ea.4_linux-aarch64_bin.tar.gz,linux,aarch64,jdk,41
2026-09-26T02:14:35+00:00,sapmachine-21.0.13+4,382421849,True,sapmachine-jre-21.0.13-ea.4_linux-aarch64_bin.tar.gz,linux,aarch64,jre,40
2026-09-26T02:14:35+00:00,sapmachine-21.0.13+4,382421849,True,sapmachine-jdk-21.0.13-ea.4_linux-aarch64_bin-symbols.tar.gz,linux,aarch64,jdk,3
2026-09-26T02:14:35+00:00,sapmachine-21.0.13+4,382421849,True,sapmachine-jdk-21.0.13-ea.4_windows-x64_bin.zip,windows,x64,jdk,184
2026-09-26T02:14:35+00:00,sapmachine-21.0.13+4,382421849,True,sapmachine-jre-21.0.13-ea.4_windows-x64_bin.zip,windows,x64,jre,37
2026-09-26T02:14:35+00:00,sapmachine-21.0.13+4,382421849,True,sapmachine-jdk-21.0.13-ea.4_windows-x64_bin-symbols.tar.gz,windows,x64,jdk,4
2026-09-26T02:14:35+00:00,sapmachine-21.0.13+4,382421849,True,sapmachine-jdk-21.0.13-ea.4_macos-x64_bin.tar.gz,macos,x64,jdk,38
2026-09-26T02:14:35+00:00,sapmachine-21.0.13+4,382421849,True,sapmachine-jre-21.0.13-ea.4_macos-x64_bin.tar.gz,macos,x64,jre,37
2026-09-26T02:14:35+00:00,sapmachine-21.0.13+4,382421849,True,sapmachine-jdk-21.0.13-ea.4_macos-x64_bin-symbols.tar.gz,macos,x64,jdk,4
2026-09-26T02:14:35+00:00,sapmachine-21.0.13+4,382421849,True,sapmachine-jdk-21.0.13-ea.4_macos-x64_bin.dmg,macos,x64,jdk,37
2026-09-26T02:14:35+00:00,sapmachine-21.0.13+4,382421849,True,sapmachine-jre-21.0.13-ea.4_macos-x64_bin.dmg,macos,x64,jre,38
2026-09-26T02:14:35+00:00,sapmachine-21.0.13+4,382421849,True,sapmachine-jdk-21.0.13-ea.4_aix-ppc64_bin.tar.gz,aix,ppc64,jdk,37
2026-09-26T02:14:35+00:00,sapmachine-21.0.13+4,382421849,True,sapmachine-jre-21.0.13-ea.4_aix-ppc64_bin.tar.gz,aix,ppc64,jre,38
2026-09-26T02:14:35+00:00,sapmachine-21.0.13+4,382421849,True,sapmachine-jdk-21.0.13-ea.4_aix-ppc64_bin-symbols.tar.gz,aix,ppc64,jdk,3
2026-09-26T02:14:35+00:00,sapmachine-28+12,381855867,True,sapmachine-jdk-28-ea.12_linux-x64-musl_bin.tar.gz,alpine,x64,jdk,38
2026-09-26T02:14:35+00:00,sapmachine-28+12,381855867,True,sapmachine-jre-28-ea.12_linux-x64-musl_bin.tar.gz,alpine,x64,jre,39
2026-09-26T02:14:35+00:00,sapmachine-28+12,381855867,True,sapmachine-jdk-28-ea.12_linux-x64-musl_bin-symbols.tar.gz,alpine,x64,jdk,2
2026-09-26T02:14:35+00:00,sapmachine-28+12,381855867,True,sapmachine-jdk-28-ea.12_linux-x64_bin.tar.gz,linux,x64,jdk,38
2026-09-26T02:14:35+00:00,sapmachine-28+12,381855867,True,sapmachine-jre-28-ea.12_linux-x64_bin.tar.gz,linux,x64,jre,38
2026-09-26T02:14:35+00:00,sapmachine-28+12,381855867,True,sapmachine-jdk-28-ea.12_linux-x64_bin-symbols.tar.gz,linux,x64,jdk,2
2026-09-26T02:14:35+00:00,sapmachine-28+12,381855867,True,sapmachine-jdk-28-ea.12_macos-aarch64_bin.tar.gz,macos,aarch64,jdk,38
2026-09-26T02:14:35+00:00,sapmachine-28+12,381855867,True,sapmachine-jre-28-ea.12_macos-aarch64_bin.tar.gz,macos,aarch64,jre,38
2026-09-26T02:14:35+00:00,sapmachine-28+12,381855867,True,sapmachine-jdk-28-ea.12_macos-aarch64_bin-symbols.tar.gz,macos,aarch64,jdk,3
2026-09-26T02:14:35+00:00,sapmachine-28+12,381855867,True,sapmachine-jdk-28-ea.12_macos-aarch64_bin.dmg,macos,aarch64,jdk,40
2026-09-26T02:14:35+00:00,sapmachine-28+12,381855867,True,sapmachine-jre-28-ea.12_macos-aarch64_bin.dmg,macos,aarch64,jre,39
2026-09-26T02:14:35+00:00,sapmachine-28+12,381855867,True,sapmachine-jdk-28-ea.12_linux-ppc64le_bin.tar.gz,linux,ppc64,jdk,38
2026-09-26T02:14:35+00:00,sapmachine-28+12,381855867,True,sapmachine-jre-28-ea.12_linux-ppc64le_bin.tar.gz,linux,ppc64,jre,37
2026-09-26T02:14:35+00:00,sapmachine-28+12,381855867,True,sapmachine-jdk-28-ea.12_linux-ppc64le_bin-symbols.tar.gz,linux,ppc64,jdk,3
2026-09-26T02:14:35+00:00,sapmachine-28+12,381855867,True,sapmachine-jdk-28-ea.12_linux-aarch64_bin.tar.gz,linux,aarch64,jdk,38
2026-09-26T02:14:35+00:00,sapmachine-28+12,381855867,True,sapmachine-jre-28-ea.12_linux-aarch64_bin.tar.gz,linux,aarch64,jre,38
2026-09-26T02:14:35+00:00,sapmachine-28+12,381855867,True,sapmachine-jdk-28-ea.12_linux-aarch64_bin-symbols.tar.gz,linux,aarch64,jdk,2
2026-09-26T02:14:35+00:00,sapmachine-28+12,381855867,True,sapmachine-jdk-28-ea.12_aix-ppc64_bin.tar.gz,aix,ppc64,jdk,38
2026-09-26T02:14:35+00:00,sapmachine-28+12,381855867,True,sapmachine-jre-28-ea.12_aix-ppc64_bin.tar.gz,aix,ppc64,jre,38
2026-09-26T02:14:35+00:00,sapmachine-28+12,381855867,True,sapmachine-jdk-28-ea.12_aix-ppc64_bin-symbols.tar.gz,aix,ppc64,jdk,2
2026-09-26T02:14:35+00:00,sapmachine-28+12,381855867,True,sapmachine-jdk-28-ea.12_windows-x64_bin.zip,windows,x64,jdk,38
2026-09-26T02:14:35+00:00,sapmachine-28+12,381855867,True,sapmachine-jre-28-ea.12_windows-x64_bin.zip,windows,x64,jre,38
2026-09-26T02:14:35+00:00,sapmachine-28+12,381855867,True,sapmachine-jdk-28-ea.12_windows-x64_bin-symbols.tar.gz,windows,x64,jdk,2
2026-09-26T02:14:35+00:00,sapmachine-25.0.5+4,381197640,True,sapmachine-jdk-25.0.5-ea.4_linux-x64-musl_bin.tar.gz,alpine,x64,jdk,38
2026-09-26T02:14:35+00:00,sapmachine-25.0.5+4,381197640,True,sapmachine-jre-25.0.5-ea.4_linux-x64-musl_bin.tar.gz,alpine,x64,jre,38
2026-09-26T02:14:35+00:00,sapmachine-25.0.5+4,381197640,True,sapmachine-jdk-25.0.5-ea.4_linux-x64-musl_bin-symbols.tar.gz,alpine,x64,jdk,2
2026-09-26T02:14:35+00:00,sapmachine-25.0.5+4,381197640,True,sapmachine-jdk-25.0.5-ea.4_aix-ppc64_bin.tar.gz,aix,ppc64,jdk,38
2026-09-26T02:14:35+00:00,sapmachine-25.0.5+4,381197640,True,sapmachine-jre-25.0.5-ea.4_aix-ppc64_bin.tar.gz,aix,ppc64,jre,37
2026-09-26T02:14:35+00:00,sapmachine-25.0.5+4,381197640,True,sapmachine-jdk-25.0.5-ea.4_aix-ppc64_bin-symbols.tar.gz,aix,ppc64,jdk,2
2026-09-26T02:14:35+00:00,sapmachine-25.0.5+4,381197640,True,sapmachine-jdk-25.0.5-ea.4_macos-aarch64_bin.tar.gz,macos,aarch64,jdk,60
2026-09-26T02:14:35+00:00,sapmachine-25.0.5+4,381197640,True,sapmachine-jre-25.0.5-ea.4_macos-aarch64_bin.tar.gz,macos,aarch64,jre,39
2026-09-26T02:14:35+00:00,sapmachine-25.0.5+4,381197640,True,sapmachine-jdk-25.0.5-ea.4_macos-aarch64_bin-symbols.tar.gz,macos,aarch64,jdk,1
2026-09-26T02:14:35+00:00,sapmachine-25.0.5+4,381197640,True,sapmachine-jdk-25.0.5-ea.4_macos-aarch64_bin.dmg,macos,aarch64,jdk,40
2026-09-26T02:14:35+00:00,sapmachine-25.0.5+4,381197640,True,sapmachine-jre-25.0.5-ea.4_macos-aarch64_bin.dmg,macos,aarch64,jre,40
2026-09-26T02:14:35+00:00,sapmachine-25.0.5+4,381197640,True,sapmachine-jdk-25.0.5-ea.4_windows-x64_bin.zip,windows,x64,jdk,39
2026-09-26T02:14:35+00:00,sapmachine-25.0.5+4,381197640,True,sapmachine-jre-25.0.5-ea.4_windows-x64_bin.zip,windows,x64,jre,40
2026-09-26T02:14:35+00:00,sapmachine-25.0.5+4,381197640,True,sapmachine-jdk-25.0.5-ea.4_windows-x64_bin-symbols.tar.gz,windows,x64,jdk,2
2026-09-26T02:14:35+00:00,sapmachine-25.0.5+4,381197640,True,sapmachine-jdk-25.0.5-ea.4_linux-aarch64_bin.tar.gz,linux,aarch64,jdk,41
2026-09-26T02:14:35+00:00,sapmachine-25.0.5+4,381197640,True,sapmachine-jre-25.0.5-ea.4_linux-aarch64_bin.tar.gz,linux,aarch64,jre,39
2026-09-26T02:14:35+00:00,sapmachine-25.0.5+4,381197640,True,sapmachine-jdk-25.0.5-ea.4_linux-aarch64_bin-symbols.tar.gz,linux,aarch64,jdk,2
2026-09-26T02:14:35+00:00,sapmachine-25.0.5+4,381197640,True,sapmachine-jdk-25.0.5-ea.4_linux-x64_bin.tar.gz,linux,x64,jdk,44
2026-09-26T02:14:35+00:00,sapmachine-25.0.5+4,381197640,True,sapmachine-jre-25.0.5-ea.4_linux-x64_bin.tar.gz,linux,x64,jre,39
2026-09-26T02:14:35+00:00,sapmachine-25.0.5+4,381197640,True,sapmachine-jdk-25.0.5-ea.4_linux-x64_bin-symbols.tar.gz,linux,x64,jdk,1
2026-09-26T02:14:35+00:00,sapmachine-25.0.5+4,381197640,True,sapmachine-jdk-25.0.5-ea.4_linux-ppc64le_bin.tar.gz,linux,ppc64,jdk,44
2026-09-26T02:14:35+00:00,sapmachine-25.0.5+4,381197640,True,sapmachine-jre-25.0.5-ea.4_linux-ppc64le_bin.tar.gz,linux,ppc64,jre,39
2026-09-26T02:14:35+00:00,sapmachine-25.0.5+4,381197640,True,sapmachine-jdk-25.0.5-ea.4_linux-ppc64le_bin-symbols.tar.gz,linux,ppc64,jdk,2
2026-09-26T02:14:35+00:00,sapmachine-17.0.21+3,376093539,True,sapmachine-jdk-17.0.21-ea.3_linux-x64-musl_bin.tar.gz,alpine,x64,jdk,54
2026-09-26T02:14:35+00:00,sapmachine-17.0.21+3,376093539,True,sapmachine-jre-17.0.21-ea.3_linux-x64-musl_bin.tar.gz,alpine,x64,jre,53
2026-09-26T02:14:35+00:00,sapmachine-17.0.21+3,376093539,True,sapmachine-jdk-17.0.21-ea.3_linux-x64-musl_bin-symbols.tar.gz,alpine,x64,jdk,2
2026-09-26T02:14:35+00:00,sapmachine-17.0.21+3,376093539,True,sapmachine-jdk-17.0.21-ea.3_linux-x64_bin.tar.gz,linux,x64,jdk,444
2026-09-26T02:14:35+00:00,sapmachine-17.0.21+3,376093539,True,sapmachine-jre-17.0.21-ea.3_linux-x64_bin.tar.gz,linux,x64,jre,54
2026-09-26T02:14:35+00:00,sapmachine-17.0.21+3,376093539,True,sapmachine-jdk-17.0.21-ea.3_linux-x64_bin-symbols.tar.gz,linux,x64,jdk,3
2026-09-26T02:14:35+00:00,sapmachine-17.0.21+3,376093539,True,sapmachine-jdk-17.0.21-ea.3_linux-ppc64le_bin.tar.gz,linux,ppc64,jdk,53
2026-09-26T02:14:35+00:00,sapmachine-17.0.21+3,376093539,True,sapmachine-jre-17.0.21-ea.3_linux-ppc64le_bin.tar.gz,linux,ppc64,jre,52
2026-09-26T02:14:35+00:00,sapmachine-17.0.21+3,376093539,True,sapmachine-jdk-17.0.21-ea.3_linux-ppc64le_bin-symbols.tar.gz,linux,ppc64,jdk,1
2026-09-26T02:14:35+00:00,sapmachine-17.0.21+3,376093539,True,sapmachine-jdk-17.0.21-ea.3_linux-aarch64_bin.tar.gz,linux,aarch64,jdk,55
2026-09-26T02:14:35+00:00,sapmachine-17.0.21+3,376093539,True,sapmachine-jre-17.0.21-ea.3_linux-aarch64_bin.tar.gz,linux,aarch64,jre,53
2026-09-26T02:14:35+00:00,sapmachine-17.0.21+3,376093539,True,sapmachine-jdk-17.0.21-ea.3_linux-aarch64_bin-symbols.tar.gz,linux,aarch64,jdk,1
2026-09-26T02:14:35+00:00,sapmachine-17.0.21+3,376093539,True,sapmachine-jdk-17.0.21-ea.3_windows-x64_bin.zip,windows,x64,jdk,377
2026-09-26T02:14:35+00:00,sapmachine-17.0.21+3,376093539,True,sapmachine-jre-17.0.21-ea.3_windows-x64_bin.zip,windows,x64,jre,54
2026-09-26T02:14:35+00:00,sapmachine-17.0.21+3,376093539,True,sapmachine-jdk-17.0.21-ea.3_windows-x64_bin-symbols.tar.gz,windows,x64,jdk,1
2026-09-26T02:14:35+00:00,sapmachine-17.0.21+3,376093539,True,sapmachine-jdk-17.0.21-ea.3_macos-x64_bin.tar.gz,macos,x64,jdk,50
2026-09-26T02:14:35+00:00,sapmachine-17.0.21+3,376093539,True,sapmachine-jre-17.0.21-ea.3_macos-x64_bin.tar.gz,macos,x64,jre,51
2026-09-26T02:14:35+00:00,sapmachine-17.0.21+3,376093539,True,sapmachine-jdk-17.0.21-ea.3_macos-x64_bin-symbols.tar.gz,macos,x64,jdk,2
2026-09-26T02:14:35+00:00,sapmachine-17.0.21+3,376093539,True,sapmachine-jdk-17.0.21-ea.3_macos-x64_bin.dmg,macos,x64,jdk,52
2026-09-26T02:14:35+00:00,sapmachine-17.0.21+3,376093539,True,sapmachine-jre-17.0.21-ea.3_macos-x64_bin.dmg,macos,x64,jre,52
2026-09-26T02:14:35+00:00,sapmachine-17.0.21+3,376093539,True,sapmachine-jdk-17.0.21-ea.3_macos-aarch64_bin.tar.gz,macos,aarch64,jdk,748
2026-09-26T02:14:35+00:00,sapmachine-17.0.21+3,376093539,True,sapmachine-jre-17.0.21-ea.3_macos-aarch64_bin.tar.gz,macos,aarch64,jre,53
2026-09-26T02:14:35+00:00,sapmachine-17.0.21+3,376093539,True,sapmachine-jdk-17.0.21-ea.3_macos-aarch64_bin-symbols.tar.gz,macos,aarch64,jdk,2
2026-09-26T02:14:35+00:00,sapmachine-17.0.21+3,376093539,True,sapmachine-jdk-17.0.21-ea.3_macos-aarch64_bin.dmg,macos,aarch64,jdk,57
2026-09-26T02:14:35+00:00,sapmachine-17.0.21+3,376093539,True,sapmachine-jre-17.0.21-ea.3_macos-aarch64_bin.dmg,macos,aarch64,jre,55
2026-09-26T02:14:35+00:00,sapmachine-21.0.13+3,376089838,True,sapmachine-jdk-21.0.13-ea.3_linux-x64_bin.tar.gz,linux,x64,jdk,381
2026-09-26T02:14:35+00:00,sapmachine-21.0.13+3,376089838,True,sapmachine-jre-21.0.13-ea.3_linux-x64_bin.tar.gz,linux,x64,jre,55
2026-09-26T02:14:35+00:00,sapmachine-21.0.13+3,376089838,True,sapmachine-jdk-21.0.13-ea.3_linux-x64_bin-symbols.tar.gz,linux,x64,jdk,2
2026-09-26T02:14:35+00:00,sapmachine-21.0.13+3,376089838,True,sapmachine-jdk-21.0.13-ea.3_aix-ppc64_bin.tar.gz,aix,ppc64,jdk,54
2026-09-26T02:14:35+00:00,sapmachine-21.0.13+3,376089838,True,sapmachine-jre-21.0.13-ea.3_aix-ppc64_bin.tar.gz,aix,ppc64,jre,52
2026-09-26T02:14:35+00:00,sapmachine-21.0.13+3,376089838,True,sapmachine-jdk-21.0.13-ea.3_aix-ppc64_bin-symbols.tar.gz,aix,ppc64,jdk,2
2026-09-26T02:14:35+00:00,sapmachine-21.0.13+3,376089838,True,sapmachine-jdk-21.0.13-ea.3_linux-x64-musl_bin.tar.gz,alpine,x64,jdk,51
2026-09-26T02:14:35+00:00,sapmachine-21.0.13+3,376089838,True,sapmachine-jre-21.0.13-ea.3_linux-x64-musl_bin.tar.gz,alpine,x64,jre,51
2026-09-26T02:14:35+00:00,sapmachine-21.0.13+3,376089838,True,sapmachine-jdk-21.0.13-ea.3_linux-x64-musl_bin-symbols.tar.gz,alpine,x64,jdk,1
2026-09-26T02:14:35+00:00,sapmachine-21.0.13+3,376089838,True,sapmachine-jdk-21.0.13-ea.3_linux-ppc64le_bin.tar.gz,linux,ppc64,jdk,51
2026-09-26T02:14:35+00:00,sapmachine-21.0.13+3,376089838,True,sapmachine-jre-21.0.13-ea.3_linux-ppc64le_bin.tar.gz,linux,ppc64,jre,52
2026-09-26T02:14:35+00:00,sapmachine-21.0.13+3,376089838,True,sapmachine-jdk-21.0.13-ea.3_linux-ppc64le_bin-symbols.tar.gz,linux,ppc64,jdk,1
2026-09-26T02:14:35+00:00,sapmachine-21.0.13+3,376089838,True,sapmachine-jdk-21.0.13-ea.3_linux-aarch64_bin.tar.gz,linux,aarch64,jdk,52
2026-09-26T02:14:35+00:00,sapmachine-21.0.13+3,376089838,True,sapmachine-jre-21.0.13-ea.3_linux-aarch64_bin.tar.gz,linux,aarch64,jre,50
2026-09-26T02:14:35+00:00,sapmachine-21.0.13+3,376089838,True,sapmachine-jdk-21.0.13-ea.3_linux-aarch64_bin-symbols.tar.gz,linux,aarch64,jdk,1
2026-09-26T02:14:35+00:00,sapmachine-21.0.13+3,376089838,True,sapmachine-jdk-21.0.13-ea.3_macos-x64_bin.tar.gz,macos,x64,jdk,54
2026-09-26T02:14:35+00:00,sapmachine-21.0.13+3,376089838,True,sapmachine-jre-21.0.13-ea.3_macos-x64_bin.tar.gz,macos,x64,jre,52
2026-09-26T02:14:35+00:00,sapmachine-21.0.13+3,376089838,True,sapmachine-jdk-21.0.13-ea.3_macos-x64_bin-symbols.tar.gz,macos,x64,jdk,2
2026-09-26T02:14:35+00:00,sapmachine-21.0.13+3,376089838,True,sapmachine-jdk-21.0.13-ea.3_macos-x64_bin.dmg,macos,x64,jdk,52
2026-09-26T02:14:35+00:00,sapmachine-21.0.13+3,376089838,True,sapmachine-jre-21.0.13-ea.3_macos-x64_bin.dmg,macos,x64,jre,50
2026-09-26T02:14:35+00:00,sapmachine-21.0.13+3,376089838,True,sapmachine-jdk-21.0.13-ea.3_windows-x64_bin.zip,windows,x64,jdk,375
2026-09-26T02:14:35+00:00,sapmachine-21.0.13+3,376089838,True,sapmachine-jre-21.0.13-ea.3_windows-x64_bin.zip,windows,x64,jre,51
2026-09-26T02:14:35+00:00,sapmachine-21.0.13+3,376089838,True,sapmachine-jdk-21.0.13-ea.3_windows-x64_bin-symbols.tar.gz,windows,x64,jdk,1
2026-09-26T02:14:35+00:00,sapmachine-21.0.13+3,376089838,True,sapmachine-jdk-21.0.13-ea.3_macos-aarch64_bin.tar.gz,macos,aarch64,jdk,504
2026-09-26T02:14:35+00:00,sapmachine-21.0.13+3,376089838,True,sapmachine-jre-21.0.13-ea.3_macos-aarch64_bin.tar.gz,macos,aarch64,jre,55
2026-09-26T02:14:35+00:00,sapmachine-21.0.13+3,376089838,True,sapmachine-jdk-21.0.13-ea.3_macos-aarch64_bin-symbols.tar.gz,macos,aarch64,jdk,2
2026-09-26T02:14:35+00:00,sapmachine-21.0.13+3,376089838,True,sapmachine-jdk-21.0.13-ea.3_macos-aarch64_bin.dmg,macos,aarch64,jdk,54
2026-09-26T02:14:35+00:00,sapmachine-21.0.13+3,376089838,True,sapmachine-jre-21.0.13-ea.3_macos-aarch64_bin.dmg,macos,aarch64,jre,51
2026-09-26T02:14:35+00:00,sapmachine-27+35,376088749,True,sapmachine-jdk-27-ea.35_linux-x64-musl_bin.tar.gz,alpine,x64,jdk,54
2026-09-26T02:14:35+00:00,sapmachine-27+35,376088749,True,sapmachine-jre-27-ea.35_linux-x64-musl_bin.tar.gz,alpine,x64,jre,53
2026-09-26T02:14:35+00:00,sapmachine-27+35,376088749,True,sapmachine-jdk-27-ea.35_linux-x64-musl_bin-symbols.tar.gz,alpine,x64,jdk,2
2026-09-26T02:14:35+00:00,sapmachine-27+35,376088749,True,sapmachine-jdk-27-ea.35_linux-x64_bin.tar.gz,linux,x64,jdk,57
2026-09-26T02:14:35+00:00,sapmachine-27+35,376088749,True,sapmachine-jre-27-ea.35_linux-x64_bin.tar.gz,linux,x64,jre,53
2026-09-26T02:14:35+00:00,sapmachine-27+35,376088749,True,sapmachine-jdk-27-ea.35_linux-x64_bin-symbols.tar.gz,linux,x64,jdk,2
2026-09-26T02:14:35+00:00,sapmachine-27+35,376088749,True,sapmachine-jdk-27-ea.35_linux-aarch64_bin.tar.gz,linux,aarch64,jdk,56
2026-09-26T02:14:35+00:00,sapmachine-27+35,376088749,True,sapmachine-jre-27-ea.35_linux-aarch64_bin.tar.gz,linux,aarch64,jre,52
2026-09-26T02:14:35+00:00,sapmachine-27+35,376088749,True,sapmachine-jdk-27-ea.35_linux-aarch64_bin-symbols.tar.gz,linux,aarch64,jdk,1
2026-09-26T02:14:35+00:00,sapmachine-27+35,376088749,True,sapmachine-jdk-27-ea.35_linux-ppc64le_bin.tar.gz,linux,ppc64,jdk,57
2026-09-26T02:14:35+00:00,sapmachine-27+35,376088749,True,sapmachine-jre-27-ea.35_linux-ppc64le_bin.tar.gz,linux,ppc64,jre,54
2026-09-26T02:14:35+00:00,sapmachine-27+35,376088749,True,sapmachine-jdk-27-ea.35_linux-ppc64le_bin-symbols.tar.gz,linux,ppc64,jdk,1
2026-09-26T02:14:35+00:00,sapmachine-27+35,376088749,True,sapmachine-jdk-27-ea.35_aix-ppc64_bin.tar.gz,aix,ppc64,jdk,53
2026-09-26T02:14:35+00:00,sapmachine-27+35,376088749,True,sapmachine-jre-27-ea.35_aix-ppc64_bin.tar.gz,aix,ppc64,jre,52
2026-09-26T02:14:35+00:00,sapmachine-27+35,376088749,True,sapmachine-jdk-27-ea.35_aix-ppc64_bin-symbols.tar.gz,aix,ppc64,jdk,1
2026-09-26T02:14:35+00:00,sapmachine-27+35,376088749,True,sapmachine-jdk-27-ea.35_macos-aarch64_bin.tar.gz,macos,aarch64,jdk,58
2026-09-26T02:14:35+00:00,sapmachine-27+35,376088749,True,sapmachine-jre-27-ea.35_macos-aarch64_bin.tar.gz,macos,aarch64,jre,56
2026-09-26T02:14:35+00:00,sapmachine-27+35,376088749,True,sapmachine-jdk-27-ea.35_macos-aarch64_bin-symbols.tar.gz,macos,aarch64,jdk,1
2026-09-26T02:14:35+00:00,sapmachine-27+35,376088749,True,sapmachine-jdk-27-ea.35_macos-aarch64_bin.dmg,macos,aarch64,jdk,58
2026-09-26T02:14:35+00:00,sapmachine-27+35,376088749,True,sapmachine-jre-27-ea.35_macos-aarch64_bin.dmg,macos,aarch64,jre,52
2026-09-26T02:14:35+00:00,sapmachine-27+35,376088749,True,sapmachine-jdk-27-ea.35_windows-x64_bin.zip,windows,x64,jdk,59
2026-09-26T02:14:35+00:00,sapmachine-27+35,376088749,True,sapmachine-jre-27-ea.35_windows-x64_bin.zip,windows,x64,jre,52
2026-09-26T02:14:35+00:00,sapmachine-27+35,376088749,True,sapmachine-jdk-27-ea.35_windows-x64_bin-symbols.tar.gz,windows,x64,jdk,1
2026-09-26T02:14:35+00:00,sapmachine-25.0.5+3,375384200,True,sapmachine-jdk-25.0.5-ea.3_linux-x64-musl_bin.tar.gz,alpine,x64,jdk,56
2026-09-26T02:14:35+00:00,sapmachine-25.0.5+3,375384200,True,sapmachine-jre-25.0.5-ea.3_linux-x64-musl_bin.tar.gz,alpine,x64,jre,52
2026-09-26T02:14:35+00:00,sapmachine-25.0.5+3,375384200,True,sapmachine-jdk-25.0.5-ea.3_linux-x64-musl_bin-symbols.tar.gz,alpine,x64,jdk,3
2026-09-26T02:14:35+00:00,sapmachine-25.0.5+3,375384200,True,sapmachine-jdk-25.0.5-ea.3_linux-x64_bin.tar.gz,linux,x64,jdk,63
2026-09-26T02:14:35+00:00,sapmachine-25.0.5+3,375384200,True,sapmachine-jre-25.0.5-ea.3_linux-x64_bin.tar.gz,linux,x64,jre,57
2026-09-26T02:14:35+00:00,sapmachine-25.0.5+3,375384200,True,sapmachine-jdk-25.0.5-ea.3_linux-x64_bin-symbols.tar.gz,linux,x64,jdk,2
2026-09-26T02:14:35+00:00,sapmachine-25.0.5+3,375384200,True,sapmachine-jdk-25.0.5-ea.3_linux-ppc64le_bin.tar.gz,linux,ppc64,jdk,54
2026-09-26T02:14:35+00:00,sapmachine-25.0.5+3,375384200,True,sapmachine-jre-25.0.5-ea.3_linux-ppc64le_bin.tar.gz,linux,ppc64,jre,54
2026-09-26T02:14:35+00:00,sapmachine-25.0.5+3,375384200,True,sapmachine-jdk-25.0.5-ea.3_linux-ppc64le_bin-symbols.tar.gz,linux,ppc64,jdk,2
2026-09-26T02:14:35+00:00,sapmachine-25.0.5+3,375384200,True,sapmachine-jdk-25.0.5-ea.3_linux-aarch64_bin.tar.gz,linux,aarch64,jdk,55
2026-09-26T02:14:35+00:00,sapmachine-25.0.5+3,375384200,True,sapmachine-jre-25.0.5-ea.3_linux-aarch64_bin.tar.gz,linux,aarch64,jre,55
2026-09-26T02:14:35+00:00,sapmachine-25.0.5+3,375384200,True,sapmachine-jdk-25.0.5-ea.3_linux-aarch64_bin-symbols.tar.gz,linux,aarch64,jdk,1
2026-09-26T02:14:35+00:00,sapmachine-25.0.5+3,375384200,True,sapmachine-jdk-25.0.5-ea.3_aix-ppc64_bin.tar.gz,aix,ppc64,jdk,53
2026-09-26T02:14:35+00:00,sapmachine-25.0.5+3,375384200,True,sapmachine-jre-25.0.5-ea.3_aix-ppc64_bin.tar.gz,aix,ppc64,jre,52
2026-09-26T02:14:35+00:00,sapmachine-25.0.5+3,375384200,True,sapmachine-jdk-25.0.5-ea.3_aix-ppc64_bin-symbols.tar.gz,aix,ppc64,jdk,1
2026-09-26T02:14:35+00:00,sapmachine-25.0.5+3,375384200,True,sapmachine-jdk-25.0.5-ea.3_macos-aarch64_bin.tar.gz,macos,aarch64,jdk,63
2026-09-26T02:14:35+00:00,sapmachine-25.0.5+3,375384200,True,sapmachine-jre-25.0.5-ea.3_macos-aarch64_bin.tar.gz,macos,aarch64,jre,53
2026-09-26T02:14:35+00:00,sapmachine-25.0.5+3,375384200,True,sapmachine-jdk-25.0.5-ea.3_macos-aarch64_bin-symbols.tar.gz,macos,aarch64,jdk,1
2026-09-26T02:14:35+00:00,sapmachine-25.0.5+3,375384200,True,sapmachine-jdk-25.0.5-ea.3_macos-aarch64_bin.dmg,macos,aarch64,jdk,53
2026-09-26T02:14:35+00:00,sapmachine-25.0.5+3,375384200,True,sapmachine-jre-25.0.5-ea.3_macos-aarch64_bin.dmg,macos,aarch64,jre,52
2026-09-26T02:14:35+00:00,sapmachine-25.0.5+3,375384200,True,sapmachine-jdk-25.0.5-ea.3_windows-x64_bin.zip,windows,x64,jdk,57
2026-09-26T02:14:35+00:00,sapmachine-25.0.5+3,375384200,True,sapmachine-jre-25.0.5-ea.3_windows-x64_bin.zip,windows,x64,jre,57
2026-09-26T02:14:35+00:00,sapmachine-25.0.5+3,375384200,True,sapmachine-jdk-25.0.5-ea.3_windows-x64_bin-symbols.tar.gz,windows,x64,jdk,1
2026-09-26T02:14:35+00:00,sapmachine-17.0.21+2,370777100,True,sapmachine-jdk-17.0.21-ea.2_linux-x64-musl_bin.tar.gz,alpine,x64,jdk,54
2026-09-26T02:14:35+00:00,sapmachine-17.0.21+2,370777100,True,sapmachine-jre-17.0.21-ea.2_linux-x64-musl_bin.tar.gz,alpine,x64,jre,51
2026-09-26T02:14:35+00:00,sapmachine-17.0.21+2,370777100,True,sapmachine-jdk-17.0.21-ea.2_linux-x64-musl_bin-symbols.tar.gz,alpine,x64,jdk,1
2026-09-26T02:14:35+00:00,sapmachine-17.0.21+2,370777100,True,sapmachine-jdk-17.0.21-ea.2_linux-x64_bin.tar.gz,linux,x64,jdk,368
2026-09-26T02:14:35+00:00,sapmachine-17.0.21+2,370777100,True,sapmachine-jre-17.0.21-ea.2_linux-x64_bin.tar.gz,linux,x64,jre,57
2026-09-26T02:14:35+00:00,sapmachine-17.0.21+2,370777100,True,sapmachine-jdk-17.0.21-ea.2_linux-x64_bin-symbols.tar.gz,linux,x64,jdk,1
2026-09-26T02:14:35+00:00,sapmachine-17.0.21+2,370777100,True,sapmachine-jdk-17.0.21-ea.2_macos-aarch64_bin.tar.gz,macos,aarch64,jdk,678
2026-09-26T02:14:35+00:00,sapmachine-17.0.21+2,370777100,True,sapmachine-jre-17.0.21-ea.2_macos-aarch64_bin.tar.gz,macos,aarch64,jre,56
2026-09-26T02:14:35+00:00,sapmachine-17.0.21+2,370777100,True,sapmachine-jdk-17.0.21-ea.2_macos-aarch64_bin-symbols.tar.gz,macos,aarch64,jdk,1
2026-09-26T02:14:35+00:00,sapmachine-17.0.21+2,370777100,True,sapmachine-jdk-17.0.21-ea.2_macos-aarch64_bin.dmg,macos,aarch64,jdk,57
2026-09-26T02:14:35+00:00,sapmachine-17.0.21+2,370777100,True,sapmachine-jre-17.0.21-ea.2_macos-aarch64_bin.dmg,macos,aarch64,jre,53
2026-09-26T02:14:35+00:00,sapmachine-17.0.21+2,370777100,True,sapmachine-jdk-17.0.21-ea.2_linux-ppc64le_bin.tar.gz,linux,ppc64,jdk,55
2026-09-26T02:14:35+00:00,sapmachine-17.0.21+2,370777100,True,sapmachine-jre-17.0.21-ea.2_linux-ppc64le_bin.tar.gz,linux,ppc64,jre,54
2026-09-26T02:14:35+00:00,sapmachine-17.0.21+2,370777100,True,sapmachine-jdk-17.0.21-ea.2_linux-ppc64le_bin-symbols.tar.gz,linux,ppc64,jdk,1
2026-09-26T02:14:35+00:00,sapmachine-17.0.21+2,370777100,True,sapmachine-jdk-17.0.21-ea.2_linux-aarch64_bin.tar.gz,linux,aarch64,jdk,57
2026-09-26T02:14:35+00:00,sapmachine-17.0.21+2,370777100,True,sapmachine-jre-17.0.21-ea.2_linux-aarch64_bin.tar.gz,linux,aarch64,jre,54
2026-09-26T02:14:35+00:00,sapmachine-17.0.21+2,370777100,True,sapmachine-jdk-17.0.21-ea.2_linux-aarch64_bin-symbols.tar.gz,linux,aarch64,jdk,1
2026-09-26T02:14:35+00:00,sapmachine-17.0.21+2,370777100,True,sapmachine-jdk-17.0.21-ea.2_windows-x64_bin.zip,windows,x64,jdk,361
2026-09-26T02:14:35+00:00,sapmachine-17.0.21+2,370777100,True,sapmachine-jre-17.0.21-ea.2_windows-x64_bin.zip,windows,x64,jre,54
2026-09-26T02:14:35+00:00,sapmachine-17.0.21+2,370777100,True,sapmachine-jdk-17.0.21-ea.2_windows-x64_bin-symbols.tar.gz,windows,x64,jdk,1
2026-09-26T02:14:35+00:00,sapmachine-17.0.21+2,370777100,True,sapmachine-jdk-17.0.21-ea.2_macos-x64_bin.tar.gz,macos,x64,jdk,53
2026-09-26T02:14:35+00:00,sapmachine-17.0.21+2,370777100,True,sapmachine-jre-17.0.21-ea.2_macos-x64_bin.tar.gz,macos,x64,jre,52
2026-09-26T02:14:35+00:00,sapmachine-17.0.21+2,370777100,True,sapmachine-jdk-17.0.21-ea.2_macos-x64_bin-symbols.tar.gz,macos,x64,jdk,1
2026-09-26T02:14:35+00:00,sapmachine-17.0.21+2,370777100,True,sapmachine-jdk-17.0.21-ea.2_macos-x64_bin.dmg,macos,x64,jdk,53
2026-09-26T02:14:35+00:00,sapmachine-17.0.21+2,370777100,True,sapmachine-jre-17.0.21-ea.2_macos-x64_bin.dmg,macos,x64,jre,52
2026-09-26T02:14:35+00:00,sapmachine-21.0.13+2,370772499,True,sapmachine-jdk-21.0.13-ea.2_linux-x64-musl_bin.tar.gz,alpine,x64,jdk,53
2026-09-26T02:14:35+00:00,sapmachine-21.0.13+2,370772499,True,sapmachine-jre-21.0.13-ea.2_linux-x64-musl_bin.tar.gz,alpine,x64,jre,51
2026-09-26T02:14:35+00:00,sapmachine-21.0.13+2,370772499,True,sapmachine-jdk-21.0.13-ea.2_linux-x64-musl_bin-symbols.tar.gz,alpine,x64,jdk,1
2026-09-26T02:14:35+00:00,sapmachine-21.0.13+2,370772499,True,sapmachine-jdk-21.0.13-ea.2_linux-x64_bin.tar.gz,linux,x64,jdk,363
2026-09-26T02:14:35+00:00,sapmachine-21.0.13+2,370772499,True,sapmachine-jre-21.0.13-ea.2_linux-x64_bin.tar.gz,linux,x64,jre,52
2026-09-26T02:14:35+00:00,sapmachine-21.0.13+2,370772499,True,sapmachine-jdk-21.0.13-ea.2_linux-x64_bin-symbols.tar.gz,linux,x64,jdk,1
2026-09-26T02:14:35+00:00,sapmachine-21.0.13+2,370772499,True,sapmachine-jdk-21.0.13-ea.2_aix-ppc64_bin.tar.gz,aix,ppc64,jdk,54
2026-09-26T02:14:35+00:00,sapmachine-21.0.13+2,370772499,True,sapmachine-jre-21.0.13-ea.2_aix-ppc64_bin.tar.gz,aix,ppc64,jre,52
2026-09-26T02:14:35+00:00,sapmachine-21.0.13+2,370772499,True,sapmachine-jdk-21.0.13-ea.2_aix-ppc64_bin-symbols.tar.gz,aix,ppc64,jdk,1
2026-09-26T02:14:35+00:00,sapmachine-21.0.13+2,370772499,True,sapmachine-jdk-21.0.13-ea.2_macos-aarch64_bin.tar.gz,macos,aarch64,jdk,447
2026-09-26T02:14:35+00:00,sapmachine-21.0.13+2,370772499,True,sapmachine-jre-21.0.13-ea.2_macos-aarch64_bin.tar.gz,macos,aarch64,jre,55
2026-09-26T02:14:35+00:00,sapmachine-21.0.13+2,370772499,True,sapmachine-jdk-21.0.13-ea.2_macos-aarch64_bin-symbols.tar.gz,macos,aarch64,jdk,1
2026-09-26T02:14:35+00:00,sapmachine-21.0.13+2,370772499,True,sapmachine-jdk-21.0.13-ea.2_macos-aarch64_bin.dmg,macos,aarch64,jdk,56
2026-09-26T02:14:35+00:00,sapmachine-21.0.13+2,370772499,True,sapmachine-jre-21.0.13-ea.2_macos-aarch64_bin.dmg,macos,aarch64,jre,53
2026-09-26T02:14:35+00:00,sapmachine-21.0.13+2,370772499,True,sapmachine-jdk-21.0.13-ea.2_linux-ppc64le_bin.tar.gz,linux,ppc64,jdk,53
2026-09-26T02:14:35+00:00,sapmachine-21.0.13+2,370772499,True,sapmachine-jre-21.0.13-ea.2_linux-ppc64le_bin.tar.gz,linux,ppc64,jre,55
2026-09-26T02:14:35+00:00,sapmachine-21.0.13+2,370772499,True,sapmachine-jdk-21.0.13-ea.2_linux-ppc64le_bin-symbols.tar.gz,linux,ppc64,jdk,1
2026-09-26T02:14:35+00:00,sapmachine-21.0.13+2,370772499,True,sapmachine-jdk-21.0.13-ea.2_linux-aarch64_bin.tar.gz,linux,aarch64,jdk,53
2026-09-26T02:14:35+00:00,sapmachine-21.0.13+2,370772499,True,sapmachine-jre-21.0.13-ea.2_linux-aarch64_bin.tar.gz,linux,aarch64,jre,55
2026-09-26T02:14:35+00:00,sapmachine-21.0.13+2,370772499,True,sapmachine-jdk-21.0.13-ea.2_linux-aarch64_bin-symbols.tar.gz,linux,aarch64,jdk,1
2026-09-26T02:14:35+00:00,sapmachine-21.0.13+2,370772499,True,sapmachine-jdk-21.0.13-ea.2_macos-x64_bin.tar.gz,macos,x64,jdk,52
2026-09-26T02:14:35+00:00,sapmachine-21.0.13+2,370772499,True,sapmachine-jre-21.0.13-ea.2_macos-x64_bin.tar.gz,macos,x64,jre,50
2026-09-26T02:14:35+00:00,sapmachine-21.0.13+2,370772499,True,sapmachine-jdk-21.0.13-ea.2_macos-x64_bin-symbols.tar.gz,macos,x64,jdk,1
2026-09-26T02:14:35+00:00,sapmachine-21.0.13+2,370772499,True,sapmachine-jdk-21.0.13-ea.2_macos-x64_bin.dmg,macos,x64,jdk,51
2026-09-26T02:14:35+00:00,sapmachine-21.0.13+2,370772499,True,sapmachine-jre-21.0.13-ea.2_macos-x64_bin.dmg,macos,x64,jre,50
2026-09-26T02:14:35+00:00,sapmachine-21.0.13+2,370772499,True,sapmachine-jdk-21.0.13-ea.2_windows-x64_bin.zip,windows,x64,jdk,373
2026-09-26T02:14:35+00:00,sapmachine-21.0.13+2,370772499,True,sapmachine-jre-21.0.13-ea.2_windows-x64_bin.zip,windows,x64,jre,54
2026-09-26T02:14:35+00:00,sapmachine-21.0.13+2,370772499,True,sapmachine-jdk-21.0.13-ea.2_windows-x64_bin-symbols.tar.gz,windows,x64,jdk,1
2026-09-26T02:14:35+00:00,sapmachine-25.0.5+2,370767000,True,sapmachine-jdk-25.0.5-ea.2_linux-x64-musl_bin.tar.gz,alpine,x64,jdk,53
2026-09-26T02:14:35+00:00,sapmachine-25.0.5+2,370767000,True,sapmachine-jre-25.0.5-ea.2_linux-x64-musl_bin.tar.gz,alpine,x64,jre,53
2026-09-26T02:14:35+00:00,sapmachine-25.0.5+2,370767000,True,sapmachine-jdk-25.0.5-ea.2_linux-x64-musl_bin-symbols.tar.gz,alpine,x64,jdk,2
2026-09-26T02:14:35+00:00,sapmachine-25.0.5+2,370767000,True,sapmachine-jdk-25.0.5-ea.2_linux-x64_bin.tar.gz,linux,x64,jdk,54
2026-09-26T02:14:35+00:00,sapmachine-25.0.5+2,370767000,True,sapmachine-jre-25.0.5-ea.2_linux-x64_bin.tar.gz,linux,x64,jre,54
2026-09-26T02:14:35+00:00,sapmachine-25.0.5+2,370767000,True,sapmachine-jdk-25.0.5-ea.2_linux-x64_bin-symbols.tar.gz,linux,x64,jdk,1
2026-09-26T02:14:35+00:00,sapmachine-25.0.5+2,370767000,True,sapmachine-jdk-25.0.5-ea.2_aix-ppc64_bin.tar.gz,aix,ppc64,jdk,52
2026-09-26T02:14:35+00:00,sapmachine-25.0.5+2,370767000,True,sapmachine-jre-25.0.5-ea.2_aix-ppc64_bin.tar.gz,aix,ppc64,jre,52
2026-09-26T02:14:35+00:00,sapmachine-25.0.5+2,370767000,True,sapmachine-jdk-25.0.5-ea.2_aix-ppc64_bin-symbols.tar.gz,aix,ppc64,jdk,1
2026-09-26T02:14:35+00:00,sapmachine-25.0.5+2,370767000,True,sapmachine-jdk-25.0.5-ea.2_macos-aarch64_bin.tar.gz,macos,aarch64,jdk,84
2026-09-26T02:14:35+00:00,sapmachine-25.0.5+2,370767000,True,sapmachine-jre-25.0.5-ea.2_macos-aarch64_bin.tar.gz,macos,aarch64,jre,52
2026-09-26T02:14:35+00:00,sapmachine-25.0.5+2,370767000,True,sapmachine-jdk-25.0.5-ea.2_macos-aarch64_bin-symbols.tar.gz,macos,aarch64,jdk,3
2026-09-26T02:14:35+00:00,sapmachine-25.0.5+2,370767000,True,sapmachine-jdk-25.0.5-ea.2_macos-aarch64_bin.dmg,macos,aarch64,jdk,54
2026-09-26T02:14:35+00:00,sapmachine-25.0.5+2,370767000,True,sapmachine-jre-25.0.5-ea.2_macos-aarch64_bin.dmg,macos,aarch64,jre,55
2026-09-26T02:14:35+00:00,sapmachine-25.0.5+2,370767000,True,sapmachine-jdk-25.0.5-ea.2_linux-ppc64le_bin.tar.gz,linux,ppc64,jdk,54
2026-09-26T02:14:35+00:00,sapmachine-25.0.5+2,370767000,True,sapmachine-jre-25.0.5-ea.2_linux-ppc64le_bin.tar.gz,linux,ppc64,jre,53
2026-09-26T02:14:35+00:00,sapmachine-25.0.5+2,370767000,True,sapmachine-jdk-25.0.5-ea.2_linux-ppc64le_bin-symbols.tar.gz,linux,ppc64,jdk,1
2026-09-26T02:14:35+00:00,sapmachine-25.0.5+2,370767000,True,sapmachine-jdk-25.0.5-ea.2_linux-aarch64_bin.tar.gz,linux,aarch64,jdk,55
2026-09-26T02:14:35+00:00,sapmachine-25.0.5+2,370767000,True,sapmachine-jre-25.0.5-ea.2_linux-aarch64_bin.tar.gz,linux,aarch64,jre,55
2026-09-26T02:14:35+00:00,sapmachine-25.0.5+2,370767000,True,sapmachine-jdk-25.0.5-ea.2_linux-aarch64_bin-symbols.tar.gz,linux,aarch64,jdk,1
2026-09-26T02:14:35+00:00,sapmachine-25.0.5+2,370767000,True,sapmachine-jdk-25.0.5-ea.2_windows-x64_bin.zip,windows,x64,jdk,56
2026-09-26T02:14:35+00:00,sapmachine-25.0.5+2,370767000,True,sapmachine-jre-25.0.5-ea.2_windows-x64_bin.zip,windows,x64,jre,55
2026-09-26T02:14:35+00:00,sapmachine-25.0.5+2,370767000,True,sapmachine-jdk-25.0.5-ea.2_windows-x64_bin-symbols.tar.gz,windows,x64,jdk,1
2026-09-26T02:14:35+00:00,sapmachine-28+11,370765788,True,sapmachine-jdk-28-ea.11_linux-x64_bin.tar.gz,linux,x64,jdk,56
2026-09-26T02:14:35+00:00,sapmachine-28+11,370765788,True,sapmachine-jre-28-ea.11_linux-x64_bin.tar.gz,linux,x64,jre,55
2026-09-26T02:14:35+00:00,sapmachine-28+11,370765788,True,sapmachine-jdk-28-ea.11_linux-x64_bin-symbols.tar.gz,linux,x64,jdk,2
2026-09-26T02:14:35+00:00,sapmachine-28+11,370765788,True,sapmachine-jdk-28-ea.11_linux-x64-musl_bin.tar.gz,alpine,x64,jdk,56
2026-09-26T02:14:35+00:00,sapmachine-28+11,370765788,True,sapmachine-jre-28-ea.11_linux-x64-musl_bin.tar.gz,alpine,x64,jre,54
2026-09-26T02:14:35+00:00,sapmachine-28+11,370765788,True,sapmachine-jdk-28-ea.11_linux-x64-musl_bin-symbols.tar.gz,alpine,x64,jdk,2
2026-09-26T02:14:35+00:00,sapmachine-28+11,370765788,True,sapmachine-jdk-28-ea.11_aix-ppc64_bin.tar.gz,aix,ppc64,jdk,54
2026-09-26T02:14:35+00:00,sapmachine-28+11,370765788,True,sapmachine-jre-28-ea.11_aix-ppc64_bin.tar.gz,aix,ppc64,jre,52
2026-09-26T02:14:35+00:00,sapmachine-28+11,370765788,True,sapmachine-jdk-28-ea.11_aix-ppc64_bin-symbols.tar.gz,aix,ppc64,jdk,1
2026-09-26T02:14:35+00:00,sapmachine-28+11,370765788,True,sapmachine-jdk-28-ea.11_macos-aarch64_bin.tar.gz,macos,aarch64,jdk,56
2026-09-26T02:14:35+00:00,sapmachine-28+11,370765788,True,sapmachine-jre-28-ea.11_macos-aarch64_bin.tar.gz,macos,aarch64,jre,56
2026-09-26T02:14:35+00:00,sapmachine-28+11,370765788,True,sapmachine-jdk-28-ea.11_macos-aarch64_bin-symbols.tar.gz,macos,aarch64,jdk,1
2026-09-26T02:14:35+00:00,sapmachine-28+11,370765788,True,sapmachine-jdk-28-ea.11_macos-aarch64_bin.dmg,macos,aarch64,jdk,59
2026-09-26T02:14:35+00:00,sapmachine-28+11,370765788,True,sapmachine-jre-28-ea.11_macos-aarch64_bin.dmg,macos,aarch64,jre,57
2026-09-26T02:14:35+00:00,sapmachine-28+11,370765788,True,sapmachine-jdk-28-ea.11_linux-ppc64le_bin.tar.gz,linux,ppc64,jdk,51
2026-09-26T02:14:35+00:00,sapmachine-28+11,370765788,True,sapmachine-jre-28-ea.11_linux-ppc64le_bin.tar.gz,linux,ppc64,jre,51
2026-09-26T02:14:35+00:00,sapmachine-28+11,370765788,True,sapmachine-jdk-28-ea.11_linux-ppc64le_bin-symbols.tar.gz,linux,ppc64,jdk,1
2026-09-26T02:14:35+00:00,sapmachine-28+11,370765788,True,sapmachine-jdk-28-ea.11_linux-aarch64_bin.tar.gz,linux,aarch64,jdk,53
2026-09-26T02:14:35+00:00,sapmachine-28+11,370765788,True,sapmachine-jre-28-ea.11_linux-aarch64_bin.tar.gz,linux,aarch64,jre,52
2026-09-26T02:14:35+00:00,sapmachine-28+11,370765788,True,sapmachine-jdk-28-ea.11_linux-aarch64_bin-symbols.tar.gz,linux,aarch64,jdk,1
2026-09-26T02:14:35+00:00,sapmachine-28+11,370765788,True,sapmachine-jdk-28-ea.11_windows-x64_bin.zip,windows,x64,jdk,55
2026-09-26T02:14:35+00:00,sapmachine-28+11,370765788,True,sapmachine-jre-28-ea.11_windows-x64_bin.zip,windows,x64,jre,57
2026-09-26T02:14:35+00:00,sapmachine-28+11,370765788,True,sapmachine-jdk-28-ea.11_windows-x64_bin-symbols.tar.gz,windows,x64,jdk,1
2026-09-26T02:14:35+00:00,sapmachine-17.0.20.1,372686560,False,sapmachine-17.0.20.1-sbom-linux-aarch64.json,linux,aarch64,,43
2026-09-26T02:14:35+00:00,sapmachine-17.0.20.1,372686560,False,sapmachine-17.0.20.1-sbom-linux-ppc64le.json,linux,ppc64,,43
2026-09-26T02:14:35+00:00,sapmachine-17.0.20.1,372686560,False,sapmachine-17.0.20.1-sbom-linux-x64-musl.json,alpine,x64,,43
2026-09-26T02:14:35+00:00,sapmachine-17.0.20.1,372686560,False,sapmachine-17.0.20.1-sbom-linux-x64.json,linux,x64,,44
2026-09-26T02:14:35+00:00,sapmachine-17.0.20.1,372686560,False,sapmachine-17.0.20.1-sbom-macos-aarch64.json,macos,aarch64,,43
2026-09-26T02:14:35+00:00,sapmachine-17.0.20.1,372686560,False,sapmachine-17.0.20.1-sbom-macos-x64.json,macos,x64,,44
2026-09-26T02:14:35+00:00,sapmachine-17.0.20.1,372686560,False,sapmachine-17.0.20.1-sbom-windows-x64.json,windows,x64,,44
2026-09-26T02:14:35+00:00,sapmachine-17.0.20.1,372686560,False,sapmachine-jdk-17.0.20.1_linux-aarch64_bin-symbols.tar.gz,linux,aarch64,jdk,3
2026-09-26T02:14:35+00:00,sapmachine-17.0.20.1,372686560,False,sapmachine-jdk-17.0.20.1_linux-aarch64_bin.tar.gz,linux,aarch64,jdk,302
2026-09-26T02:14:35+00:00,sapmachine-17.0.20.1,372686560,False,sapmachine-jdk-17.0.20.1_linux-ppc64le_bin-symbols.tar.gz,linux,ppc64,jdk,3
2026-09-26T02:14:35+00:00,sapmachine-17.0.20.1,372686560,False,sapmachine-jdk-17.0.20.1_linux-ppc64le_bin.tar.gz,linux,ppc64,jdk,84
2026-09-26T02:14:35+00:00,sapmachine-17.0.20.1,372686560,False,sapmachine-jdk-17.0.20.1_linux-x64-musl_bin-symbols.tar.gz,alpine,x64,jdk,3
2026-09-26T02:14:35+00:00,sapmachine-17.0.20.1,372686560,False,sapmachine-jdk-17.0.20.1_linux-x64-musl_bin.tar.gz,alpine,x64,jdk,1661
2026-09-26T02:14:35+00:00,sapmachine-17.0.20.1,372686560,False,sapmachine-jdk-17.0.20.1_linux-x64_bin-symbols.tar.gz,linux,x64,jdk,3
2026-09-26T02:14:35+00:00,sapmachine-17.0.20.1,372686560,False,sapmachine-jdk-17.0.20.1_linux-x64_bin.tar.gz,linux,x64,jdk,33023
2026-09-26T02:14:35+00:00,sapmachine-17.0.20.1,372686560,False,sapmachine-jdk-17.0.20.1_macos-aarch64_bin-symbols.tar.gz,macos,aarch64,jdk,3
2026-09-26T02:14:35+00:00,sapmachine-17.0.20.1,372686560,False,sapmachine-jdk-17.0.20.1_macos-aarch64_bin.dmg,macos,aarch64,jdk,644
2026-09-26T02:14:35+00:00,sapmachine-17.0.20.1,372686560,False,sapmachine-jdk-17.0.20.1_macos-aarch64_bin.tar.gz,macos,aarch64,jdk,17062
2026-09-26T02:14:35+00:00,sapmachine-17.0.20.1,372686560,False,sapmachine-jdk-17.0.20.1_macos-x64_bin-symbols.tar.gz,macos,x64,jdk,3
2026-09-26T02:14:35+00:00,sapmachine-17.0.20.1,372686560,False,sapmachine-jdk-17.0.20.1_macos-x64_bin.dmg,macos,x64,jdk,260
2026-09-26T02:14:35+00:00,sapmachine-17.0.20.1,372686560,False,sapmachine-jdk-17.0.20.1_macos-x64_bin.tar.gz,macos,x64,jdk,2107
2026-09-26T02:14:35+00:00,sapmachine-17.0.20.1,372686560,False,sapmachine-jdk-17.0.20.1_windows-x64_bin-symbols.tar.gz,windows,x64,jdk,4
2026-09-26T02:14:35+00:00,sapmachine-17.0.20.1,372686560,False,sapmachine-jdk-17.0.20.1_windows-x64_bin.msi,windows,x64,jdk,1083
2026-09-26T02:14:35+00:00,sapmachine-17.0.20.1,372686560,False,sapmachine-jdk-17.0.20.1_windows-x64_bin.zip,windows,x64,jdk,3786
2026-09-26T02:14:35+00:00,sapmachine-17.0.20.1,372686560,False,sapmachine-jre-17.0.20.1_linux-aarch64_bin.tar.gz,linux,aarch64,jre,193
2026-09-26T02:14:35+00:00,sapmachine-17.0.20.1,372686560,False,sapmachine-jre-17.0.20.1_linux-ppc64le_bin.tar.gz,linux,ppc64,jre,61
2026-09-26T02:14:35+00:00,sapmachine-17.0.20.1,372686560,False,sapmachine-jre-17.0.20.1_linux-x64-musl_bin.tar.gz,alpine,x64,jre,79
2026-09-26T02:14:35+00:00,sapmachine-17.0.20.1,372686560,False,sapmachine-jre-17.0.20.1_linux-x64_bin.tar.gz,linux,x64,jre,21956
2026-09-26T02:14:35+00:00,sapmachine-17.0.20.1,372686560,False,sapmachine-jre-17.0.20.1_macos-aarch64_bin.dmg,macos,aarch64,jre,64
2026-09-26T02:14:35+00:00,sapmachine-17.0.20.1,372686560,False,sapmachine-jre-17.0.20.1_macos-aarch64_bin.tar.gz,macos,aarch64,jre,1109
2026-09-26T02:14:35+00:00,sapmachine-17.0.20.1,372686560,False,sapmachine-jre-17.0.20.1_macos-x64_bin.dmg,macos,x64,jre,61
2026-09-26T02:14:35+00:00,sapmachine-17.0.20.1,372686560,False,sapmachine-jre-17.0.20.1_macos-x64_bin.tar.gz,macos,x64,jre,1281
2026-09-26T02:14:35+00:00,sapmachine-17.0.20.1,372686560,False,sapmachine-jre-17.0.20.1_windows-x64_bin.msi,windows,x64,jre,1853
2026-09-26T02:14:35+00:00,sapmachine-17.0.20.1,372686560,False,sapmachine-jre-17.0.20.1_windows-x64_bin.zip,windows,x64,jre,1340
2026-09-26T02:14:35+00:00,sapmachine-21.0.12.1,372718652,False,sapmachine-21.0.12.1-sbom-aix-ppc64.json,aix,ppc64,,41
2026-09-26T02:14:35+00:00,sapmachine-21.0.12.1,372718652,False,sapmachine-21.0.12.1-sbom-linux-aarch64.json,linux,aarch64,,41
2026-09-26T02:14:35+00:00,sapmachine-21.0.12.1,372718652,False,sapmachine-21.0.12.1-sbom-linux-ppc64le.json,linux,ppc64,,41
2026-09-26T02:14:35+00:00,sapmachine-21.0.12.1,372718652,False,sapmachine-21.0.12.1-sbom-linux-x64-musl.json,alpine,x64,,41
2026-09-26T02:14:35+00:00,sapmachine-21.0.12.1,372718652,False,sapmachine-21.0.12.1-sbom-linux-x64.json,linux,x64,,41
2026-09-26T02:14:35+00:00,sapmachine-21.0.12.1,372718652,False,sapmachine-21.0.12.1-sbom-macos-aarch64.json,macos,aarch64,,42
2026-09-26T02:14:35+00:00,sapmachine-21.0.12.1,372718652,False,sapmachine-21.0.12.1-sbom-windows-x64.json,windows,x64,,41
2026-09-26T02:14:35+00:00,sapmachine-21.0.12.1,372718652,False,sapmachine-jdk-21.0.12.1_aix-ppc64_bin-symbols.tar.gz,aix,ppc64,jdk,2
2026-09-26T02:14:35+00:00,sapmachine-21.0.12.1,372718652,False,sapmachine-jdk-21.0.12.1_aix-ppc64_bin.tar.gz,aix,ppc64,jdk,122
2026-09-26T02:14:35+00:00,sapmachine-21.0.12.1,372718652,False,sapmachine-jdk-21.0.12.1_linux-aarch64_bin-symbols.tar.gz,linux,aarch64,jdk,2
2026-09-26T02:14:35+00:00,sapmachine-21.0.12.1,372718652,False,sapmachine-jdk-21.0.12.1_linux-aarch64_bin.tar.gz,linux,aarch64,jdk,2377
2026-09-26T02:14:35+00:00,sapmachine-21.0.12.1,372718652,False,sapmachine-jdk-21.0.12.1_linux-ppc64le_bin-symbols.tar.gz,linux,ppc64,jdk,2
2026-09-26T02:14:35+00:00,sapmachine-21.0.12.1,372718652,False,sapmachine-jdk-21.0.12.1_linux-ppc64le_bin.tar.gz,linux,ppc64,jdk,89
2026-09-26T02:14:35+00:00,sapmachine-21.0.12.1,372718652,False,sapmachine-jdk-21.0.12.1_linux-x64-musl_bin-symbols.tar.gz,alpine,x64,jdk,2
2026-09-26T02:14:35+00:00,sapmachine-21.0.12.1,372718652,False,sapmachine-jdk-21.0.12.1_linux-x64-musl_bin.tar.gz,alpine,x64,jdk,1684
2026-09-26T02:14:35+00:00,sapmachine-21.0.12.1,372718652,False,sapmachine-jdk-21.0.12.1_linux-x64_bin-symbols.tar.gz,linux,x64,jdk,2
2026-09-26T02:14:35+00:00,sapmachine-21.0.12.1,372718652,False,sapmachine-jdk-21.0.12.1_linux-x64_bin.tar.gz,linux,x64,jdk,94571
2026-09-26T02:14:35+00:00,sapmachine-21.0.12.1,372718652,False,sapmachine-jdk-21.0.12.1_macos-aarch64_bin-symbols.tar.gz,macos,aarch64,jdk,2
2026-09-26T02:14:35+00:00,sapmachine-21.0.12.1,372718652,False,sapmachine-jdk-21.0.12.1_macos-aarch64_bin.dmg,macos,aarch64,jdk,1069
2026-09-26T02:14:35+00:00,sapmachine-21.0.12.1,372718652,False,sapmachine-jdk-21.0.12.1_macos-aarch64_bin.tar.gz,macos,aarch64,jdk,31031
2026-09-26T02:14:35+00:00,sapmachine-21.0.12.1,372718652,False,sapmachine-jdk-21.0.12.1_macos-x64_bin-symbols.tar.gz,macos,x64,jdk,3
2026-09-26T02:14:35+00:00,sapmachine-21.0.12.1,372718652,False,sapmachine-jdk-21.0.12.1_macos-x64_bin.dmg,macos,x64,jdk,437
2026-09-26T02:14:35+00:00,sapmachine-21.0.12.1,372718652,False,sapmachine-jdk-21.0.12.1_macos-x64_bin.tar.gz,macos,x64,jdk,2402
2026-09-26T02:14:35+00:00,sapmachine-21.0.12.1,372718652,False,sapmachine-jdk-21.0.12.1_windows-x64_bin-symbols.tar.gz,windows,x64,jdk,3
2026-09-26T02:14:35+00:00,sapmachine-21.0.12.1,372718652,False,sapmachine-jdk-21.0.12.1_windows-x64_bin.msi,windows,x64,jdk,1372
2026-09-26T02:14:35+00:00,sapmachine-21.0.12.1,372718652,False,sapmachine-jdk-21.0.12.1_windows-x64_bin.zip,windows,x64,jdk,2816
2026-09-26T02:14:35+00:00,sapmachine-21.0.12.1,372718652,False,sapmachine-jre-21.0.12.1_aix-ppc64_bin.tar.gz,aix,ppc64,jre,61
2026-09-26T02:14:35+00:00,sapmachine-21.0.12.1,372718652,False,sapmachine-jre-21.0.12.1_linux-aarch64_bin.tar.gz,linux,aarch64,jre,199
2026-09-26T02:14:35+00:00,sapmachine-21.0.12.1,372718652,False,sapmachine-jre-21.0.12.1_linux-ppc64le_bin.tar.gz,linux,ppc64,jre,59
2026-09-26T02:14:35+00:00,sapmachine-21.0.12.1,372718652,False,sapmachine-jre-21.0.12.1_linux-x64-musl_bin.tar.gz,alpine,x64,jre,101
2026-09-26T02:14:35+00:00,sapmachine-21.0.12.1,372718652,False,sapmachine-jre-21.0.12.1_linux-x64_bin.tar.gz,linux,x64,jre,46438
2026-09-26T02:14:35+00:00,sapmachine-21.0.12.1,372718652,False,sapmachine-jre-21.0.12.1_macos-aarch64_bin.dmg,macos,aarch64,jre,76
2026-09-26T02:14:35+00:00,sapmachine-21.0.12.1,372718652,False,sapmachine-jre-21.0.12.1_macos-aarch64_bin.tar.gz,macos,aarch64,jre,580
2026-09-26T02:14:35+00:00,sapmachine-21.0.12.1,372718652,False,sapmachine-jre-21.0.12.1_macos-x64_bin.dmg,macos,x64,jre,56
2026-09-26T02:14:35+00:00,sapmachine-21.0.12.1,372718652,False,sapmachine-jre-21.0.12.1_macos-x64_bin.tar.gz,macos,x64,jre,335
2026-09-26T02:14:35+00:00,sapmachine-21.0.12.1,372718652,False,sapmachine-jre-21.0.12.1_windows-x64_bin.msi,windows,x64,jre,564
2026-09-26T02:14:35+00:00,sapmachine-21.0.12.1,372718652,False,sapmachine-jre-21.0.12.1_windows-x64_bin.zip,windows,x64,jre,382
2026-09-26T02:14:35+00:00,sapmachine-25.0.4.1,372726787,False,sapmachine-25.0.4.1-sbom-aix-ppc64.json,aix,ppc64,,42
2026-09-26T02:14:35+00:00,sapmachine-25.0.4.1,372726787,False,sapmachine-25.0.4.1-sbom-linux-aarch64.json,linux,aarch64,,43
2026-09-26T02:14:35+00:00,sapmachine-25.0.4.1,372726787,False,sapmachine-25.0.4.1-sbom-linux-ppc64le.json,linux,ppc64,,42
2026-09-26T02:14:35+00:00,sapmachine-25.0.4.1,372726787,False,sapmachine-25.0.4.1-sbom-linux-x64-musl.json,alpine,x64,,42
2026-09-26T02:14:35+00:00,sapmachine-25.0.4.1,372726787,False,sapmachine-25.0.4.1-sbom-linux-x64.json,linux,x64,,43
2026-09-26T02:14:35+00:00,sapmachine-25.0.4.1,372726787,False,sapmachine-25.0.4.1-sbom-macos-aarch64.json,macos,aarch64,,42
2026-09-26T02:14:35+00:00,sapmachine-25.0.4.1,372726787,False,sapmachine-25.0.4.1-sbom-windows-x64.json,windows,x64,,42
2026-09-26T02:14:35+00:00,sapmachine-25.0.4.1,372726787,False,sapmachine-jdk-25.0.4.1_aix-ppc64_bin-symbols.tar.gz,aix,ppc64,jdk,3
2026-09-26T02:14:35+00:00,sapmachine-25.0.4.1,372726787,False,sapmachine-jdk-25.0.4.1_aix-ppc64_bin.tar.gz,aix,ppc64,jdk,155
2026-09-26T02:14:35+00:00,sapmachine-25.0.4.1,372726787,False,sapmachine-jdk-25.0.4.1_linux-aarch64_bin-symbols.tar.gz,linux,aarch64,jdk,4
2026-09-26T02:14:35+00:00,sapmachine-25.0.4.1,372726787,False,sapmachine-jdk-25.0.4.1_linux-aarch64_bin.tar.gz,linux,aarch64,jdk,295
2026-09-26T02:14:35+00:00,sapmachine-25.0.4.1,372726787,False,sapmachine-jdk-25.0.4.1_linux-ppc64le_bin-symbols.tar.gz,linux,ppc64,jdk,4
2026-09-26T02:14:35+00:00,sapmachine-25.0.4.1,372726787,False,sapmachine-jdk-25.0.4.1_linux-ppc64le_bin.tar.gz,linux,ppc64,jdk,102
2026-09-26T02:14:35+00:00,sapmachine-25.0.4.1,372726787,False,sapmachine-jdk-25.0.4.1_linux-x64-musl_bin-symbols.tar.gz,alpine,x64,jdk,4
2026-09-26T02:14:35+00:00,sapmachine-25.0.4.1,372726787,False,sapmachine-jdk-25.0.4.1_linux-x64-musl_bin.tar.gz,alpine,x64,jdk,102
2026-09-26T02:14:35+00:00,sapmachine-25.0.4.1,372726787,False,sapmachine-jdk-25.0.4.1_linux-x64_bin-symbols.tar.gz,linux,x64,jdk,4
2026-09-26T02:14:35+00:00,sapmachine-25.0.4.1,372726787,False,sapmachine-jdk-25.0.4.1_linux-x64_bin.tar.gz,linux,x64,jdk,71363
2026-09-26T02:14:35+00:00,sapmachine-25.0.4.1,372726787,False,sapmachine-jdk-25.0.4.1_macos-aarch64_bin-symbols.tar.gz,macos,aarch64,jdk,4
2026-09-26T02:14:35+00:00,sapmachine-25.0.4.1,372726787,False,sapmachine-jdk-25.0.4.1_macos-aarch64_bin.dmg,macos,aarch64,jdk,700
2026-09-26T02:14:35+00:00,sapmachine-25.0.4.1,372726787,False,sapmachine-jdk-25.0.4.1_macos-aarch64_bin.tar.gz,macos,aarch64,jdk,25158
2026-09-26T02:14:35+00:00,sapmachine-25.0.4.1,372726787,False,sapmachine-jdk-25.0.4.1_windows-x64_bin-symbols.tar.gz,windows,x64,jdk,5
2026-09-26T02:14:35+00:00,sapmachine-25.0.4.1,372726787,False,sapmachine-jdk-25.0.4.1_windows-x64_bin.msi,windows,x64,jdk,1536
2026-09-26T02:14:35+00:00,sapmachine-25.0.4.1,372726787,False,sapmachine-jdk-25.0.4.1_windows-x64_bin.zip,windows,x64,jdk,1553
2026-09-26T02:14:35+00:00,sapmachine-25.0.4.1,372726787,False,sapmachine-jre-25.0.4.1_aix-ppc64_bin.tar.gz,aix,ppc64,jre,61
2026-09-26T02:14:35+00:00,sapmachine-25.0.4.1,372726787,False,sapmachine-jre-25.0.4.1_linux-aarch64_bin.tar.gz,linux,aarch64,jre,166
2026-09-26T02:14:35+00:00,sapmachine-25.0.4.1,372726787,False,sapmachine-jre-25.0.4.1_linux-ppc64le_bin.tar.gz,linux,ppc64,jre,59
2026-09-26T02:14:35+00:00,sapmachine-25.0.4.1,372726787,False,sapmachine-jre-25.0.4.1_linux-x64-musl_bin.tar.gz,alpine,x64,jre,67
2026-09-26T02:14:35+00:00,sapmachine-25.0.4.1,372726787,False,sapmachine-jre-25.0.4.1_linux-x64_bin.tar.gz,linux,x64,jre,17066
2026-09-26T02:14:35+00:00,sapmachine-25.0.4.1,372726787,False,sapmachine-jre-25.0.4.1_macos-aarch64_bin.dmg,macos,aarch64,jre,73
2026-09-26T02:14:35+00:00,sapmachine-25.0.4.1,372726787,False,sapmachine-jre-25.0.4.1_macos-aarch64_bin.tar.gz,macos,aarch64,jre,184
2026-09-26T02:14:35+00:00,sapmachine-25.0.4.1,372726787,False,sapmachine-jre-25.0.4.1_windows-x64_bin.msi,windows,x64,jre,361
2026-09-26T02:14:35+00:00,sapmachine-25.0.4.1,372726787,False,sapmachine-jre-25.0.4.1_windows-x64_bin.zip,windows,x64,jre,154
2026-09-26T02:14:35+00:00,sapmachine-26.0.2.1,372737378,False,sapmachine-jdk-26.0.2.1_aix-ppc64_bin-symbols.tar.gz,aix,ppc64,jdk,6
2026-09-26T02:14:35+00:00,sapmachine-26.0.2.1,372737378,False,sapmachine-jdk-26.0.2.1_aix-ppc64_bin.tar.gz,aix,ppc64,jdk,104
2026-09-26T02:14:35+00:00,sapmachine-26.0.2.1,372737378,False,sapmachine-jdk-26.0.2.1_linux-aarch64_bin-symbols.tar.gz,linux,aarch64,jdk,4
2026-09-26T02:14:35+00:00,sapmachine-26.0.2.1,372737378,False,sapmachine-jdk-26.0.2.1_linux-aarch64_bin.tar.gz,linux,aarch64,jdk,146
2026-09-26T02:14:35+00:00,sapmachine-26.0.2.1,372737378,False,sapmachine-jdk-26.0.2.1_linux-ppc64le_bin-symbols.tar.gz,linux,ppc64,jdk,4
2026-09-26T02:14:35+00:00,sapmachine-26.0.2.1,372737378,False,sapmachine-jdk-26.0.2.1_linux-ppc64le_bin.tar.gz,linux,ppc64,jdk,101
2026-09-26T02:14:35+00:00,sapmachine-26.0.2.1,372737378,False,sapmachine-jdk-26.0.2.1_linux-x64-musl_bin-symbols.tar.gz,alpine,x64,jdk,4
2026-09-26T02:14:35+00:00,sapmachine-26.0.2.1,372737378,False,sapmachine-jdk-26.0.2.1_linux-x64-musl_bin.tar.gz,alpine,x64,jdk,93
2026-09-26T02:14:35+00:00,sapmachine-26.0.2.1,372737378,False,sapmachine-jdk-26.0.2.1_linux-x64_bin-symbols.tar.gz,linux,x64,jdk,4
2026-09-26T02:14:35+00:00,sapmachine-26.0.2.1,372737378,False,sapmachine-jdk-26.0.2.1_linux-x64_bin.tar.gz,linux,x64,jdk,1263
2026-09-26T02:14:35+00:00,sapmachine-26.0.2.1,372737378,False,sapmachine-jdk-26.0.2.1_macos-aarch64_bin-symbols.tar.gz,macos,aarch64,jdk,4
2026-09-26T02:14:35+00:00,sapmachine-26.0.2.1,372737378,False,sapmachine-jdk-26.0.2.1_macos-aarch64_bin.dmg,macos,aarch64,jdk,1133
2026-09-26T02:14:35+00:00,sapmachine-26.0.2.1,372737378,False,sapmachine-jdk-26.0.2.1_macos-aarch64_bin.tar.gz,macos,aarch64,jdk,1704
2026-09-26T02:14:35+00:00,sapmachine-26.0.2.1,372737378,False,sapmachine-jdk-26.0.2.1_windows-x64_bin-symbols.tar.gz,windows,x64,jdk,3
2026-09-26T02:14:35+00:00,sapmachine-26.0.2.1,372737378,False,sapmachine-jdk-26.0.2.1_windows-x64_bin.msi,windows,x64,jdk,533
2026-09-26T02:14:35+00:00,sapmachine-26.0.2.1,372737378,False,sapmachine-jdk-26.0.2.1_windows-x64_bin.zip,windows,x64,jdk,551
2026-09-26T02:14:35+00:00,sapmachine-26.0.2.1,372737378,False,sapmachine-jre-26.0.2.1_aix-ppc64_bin.tar.gz,aix,ppc64,jre,55
2026-09-26T02:14:35+00:00,sapmachine-26.0.2.1,372737378,False,sapmachine-jre-26.0.2.1_linux-aarch64_bin.tar.gz,linux,aarch64,jre,99
2026-09-26T02:14:35+00:00,sapmachine-26.0.2.1,372737378,False,sapmachine-jre-26.0.2.1_linux-ppc64le_bin.tar.gz,linux,ppc64,jre,61
2026-09-26T02:14:35+00:00,sapmachine-26.0.2.1,372737378,False,sapmachine-jre-26.0.2.1_linux-x64-musl_bin.tar.gz,alpine,x64,jre,56
2026-09-26T02:14:35+00:00,sapmachine-26.0.2.1,372737378,False,sapmachine-jre-26.0.2.1_linux-x64_bin.tar.gz,linux,x64,jre,141
2026-09-26T02:14:35+00:00,sapmachine-26.0.2.1,372737378,False,sapmachine-jre-26.0.2.1_macos-aarch64_bin.dmg,macos,aarch64,jre,63
2026-09-26T02:14:35+00:00,sapmachine-26.0.2.1,372737378,False,sapmachine-jre-26.0.2.1_macos-aarch64_bin.tar.gz,macos,aarch64,jre,196
2026-09-26T02:14:35+00:00,sapmachine-26.0.2.1,372737378,False,sapmachine-jre-26.0.2.1_windows-x64_bin.msi,windows,x64,jre,251
2026-09-26T02:14:35+00:00,sapmachine-26.0.2.1,372737378,False,sapmachine-jre-26.0.2.1_windows-x64_bin.zip,windows,x64,jre,76
2026-09-26T02:14:35+00:00,sapmachine-21.0.13+1,369673274,True,sapmachine-jdk-21.0.13-ea.1_linux-x64-musl_bin.tar.gz,alpine,x64,jdk,57
2026-09-26T02:14:35+00:00,sapmachine-21.0.13+1,369673274,True,sapmachine-jre-21.0.13-ea.1_linux-x64-musl_bin.tar.gz,alpine,x64,jre,57
2026-09-26T02:14:35+00:00,sapmachine-21.0.13+1,369673274,True,sapmachine-jdk-21.0.13-ea.1_linux-x64-musl_bin-symbols.tar.gz,alpine,x64,jdk,2
2026-09-26T02:14:35+00:00,sapmachine-21.0.13+1,369673274,True,sapmachine-jdk-21.0.13-ea.1_macos-aarch64_bin.tar.gz,macos,aarch64,jdk,134
2026-09-26T02:14:35+00:00,sapmachine-21.0.13+1,369673274,True,sapmachine-jre-21.0.13-ea.1_macos-aarch64_bin.tar.gz,macos,aarch64,jre,63
2026-09-26T02:14:35+00:00,sapmachine-21.0.13+1,369673274,True,sapmachine-jdk-21.0.13-ea.1_macos-aarch64_bin-symbols.tar.gz,macos,aarch64,jdk,2
2026-09-26T02:14:35+00:00,sapmachine-21.0.13+1,369673274,True,sapmachine-jdk-21.0.13-ea.1_macos-aarch64_bin.dmg,macos,aarch64,jdk,59
2026-09-26T02:14:35+00:00,sapmachine-21.0.13+1,369673274,True,sapmachine-jre-21.0.13-ea.1_macos-aarch64_bin.dmg,macos,aarch64,jre,59
2026-09-26T02:14:35+00:00,sapmachine-21.0.13+1,369673274,True,sapmachine-jdk-21.0.13-ea.1_linux-x64_bin.tar.gz,linux,x64,jdk,86
2026-09-26T02:14:35+00:00,sapmachine-21.0.13+1,369673274,True,sapmachine-jre-21.0.13-ea.1_linux-x64_bin.tar.gz,linux,x64,jre,58
2026-09-26T02:14:35+00:00,sapmachine-21.0.13+1,369673274,True,sapmachine-jdk-21.0.13-ea.1_linux-x64_bin-symbols.tar.gz,linux,x64,jdk,1
2026-09-26T02:14:35+00:00,sapmachine-21.0.13+1,369673274,True,sapmachine-jdk-21.0.13-ea.1_aix-ppc64_bin.tar.gz,aix,ppc64,jdk,56
2026-09-26T02:14:35+00:00,sapmachine-21.0.13+1,369673274,True,sapmachine-jre-21.0.13-ea.1_aix-ppc64_bin.tar.gz,aix,ppc64,jre,55
2026-09-26T02:14:35+00:00,sapmachine-21.0.13+1,369673274,True,sapmachine-jdk-21.0.13-ea.1_aix-ppc64_bin-symbols.tar.gz,aix,ppc64,jdk,1
2026-09-26T02:14:35+00:00,sapmachine-21.0.13+1,369673274,True,sapmachine-jdk-21.0.13-ea.1_linux-ppc64le_bin.tar.gz,linux,ppc64,jdk,58
2026-09-26T02:14:35+00:00,sapmachine-21.0.13+1,369673274,True,sapmachine-jre-21.0.13-ea.1_linux-ppc64le_bin.tar.gz,linux,ppc64,jre,57
2026-09-26T02:14:35+00:00,sapmachine-21.0.13+1,369673274,True,sapmachine-jdk-21.0.13-ea.1_linux-ppc64le_bin-symbols.tar.gz,linux,ppc64,jdk,1
2026-09-26T02:14:35+00:00,sapmachine-21.0.13+1,369673274,True,sapmachine-jdk-21.0.13-ea.1_macos-x64_bin.tar.gz,macos,x64,jdk,57
2026-09-26T02:14:35+00:00,sapmachine-21.0.13+1,369673274,True,sapmachine-jre-21.0.13-ea.1_macos-x64_bin.tar.gz,macos,x64,jre,56
2026-09-26T02:14:35+00:00,sapmachine-21.0.13+1,369673274,True,sapmachine-jdk-21.0.13-ea.1_macos-x64_bin-symbols.tar.gz,macos,x64,jdk,1
2026-09-26T02:14:35+00:00,sapmachine-21.0.13+1,369673274,True,sapmachine-jdk-21.0.13-ea.1_macos-x64_bin.dmg,macos,x64,jdk,56
2026-09-26T02:14:35+00:00,sapmachine-21.0.13+1,369673274,True,sapmachine-jre-21.0.13-ea.1_macos-x64_bin.dmg,macos,x64,jre,56
2026-09-26T02:14:35+00:00,sapmachine-21.0.13+1,369673274,True,sapmachine-jdk-21.0.13-ea.1_linux-aarch64_bin.tar.gz,linux,aarch64,jdk,58
2026-09-26T02:14:35+00:00,sapmachine-21.0.13+1,369673274,True,sapmachine-jre-21.0.13-ea.1_linux-aarch64_bin.tar.gz,linux,aarch64,jre,58
2026-09-26T02:14:35+00:00,sapmachine-21.0.13+1,369673274,True,sapmachine-jdk-21.0.13-ea.1_linux-aarch64_bin-symbols.tar.gz,linux,aarch64,jdk,1
2026-09-26T02:14:35+00:00,sapmachine-21.0.13+1,369673274,True,sapmachine-jdk-21.0.13-ea.1_windows-x64_bin.zip,windows,x64,jdk,90
2026-09-26T02:14:35+00:00,sapmachine-21.0.13+1,369673274,True,sapmachine-jre-21.0.13-ea.1_windows-x64_bin.zip,windows,x64,jre,60
2026-09-26T02:14:35+00:00,sapmachine-21.0.13+1,369673274,True,sapmachine-jdk-21.0.13-ea.1_windows-x64_bin-symbols.tar.gz,windows,x64,jdk,1
2026-09-26T02:14:35+00:00,sapmachine-25.0.5+1,369669143,True,sapmachine-jdk-25.0.5-ea.1_linux-x64-musl_bin.tar.gz,alpine,x64,jdk,58
2026-09-26T02:14:35+00:00,sapmachine-25.0.5+1,369669143,True,sapmachine-jre-25.0.5-ea.1_linux-x64-musl_bin.tar.gz,alpine,x64,jre,56
2026-09-26T02:14:35+00:00,sapmachine-25.0.5+1,369669143,True,sapmachine-jdk-25.0.5-ea.1_linux-x64-musl_bin-symbols.tar.gz,alpine,x64,jdk,2
2026-09-26T02:14:35+00:00,sapmachine-25.0.5+1,369669143,True,sapmachine-jdk-25.0.5-ea.1_linux-x64_bin.tar.gz,linux,x64,jdk,61
2026-09-26T02:14:35+00:00,sapmachine-25.0.5+1,369669143,True,sapmachine-jre-25.0.5-ea.1_linux-x64_bin.tar.gz,linux,x64,jre,57
2026-09-26T02:14:35+00:00,sapmachine-25.0.5+1,369669143,True,sapmachine-jdk-25.0.5-ea.1_linux-x64_bin-symbols.tar.gz,linux,x64,jdk,1
2026-09-26T02:14:35+00:00,sapmachine-25.0.5+1,369669143,True,sapmachine-jdk-25.0.5-ea.1_macos-aarch64_bin.tar.gz,macos,aarch64,jdk,77
2026-09-26T02:14:35+00:00,sapmachine-25.0.5+1,369669143,True,sapmachine-jre-25.0.5-ea.1_macos-aarch64_bin.tar.gz,macos,aarch64,jre,58
2026-09-26T02:14:35+00:00,sapmachine-25.0.5+1,369669143,True,sapmachine-jdk-25.0.5-ea.1_macos-aarch64_bin-symbols.tar.gz,macos,aarch64,jdk,2
2026-09-26T02:14:35+00:00,sapmachine-25.0.5+1,369669143,True,sapmachine-jdk-25.0.5-ea.1_macos-aarch64_bin.dmg,macos,aarch64,jdk,59
2026-09-26T02:14:35+00:00,sapmachine-25.0.5+1,369669143,True,sapmachine-jre-25.0.5-ea.1_macos-aarch64_bin.dmg,macos,aarch64,jre,59
2026-09-26T02:14:35+00:00,sapmachine-25.0.5+1,369669143,True,sapmachine-jdk-25.0.5-ea.1_linux-aarch64_bin.tar.gz,linux,aarch64,jdk,57
2026-09-26T02:14:35+00:00,sapmachine-25.0.5+1,369669143,True,sapmachine-jre-25.0.5-ea.1_linux-aarch64_bin.tar.gz,linux,aarch64,jre,58
2026-09-26T02:14:35+00:00,sapmachine-25.0.5+1,369669143,True,sapmachine-jdk-25.0.5-ea.1_linux-aarch64_bin-symbols.tar.gz,linux,aarch64,jdk,1
2026-09-26T02:14:35+00:00,sapmachine-25.0.5+1,369669143,True,sapmachine-jdk-25.0.5-ea.1_linux-ppc64le_bin.tar.gz,linux,ppc64,jdk,59
2026-09-26T02:14:35+00:00,sapmachine-25.0.5+1,369669143,True,sapmachine-jre-25.0.5-ea.1_linux-ppc64le_bin.tar.gz,linux,ppc64,jre,58
2026-09-26T02:14:35+00:00,sapmachine-25.0.5+1,369669143,True,sapmachine-jdk-25.0.5-ea.1_linux-ppc64le_bin-symbols.tar.gz,linux,ppc64,jdk,1
2026-09-26T02:14:35+00:00,sapmachine-25.0.5+1,369669143,True,sapmachine-jdk-25.0.5-ea.1_aix-ppc64_bin.tar.gz,aix,ppc64,jdk,55
2026-09-26T02:14:35+00:00,sapmachine-25.0.5+1,369669143,True,sapmachine-jre-25.0.5-ea.1_aix-ppc64_bin.tar.gz,aix,ppc64,jre,56
2026-09-26T02:14:35+00:00,sapmachine-25.0.5+1,369669143,True,sapmachine-jdk-25.0.5-ea.1_aix-ppc64_bin-symbols.tar.gz,aix,ppc64,jdk,3
2026-09-26T02:14:35+00:00,sapmachine-25.0.5+1,369669143,True,sapmachine-jdk-25.0.5-ea.1_windows-x64_bin.zip,windows,x64,jdk,58
2026-09-26T02:14:35+00:00,sapmachine-25.0.5+1,369669143,True,sapmachine-jre-25.0.5-ea.1_windows-x64_bin.zip,windows,x64,jre,57
2026-09-26T02:14:35+00:00,sapmachine-25.0.5+1,369669143,True,sapmachine-jdk-25.0.5-ea.1_windows-x64_bin-symbols.tar.gz,windows,x64,jdk,1
2026-09-26T02:14:35+00:00,sapmachine-28+10,368940347,True,sapmachine-jdk-28-ea.10_linux-x64-musl_bin.tar.gz,alpine,x64,jdk,59
2026-09-26T02:14:35+00:00,sapmachine-28+10,368940347,True,sapmachine-jre-28-ea.10_linux-x64-musl_bin.tar.gz,alpine,x64,jre,58
2026-09-26T02:14:35+00:00,sapmachine-28+10,368940347,True,sapmachine-jdk-28-ea.10_linux-x64-musl_bin-symbols.tar.gz,alpine,x64,jdk,2
2026-09-26T02:14:35+00:00,sapmachine-28+10,368940347,True,sapmachine-jdk-28-ea.10_macos-aarch64_bin.tar.gz,macos,aarch64,jdk,58
2026-09-26T02:14:35+00:00,sapmachine-28+10,368940347,True,sapmachine-jre-28-ea.10_macos-aarch64_bin.tar.gz,macos,aarch64,jre,59
2026-09-26T02:14:35+00:00,sapmachine-28+10,368940347,True,sapmachine-jdk-28-ea.10_macos-aarch64_bin-symbols.tar.gz,macos,aarch64,jdk,2
2026-09-26T02:14:35+00:00,sapmachine-28+10,368940347,True,sapmachine-jdk-28-ea.10_macos-aarch64_bin.dmg,macos,aarch64,jdk,59
2026-09-26T02:14:35+00:00,sapmachine-28+10,368940347,True,sapmachine-jre-28-ea.10_macos-aarch64_bin.dmg,macos,aarch64,jre,59
2026-09-26T02:14:35+00:00,sapmachine-28+10,368940347,True,sapmachine-jdk-28-ea.10_linux-x64_bin.tar.gz,linux,x64,jdk,63
2026-09-26T02:14:35+00:00,sapmachine-28+10,368940347,True,sapmachine-jre-28-ea.10_linux-x64_bin.tar.gz,linux,x64,jre,60
2026-09-26T02:14:35+00:00,sapmachine-28+10,368940347,True,sapmachine-jdk-28-ea.10_linux-x64_bin-symbols.tar.gz,linux,x64,jdk,2
2026-09-26T02:14:35+00:00,sapmachine-28+10,368940347,True,sapmachine-jdk-28-ea.10_linux-ppc64le_bin.tar.gz,linux,ppc64,jdk,57
2026-09-26T02:14:35+00:00,sapmachine-28+10,368940347,True,sapmachine-jre-28-ea.10_linux-ppc64le_bin.tar.gz,linux,ppc64,jre,58
2026-09-26T02:14:35+00:00,sapmachine-28+10,368940347,True,sapmachine-jdk-28-ea.10_linux-ppc64le_bin-symbols.tar.gz,linux,ppc64,jdk,1
2026-09-26T02:14:35+00:00,sapmachine-28+10,368940347,True,sapmachine-jdk-28-ea.10_linux-aarch64_bin.tar.gz,linux,aarch64,jdk,57
2026-09-26T02:14:35+00:00,sapmachine-28+10,368940347,True,sapmachine-jre-28-ea.10_linux-aarch64_bin.tar.gz,linux,aarch64,jre,60
2026-09-26T02:14:35+00:00,sapmachine-28+10,368940347,True,sapmachine-jdk-28-ea.10_linux-aarch64_bin-symbols.tar.gz,linux,aarch64,jdk,1
2026-09-26T02:14:35+00:00,sapmachine-28+10,368940347,True,sapmachine-jdk-28-ea.10_aix-ppc64_bin.tar.gz,aix,ppc64,jdk,56
2026-09-26T02:14:35+00:00,sapmachine-28+10,368940347,True,sapmachine-jre-28-ea.10_aix-ppc64_bin.tar.gz,aix,ppc64,jre,57
2026-09-26T02:14:35+00:00,sapmachine-28+10,368940347,True,sapmachine-jdk-28-ea.10_aix-ppc64_bin-symbols.tar.gz,aix,ppc64,jdk,1
2026-09-26T02:14:35+00:00,sapmachine-28+10,368940347,True,sapmachine-jdk-28-ea.10_windows-x64_bin.zip,windows,x64,jdk,57
2026-09-26T02:14:35+00:00,sapmachine-28+10,368940347,True,sapmachine-jre-28-ea.10_windows-x64_bin.zip,windows,x64,jre,57
2026-09-26T02:14:35+00:00,sapmachine-28+10,368940347,True,sapmachine-jdk-28-ea.10_windows-x64_bin-symbols.tar.gz,windows,x64,jdk,1
2026-09-26T02:14:35+00:00,sapmachine-17.0.21+1,367347641,True,sapmachine-jdk-17.0.21-ea.1_linux-x64-musl_bin.tar.gz,alpine,x64,jdk,63
2026-09-26T02:14:35+00:00,sapmachine-17.0.21+1,367347641,True,sapmachine-jre-17.0.21-ea.1_linux-x64-musl_bin.tar.gz,alpine,x64,jre,62
2026-09-26T02:14:35+00:00,sapmachine-17.0.21+1,367347641,True,sapmachine-jdk-17.0.21-ea.1_linux-x64-musl_bin-symbols.tar.gz,alpine,x64,jdk,1
2026-09-26T02:14:35+00:00,sapmachine-17.0.21+1,367347641,True,sapmachine-jdk-17.0.21-ea.1_linux-x64_bin.tar.gz,linux,x64,jdk,180
2026-09-26T02:14:35+00:00,sapmachine-17.0.21+1,367347641,True,sapmachine-jre-17.0.21-ea.1_linux-x64_bin.tar.gz,linux,x64,jre,66
2026-09-26T02:14:35+00:00,sapmachine-17.0.21+1,367347641,True,sapmachine-jdk-17.0.21-ea.1_linux-x64_bin-symbols.tar.gz,linux,x64,jdk,1
2026-09-26T02:14:35+00:00,sapmachine-17.0.21+1,367347641,True,sapmachine-jdk-17.0.21-ea.1_linux-ppc64le_bin.tar.gz,linux,ppc64,jdk,65
2026-09-26T02:14:35+00:00,sapmachine-17.0.21+1,367347641,True,sapmachine-jre-17.0.21-ea.1_linux-ppc64le_bin.tar.gz,linux,ppc64,jre,65
2026-09-26T02:14:35+00:00,sapmachine-17.0.21+1,367347641,True,sapmachine-jdk-17.0.21-ea.1_linux-ppc64le_bin-symbols.tar.gz,linux,ppc64,jdk,1
2026-09-26T02:14:35+00:00,sapmachine-17.0.21+1,367347641,True,sapmachine-jdk-17.0.21-ea.1_linux-aarch64_bin.tar.gz,linux,aarch64,jdk,66
2026-09-26T02:14:35+00:00,sapmachine-17.0.21+1,367347641,True,sapmachine-jre-17.0.21-ea.1_linux-aarch64_bin.tar.gz,linux,aarch64,jre,66
2026-09-26T02:14:35+00:00,sapmachine-17.0.21+1,367347641,True,sapmachine-jdk-17.0.21-ea.1_linux-aarch64_bin-symbols.tar.gz,linux,aarch64,jdk,1
2026-09-26T02:14:35+00:00,sapmachine-17.0.21+1,367347641,True,sapmachine-jdk-17.0.21-ea.1_macos-x64_bin.tar.gz,macos,x64,jdk,63
2026-09-26T02:14:35+00:00,sapmachine-17.0.21+1,367347641,True,sapmachine-jre-17.0.21-ea.1_macos-x64_bin.tar.gz,macos,x64,jre,62
2026-09-26T02:14:35+00:00,sapmachine-17.0.21+1,367347641,True,sapmachine-jdk-17.0.21-ea.1_macos-x64_bin-symbols.tar.gz,macos,x64,jdk,1
2026-09-26T02:14:35+00:00,sapmachine-17.0.21+1,367347641,True,sapmachine-jdk-17.0.21-ea.1_macos-x64_bin.dmg,macos,x64,jdk,66
2026-09-26T02:14:35+00:00,sapmachine-17.0.21+1,367347641,True,sapmachine-jre-17.0.21-ea.1_macos-x64_bin.dmg,macos,x64,jre,61
2026-09-26T02:14:35+00:00,sapmachine-17.0.21+1,367347641,True,sapmachine-jdk-17.0.21-ea.1_macos-aarch64_bin.tar.gz,macos,aarch64,jdk,456
2026-09-26T02:14:35+00:00,sapmachine-17.0.21+1,367347641,True,sapmachine-jre-17.0.21-ea.1_macos-aarch64_bin.tar.gz,macos,aarch64,jre,64
2026-09-26T02:14:35+00:00,sapmachine-17.0.21+1,367347641,True,sapmachine-jdk-17.0.21-ea.1_macos-aarch64_bin-symbols.tar.gz,macos,aarch64,jdk,1
2026-09-26T02:14:35+00:00,sapmachine-17.0.21+1,367347641,True,sapmachine-jdk-17.0.21-ea.1_macos-aarch64_bin.dmg,macos,aarch64,jdk,67
2026-09-26T02:14:35+00:00,sapmachine-17.0.21+1,367347641,True,sapmachine-jre-17.0.21-ea.1_macos-aarch64_bin.dmg,macos,aarch64,jre,67
2026-09-26T02:14:35+00:00,sapmachine-17.0.21+1,367347641,True,sapmachine-jdk-17.0.21-ea.1_windows-x64_bin.zip,windows,x64,jdk,168
2026-09-26T02:14:35+00:00,sapmachine-17.0.21+1,367347641,True,sapmachine-jre-17.0.21-ea.1_windows-x64_bin.zip,windows,x64,jre,66
2026-09-26T02:14:35+00:00,sapmachine-17.0.21+1,367347641,True,sapmachine-jdk-17.0.21-ea.1_windows-x64_bin-symbols.tar.gz,windows,x64,jdk,1
2026-09-26T02:14:35+00:00,sapmachine-27+33,364570882,True,sapmachine-jdk-27-ea.33_linux-x64-musl_bin.tar.gz,alpine,x64,jdk,70
2026-09-26T02:14:35+00:00,sapmachine-27+33,364570882,True,sapmachine-jre-27-ea.33_linux-x64-musl_bin.tar.gz,alpine,x64,jre,70
2026-09-26T02:14:35+00:00,sapmachine-27+33,364570882,True,sapmachine-jdk-27-ea.33_linux-x64-musl_bin-symbols.tar.gz,alpine,x64,jdk,4
2026-09-26T02:14:35+00:00,sapmachine-27+33,364570882,True,sapmachine-jdk-27-ea.33_aix-ppc64_bin.tar.gz,aix,ppc64,jdk,68
2026-09-26T02:14:35+00:00,sapmachine-27+33,364570882,True,sapmachine-jre-27-ea.33_aix-ppc64_bin.tar.gz,aix,ppc64,jre,70
2026-09-26T02:14:35+00:00,sapmachine-27+33,364570882,True,sapmachine-jdk-27-ea.33_aix-ppc64_bin-symbols.tar.gz,aix,ppc64,jdk,3
2026-09-26T02:14:35+00:00,sapmachine-27+33,364570882,True,sapmachine-jdk-27-ea.33_linux-x64_bin.tar.gz,linux,x64,jdk,97
2026-09-26T02:14:35+00:00,sapmachine-27+33,364570882,True,sapmachine-jre-27-ea.33_linux-x64_bin.tar.gz,linux,x64,jre,72
2026-09-26T02:14:35+00:00,sapmachine-27+33,364570882,True,sapmachine-jdk-27-ea.33_linux-x64_bin-symbols.tar.gz,linux,x64,jdk,3
2026-09-26T02:14:35+00:00,sapmachine-27+33,364570882,True,sapmachine-jdk-27-ea.33_linux-ppc64le_bin.tar.gz,linux,ppc64,jdk,71
2026-09-26T02:14:35+00:00,sapmachine-27+33,364570882,True,sapmachine-jre-27-ea.33_linux-ppc64le_bin.tar.gz,linux,ppc64,jre,70
2026-09-26T02:14:35+00:00,sapmachine-27+33,364570882,True,sapmachine-jdk-27-ea.33_linux-ppc64le_bin-symbols.tar.gz,linux,ppc64,jdk,3
2026-09-26T02:14:35+00:00,sapmachine-27+33,364570882,True,sapmachine-jdk-27-ea.33_linux-aarch64_bin.tar.gz,linux,aarch64,jdk,72
2026-09-26T02:14:35+00:00,sapmachine-27+33,364570882,True,sapmachine-jre-27-ea.33_linux-aarch64_bin.tar.gz,linux,aarch64,jre,73
2026-09-26T02:14:35+00:00,sapmachine-27+33,364570882,True,sapmachine-jdk-27-ea.33_linux-aarch64_bin-symbols.tar.gz,linux,aarch64,jdk,3
2026-09-26T02:14:35+00:00,sapmachine-27+33,364570882,True,sapmachine-jdk-27-ea.33_macos-aarch64_bin.tar.gz,macos,aarch64,jdk,73
2026-09-26T02:14:35+00:00,sapmachine-27+33,364570882,True,sapmachine-jre-27-ea.33_macos-aarch64_bin.tar.gz,macos,aarch64,jre,71
2026-09-26T02:14:35+00:00,sapmachine-27+33,364570882,True,sapmachine-jdk-27-ea.33_macos-aarch64_bin-symbols.tar.gz,macos,aarch64,jdk,3
2026-09-26T02:14:35+00:00,sapmachine-27+33,364570882,True,sapmachine-jdk-27-ea.33_macos-aarch64_bin.dmg,macos,aarch64,jdk,71
2026-09-26T02:14:35+00:00,sapmachine-27+33,364570882,True,sapmachine-jre-27-ea.33_macos-aarch64_bin.dmg,macos,aarch64,jre,67
2026-09-26T02:14:35+00:00,sapmachine-27+33,364570882,True,sapmachine-jdk-27-ea.33_windows-x64_bin.zip,windows,x64,jdk,71
2026-09-26T02:14:35+00:00,sapmachine-27+33,364570882,True,sapmachine-jre-27-ea.33_windows-x64_bin.zip,windows,x64,jre,71
2026-09-26T02:14:35+00:00,sapmachine-27+33,364570882,True,sapmachine-jdk-27-ea.33_windows-x64_bin-symbols.tar.gz,windows,x64,jdk,3
2026-09-26T02:14:35+00:00,sapmachine-28+9,364570758,True,sapmachine-jdk-28-ea.9_linux-x64-musl_bin.tar.gz,alpine,x64,jdk,69
2026-09-26T02:14:35+00:00,sapmachine-28+9,364570758,True,sapmachine-jre-28-ea.9_linux-x64-musl_bin.tar.gz,alpine,x64,jre,70
2026-09-26T02:14:35+00:00,sapmachine-28+9,364570758,True,sapmachine-jdk-28-ea.9_linux-x64-musl_bin-symbols.tar.gz,alpine,x64,jdk,4
2026-09-26T02:14:35+00:00,sapmachine-28+9,364570758,True,sapmachine-jdk-28-ea.9_linux-x64_bin.tar.gz,linux,x64,jdk,70
2026-09-26T02:14:35+00:00,sapmachine-28+9,364570758,True,sapmachine-jre-28-ea.9_linux-x64_bin.tar.gz,linux,x64,jre,71
2026-09-26T02:14:35+00:00,sapmachine-28+9,364570758,True,sapmachine-jdk-28-ea.9_linux-x64_bin-symbols.tar.gz,linux,x64,jdk,4
2026-09-26T02:14:35+00:00,sapmachine-28+9,364570758,True,sapmachine-jdk-28-ea.9_macos-aarch64_bin.tar.gz,macos,aarch64,jdk,70
2026-09-26T02:14:35+00:00,sapmachine-28+9,364570758,True,sapmachine-jre-28-ea.9_macos-aarch64_bin.tar.gz,macos,aarch64,jre,72
2026-09-26T02:14:35+00:00,sapmachine-28+9,364570758,True,sapmachine-jdk-28-ea.9_macos-aarch64_bin-symbols.tar.gz,macos,aarch64,jdk,3
2026-09-26T02:14:35+00:00,sapmachine-28+9,364570758,True,sapmachine-jdk-28-ea.9_macos-aarch64_bin.dmg,macos,aarch64,jdk,71
2026-09-26T02:14:35+00:00,sapmachine-28+9,364570758,True,sapmachine-jre-28-ea.9_macos-aarch64_bin.dmg,macos,aarch64,jre,68
2026-09-26T02:14:35+00:00,sapmachine-28+9,364570758,True,sapmachine-jdk-28-ea.9_linux-aarch64_bin.tar.gz,linux,aarch64,jdk,70
2026-09-26T02:14:35+00:00,sapmachine-28+9,364570758,True,sapmachine-jre-28-ea.9_linux-aarch64_bin.tar.gz,linux,aarch64,jre,71
2026-09-26T02:14:35+00:00,sapmachine-28+9,364570758,True,sapmachine-jdk-28-ea.9_linux-aarch64_bin-symbols.tar.gz,linux,aarch64,jdk,3
2026-09-26T02:14:35+00:00,sapmachine-28+9,364570758,True,sapmachine-jdk-28-ea.9_linux-ppc64le_bin.tar.gz,linux,ppc64,jdk,70
2026-09-26T02:14:35+00:00,sapmachine-28+9,364570758,True,sapmachine-jre-28-ea.9_linux-ppc64le_bin.tar.gz,linux,ppc64,jre,69
2026-09-26T02:14:35+00:00,sapmachine-28+9,364570758,True,sapmachine-jdk-28-ea.9_linux-ppc64le_bin-symbols.tar.gz,linux,ppc64,jdk,3
2026-09-26T02:14:35+00:00,sapmachine-28+9,364570758,True,sapmachine-jdk-28-ea.9_aix-ppc64_bin.tar.gz,aix,ppc64,jdk,68
2026-09-26T02:14:35+00:00,sapmachine-28+9,364570758,True,sapmachine-jre-28-ea.9_aix-ppc64_bin.tar.gz,aix,ppc64,jre,69
2026-09-26T02:14:35+00:00,sapmachine-28+9,364570758,True,sapmachine-jdk-28-ea.9_aix-ppc64_bin-symbols.tar.gz,aix,ppc64,jdk,4
2026-09-26T02:14:35+00:00,sapmachine-28+9,364570758,True,sapmachine-jdk-28-ea.9_windows-x64_bin.zip,windows,x64,jdk,67
2026-09-26T02:14:35+00:00,sapmachine-28+9,364570758,True,sapmachine-jre-28-ea.9_windows-x64_bin.zip,windows,x64,jre,68
2026-09-26T02:14:35+00:00,sapmachine-28+9,364570758,True,sapmachine-jdk-28-ea.9_windows-x64_bin-symbols.tar.gz,windows,x64,jdk,3
2026-09-26T02:14:35+00:00,sapmachine-27+32,361458805,True,sapmachine-jdk-27-ea.32_linux-x64-musl_bin.tar.gz,alpine,x64,jdk,75
2026-09-26T02:14:35+00:00,sapmachine-27+32,361458805,True,sapmachine-jre-27-ea.32_linux-x64-musl_bin.tar.gz,alpine,x64,jre,75
2026-09-26T02:14:35+00:00,sapmachine-27+32,361458805,True,sapmachine-jdk-27-ea.32_linux-x64-musl_bin-symbols.tar.gz,alpine,x64,jdk,2
2026-09-26T02:14:35+00:00,sapmachine-27+32,361458805,True,sapmachine-jdk-27-ea.32_aix-ppc64_bin.tar.gz,aix,ppc64,jdk,73
2026-09-26T02:14:35+00:00,sapmachine-27+32,361458805,True,sapmachine-jre-27-ea.32_aix-ppc64_bin.tar.gz,aix,ppc64,jre,77
2026-09-26T02:14:35+00:00,sapmachine-27+32,361458805,True,sapmachine-jdk-27-ea.32_aix-ppc64_bin-symbols.tar.gz,aix,ppc64,jdk,1
2026-09-26T02:14:35+00:00,sapmachine-27+32,361458805,True,sapmachine-jdk-27-ea.32_linux-x64_bin.tar.gz,linux,x64,jdk,79
2026-09-26T02:14:35+00:00,sapmachine-27+32,361458805,True,sapmachine-jre-27-ea.32_linux-x64_bin.tar.gz,linux,x64,jre,76
2026-09-26T02:14:35+00:00,sapmachine-27+32,361458805,True,sapmachine-jdk-27-ea.32_linux-x64_bin-symbols.tar.gz,linux,x64,jdk,1
2026-09-26T02:14:35+00:00,sapmachine-27+32,361458805,True,sapmachine-jdk-27-ea.32_linux-aarch64_bin.tar.gz,linux,aarch64,jdk,77
2026-09-26T02:14:35+00:00,sapmachine-27+32,361458805,True,sapmachine-jre-27-ea.32_linux-aarch64_bin.tar.gz,linux,aarch64,jre,75
2026-09-26T02:14:35+00:00,sapmachine-27+32,361458805,True,sapmachine-jdk-27-ea.32_linux-aarch64_bin-symbols.tar.gz,linux,aarch64,jdk,1
2026-09-26T02:14:35+00:00,sapmachine-27+32,361458805,True,sapmachine-jdk-27-ea.32_macos-aarch64_bin.tar.gz,macos,aarch64,jdk,79
2026-09-26T02:14:35+00:00,sapmachine-27+32,361458805,True,sapmachine-jre-27-ea.32_macos-aarch64_bin.tar.gz,macos,aarch64,jre,78
2026-09-26T02:14:35+00:00,sapmachine-27+32,361458805,True,sapmachine-jdk-27-ea.32_macos-aarch64_bin-symbols.tar.gz,macos,aarch64,jdk,1
2026-09-26T02:14:35+00:00,sapmachine-27+32,361458805,True,sapmachine-jdk-27-ea.32_macos-aarch64_bin.dmg,macos,aarch64,jdk,78
2026-09-26T02:14:35+00:00,sapmachine-27+32,361458805,True,sapmachine-jre-27-ea.32_macos-aarch64_bin.dmg,macos,aarch64,jre,74
2026-09-26T02:14:35+00:00,sapmachine-27+32,361458805,True,sapmachine-jdk-27-ea.32_linux-ppc64le_bin.tar.gz,linux,ppc64,jdk,75
2026-09-26T02:14:35+00:00,sapmachine-27+32,361458805,True,sapmachine-jre-27-ea.32_linux-ppc64le_bin.tar.gz,linux,ppc64,jre,75
2026-09-26T02:14:35+00:00,sapmachine-27+32,361458805,True,sapmachine-jdk-27-ea.32_linux-ppc64le_bin-symbols.tar.gz,linux,ppc64,jdk,1
2026-09-26T02:14:35+00:00,sapmachine-27+32,361458805,True,sapmachine-jdk-27-ea.32_windows-x64_bin.zip,windows,x64,jdk,78
2026-09-26T02:14:35+00:00,sapmachine-27+32,361458805,True,sapmachine-jre-27-ea.32_windows-x64_bin.zip,windows,x64,jre,74
2026-09-26T02:14:35+00:00,sapmachine-27+32,361458805,True,sapmachine-jdk-27-ea.32_windows-x64_bin-symbols.tar.gz,windows,x64,jdk,1
2026-09-26T02:14:35+00:00,sapmachine-28+8,361458945,True,sapmachine-jdk-28-ea.8_linux-x64-musl_bin.tar.gz,alpine,x64,jdk,76
2026-09-26T02:14:35+00:00,sapmachine-28+8,361458945,True,sapmachine-jre-28-ea.8_linux-x64-musl_bin.tar.gz,alpine,x64,jre,73
2026-09-26T02:14:35+00:00,sapmachine-28+8,361458945,True,sapmachine-jdk-28-ea.8_linux-x64-musl_bin-symbols.tar.gz,alpine,x64,jdk,2
2026-09-26T02:14:35+00:00,sapmachine-28+8,361458945,True,sapmachine-jdk-28-ea.8_linux-x64_bin.tar.gz,linux,x64,jdk,75
2026-09-26T02:14:35+00:00,sapmachine-28+8,361458945,True,sapmachine-jre-28-ea.8_linux-x64_bin.tar.gz,linux,x64,jre,76
2026-09-26T02:14:35+00:00,sapmachine-28+8,361458945,True,sapmachine-jdk-28-ea.8_linux-x64_bin-symbols.tar.gz,linux,x64,jdk,1
2026-09-26T02:14:35+00:00,sapmachine-28+8,361458945,True,sapmachine-jdk-28-ea.8_macos-aarch64_bin.tar.gz,macos,aarch64,jdk,72
2026-09-26T02:14:35+00:00,sapmachine-28+8,361458945,True,sapmachine-jre-28-ea.8_macos-aarch64_bin.tar.gz,macos,aarch64,jre,73
2026-09-26T02:14:35+00:00,sapmachine-28+8,361458945,True,sapmachine-jdk-28-ea.8_macos-aarch64_bin-symbols.tar.gz,macos,aarch64,jdk,1
2026-09-26T02:14:35+00:00,sapmachine-28+8,361458945,True,sapmachine-jdk-28-ea.8_macos-aarch64_bin.dmg,macos,aarch64,jdk,73
2026-09-26T02:14:35+00:00,sapmachine-28+8,361458945,True,sapmachine-jre-28-ea.8_macos-aarch64_bin.dmg,macos,aarch64,jre,71
2026-09-26T02:14:35+00:00,sapmachine-28+8,361458945,True,sapmachine-jdk-28-ea.8_linux-aarch64_bin.tar.gz,linux,aarch64,jdk,77
2026-09-26T02:14:35+00:00,sapmachine-28+8,361458945,True,sapmachine-jre-28-ea.8_linux-aarch64_bin.tar.gz,linux,aarch64,jre,75
2026-09-26T02:14:35+00:00,sapmachine-28+8,361458945,True,sapmachine-jdk-28-ea.8_linux-aarch64_bin-symbols.tar.gz,linux,aarch64,jdk,1
2026-09-26T02:14:35+00:00,sapmachine-28+8,361458945,True,sapmachine-jdk-28-ea.8_linux-ppc64le_bin.tar.gz,linux,ppc64,jdk,73
2026-09-26T02:14:35+00:00,sapmachine-28+8,361458945,True,sapmachine-jre-28-ea.8_linux-ppc64le_bin.tar.gz,linux,ppc64,jre,76
2026-09-26T02:14:35+00:00,sapmachine-28+8,361458945,True,sapmachine-jdk-28-ea.8_linux-ppc64le_bin-symbols.tar.gz,linux,ppc64,jdk,1
2026-09-26T02:14:35+00:00,sapmachine-28+8,361458945,True,sapmachine-jdk-28-ea.8_aix-ppc64_bin.tar.gz,aix,ppc64,jdk,72
2026-09-26T02:14:35+00:00,sapmachine-28+8,361458945,True,sapmachine-jre-28-ea.8_aix-ppc64_bin.tar.gz,aix,ppc64,jre,73
2026-09-26T02:14:35+00:00,sapmachine-28+8,361458945,True,sapmachine-jdk-28-ea.8_aix-ppc64_bin-symbols.tar.gz,aix,ppc64,jdk,1
2026-09-26T02:14:35+00:00,sapmachine-28+8,361458945,True,sapmachine-jdk-28-ea.8_windows-x64_bin.zip,windows,x64,jdk,78
2026-09-26T02:14:35+00:00,sapmachine-28+8,361458945,True,sapmachine-jre-28-ea.8_windows-x64_bin.zip,windows,x64,jre,75
2026-09-26T02:14:35+00:00,sapmachine-28+8,361458945,True,sapmachine-jdk-28-ea.8_windows-x64_bin-symbols.tar.gz,windows,x64,jdk,1
2026-09-26T02:14:35+00:00,sapmachine-27+31,357067002,True,sapmachine-jdk-27-ea.31_linux-x64_bin.tar.gz,linux,x64,jdk,96
2026-09-26T02:14:35+00:00,sapmachine-27+31,357067002,True,sapmachine-jre-27-ea.31_linux-x64_bin.tar.gz,linux,x64,jre,95
2026-09-26T02:14:35+00:00,sapmachine-27+31,357067002,True,sapmachine-jdk-27-ea.31_linux-x64_bin-symbols.tar.gz,linux,x64,jdk,2
2026-09-26T02:14:35+00:00,sapmachine-27+31,357067002,True,sapmachine-jdk-27-ea.31_aix-ppc64_bin.tar.gz,aix,ppc64,jdk,93
2026-09-26T02:14:35+00:00,sapmachine-27+31,357067002,True,sapmachine-jre-27-ea.31_aix-ppc64_bin.tar.gz,aix,ppc64,jre,92
2026-09-26T02:14:35+00:00,sapmachine-27+31,357067002,True,sapmachine-jdk-27-ea.31_aix-ppc64_bin-symbols.tar.gz,aix,ppc64,jdk,2
2026-09-26T02:14:35+00:00,sapmachine-27+31,357067002,True,sapmachine-jdk-27-ea.31_linux-x64-musl_bin.tar.gz,alpine,x64,jdk,92
2026-09-26T02:14:35+00:00,sapmachine-27+31,357067002,True,sapmachine-jre-27-ea.31_linux-x64-musl_bin.tar.gz,alpine,x64,jre,93
2026-09-26T02:14:35+00:00,sapmachine-27+31,357067002,True,sapmachine-jdk-27-ea.31_linux-x64-musl_bin-symbols.tar.gz,alpine,x64,jdk,1
2026-09-26T02:14:35+00:00,sapmachine-27+31,357067002,True,sapmachine-jdk-27-ea.31_linux-ppc64le_bin.tar.gz,linux,ppc64,jdk,95
2026-09-26T02:14:35+00:00,sapmachine-27+31,357067002,True,sapmachine-jre-27-ea.31_linux-ppc64le_bin.tar.gz,linux,ppc64,jre,94
2026-09-26T02:14:35+00:00,sapmachine-27+31,357067002,True,sapmachine-jdk-27-ea.31_linux-ppc64le_bin-symbols.tar.gz,linux,ppc64,jdk,1
2026-09-26T02:14:35+00:00,sapmachine-27+31,357067002,True,sapmachine-jdk-27-ea.31_macos-aarch64_bin.tar.gz,macos,aarch64,jdk,98
2026-09-26T02:14:35+00:00,sapmachine-27+31,357067002,True,sapmachine-jre-27-ea.31_macos-aarch64_bin.tar.gz,macos,aarch64,jre,95
2026-09-26T02:14:35+00:00,sapmachine-27+31,357067002,True,sapmachine-jdk-27-ea.31_macos-aarch64_bin-symbols.tar.gz,macos,aarch64,jdk,1
2026-09-26T02:14:35+00:00,sapmachine-27+31,357067002,True,sapmachine-jdk-27-ea.31_macos-aarch64_bin.dmg,macos,aarch64,jdk,97
2026-09-26T02:14:35+00:00,sapmachine-27+31,357067002,True,sapmachine-jre-27-ea.31_macos-aarch64_bin.dmg,macos,aarch64,jre,93
2026-09-26T02:14:35+00:00,sapmachine-27+31,357067002,True,sapmachine-jdk-27-ea.31_linux-aarch64_bin.tar.gz,linux,aarch64,jdk,94
2026-09-26T02:14:35+00:00,sapmachine-27+31,357067002,True,sapmachine-jre-27-ea.31_linux-aarch64_bin.tar.gz,linux,aarch64,jre,94
2026-09-26T02:14:35+00:00,sapmachine-27+31,357067002,True,sapmachine-jdk-27-ea.31_linux-aarch64_bin-symbols.tar.gz,linux,aarch64,jdk,1
2026-09-26T02:14:35+00:00,sapmachine-27+31,357067002,True,sapmachine-jdk-27-ea.31_windows-x64_bin.zip,windows,x64,jdk,92
2026-09-26T02:14:35+00:00,sapmachine-27+31,357067002,True,sapmachine-jre-27-ea.31_windows-x64_bin.zip,windows,x64,jre,92
2026-09-26T02:14:35+00:00,sapmachine-27+31,357067002,True,sapmachine-jdk-27-ea.31_windows-x64_bin-symbols.tar.gz,windows,x64,jdk,1
2026-09-26T02:14:35+00:00,sapmachine-28+7,357065760,True,sapmachine-jdk-28-ea.7_linux-x64-musl_bin.tar.gz,alpine,x64,jdk,86
2026-09-26T02:14:35+00:00,sapmachine-28+7,357065760,True,sapmachine-jre-28-ea.7_linux-x64-musl_bin.tar.gz,alpine,x64,jre,84
2026-09-26T02:14:35+00:00,sapmachine-28+7,357065760,True,sapmachine-jdk-28-ea.7_linux-x64-musl_bin-symbols.tar.gz,alpine,x64,jdk,2
2026-09-26T02:14:35+00:00,sapmachine-28+7,357065760,True,sapmachine-jdk-28-ea.7_linux-x64_bin.tar.gz,linux,x64,jdk,93
2026-09-26T02:14:35+00:00,sapmachine-28+7,357065760,True,sapmachine-jre-28-ea.7_linux-x64_bin.tar.gz,linux,x64,jre,93
2026-09-26T02:14:35+00:00,sapmachine-28+7,357065760,True,sapmachine-jdk-28-ea.7_linux-x64_bin-symbols.tar.gz,linux,x64,jdk,1
2026-09-26T02:14:35+00:00,sapmachine-28+7,357065760,True,sapmachine-jdk-28-ea.7_macos-aarch64_bin.tar.gz,macos,aarch64,jdk,84
2026-09-26T02:14:35+00:00,sapmachine-28+7,357065760,True,sapmachine-jre-28-ea.7_macos-aarch64_bin.tar.gz,macos,aarch64,jre,82
2026-09-26T02:14:35+00:00,sapmachine-28+7,357065760,True,sapmachine-jdk-28-ea.7_macos-aarch64_bin-symbols.tar.gz,macos,aarch64,jdk,1
2026-09-26T02:14:35+00:00,sapmachine-28+7,357065760,True,sapmachine-jdk-28-ea.7_macos-aarch64_bin.dmg,macos,aarch64,jdk,85
2026-09-26T02:14:35+00:00,sapmachine-28+7,357065760,True,sapmachine-jre-28-ea.7_macos-aarch64_bin.dmg,macos,aarch64,jre,84
2026-09-26T02:14:35+00:00,sapmachine-28+7,357065760,True,sapmachine-jdk-28-ea.7_linux-aarch64_bin.tar.gz,linux,aarch64,jdk,91
2026-09-26T02:14:35+00:00,sapmachine-28+7,357065760,True,sapmachine-jre-28-ea.7_linux-aarch64_bin.tar.gz,linux,aarch64,jre,91
2026-09-26T02:14:35+00:00,sapmachine-28+7,357065760,True,sapmachine-jdk-28-ea.7_linux-aarch64_bin-symbols.tar.gz,linux,aarch64,jdk,1
2026-09-26T02:14:35+00:00,sapmachine-28+7,357065760,True,sapmachine-jdk-28-ea.7_linux-ppc64le_bin.tar.gz,linux,ppc64,jdk,90
2026-09-26T02:14:35+00:00,sapmachine-28+7,357065760,True,sapmachine-jre-28-ea.7_linux-ppc64le_bin.tar.gz,linux,ppc64,jre,90
2026-09-26T02:14:35+00:00,sapmachine-28+7,357065760,True,sapmachine-jdk-28-ea.7_linux-ppc64le_bin-symbols.tar.gz,linux,ppc64,jdk,1
2026-09-26T02:14:35+00:00,sapmachine-28+7,357065760,True,sapmachine-jdk-28-ea.7_aix-ppc64_bin.tar.gz,aix,ppc64,jdk,82
2026-09-26T02:14:35+00:00,sapmachine-28+7,357065760,True,sapmachine-jre-28-ea.7_aix-ppc64_bin.tar.gz,aix,ppc64,jre,80
2026-09-26T02:14:35+00:00,sapmachine-28+7,357065760,True,sapmachine-jdk-28-ea.7_aix-ppc64_bin-symbols.tar.gz,aix,ppc64,jdk,1
2026-09-26T02:14:35+00:00,sapmachine-28+7,357065760,True,sapmachine-jdk-28-ea.7_windows-x64_bin.zip,windows,x64,jdk,89
2026-09-26T02:14:35+00:00,sapmachine-28+7,357065760,True,sapmachine-jre-28-ea.7_windows-x64_bin.zip,windows,x64,jre,88
2026-09-26T02:14:35+00:00,sapmachine-28+7,357065760,True,sapmachine-jdk-28-ea.7_windows-x64_bin-symbols.tar.gz,windows,x64,jdk,1
2026-09-26T02:14:35+00:00,sapmachine-17.0.20+8,357843096,True,sapmachine-jdk-17.0.20-ea.8_linux-x64-musl_bin.tar.gz,alpine,x64,jdk,85
2026-09-26T02:14:35+00:00,sapmachine-17.0.20+8,357843096,True,sapmachine-jre-17.0.20-ea.8_linux-x64-musl_bin.tar.gz,alpine,x64,jre,85
2026-09-26T02:14:35+00:00,sapmachine-17.0.20+8,357843096,True,sapmachine-jdk-17.0.20-ea.8_linux-x64-musl_bin-symbols.tar.gz,alpine,x64,jdk,2
2026-09-26T02:14:35+00:00,sapmachine-17.0.20+8,357843096,True,sapmachine-jdk-17.0.20-ea.8_linux-ppc64le_bin.tar.gz,linux,ppc64,jdk,85
2026-09-26T02:14:35+00:00,sapmachine-17.0.20+8,357843096,True,sapmachine-jre-17.0.20-ea.8_linux-ppc64le_bin.tar.gz,linux,ppc64,jre,84
2026-09-26T02:14:35+00:00,sapmachine-17.0.20+8,357843096,True,sapmachine-jdk-17.0.20-ea.8_linux-ppc64le_bin-symbols.tar.gz,linux,ppc64,jdk,1
2026-09-26T02:14:35+00:00,sapmachine-17.0.20+8,357843096,True,sapmachine-jdk-17.0.20-ea.8_macos-aarch64_bin.tar.gz,macos,aarch64,jdk,3470
2026-09-26T02:14:35+00:00,sapmachine-17.0.20+8,357843096,True,sapmachine-jre-17.0.20-ea.8_macos-aarch64_bin.tar.gz,macos,aarch64,jre,295
2026-09-26T02:14:35+00:00,sapmachine-17.0.20+8,357843096,True,sapmachine-jdk-17.0.20-ea.8_macos-aarch64_bin-symbols.tar.gz,macos,aarch64,jdk,1
2026-09-26T02:14:35+00:00,sapmachine-17.0.20+8,357843096,True,sapmachine-jdk-17.0.20-ea.8_macos-aarch64_bin.dmg,macos,aarch64,jdk,86
2026-09-26T02:14:35+00:00,sapmachine-17.0.20+8,357843096,True,sapmachine-jre-17.0.20-ea.8_macos-aarch64_bin.dmg,macos,aarch64,jre,84
2026-09-26T02:14:35+00:00,sapmachine-17.0.20+8,357843096,True,sapmachine-jdk-17.0.20-ea.8_linux-x64_bin.tar.gz,linux,x64,jdk,883
2026-09-26T02:14:35+00:00,sapmachine-17.0.20+8,357843096,True,sapmachine-jre-17.0.20-ea.8_linux-x64_bin.tar.gz,linux,x64,jre,84
2026-09-26T02:14:35+00:00,sapmachine-17.0.20+8,357843096,True,sapmachine-jdk-17.0.20-ea.8_linux-x64_bin-symbols.tar.gz,linux,x64,jdk,1
2026-09-26T02:14:35+00:00,sapmachine-17.0.20+8,357843096,True,sapmachine-jdk-17.0.20-ea.8_linux-aarch64_bin.tar.gz,linux,aarch64,jdk,86
2026-09-26T02:14:35+00:00,sapmachine-17.0.20+8,357843096,True,sapmachine-jre-17.0.20-ea.8_linux-aarch64_bin.tar.gz,linux,aarch64,jre,85
2026-09-26T02:14:35+00:00,sapmachine-17.0.20+8,357843096,True,sapmachine-jdk-17.0.20-ea.8_linux-aarch64_bin-symbols.tar.gz,linux,aarch64,jdk,1
2026-09-26T02:14:35+00:00,sapmachine-17.0.20+8,357843096,True,sapmachine-jdk-17.0.20-ea.8_macos-x64_bin.tar.gz,macos,x64,jdk,86
2026-09-26T02:14:35+00:00,sapmachine-17.0.20+8,357843096,True,sapmachine-jre-17.0.20-ea.8_macos-x64_bin.tar.gz,macos,x64,jre,86
2026-09-26T02:14:35+00:00,sapmachine-17.0.20+8,357843096,True,sapmachine-jdk-17.0.20-ea.8_macos-x64_bin-symbols.tar.gz,macos,x64,jdk,1
2026-09-26T02:14:35+00:00,sapmachine-17.0.20+8,357843096,True,sapmachine-jdk-17.0.20-ea.8_macos-x64_bin.dmg,macos,x64,jdk,87
2026-09-26T02:14:35+00:00,sapmachine-17.0.20+8,357843096,True,sapmachine-jre-17.0.20-ea.8_macos-x64_bin.dmg,macos,x64,jre,85
2026-09-26T02:14:35+00:00,sapmachine-17.0.20+8,357843096,True,sapmachine-jdk-17.0.20-ea.8_windows-x64_bin.zip,windows,x64,jdk,871
2026-09-26T02:14:35+00:00,sapmachine-17.0.20+8,357843096,True,sapmachine-jre-17.0.20-ea.8_windows-x64_bin.zip,windows,x64,jre,88
2026-09-26T02:14:35+00:00,sapmachine-17.0.20+8,357843096,True,sapmachine-jdk-17.0.20-ea.8_windows-x64_bin-symbols.tar.gz,windows,x64,jdk,1
2026-09-26T02:14:35+00:00,sapmachine-17.0.20,357795553,False,sapmachine-17.0.20-sbom-linux-aarch64.json,linux,aarch64,,72
2026-09-26T02:14:35+00:00,sapmachine-17.0.20,357795553,False,sapmachine-17.0.20-sbom-linux-ppc64le.json,linux,ppc64,,71
2026-09-26T02:14:35+00:00,sapmachine-17.0.20,357795553,False,sapmachine-17.0.20-sbom-linux-x64-musl.json,alpine,x64,,71
2026-09-26T02:14:35+00:00,sapmachine-17.0.20,357795553,False,sapmachine-17.0.20-sbom-linux-x64.json,linux,x64,,72
2026-09-26T02:14:35+00:00,sapmachine-17.0.20,357795553,False,sapmachine-17.0.20-sbom-macos-aarch64.json,macos,aarch64,,72
2026-09-26T02:14:35+00:00,sapmachine-17.0.20,357795553,False,sapmachine-17.0.20-sbom-macos-x64.json,macos,x64,,71
2026-09-26T02:14:35+00:00,sapmachine-17.0.20,357795553,False,sapmachine-17.0.20-sbom-windows-x64.json,windows,x64,,71
2026-09-26T02:14:35+00:00,sapmachine-17.0.20,357795553,False,sapmachine-jdk-17.0.20_linux-aarch64_bin-symbols.tar.gz,linux,aarch64,jdk,2
2026-09-26T02:14:35+00:00,sapmachine-17.0.20,357795553,False,sapmachine-jdk-17.0.20_linux-aarch64_bin.tar.gz,linux,aarch64,jdk,365
2026-09-26T02:14:35+00:00,sapmachine-17.0.20,357795553,False,sapmachine-jdk-17.0.20_linux-ppc64le_bin-symbols.tar.gz,linux,ppc64,jdk,2
2026-09-26T02:14:35+00:00,sapmachine-17.0.20,357795553,False,sapmachine-jdk-17.0.20_linux-ppc64le_bin.tar.gz,linux,ppc64,jdk,124
2026-09-26T02:14:35+00:00,sapmachine-17.0.20,357795553,False,sapmachine-jdk-17.0.20_linux-x64-musl_bin-symbols.tar.gz,alpine,x64,jdk,2
2026-09-26T02:14:35+00:00,sapmachine-17.0.20,357795553,False,sapmachine-jdk-17.0.20_linux-x64-musl_bin.tar.gz,alpine,x64,jdk,1498
2026-09-26T02:14:35+00:00,sapmachine-17.0.20,357795553,False,sapmachine-jdk-17.0.20_linux-x64_bin-symbols.tar.gz,linux,x64,jdk,2
2026-09-26T02:14:35+00:00,sapmachine-17.0.20,357795553,False,sapmachine-jdk-17.0.20_linux-x64_bin.tar.gz,linux,x64,jdk,25463
2026-09-26T02:14:35+00:00,sapmachine-17.0.20,357795553,False,sapmachine-jdk-17.0.20_macos-aarch64_bin-symbols.tar.gz,macos,aarch64,jdk,2
2026-09-26T02:14:35+00:00,sapmachine-17.0.20,357795553,False,sapmachine-jdk-17.0.20_macos-aarch64_bin.dmg,macos,aarch64,jdk,519
2026-09-26T02:14:35+00:00,sapmachine-17.0.20,357795553,False,sapmachine-jdk-17.0.20_macos-aarch64_bin.tar.gz,macos,aarch64,jdk,16810
2026-09-26T02:14:35+00:00,sapmachine-17.0.20,357795553,False,sapmachine-jdk-17.0.20_macos-x64_bin-symbols.tar.gz,macos,x64,jdk,2
2026-09-26T02:14:35+00:00,sapmachine-17.0.20,357795553,False,sapmachine-jdk-17.0.20_macos-x64_bin.dmg,macos,x64,jdk,309
2026-09-26T02:14:35+00:00,sapmachine-17.0.20,357795553,False,sapmachine-jdk-17.0.20_macos-x64_bin.tar.gz,macos,x64,jdk,1729
2026-09-26T02:14:35+00:00,sapmachine-17.0.20,357795553,False,sapmachine-jdk-17.0.20_windows-x64_bin-symbols.tar.gz,windows,x64,jdk,2
2026-09-26T02:14:35+00:00,sapmachine-17.0.20,357795553,False,sapmachine-jdk-17.0.20_windows-x64_bin.msi,windows,x64,jdk,709
2026-09-26T02:14:35+00:00,sapmachine-17.0.20,357795553,False,sapmachine-jdk-17.0.20_windows-x64_bin.zip,windows,x64,jdk,2991
2026-09-26T02:14:35+00:00,sapmachine-17.0.20,357795553,False,sapmachine-jre-17.0.20_linux-aarch64_bin.tar.gz,linux,aarch64,jre,334
2026-09-26T02:14:35+00:00,sapmachine-17.0.20,357795553,False,sapmachine-jre-17.0.20_linux-ppc64le_bin.tar.gz,linux,ppc64,jre,95
2026-09-26T02:14:35+00:00,sapmachine-17.0.20,357795553,False,sapmachine-jre-17.0.20_linux-x64-musl_bin.tar.gz,alpine,x64,jre,101
2026-09-26T02:14:35+00:00,sapmachine-17.0.20,357795553,False,sapmachine-jre-17.0.20_linux-x64_bin.tar.gz,linux,x64,jre,20814
2026-09-26T02:14:35+00:00,sapmachine-17.0.20,357795553,False,sapmachine-jre-17.0.20_macos-aarch64_bin.dmg,macos,aarch64,jre,97
2026-09-26T02:14:35+00:00,sapmachine-17.0.20,357795553,False,sapmachine-jre-17.0.20_macos-aarch64_bin.tar.gz,macos,aarch64,jre,697
2026-09-26T02:14:35+00:00,sapmachine-17.0.20,357795553,False,sapmachine-jre-17.0.20_macos-x64_bin.dmg,macos,x64,jre,90
2026-09-26T02:14:35+00:00,sapmachine-17.0.20,357795553,False,sapmachine-jre-17.0.20_macos-x64_bin.tar.gz,macos,x64,jre,1044
2026-09-26T02:14:35+00:00,sapmachine-17.0.20,357795553,False,sapmachine-jre-17.0.20_windows-x64_bin.msi,windows,x64,jre,1279
2026-09-26T02:14:35+00:00,sapmachine-17.0.20,357795553,False,sapmachine-jre-17.0.20_windows-x64_bin.zip,windows,x64,jre,1126
2026-09-26T02:14:35+00:00,sapmachine-21.0.12,357792575,False,sapmachine-21.0.12-sbom-aix-ppc64.json,aix,ppc64,,72
2026-09-26T02:14:35+00:00,sapmachine-21.0.12,357792575,False,sapmachine-21.0.12-sbom-linux-aarch64.json,linux,aarch64,,72
2026-09-26T02:14:35+00:00,sapmachine-21.0.12,357792575,False,sapmachine-21.0.12-sbom-linux-ppc64le.json,linux,ppc64,,72
2026-09-26T02:14:35+00:00,sapmachine-21.0.12,357792575,False,sapmachine-21.0.12-sbom-linux-x64-musl.json,alpine,x64,,72
2026-09-26T02:14:35+00:00,sapmachine-21.0.12,357792575,False,sapmachine-21.0.12-sbom-linux-x64.json,linux,x64,,75
2026-09-26T02:14:35+00:00,sapmachine-21.0.12,357792575,False,sapmachine-21.0.12-sbom-macos-aarch64.json,macos,aarch64,,74
2026-09-26T02:14:35+00:00,sapmachine-21.0.12,357792575,False,sapmachine-21.0.12-sbom-macos-x64.json,macos,x64,,73
2026-09-26T02:14:35+00:00,sapmachine-21.0.12,357792575,False,sapmachine-21.0.12-sbom-windows-x64.json,windows,x64,,74
2026-09-26T02:14:35+00:00,sapmachine-21.0.12,357792575,False,sapmachine-jdk-21.0.12_aix-ppc64_bin-symbols.tar.gz,aix,ppc64,jdk,4
2026-09-26T02:14:35+00:00,sapmachine-21.0.12,357792575,False,sapmachine-jdk-21.0.12_aix-ppc64_bin.tar.gz,aix,ppc64,jdk,137
2026-09-26T02:14:35+00:00,sapmachine-21.0.12,357792575,False,sapmachine-jdk-21.0.12_linux-aarch64_bin-symbols.tar.gz,linux,aarch64,jdk,4
2026-09-26T02:14:35+00:00,sapmachine-21.0.12,357792575,False,sapmachine-jdk-21.0.12_linux-aarch64_bin.tar.gz,linux,aarch64,jdk,1797
2026-09-26T02:14:35+00:00,sapmachine-21.0.12,357792575,False,sapmachine-jdk-21.0.12_linux-ppc64le_bin-symbols.tar.gz,linux,ppc64,jdk,4
2026-09-26T02:14:35+00:00,sapmachine-21.0.12,357792575,False,sapmachine-jdk-21.0.12_linux-ppc64le_bin.tar.gz,linux,ppc64,jdk,136
2026-09-26T02:14:35+00:00,sapmachine-21.0.12,357792575,False,sapmachine-jdk-21.0.12_linux-x64-musl_bin-symbols.tar.gz,alpine,x64,jdk,4
2026-09-26T02:14:35+00:00,sapmachine-21.0.12,357792575,False,sapmachine-jdk-21.0.12_linux-x64-musl_bin.tar.gz,alpine,x64,jdk,1503
2026-09-26T02:14:35+00:00,sapmachine-21.0.12,357792575,False,sapmachine-jdk-21.0.12_linux-x64_bin-symbols.tar.gz,linux,x64,jdk,4
2026-09-26T02:14:35+00:00,sapmachine-21.0.12,357792575,False,sapmachine-jdk-21.0.12_linux-x64_bin.tar.gz,linux,x64,jdk,63355
2026-09-26T02:14:35+00:00,sapmachine-21.0.12,357792575,False,sapmachine-jdk-21.0.12_macos-aarch64_bin-symbols.tar.gz,macos,aarch64,jdk,4
2026-09-26T02:14:35+00:00,sapmachine-21.0.12,357792575,False,sapmachine-jdk-21.0.12_macos-aarch64_bin.dmg,macos,aarch64,jdk,945
2026-09-26T02:14:35+00:00,sapmachine-21.0.12,357792575,False,sapmachine-jdk-21.0.12_macos-aarch64_bin.tar.gz,macos,aarch64,jdk,28135
2026-09-26T02:14:35+00:00,sapmachine-21.0.12,357792575,False,sapmachine-jdk-21.0.12_macos-x64_bin-symbols.tar.gz,macos,x64,jdk,4
2026-09-26T02:14:35+00:00,sapmachine-21.0.12,357792575,False,sapmachine-jdk-21.0.12_macos-x64_bin.dmg,macos,x64,jdk,483
2026-09-26T02:14:35+00:00,sapmachine-21.0.12,357792575,False,sapmachine-jdk-21.0.12_macos-x64_bin.tar.gz,macos,x64,jdk,2261
2026-09-26T02:14:35+00:00,sapmachine-21.0.12,357792575,False,sapmachine-jdk-21.0.12_windows-x64_bin-symbols.tar.gz,windows,x64,jdk,5
2026-09-26T02:14:35+00:00,sapmachine-21.0.12,357792575,False,sapmachine-jdk-21.0.12_windows-x64_bin.msi,windows,x64,jdk,1065
2026-09-26T02:14:35+00:00,sapmachine-21.0.12,357792575,False,sapmachine-jdk-21.0.12_windows-x64_bin.zip,windows,x64,jdk,2194
2026-09-26T02:14:35+00:00,sapmachine-21.0.12,357792575,False,sapmachine-jre-21.0.12_aix-ppc64_bin.tar.gz,aix,ppc64,jre,101
2026-09-26T02:14:35+00:00,sapmachine-21.0.12,357792575,False,sapmachine-jre-21.0.12_linux-aarch64_bin.tar.gz,linux,aarch64,jre,556
2026-09-26T02:14:35+00:00,sapmachine-21.0.12,357792575,False,sapmachine-jre-21.0.12_linux-ppc64le_bin.tar.gz,linux,ppc64,jre,103
2026-09-26T02:14:35+00:00,sapmachine-21.0.12,357792575,False,sapmachine-jre-21.0.12_linux-x64-musl_bin.tar.gz,alpine,x64,jre,96
2026-09-26T02:14:35+00:00,sapmachine-21.0.12,357792575,False,sapmachine-jre-21.0.12_linux-x64_bin.tar.gz,linux,x64,jre,30994
2026-09-26T02:14:35+00:00,sapmachine-21.0.12,357792575,False,sapmachine-jre-21.0.12_macos-aarch64_bin.dmg,macos,aarch64,jre,126
2026-09-26T02:14:35+00:00,sapmachine-21.0.12,357792575,False,sapmachine-jre-21.0.12_macos-aarch64_bin.tar.gz,macos,aarch64,jre,449
2026-09-26T02:14:35+00:00,sapmachine-21.0.12,357792575,False,sapmachine-jre-21.0.12_macos-x64_bin.dmg,macos,x64,jre,99
2026-09-26T02:14:35+00:00,sapmachine-21.0.12,357792575,False,sapmachine-jre-21.0.12_macos-x64_bin.tar.gz,macos,x64,jre,231
2026-09-26T02:14:35+00:00,sapmachine-21.0.12,357792575,False,sapmachine-jre-21.0.12_windows-x64_bin.msi,windows,x64,jre,465
2026-09-26T02:14:35+00:00,sapmachine-21.0.12,357792575,False,sapmachine-jre-21.0.12_windows-x64_bin.zip,windows,x64,jre,253
2026-09-26T02:14:35+00:00,sapmachine-21.0.12+8,357843630,True,sapmachine-jdk-21.0.12-ea.8_linux-x64-musl_bin.tar.gz,alpine,x64,jdk,81
2026-09-26T02:14:35+00:00,sapmachine-21.0.12+8,357843630,True,sapmachine-jre-21.0.12-ea.8_linux-x64-musl_bin.tar.gz,alpine,x64,jre,81
2026-09-26T02:14:35+00:00,sapmachine-21.0.12+8,357843630,True,sapmachine-jdk-21.0.12-ea.8_linux-x64-musl_bin-symbols.tar.gz,alpine,x64,jdk,2
2026-09-26T02:14:35+00:00,sapmachine-21.0.12+8,357843630,True,sapmachine-jdk-21.0.12-ea.8_linux-x64_bin.tar.gz,linux,x64,jdk,944
2026-09-26T02:14:35+00:00,sapmachine-21.0.12+8,357843630,True,sapmachine-jre-21.0.12-ea.8_linux-x64_bin.tar.gz,linux,x64,jre,83
2026-09-26T02:14:35+00:00,sapmachine-21.0.12+8,357843630,True,sapmachine-jdk-21.0.12-ea.8_linux-x64_bin-symbols.tar.gz,linux,x64,jdk,2
2026-09-26T02:14:35+00:00,sapmachine-21.0.12+8,357843630,True,sapmachine-jdk-21.0.12-ea.8_linux-aarch64_bin.tar.gz,linux,aarch64,jdk,82
2026-09-26T02:14:35+00:00,sapmachine-21.0.12+8,357843630,True,sapmachine-jre-21.0.12-ea.8_linux-aarch64_bin.tar.gz,linux,aarch64,jre,81
2026-09-26T02:14:35+00:00,sapmachine-21.0.12+8,357843630,True,sapmachine-jdk-21.0.12-ea.8_linux-aarch64_bin-symbols.tar.gz,linux,aarch64,jdk,1
2026-09-26T02:14:35+00:00,sapmachine-21.0.12+8,357843630,True,sapmachine-jdk-21.0.12-ea.8_linux-ppc64le_bin.tar.gz,linux,ppc64,jdk,84
2026-09-26T02:14:35+00:00,sapmachine-21.0.12+8,357843630,True,sapmachine-jre-21.0.12-ea.8_linux-ppc64le_bin.tar.gz,linux,ppc64,jre,83
2026-09-26T02:14:35+00:00,sapmachine-21.0.12+8,357843630,True,sapmachine-jdk-21.0.12-ea.8_linux-ppc64le_bin-symbols.tar.gz,linux,ppc64,jdk,1
2026-09-26T02:14:35+00:00,sapmachine-21.0.12+8,357843630,True,sapmachine-jdk-21.0.12-ea.8_aix-ppc64_bin.tar.gz,aix,ppc64,jdk,82
2026-09-26T02:14:35+00:00,sapmachine-21.0.12+8,357843630,True,sapmachine-jre-21.0.12-ea.8_aix-ppc64_bin.tar.gz,aix,ppc64,jre,83
2026-09-26T02:14:35+00:00,sapmachine-21.0.12+8,357843630,True,sapmachine-jdk-21.0.12-ea.8_aix-ppc64_bin-symbols.tar.gz,aix,ppc64,jdk,1
2026-09-26T02:14:35+00:00,sapmachine-21.0.12+8,357843630,True,sapmachine-jdk-21.0.12-ea.8_macos-aarch64_bin.tar.gz,macos,aarch64,jdk,2801
2026-09-26T02:14:35+00:00,sapmachine-21.0.12+8,357843630,True,sapmachine-jre-21.0.12-ea.8_macos-aarch64_bin.tar.gz,macos,aarch64,jre,266
2026-09-26T02:14:35+00:00,sapmachine-21.0.12+8,357843630,True,sapmachine-jdk-21.0.12-ea.8_macos-aarch64_bin-symbols.tar.gz,macos,aarch64,jdk,1
2026-09-26T02:14:35+00:00,sapmachine-21.0.12+8,357843630,True,sapmachine-jdk-21.0.12-ea.8_macos-aarch64_bin.dmg,macos,aarch64,jdk,86
2026-09-26T02:14:35+00:00,sapmachine-21.0.12+8,357843630,True,sapmachine-jre-21.0.12-ea.8_macos-aarch64_bin.dmg,macos,aarch64,jre,83
2026-09-26T02:14:35+00:00,sapmachine-21.0.12+8,357843630,True,sapmachine-jdk-21.0.12-ea.8_macos-x64_bin.tar.gz,macos,x64,jdk,111
2026-09-26T02:14:35+00:00,sapmachine-21.0.12+8,357843630,True,sapmachine-jre-21.0.12-ea.8_macos-x64_bin.tar.gz,macos,x64,jre,82
2026-09-26T02:14:35+00:00,sapmachine-21.0.12+8,357843630,True,sapmachine-jdk-21.0.12-ea.8_macos-x64_bin-symbols.tar.gz,macos,x64,jdk,1
2026-09-26T02:14:35+00:00,sapmachine-21.0.12+8,357843630,True,sapmachine-jdk-21.0.12-ea.8_macos-x64_bin.dmg,macos,x64,jdk,84
2026-09-26T02:14:35+00:00,sapmachine-21.0.12+8,357843630,True,sapmachine-jre-21.0.12-ea.8_macos-x64_bin.dmg,macos,x64,jre,82
2026-09-26T02:14:35+00:00,sapmachine-21.0.12+8,357843630,True,sapmachine-jdk-21.0.12-ea.8_windows-x64_bin.zip,windows,x64,jdk,939
2026-09-26T02:14:35+00:00,sapmachine-21.0.12+8,357843630,True,sapmachine-jre-21.0.12-ea.8_windows-x64_bin.zip,windows,x64,jre,86
2026-09-26T02:14:35+00:00,sapmachine-21.0.12+8,357843630,True,sapmachine-jdk-21.0.12-ea.8_windows-x64_bin-symbols.tar.gz,windows,x64,jdk,1
2026-09-26T02:14:35+00:00,sapmachine-25.0.4+7,357805950,True,sapmachine-jdk-25.0.4-ea.7_linux-x64-musl_bin.tar.gz,alpine,x64,jdk,85
2026-09-26T02:14:35+00:00,sapmachine-25.0.4+7,357805950,True,sapmachine-jre-25.0.4-ea.7_linux-x64-musl_bin.tar.gz,alpine,x64,jre,85
2026-09-26T02:14:35+00:00,sapmachine-25.0.4+7,357805950,True,sapmachine-jdk-25.0.4-ea.7_linux-x64-musl_bin-symbols.tar.gz,alpine,x64,jdk,2
2026-09-26T02:14:35+00:00,sapmachine-25.0.4+7,357805950,True,sapmachine-jdk-25.0.4-ea.7_aix-ppc64_bin.tar.gz,aix,ppc64,jdk,85
2026-09-26T02:14:35+00:00,sapmachine-25.0.4+7,357805950,True,sapmachine-jre-25.0.4-ea.7_aix-ppc64_bin.tar.gz,aix,ppc64,jre,85
2026-09-26T02:14:35+00:00,sapmachine-25.0.4+7,357805950,True,sapmachine-jdk-25.0.4-ea.7_aix-ppc64_bin-symbols.tar.gz,aix,ppc64,jdk,2
2026-09-26T02:14:35+00:00,sapmachine-25.0.4+7,357805950,True,sapmachine-jdk-25.0.4-ea.7_linux-x64_bin.tar.gz,linux,x64,jdk,96
2026-09-26T02:14:35+00:00,sapmachine-25.0.4+7,357805950,True,sapmachine-jre-25.0.4-ea.7_linux-x64_bin.tar.gz,linux,x64,jre,87
2026-09-26T02:14:35+00:00,sapmachine-25.0.4+7,357805950,True,sapmachine-jdk-25.0.4-ea.7_linux-x64_bin-symbols.tar.gz,linux,x64,jdk,1
2026-09-26T02:14:35+00:00,sapmachine-25.0.4+7,357805950,True,sapmachine-jdk-25.0.4-ea.7_linux-ppc64le_bin.tar.gz,linux,ppc64,jdk,87
2026-09-26T02:14:35+00:00,sapmachine-25.0.4+7,357805950,True,sapmachine-jre-25.0.4-ea.7_linux-ppc64le_bin.tar.gz,linux,ppc64,jre,87
2026-09-26T02:14:35+00:00,sapmachine-25.0.4+7,357805950,True,sapmachine-jdk-25.0.4-ea.7_linux-ppc64le_bin-symbols.tar.gz,linux,ppc64,jdk,1
2026-09-26T02:14:35+00:00,sapmachine-25.0.4+7,357805950,True,sapmachine-jdk-25.0.4-ea.7_macos-aarch64_bin.tar.gz,macos,aarch64,jdk,102
2026-09-26T02:14:35+00:00,sapmachine-25.0.4+7,357805950,True,sapmachine-jre-25.0.4-ea.7_macos-aarch64_bin.tar.gz,macos,aarch64,jre,85
2026-09-26T02:14:35+00:00,sapmachine-25.0.4+7,357805950,True,sapmachine-jdk-25.0.4-ea.7_macos-aarch64_bin-symbols.tar.gz,macos,aarch64,jdk,1
2026-09-26T02:14:35+00:00,sapmachine-25.0.4+7,357805950,True,sapmachine-jdk-25.0.4-ea.7_macos-aarch64_bin.dmg,macos,aarch64,jdk,87
2026-09-26T02:14:35+00:00,sapmachine-25.0.4+7,357805950,True,sapmachine-jre-25.0.4-ea.7_macos-aarch64_bin.dmg,macos,aarch64,jre,85
2026-09-26T02:14:35+00:00,sapmachine-25.0.4+7,357805950,True,sapmachine-jdk-25.0.4-ea.7_linux-aarch64_bin.tar.gz,linux,aarch64,jdk,87
2026-09-26T02:14:35+00:00,sapmachine-25.0.4+7,357805950,True,sapmachine-jre-25.0.4-ea.7_linux-aarch64_bin.tar.gz,linux,aarch64,jre,87
2026-09-26T02:14:35+00:00,sapmachine-25.0.4+7,357805950,True,sapmachine-jdk-25.0.4-ea.7_linux-aarch64_bin-symbols.tar.gz,linux,aarch64,jdk,1
2026-09-26T02:14:35+00:00,sapmachine-25.0.4+7,357805950,True,sapmachine-jdk-25.0.4-ea.7_windows-x64_bin.zip,windows,x64,jdk,88
2026-09-26T02:14:35+00:00,sapmachine-25.0.4+7,357805950,True,sapmachine-jre-25.0.4-ea.7_windows-x64_bin.zip,windows,x64,jre,87
2026-09-26T02:14:35+00:00,sapmachine-25.0.4+7,357805950,True,sapmachine-jdk-25.0.4-ea.7_windows-x64_bin-symbols.tar.gz,windows,x64,jdk,1
2026-09-26T02:14:35+00:00,sapmachine-25.0.4,357626706,False,sapmachine-25.0.4-sbom-aix-ppc64.json,aix,ppc64,,73
2026-09-26T02:14:35+00:00,sapmachine-25.0.4,357626706,False,sapmachine-25.0.4-sbom-linux-aarch64.json,linux,aarch64,,71
2026-09-26T02:14:35+00:00,sapmachine-25.0.4,357626706,False,sapmachine-25.0.4-sbom-linux-ppc64le.json,linux,ppc64,,71
2026-09-26T02:14:35+00:00,sapmachine-25.0.4,357626706,False,sapmachine-25.0.4-sbom-linux-x64-musl.json,alpine,x64,,71
2026-09-26T02:14:35+00:00,sapmachine-25.0.4,357626706,False,sapmachine-25.0.4-sbom-linux-x64.json,linux,x64,,73
2026-09-26T02:14:35+00:00,sapmachine-25.0.4,357626706,False,sapmachine-25.0.4-sbom-macos-aarch64.json,macos,aarch64,,72
2026-09-26T02:14:35+00:00,sapmachine-25.0.4,357626706,False,sapmachine-25.0.4-sbom-windows-x64.json,windows,x64,,73
2026-09-26T02:14:35+00:00,sapmachine-25.0.4,357626706,False,sapmachine-jdk-25.0.4_aix-ppc64_bin-symbols.tar.gz,aix,ppc64,jdk,2
2026-09-26T02:14:35+00:00,sapmachine-25.0.4,357626706,False,sapmachine-jdk-25.0.4_aix-ppc64_bin.tar.gz,aix,ppc64,jdk,126
2026-09-26T02:14:35+00:00,sapmachine-25.0.4,357626706,False,sapmachine-jdk-25.0.4_linux-aarch64_bin-symbols.tar.gz,linux,aarch64,jdk,2
2026-09-26T02:14:35+00:00,sapmachine-25.0.4,357626706,False,sapmachine-jdk-25.0.4_linux-aarch64_bin.tar.gz,linux,aarch64,jdk,402
2026-09-26T02:14:35+00:00,sapmachine-25.0.4,357626706,False,sapmachine-jdk-25.0.4_linux-ppc64le_bin-symbols.tar.gz,linux,ppc64,jdk,2
2026-09-26T02:14:35+00:00,sapmachine-25.0.4,357626706,False,sapmachine-jdk-25.0.4_linux-ppc64le_bin.tar.gz,linux,ppc64,jdk,139
2026-09-26T02:14:35+00:00,sapmachine-25.0.4,357626706,False,sapmachine-jdk-25.0.4_linux-x64-musl_bin-symbols.tar.gz,alpine,x64,jdk,2
2026-09-26T02:14:35+00:00,sapmachine-25.0.4,357626706,False,sapmachine-jdk-25.0.4_linux-x64-musl_bin.tar.gz,alpine,x64,jdk,134
2026-09-26T02:14:35+00:00,sapmachine-25.0.4,357626706,False,sapmachine-jdk-25.0.4_linux-x64_bin-symbols.tar.gz,linux,x64,jdk,4
2026-09-26T02:14:35+00:00,sapmachine-25.0.4,357626706,False,sapmachine-jdk-25.0.4_linux-x64_bin.tar.gz,linux,x64,jdk,44888
2026-09-26T02:14:35+00:00,sapmachine-25.0.4,357626706,False,sapmachine-jdk-25.0.4_macos-aarch64_bin-symbols.tar.gz,macos,aarch64,jdk,2
2026-09-26T02:14:35+00:00,sapmachine-25.0.4,357626706,False,sapmachine-jdk-25.0.4_macos-aarch64_bin.dmg,macos,aarch64,jdk,469
2026-09-26T02:14:35+00:00,sapmachine-25.0.4,357626706,False,sapmachine-jdk-25.0.4_macos-aarch64_bin.tar.gz,macos,aarch64,jdk,18626
2026-09-26T02:14:35+00:00,sapmachine-25.0.4,357626706,False,sapmachine-jdk-25.0.4_windows-x64_bin-symbols.tar.gz,windows,x64,jdk,2
2026-09-26T02:14:35+00:00,sapmachine-25.0.4,357626706,False,sapmachine-jdk-25.0.4_windows-x64_bin.msi,windows,x64,jdk,670
2026-09-26T02:14:35+00:00,sapmachine-25.0.4,357626706,False,sapmachine-jdk-25.0.4_windows-x64_bin.zip,windows,x64,jdk,971
2026-09-26T02:14:35+00:00,sapmachine-25.0.4,357626706,False,sapmachine-jre-25.0.4_aix-ppc64_bin.tar.gz,aix,ppc64,jre,95
2026-09-26T02:14:35+00:00,sapmachine-25.0.4,357626706,False,sapmachine-jre-25.0.4_linux-aarch64_bin.tar.gz,linux,aarch64,jre,294
2026-09-26T02:14:35+00:00,sapmachine-25.0.4,357626706,False,sapmachine-jre-25.0.4_linux-ppc64le_bin.tar.gz,linux,ppc64,jre,98
2026-09-26T02:14:35+00:00,sapmachine-25.0.4,357626706,False,sapmachine-jre-25.0.4_linux-x64-musl_bin.tar.gz,alpine,x64,jre,98
2026-09-26T02:14:35+00:00,sapmachine-25.0.4,357626706,False,sapmachine-jre-25.0.4_linux-x64_bin.tar.gz,linux,x64,jre,9655
2026-09-26T02:14:35+00:00,sapmachine-25.0.4,357626706,False,sapmachine-jre-25.0.4_macos-aarch64_bin.dmg,macos,aarch64,jre,109
2026-09-26T02:14:35+00:00,sapmachine-25.0.4,357626706,False,sapmachine-jre-25.0.4_macos-aarch64_bin.tar.gz,macos,aarch64,jre,217
2026-09-26T02:14:35+00:00,sapmachine-25.0.4,357626706,False,sapmachine-jre-25.0.4_windows-x64_bin.msi,windows,x64,jre,295
2026-09-26T02:14:35+00:00,sapmachine-25.0.4,357626706,False,sapmachine-jre-25.0.4_windows-x64_bin.zip,windows,x64,jre,137
2026-09-26T02:14:35+00:00,sapmachine-26.0.2,357619279,False,sapmachine-jdk-26.0.2_aix-ppc64_bin-symbols.tar.gz,aix,ppc64,jdk,3
2026-09-26T02:14:35+00:00,sapmachine-26.0.2,357619279,False,sapmachine-jdk-26.0.2_aix-ppc64_bin.tar.gz,aix,ppc64,jdk,159
2026-09-26T02:14:35+00:00,sapmachine-26.0.2,357619279,False,sapmachine-jdk-26.0.2_linux-aarch64_bin-symbols.tar.gz,linux,aarch64,jdk,2
2026-09-26T02:14:35+00:00,sapmachine-26.0.2,357619279,False,sapmachine-jdk-26.0.2_linux-aarch64_bin.tar.gz,linux,aarch64,jdk,255
2026-09-26T02:14:35+00:00,sapmachine-26.0.2,357619279,False,sapmachine-jdk-26.0.2_linux-ppc64le_bin-symbols.tar.gz,linux,ppc64,jdk,1
2026-09-26T02:14:35+00:00,sapmachine-26.0.2,357619279,False,sapmachine-jdk-26.0.2_linux-ppc64le_bin.tar.gz,linux,ppc64,jdk,159
2026-09-26T02:14:35+00:00,sapmachine-26.0.2,357619279,False,sapmachine-jdk-26.0.2_linux-x64-musl_bin-symbols.tar.gz,alpine,x64,jdk,2
2026-09-26T02:14:35+00:00,sapmachine-26.0.2,357619279,False,sapmachine-jdk-26.0.2_linux-x64-musl_bin.tar.gz,alpine,x64,jdk,141
2026-09-26T02:14:35+00:00,sapmachine-26.0.2,357619279,False,sapmachine-jdk-26.0.2_linux-x64_bin-symbols.tar.gz,linux,x64,jdk,1
2026-09-26T02:14:35+00:00,sapmachine-26.0.2,357619279,False,sapmachine-jdk-26.0.2_linux-x64_bin.tar.gz,linux,x64,jdk,1056
2026-09-26T02:14:35+00:00,sapmachine-26.0.2,357619279,False,sapmachine-jdk-26.0.2_macos-aarch64_bin-symbols.tar.gz,macos,aarch64,jdk,1
2026-09-26T02:14:35+00:00,sapmachine-26.0.2,357619279,False,sapmachine-jdk-26.0.2_macos-aarch64_bin.dmg,macos,aarch64,jdk,1386
2026-09-26T02:14:35+00:00,sapmachine-26.0.2,357619279,False,sapmachine-jdk-26.0.2_macos-aarch64_bin.tar.gz,macos,aarch64,jdk,1147
2026-09-26T02:14:35+00:00,sapmachine-26.0.2,357619279,False,sapmachine-jdk-26.0.2_windows-x64_bin-symbols.tar.gz,windows,x64,jdk,1
2026-09-26T02:14:35+00:00,sapmachine-26.0.2,357619279,False,sapmachine-jdk-26.0.2_windows-x64_bin.msi,windows,x64,jdk,1386
2026-09-26T02:14:35+00:00,sapmachine-26.0.2,357619279,False,sapmachine-jdk-26.0.2_windows-x64_bin.zip,windows,x64,jdk,442
2026-09-26T02:14:35+00:00,sapmachine-26.0.2,357619279,False,sapmachine-jre-26.0.2_aix-ppc64_bin.tar.gz,aix,ppc64,jre,91
2026-09-26T02:14:35+00:00,sapmachine-26.0.2,357619279,False,sapmachine-jre-26.0.2_linux-aarch64_bin.tar.gz,linux,aarch64,jre,199
2026-09-26T02:14:35+00:00,sapmachine-26.0.2,357619279,False,sapmachine-jre-26.0.2_linux-ppc64le_bin.tar.gz,linux,ppc64,jre,95
2026-09-26T02:14:35+00:00,sapmachine-26.0.2,357619279,False,sapmachine-jre-26.0.2_linux-x64-musl_bin.tar.gz,alpine,x64,jre,95
2026-09-26T02:14:35+00:00,sapmachine-26.0.2,357619279,False,sapmachine-jre-26.0.2_linux-x64_bin.tar.gz,linux,x64,jre,628
2026-09-26T02:14:35+00:00,sapmachine-26.0.2,357619279,False,sapmachine-jre-26.0.2_macos-aarch64_bin.dmg,macos,aarch64,jre,101
2026-09-26T02:14:35+00:00,sapmachine-26.0.2,357619279,False,sapmachine-jre-26.0.2_macos-aarch64_bin.tar.gz,macos,aarch64,jre,181
2026-09-26T02:14:35+00:00,sapmachine-26.0.2,357619279,False,sapmachine-jre-26.0.2_windows-x64_bin.msi,windows,x64,jre,367
2026-09-26T02:14:35+00:00,sapmachine-26.0.2,357619279,False,sapmachine-jre-26.0.2_windows-x64_bin.zip,windows,x64,jre,130
2026-09-26T02:14:35+00:00,sapmachine-27+30,355155816,True,sapmachine-jdk-27-ea.30_linux-x64-musl_bin.tar.gz,alpine,x64,jdk,88
2026-09-26T02:14:35+00:00,sapmachine-27+30,355155816,True,sapmachine-jre-27-ea.30_linux-x64-musl_bin.tar.gz,alpine,x64,jre,90
2026-09-26T02:14:35+00:00,sapmachine-27+30,355155816,True,sapmachine-jdk-27-ea.30_linux-x64-musl_bin-symbols.tar.gz,alpine,x64,jdk,1
2026-09-26T02:14:35+00:00,sapmachine-27+30,355155816,True,sapmachine-jdk-27-ea.30_linux-x64_bin.tar.gz,linux,x64,jdk,92
2026-09-26T02:14:35+00:00,sapmachine-27+30,355155816,True,sapmachine-jre-27-ea.30_linux-x64_bin.tar.gz,linux,x64,jre,91
2026-09-26T02:14:35+00:00,sapmachine-27+30,355155816,True,sapmachine-jdk-27-ea.30_linux-x64_bin-symbols.tar.gz,linux,x64,jdk,1
2026-09-26T02:14:35+00:00,sapmachine-27+30,355155816,True,sapmachine-jdk-27-ea.30_linux-aarch64_bin.tar.gz,linux,aarch64,jdk,91
2026-09-26T02:14:35+00:00,sapmachine-27+30,355155816,True,sapmachine-jre-27-ea.30_linux-aarch64_bin.tar.gz,linux,aarch64,jre,91
2026-09-26T02:14:35+00:00,sapmachine-27+30,355155816,True,sapmachine-jdk-27-ea.30_linux-aarch64_bin-symbols.tar.gz,linux,aarch64,jdk,1
2026-09-26T02:14:35+00:00,sapmachine-27+30,355155816,True,sapmachine-jdk-27-ea.30_aix-ppc64_bin.tar.gz,aix,ppc64,jdk,89
2026-09-26T02:14:35+00:00,sapmachine-27+30,355155816,True,sapmachine-jre-27-ea.30_aix-ppc64_bin.tar.gz,aix,ppc64,jre,89
2026-09-26T02:14:35+00:00,sapmachine-27+30,355155816,True,sapmachine-jdk-27-ea.30_aix-ppc64_bin-symbols.tar.gz,aix,ppc64,jdk,1
2026-09-26T02:14:35+00:00,sapmachine-27+30,355155816,True,sapmachine-jdk-27-ea.30_linux-ppc64le_bin.tar.gz,linux,ppc64,jdk,93
2026-09-26T02:14:35+00:00,sapmachine-27+30,355155816,True,sapmachine-jre-27-ea.30_linux-ppc64le_bin.tar.gz,linux,ppc64,jre,92
2026-09-26T02:14:35+00:00,sapmachine-27+30,355155816,True,sapmachine-jdk-27-ea.30_linux-ppc64le_bin-symbols.tar.gz,linux,ppc64,jdk,1
2026-09-26T02:14:35+00:00,sapmachine-27+30,355155816,True,sapmachine-jdk-27-ea.30_macos-aarch64_bin.tar.gz,macos,aarch64,jdk,96
2026-09-26T02:14:35+00:00,sapmachine-27+30,355155816,True,sapmachine-jre-27-ea.30_macos-aarch64_bin.tar.gz,macos,aarch64,jre,95
2026-09-26T02:14:35+00:00,sapmachine-27+30,355155816,True,sapmachine-jdk-27-ea.30_macos-aarch64_bin-symbols.tar.gz,macos,aarch64,jdk,1
2026-09-26T02:14:35+00:00,sapmachine-27+30,355155816,True,sapmachine-jdk-27-ea.30_macos-aarch64_bin.dmg,macos,aarch64,jdk,92
2026-09-26T02:14:35+00:00,sapmachine-27+30,355155816,True,sapmachine-jre-27-ea.30_macos-aarch64_bin.dmg,macos,aarch64,jre,90
2026-09-26T02:14:35+00:00,sapmachine-27+30,355155816,True,sapmachine-jdk-27-ea.30_windows-x64_bin.zip,windows,x64,jdk,92
2026-09-26T02:14:35+00:00,sapmachine-27+30,355155816,True,sapmachine-jre-27-ea.30_windows-x64_bin.zip,windows,x64,jre,91
2026-09-26T02:14:35+00:00,sapmachine-27+30,355155816,True,sapmachine-jdk-27-ea.30_windows-x64_bin-symbols.tar.gz,windows,x64,jdk,1
2026-09-26T02:14:35+00:00,sapmachine-28+6,355175502,True,sapmachine-jdk-28-ea.6_linux-x64-musl_bin.tar.gz,alpine,x64,jdk,89
2026-09-26T02:14:35+00:00,sapmachine-28+6,355175502,True,sapmachine-jre-28-ea.6_linux-x64-musl_bin.tar.gz,alpine,x64,jre,90
2026-09-26T02:14:35+00:00,sapmachine-28+6,355175502,True,sapmachine-jdk-28-ea.6_linux-x64-musl_bin-symbols.tar.gz,alpine,x64,jdk,2
2026-09-26T02:14:35+00:00,sapmachine-28+6,355175502,True,sapmachine-jdk-28-ea.6_linux-aarch64_bin.tar.gz,linux,aarch64,jdk,92
2026-09-26T02:14:35+00:00,sapmachine-28+6,355175502,True,sapmachine-jre-28-ea.6_linux-aarch64_bin.tar.gz,linux,aarch64,jre,92
2026-09-26T02:14:35+00:00,sapmachine-28+6,355175502,True,sapmachine-jdk-28-ea.6_linux-aarch64_bin-symbols.tar.gz,linux,aarch64,jdk,1
2026-09-26T02:14:35+00:00,sapmachine-28+6,355175502,True,sapmachine-jdk-28-ea.6_linux-x64_bin.tar.gz,linux,x64,jdk,88
2026-09-26T02:14:35+00:00,sapmachine-28+6,355175502,True,sapmachine-jre-28-ea.6_linux-x64_bin.tar.gz,linux,x64,jre,90
2026-09-26T02:14:35+00:00,sapmachine-28+6,355175502,True,sapmachine-jdk-28-ea.6_linux-x64_bin-symbols.tar.gz,linux,x64,jdk,1
2026-09-26T02:14:35+00:00,sapmachine-28+6,355175502,True,sapmachine-jdk-28-ea.6_macos-aarch64_bin.tar.gz,macos,aarch64,jdk,88
2026-09-26T02:14:35+00:00,sapmachine-28+6,355175502,True,sapmachine-jre-28-ea.6_macos-aarch64_bin.tar.gz,macos,aarch64,jre,89
2026-09-26T02:14:35+00:00,sapmachine-28+6,355175502,True,sapmachine-jdk-28-ea.6_macos-aarch64_bin-symbols.tar.gz,macos,aarch64,jdk,1
2026-09-26T02:14:35+00:00,sapmachine-28+6,355175502,True,sapmachine-jdk-28-ea.6_macos-aarch64_bin.dmg,macos,aarch64,jdk,89
2026-09-26T02:14:35+00:00,sapmachine-28+6,355175502,True,sapmachine-jre-28-ea.6_macos-aarch64_bin.dmg,macos,aarch64,jre,87
2026-09-26T02:14:35+00:00,sapmachine-28+6,355175502,True,sapmachine-jdk-28-ea.6_aix-ppc64_bin.tar.gz,aix,ppc64,jdk,87
2026-09-26T02:14:35+00:00,sapmachine-28+6,355175502,True,sapmachine-jre-28-ea.6_aix-ppc64_bin.tar.gz,aix,ppc64,jre,89
2026-09-26T02:14:35+00:00,sapmachine-28+6,355175502,True,sapmachine-jdk-28-ea.6_aix-ppc64_bin-symbols.tar.gz,aix,ppc64,jdk,1
2026-09-26T02:14:35+00:00,sapmachine-28+6,355175502,True,sapmachine-jdk-28-ea.6_linux-ppc64le_bin.tar.gz,linux,ppc64,jdk,89
2026-09-26T02:14:35+00:00,sapmachine-28+6,355175502,True,sapmachine-jre-28-ea.6_linux-ppc64le_bin.tar.gz,linux,ppc64,jre,89
2026-09-26T02:14:35+00:00,sapmachine-28+6,355175502,True,sapmachine-jdk-28-ea.6_linux-ppc64le_bin-symbols.tar.gz,linux,ppc64,jdk,1
2026-09-26T02:14:35+00:00,sapmachine-28+6,355175502,True,sapmachine-jdk-28-ea.6_windows-x64_bin.zip,windows,x64,jdk,86
2026-09-26T02:14:35+00:00,sapmachine-28+6,355175502,True,sapmachine-jre-28-ea.6_windows-x64_bin.zip,windows,x64,jre,85
2026-09-26T02:14:35+00:00,sapmachine-28+6,355175502,True,sapmachine-jdk-28-ea.6_windows-x64_bin-symbols.tar.gz,windows,x64,jdk,1
2026-09-26T02:14:35+00:00,sapmachine-27+29,348838230,True,sapmachine-jdk-27-ea.29_linux-x64_bin.tar.gz,linux,x64,jdk,104
2026-09-26T02:14:35+00:00,sapmachine-27+29,348838230,True,sapmachine-jre-27-ea.29_linux-x64_bin.tar.gz,linux,x64,jre,105
2026-09-26T02:14:35+00:00,sapmachine-27+29,348838230,True,sapmachine-jdk-27-ea.29_linux-x64_bin-symbols.tar.gz,linux,x64,jdk,2
2026-09-26T02:14:35+00:00,sapmachine-27+29,348838230,True,sapmachine-jdk-27-ea.29_aix-ppc64_bin.tar.gz,aix,ppc64,jdk,103
2026-09-26T02:14:35+00:00,sapmachine-27+29,348838230,True,sapmachine-jre-27-ea.29_aix-ppc64_bin.tar.gz,aix,ppc64,jre,101
2026-09-26T02:14:35+00:00,sapmachine-27+29,348838230,True,sapmachine-jdk-27-ea.29_aix-ppc64_bin-symbols.tar.gz,aix,ppc64,jdk,2
2026-09-26T02:14:35+00:00,sapmachine-27+29,348838230,True,sapmachine-jdk-27-ea.29_macos-aarch64_bin.tar.gz,macos,aarch64,jdk,111
2026-09-26T02:14:35+00:00,sapmachine-27+29,348838230,True,sapmachine-jre-27-ea.29_macos-aarch64_bin.tar.gz,macos,aarch64,jre,105
2026-09-26T02:14:35+00:00,sapmachine-27+29,348838230,True,sapmachine-jdk-27-ea.29_macos-aarch64_bin-symbols.tar.gz,macos,aarch64,jdk,2
2026-09-26T02:14:35+00:00,sapmachine-27+29,348838230,True,sapmachine-jdk-27-ea.29_macos-aarch64_bin.dmg,macos,aarch64,jdk,108
2026-09-26T02:14:35+00:00,sapmachine-27+29,348838230,True,sapmachine-jre-27-ea.29_macos-aarch64_bin.dmg,macos,aarch64,jre,104
2026-09-26T02:14:35+00:00,sapmachine-27+29,348838230,True,sapmachine-jdk-27-ea.29_linux-x64-musl_bin.tar.gz,alpine,x64,jdk,101
2026-09-26T02:14:35+00:00,sapmachine-27+29,348838230,True,sapmachine-jre-27-ea.29_linux-x64-musl_bin.tar.gz,alpine,x64,jre,100
2026-09-26T02:14:35+00:00,sapmachine-27+29,348838230,True,sapmachine-jdk-27-ea.29_linux-x64-musl_bin-symbols.tar.gz,alpine,x64,jdk,1
2026-09-26T02:14:35+00:00,sapmachine-27+29,348838230,True,sapmachine-jdk-27-ea.29_linux-ppc64le_bin.tar.gz,linux,ppc64,jdk,107
2026-09-26T02:14:35+00:00,sapmachine-27+29,348838230,True,sapmachine-jre-27-ea.29_linux-ppc64le_bin.tar.gz,linux,ppc64,jre,106
2026-09-26T02:14:35+00:00,sapmachine-27+29,348838230,True,sapmachine-jdk-27-ea.29_linux-ppc64le_bin-symbols.tar.gz,linux,ppc64,jdk,1
2026-09-26T02:14:35+00:00,sapmachine-27+29,348838230,True,sapmachine-jdk-27-ea.29_linux-aarch64_bin.tar.gz,linux,aarch64,jdk,104
2026-09-26T02:14:35+00:00,sapmachine-27+29,348838230,True,sapmachine-jre-27-ea.29_linux-aarch64_bin.tar.gz,linux,aarch64,jre,104
2026-09-26T02:14:35+00:00,sapmachine-27+29,348838230,True,sapmachine-jdk-27-ea.29_linux-aarch64_bin-symbols.tar.gz,linux,aarch64,jdk,1
2026-09-26T02:14:35+00:00,sapmachine-27+29,348838230,True,sapmachine-jdk-27-ea.29_windows-x64_bin.zip,windows,x64,jdk,104
2026-09-26T02:14:35+00:00,sapmachine-27+29,348838230,True,sapmachine-jre-27-ea.29_windows-x64_bin.zip,windows,x64,jre,107
2026-09-26T02:14:35+00:00,sapmachine-27+29,348838230,True,sapmachine-jdk-27-ea.29_windows-x64_bin-symbols.tar.gz,windows,x64,jdk,1
2026-09-26T02:14:35+00:00,sapmachine-28+5,348837538,True,sapmachine-jdk-28-ea.5_linux-x64-musl_bin.tar.gz,alpine,x64,jdk,107
2026-09-26T02:14:35+00:00,sapmachine-28+5,348837538,True,sapmachine-jre-28-ea.5_linux-x64-musl_bin.tar.gz,alpine,x64,jre,109
2026-09-26T02:14:35+00:00,sapmachine-28+5,348837538,True,sapmachine-jdk-28-ea.5_linux-x64-musl_bin-symbols.tar.gz,alpine,x64,jdk,3
2026-09-26T02:14:35+00:00,sapmachine-28+5,348837538,True,sapmachine-jdk-28-ea.5_macos-aarch64_bin.tar.gz,macos,aarch64,jdk,107
2026-09-26T02:14:35+00:00,sapmachine-28+5,348837538,True,sapmachine-jre-28-ea.5_macos-aarch64_bin.tar.gz,macos,aarch64,jre,111
2026-09-26T02:14:35+00:00,sapmachine-28+5,348837538,True,sapmachine-jdk-28-ea.5_macos-aarch64_bin-symbols.tar.gz,macos,aarch64,jdk,3
2026-09-26T02:14:35+00:00,sapmachine-28+5,348837538,True,sapmachine-jdk-28-ea.5_macos-aarch64_bin.dmg,macos,aarch64,jdk,109
2026-09-26T02:14:35+00:00,sapmachine-28+5,348837538,True,sapmachine-jre-28-ea.5_macos-aarch64_bin.dmg,macos,aarch64,jre,109
2026-09-26T02:14:35+00:00,sapmachine-28+5,348837538,True,sapmachine-jdk-28-ea.5_linux-x64_bin.tar.gz,linux,x64,jdk,103
2026-09-26T02:14:35+00:00,sapmachine-28+5,348837538,True,sapmachine-jre-28-ea.5_linux-x64_bin.tar.gz,linux,x64,jre,101
2026-09-26T02:14:35+00:00,sapmachine-28+5,348837538,True,sapmachine-jdk-28-ea.5_linux-x64_bin-symbols.tar.gz,linux,x64,jdk,1
2026-09-26T02:14:35+00:00,sapmachine-28+5,348837538,True,sapmachine-jdk-28-ea.5_linux-aarch64_bin.tar.gz,linux,aarch64,jdk,101
2026-09-26T02:14:35+00:00,sapmachine-28+5,348837538,True,sapmachine-jre-28-ea.5_linux-aarch64_bin.tar.gz,linux,aarch64,jre,104
2026-09-26T02:14:35+00:00,sapmachine-28+5,348837538,True,sapmachine-jdk-28-ea.5_linux-aarch64_bin-symbols.tar.gz,linux,aarch64,jdk,1
2026-09-26T02:14:35+00:00,sapmachine-28+5,348837538,True,sapmachine-jdk-28-ea.5_aix-ppc64_bin.tar.gz,aix,ppc64,jdk,105
2026-09-26T02:14:35+00:00,sapmachine-28+5,348837538,True,sapmachine-jre-28-ea.5_aix-ppc64_bin.tar.gz,aix,ppc64,jre,106
2026-09-26T02:14:35+00:00,sapmachine-28+5,348837538,True,sapmachine-jdk-28-ea.5_aix-ppc64_bin-symbols.tar.gz,aix,ppc64,jdk,1
2026-09-26T02:14:35+00:00,sapmachine-28+5,348837538,True,sapmachine-jdk-28-ea.5_linux-ppc64le_bin.tar.gz,linux,ppc64,jdk,101
2026-09-26T02:14:35+00:00,sapmachine-28+5,348837538,True,sapmachine-jre-28-ea.5_linux-ppc64le_bin.tar.gz,linux,ppc64,jre,102
2026-09-26T02:14:35+00:00,sapmachine-28+5,348837538,True,sapmachine-jdk-28-ea.5_linux-ppc64le_bin-symbols.tar.gz,linux,ppc64,jdk,1
2026-09-26T02:14:35+00:00,sapmachine-28+5,348837538,True,sapmachine-jdk-28-ea.5_windows-x64_bin.zip,windows,x64,jdk,114
2026-09-26T02:14:35+00:00,sapmachine-28+5,348837538,True,sapmachine-jre-28-ea.5_windows-x64_bin.zip,windows,x64,jre,104
2026-09-26T02:14:35+00:00,sapmachine-28+5,348837538,True,sapmachine-jdk-28-ea.5_windows-x64_bin-symbols.tar.gz,windows,x64,jdk,1
2026-09-26T02:14:35+00:00,sapmachine-28+4,347179004,True,sapmachine-jdk-28-ea.4_linux-x64-musl_bin.tar.gz,alpine,x64,jdk,110
2026-09-26T02:14:35+00:00,sapmachine-28+4,347179004,True,sapmachine-jre-28-ea.4_linux-x64-musl_bin.tar.gz,alpine,x64,jre,111
2026-09-26T02:14:35+00:00,sapmachine-28+4,347179004,True,sapmachine-jdk-28-ea.4_linux-x64-musl_bin-symbols.tar.gz,alpine,x64,jdk,2
2026-09-26T02:14:35+00:00,sapmachine-28+4,347179004,True,sapmachine-jdk-28-ea.4_macos-aarch64_bin.tar.gz,macos,aarch64,jdk,110
2026-09-26T02:14:35+00:00,sapmachine-28+4,347179004,True,sapmachine-jre-28-ea.4_macos-aarch64_bin.tar.gz,macos,aarch64,jre,110
2026-09-26T02:14:35+00:00,sapmachine-28+4,347179004,True,sapmachine-jdk-28-ea.4_macos-aarch64_bin-symbols.tar.gz,macos,aarch64,jdk,2
2026-09-26T02:14:35+00:00,sapmachine-28+4,347179004,True,sapmachine-jdk-28-ea.4_macos-aarch64_bin.dmg,macos,aarch64,jdk,111
2026-09-26T02:14:35+00:00,sapmachine-28+4,347179004,True,sapmachine-jre-28-ea.4_macos-aarch64_bin.dmg,macos,aarch64,jre,109
2026-09-26T02:14:35+00:00,sapmachine-28+4,347179004,True,sapmachine-jdk-28-ea.4_linux-x64_bin.tar.gz,linux,x64,jdk,107
2026-09-26T02:14:35+00:00,sapmachine-28+4,347179004,True,sapmachine-jre-28-ea.4_linux-x64_bin.tar.gz,linux,x64,jre,112
2026-09-26T02:14:35+00:00,sapmachine-28+4,347179004,True,sapmachine-jdk-28-ea.4_linux-x64_bin-symbols.tar.gz,linux,x64,jdk,1
2026-09-26T02:14:35+00:00,sapmachine-28+4,347179004,True,sapmachine-jdk-28-ea.4_linux-ppc64le_bin.tar.gz,linux,ppc64,jdk,106
2026-09-26T02:14:35+00:00,sapmachine-28+4,347179004,True,sapmachine-jre-28-ea.4_linux-ppc64le_bin.tar.gz,linux,ppc64,jre,109
2026-09-26T02:14:35+00:00,sapmachine-28+4,347179004,True,sapmachine-jdk-28-ea.4_linux-ppc64le_bin-symbols.tar.gz,linux,ppc64,jdk,1
2026-09-26T02:14:35+00:00,sapmachine-28+4,347179004,True,sapmachine-jdk-28-ea.4_linux-aarch64_bin.tar.gz,linux,aarch64,jdk,107
2026-09-26T02:14:35+00:00,sapmachine-28+4,347179004,True,sapmachine-jre-28-ea.4_linux-aarch64_bin.tar.gz,linux,aarch64,jre,105
2026-09-26T02:14:35+00:00,sapmachine-28+4,347179004,True,sapmachine-jdk-28-ea.4_linux-aarch64_bin-symbols.tar.gz,linux,aarch64,jdk,1
2026-09-26T02:14:35+00:00,sapmachine-28+4,347179004,True,sapmachine-jdk-28-ea.4_aix-ppc64_bin.tar.gz,aix,ppc64,jdk,109
2026-09-26T02:14:35+00:00,sapmachine-28+4,347179004,True,sapmachine-jre-28-ea.4_aix-ppc64_bin.tar.gz,aix,ppc64,jre,108
2026-09-26T02:14:35+00:00,sapmachine-28+4,347179004,True,sapmachine-jdk-28-ea.4_aix-ppc64_bin-symbols.tar.gz,aix,ppc64,jdk,1
2026-09-26T02:14:35+00:00,sapmachine-28+4,347179004,True,sapmachine-jdk-28-ea.4_windows-x64_bin.zip,windows,x64,jdk,107
2026-09-26T02:14:35+00:00,sapmachine-28+4,347179004,True,sapmachine-jre-28-ea.4_windows-x64_bin.zip,windows,x64,jre,106
2026-09-26T02:14:35+00:00,sapmachine-28+4,347179004,True,sapmachine-jdk-28-ea.4_windows-x64_bin-symbols.tar.gz,windows,x64,jdk,1
2026-09-26T02:14:35+00:00,sapmachine-27+28,345266471,True,sapmachine-jdk-27-ea.28_linux-x64-musl_bin.tar.gz,alpine,x64,jdk,117
2026-09-26T02:14:35+00:00,sapmachine-27+28,345266471,True,sapmachine-jre-27-ea.28_linux-x64-musl_bin.tar.gz,alpine,x64,jre,114
2026-09-26T02:14:35+00:00,sapmachine-27+28,345266471,True,sapmachine-jdk-27-ea.28_linux-x64-musl_bin-symbols.tar.gz,alpine,x64,jdk,1
2026-09-26T02:14:35+00:00,sapmachine-27+28,345266471,True,sapmachine-jdk-27-ea.28_linux-x64_bin.tar.gz,linux,x64,jdk,115
2026-09-26T02:14:35+00:00,sapmachine-27+28,345266471,True,sapmachine-jre-27-ea.28_linux-x64_bin.tar.gz,linux,x64,jre,115
2026-09-26T02:14:35+00:00,sapmachine-27+28,345266471,True,sapmachine-jdk-27-ea.28_linux-x64_bin-symbols.tar.gz,linux,x64,jdk,1
2026-09-26T02:14:35+00:00,sapmachine-27+28,345266471,True,sapmachine-jdk-27-ea.28_linux-ppc64le_bin.tar.gz,linux,ppc64,jdk,117
2026-09-26T02:14:35+00:00,sapmachine-27+28,345266471,True,sapmachine-jre-27-ea.28_linux-ppc64le_bin.tar.gz,linux,ppc64,jre,118
2026-09-26T02:14:35+00:00,sapmachine-27+28,345266471,True,sapmachine-jdk-27-ea.28_linux-ppc64le_bin-symbols.tar.gz,linux,ppc64,jdk,1
2026-09-26T02:14:35+00:00,sapmachine-27+28,345266471,True,sapmachine-jdk-27-ea.28_macos-aarch64_bin.tar.gz,macos,aarch64,jdk,127
2026-09-26T02:14:35+00:00,sapmachine-27+28,345266471,True,sapmachine-jre-27-ea.28_macos-aarch64_bin.tar.gz,macos,aarch64,jre,116
2026-09-26T02:14:35+00:00,sapmachine-27+28,345266471,True,sapmachine-jdk-27-ea.28_macos-aarch64_bin-symbols.tar.gz,macos,aarch64,jdk,1
2026-09-26T02:14:35+00:00,sapmachine-27+28,345266471,True,sapmachine-jdk-27-ea.28_macos-aarch64_bin.dmg,macos,aarch64,jdk,119
2026-09-26T02:14:35+00:00,sapmachine-27+28,345266471,True,sapmachine-jre-27-ea.28_macos-aarch64_bin.dmg,macos,aarch64,jre,116
2026-09-26T02:14:35+00:00,sapmachine-27+28,345266471,True,sapmachine-jdk-27-ea.28_aix-ppc64_bin.tar.gz,aix,ppc64,jdk,113
2026-09-26T02:14:35+00:00,sapmachine-27+28,345266471,True,sapmachine-jre-27-ea.28_aix-ppc64_bin.tar.gz,aix,ppc64,jre,118
2026-09-26T02:14:35+00:00,sapmachine-27+28,345266471,True,sapmachine-jdk-27-ea.28_aix-ppc64_bin-symbols.tar.gz,aix,ppc64,jdk,1
2026-09-26T02:14:35+00:00,sapmachine-27+28,345266471,True,sapmachine-jdk-27-ea.28_linux-aarch64_bin.tar.gz,linux,aarch64,jdk,117
2026-09-26T02:14:35+00:00,sapmachine-27+28,345266471,True,sapmachine-jre-27-ea.28_linux-aarch64_bin.tar.gz,linux,aarch64,jre,118
2026-09-26T02:14:35+00:00,sapmachine-27+28,345266471,True,sapmachine-jdk-27-ea.28_linux-aarch64_bin-symbols.tar.gz,linux,aarch64,jdk,1
2026-09-26T02:14:35+00:00,sapmachine-27+28,345266471,True,sapmachine-jdk-27-ea.28_windows-x64_bin.zip,windows,x64,jdk,121
2026-09-26T02:14:35+00:00,sapmachine-27+28,345266471,True,sapmachine-jre-27-ea.28_windows-x64_bin.zip,windows,x64,jre,125
2026-09-26T02:14:35+00:00,sapmachine-27+28,345266471,True,sapmachine-jdk-27-ea.28_windows-x64_bin-symbols.tar.gz,windows,x64,jdk,1
2026-09-26T02:14:35+00:00,sapmachine-21.0.12+7,345167640,True,sapmachine-jdk-21.0.12-ea.7_linux-x64_bin.tar.gz,linux,x64,jdk,1734
2026-09-26T02:14:35+00:00,sapmachine-21.0.12+7,345167640,True,sapmachine-jre-21.0.12-ea.7_linux-x64_bin.tar.gz,linux,x64,jre,117
2026-09-26T02:14:35+00:00,sapmachine-21.0.12+7,345167640,True,sapmachine-jdk-21.0.12-ea.7_linux-x64_bin-symbols.tar.gz,linux,x64,jdk,2
2026-09-26T02:14:35+00:00,sapmachine-21.0.12+7,345167640,True,sapmachine-jdk-21.0.12-ea.7_aix-ppc64_bin.tar.gz,aix,ppc64,jdk,114
2026-09-26T02:14:35+00:00,sapmachine-21.0.12+7,345167640,True,sapmachine-jre-21.0.12-ea.7_aix-ppc64_bin.tar.gz,aix,ppc64,jre,112
2026-09-26T02:14:35+00:00,sapmachine-21.0.12+7,345167640,True,sapmachine-jdk-21.0.12-ea.7_aix-ppc64_bin-symbols.tar.gz,aix,ppc64,jdk,2
2026-09-26T02:14:35+00:00,sapmachine-21.0.12+7,345167640,True,sapmachine-jdk-21.0.12-ea.7_macos-aarch64_bin.tar.gz,macos,aarch64,jdk,1763
2026-09-26T02:14:35+00:00,sapmachine-21.0.12+7,345167640,True,sapmachine-jre-21.0.12-ea.7_macos-aarch64_bin.tar.gz,macos,aarch64,jre,125
2026-09-26T02:14:35+00:00,sapmachine-21.0.12+7,345167640,True,sapmachine-jdk-21.0.12-ea.7_macos-aarch64_bin-symbols.tar.gz,macos,aarch64,jdk,1
2026-09-26T02:14:35+00:00,sapmachine-21.0.12+7,345167640,True,sapmachine-jdk-21.0.12-ea.7_macos-aarch64_bin.dmg,macos,aarch64,jdk,122
2026-09-26T02:14:35+00:00,sapmachine-21.0.12+7,345167640,True,sapmachine-jre-21.0.12-ea.7_macos-aarch64_bin.dmg,macos,aarch64,jre,112
2026-09-26T02:14:35+00:00,sapmachine-21.0.12+7,345167640,True,sapmachine-jdk-21.0.12-ea.7_linux-x64-musl_bin.tar.gz,alpine,x64,jdk,111
2026-09-26T02:14:35+00:00,sapmachine-21.0.12+7,345167640,True,sapmachine-jre-21.0.12-ea.7_linux-x64-musl_bin.tar.gz,alpine,x64,jre,112
2026-09-26T02:14:35+00:00,sapmachine-21.0.12+7,345167640,True,sapmachine-jdk-21.0.12-ea.7_linux-x64-musl_bin-symbols.tar.gz,alpine,x64,jdk,1
2026-09-26T02:14:35+00:00,sapmachine-21.0.12+7,345167640,True,sapmachine-jdk-21.0.12-ea.7_linux-ppc64le_bin.tar.gz,linux,ppc64,jdk,115
2026-09-26T02:14:35+00:00,sapmachine-21.0.12+7,345167640,True,sapmachine-jre-21.0.12-ea.7_linux-ppc64le_bin.tar.gz,linux,ppc64,jre,118
2026-09-26T02:14:35+00:00,sapmachine-21.0.12+7,345167640,True,sapmachine-jdk-21.0.12-ea.7_linux-ppc64le_bin-symbols.tar.gz,linux,ppc64,jdk,1
2026-09-26T02:14:35+00:00,sapmachine-21.0.12+7,345167640,True,sapmachine-jdk-21.0.12-ea.7_linux-aarch64_bin.tar.gz,linux,aarch64,jdk,116
2026-09-26T02:14:35+00:00,sapmachine-21.0.12+7,345167640,True,sapmachine-jre-21.0.12-ea.7_linux-aarch64_bin.tar.gz,linux,aarch64,jre,120
2026-09-26T02:14:35+00:00,sapmachine-21.0.12+7,345167640,True,sapmachine-jdk-21.0.12-ea.7_linux-aarch64_bin-symbols.tar.gz,linux,aarch64,jdk,1
2026-09-26T02:14:35+00:00,sapmachine-21.0.12+7,345167640,True,sapmachine-jdk-21.0.12-ea.7_macos-x64_bin.tar.gz,macos,x64,jdk,116
2026-09-26T02:14:35+00:00,sapmachine-21.0.12+7,345167640,True,sapmachine-jre-21.0.12-ea.7_macos-x64_bin.tar.gz,macos,x64,jre,111
2026-09-26T02:14:35+00:00,sapmachine-21.0.12+7,345167640,True,sapmachine-jdk-21.0.12-ea.7_macos-x64_bin-symbols.tar.gz,macos,x64,jdk,2
2026-09-26T02:14:35+00:00,sapmachine-21.0.12+7,345167640,True,sapmachine-jdk-21.0.12-ea.7_macos-x64_bin.dmg,macos,x64,jdk,114
2026-09-26T02:14:35+00:00,sapmachine-21.0.12+7,345167640,True,sapmachine-jre-21.0.12-ea.7_macos-x64_bin.dmg,macos,x64,jre,116
2026-09-26T02:14:35+00:00,sapmachine-21.0.12+7,345167640,True,sapmachine-jdk-21.0.12-ea.7_windows-x64_bin.zip,windows,x64,jdk,1710
2026-09-26T02:14:35+00:00,sapmachine-21.0.12+7,345167640,True,sapmachine-jre-21.0.12-ea.7_windows-x64_bin.zip,windows,x64,jre,115
2026-09-26T02:14:35+00:00,sapmachine-21.0.12+7,345167640,True,sapmachine-jdk-21.0.12-ea.7_windows-x64_bin-symbols.tar.gz,windows,x64,jdk,1
2026-09-26T02:14:35+00:00,sapmachine-25.0.4+6,345165761,True,sapmachine-jdk-25.0.4-ea.6_linux-x64-musl_bin.tar.gz,alpine,x64,jdk,114
2026-09-26T02:14:35+00:00,sapmachine-25.0.4+6,345165761,True,sapmachine-jre-25.0.4-ea.6_linux-x64-musl_bin.tar.gz,alpine,x64,jre,119
2026-09-26T02:14:35+00:00,sapmachine-25.0.4+6,345165761,True,sapmachine-jdk-25.0.4-ea.6_linux-x64-musl_bin-symbols.tar.gz,alpine,x64,jdk,2
2026-09-26T02:14:35+00:00,sapmachine-25.0.4+6,345165761,True,sapmachine-jdk-25.0.4-ea.6_linux-x64_bin.tar.gz,linux,x64,jdk,143
2026-09-26T02:14:35+00:00,sapmachine-25.0.4+6,345165761,True,sapmachine-jre-25.0.4-ea.6_linux-x64_bin.tar.gz,linux,x64,jre,117
2026-09-26T02:14:35+00:00,sapmachine-25.0.4+6,345165761,True,sapmachine-jdk-25.0.4-ea.6_linux-x64_bin-symbols.tar.gz,linux,x64,jdk,1
2026-09-26T02:14:35+00:00,sapmachine-25.0.4+6,345165761,True,sapmachine-jdk-25.0.4-ea.6_aix-ppc64_bin.tar.gz,aix,ppc64,jdk,111
2026-09-26T02:14:35+00:00,sapmachine-25.0.4+6,345165761,True,sapmachine-jre-25.0.4-ea.6_aix-ppc64_bin.tar.gz,aix,ppc64,jre,112
2026-09-26T02:14:35+00:00,sapmachine-25.0.4+6,345165761,True,sapmachine-jdk-25.0.4-ea.6_aix-ppc64_bin-symbols.tar.gz,aix,ppc64,jdk,2
2026-09-26T02:14:35+00:00,sapmachine-25.0.4+6,345165761,True,sapmachine-jdk-25.0.4-ea.6_macos-aarch64_bin.tar.gz,macos,aarch64,jdk,126
2026-09-26T02:14:35+00:00,sapmachine-25.0.4+6,345165761,True,sapmachine-jre-25.0.4-ea.6_macos-aarch64_bin.tar.gz,macos,aarch64,jre,121
2026-09-26T02:14:35+00:00,sapmachine-25.0.4+6,345165761,True,sapmachine-jdk-25.0.4-ea.6_macos-aarch64_bin-symbols.tar.gz,macos,aarch64,jdk,1
2026-09-26T02:14:35+00:00,sapmachine-25.0.4+6,345165761,True,sapmachine-jdk-25.0.4-ea.6_macos-aarch64_bin.dmg,macos,aarch64,jdk,120
2026-09-26T02:14:35+00:00,sapmachine-25.0.4+6,345165761,True,sapmachine-jre-25.0.4-ea.6_macos-aarch64_bin.dmg,macos,aarch64,jre,116
2026-09-26T02:14:35+00:00,sapmachine-25.0.4+6,345165761,True,sapmachine-jdk-25.0.4-ea.6_linux-aarch64_bin.tar.gz,linux,aarch64,jdk,121
2026-09-26T02:14:35+00:00,sapmachine-25.0.4+6,345165761,True,sapmachine-jre-25.0.4-ea.6_linux-aarch64_bin.tar.gz,linux,aarch64,jre,114
2026-09-26T02:14:35+00:00,sapmachine-25.0.4+6,345165761,True,sapmachine-jdk-25.0.4-ea.6_linux-aarch64_bin-symbols.tar.gz,linux,aarch64,jdk,1
2026-09-26T02:14:35+00:00,sapmachine-25.0.4+6,345165761,True,sapmachine-jdk-25.0.4-ea.6_linux-ppc64le_bin.tar.gz,linux,ppc64,jdk,116
2026-09-26T02:14:35+00:00,sapmachine-25.0.4+6,345165761,True,sapmachine-jre-25.0.4-ea.6_linux-ppc64le_bin.tar.gz,linux,ppc64,jre,117
2026-09-26T02:14:35+00:00,sapmachine-25.0.4+6,345165761,True,sapmachine-jdk-25.0.4-ea.6_linux-ppc64le_bin-symbols.tar.gz,linux,ppc64,jdk,1
2026-09-26T02:14:35+00:00,sapmachine-25.0.4+6,345165761,True,sapmachine-jdk-25.0.4-ea.6_windows-x64_bin.zip,windows,x64,jdk,121
2026-09-26T02:14:35+00:00,sapmachine-25.0.4+6,345165761,True,sapmachine-jre-25.0.4-ea.6_windows-x64_bin.zip,windows,x64,jre,119
2026-09-26T02:14:35+00:00,sapmachine-25.0.4+6,345165761,True,sapmachine-jdk-25.0.4-ea.6_windows-x64_bin-symbols.tar.gz,windows,x64,jdk,1
2026-09-26T02:14:35+00:00,sapmachine-17.0.20+7,344562073,True,sapmachine-jdk-17.0.20-ea.7_macos-aarch64_bin.tar.gz,macos,aarch64,jdk,2192
2026-09-26T02:14:35+00:00,sapmachine-17.0.20+7,344562073,True,sapmachine-jre-17.0.20-ea.7_macos-aarch64_bin.tar.gz,macos,aarch64,jre,126
2026-09-26T02:14:35+00:00,sapmachine-17.0.20+7,344562073,True,sapmachine-jdk-17.0.20-ea.7_macos-aarch64_bin-symbols.tar.gz,macos,aarch64,jdk,1
2026-09-26T02:14:35+00:00,sapmachine-17.0.20+7,344562073,True,sapmachine-jdk-17.0.20-ea.7_macos-aarch64_bin.dmg,macos,aarch64,jdk,132
2026-09-26T02:14:35+00:00,sapmachine-17.0.20+7,344562073,True,sapmachine-jre-17.0.20-ea.7_macos-aarch64_bin.dmg,macos,aarch64,jre,119
2026-09-26T02:14:35+00:00,sapmachine-17.0.20+7,344562073,True,sapmachine-jdk-17.0.20-ea.7_linux-x64-musl_bin.tar.gz,alpine,x64,jdk,115
2026-09-26T02:14:35+00:00,sapmachine-17.0.20+7,344562073,True,sapmachine-jre-17.0.20-ea.7_linux-x64-musl_bin.tar.gz,alpine,x64,jre,114
2026-09-26T02:14:35+00:00,sapmachine-17.0.20+7,344562073,True,sapmachine-jdk-17.0.20-ea.7_linux-x64-musl_bin-symbols.tar.gz,alpine,x64,jdk,1
2026-09-26T02:14:35+00:00,sapmachine-17.0.20+7,344562073,True,sapmachine-jdk-17.0.20-ea.7_linux-x64_bin.tar.gz,linux,x64,jdk,1794
2026-09-26T02:14:35+00:00,sapmachine-17.0.20+7,344562073,True,sapmachine-jre-17.0.20-ea.7_linux-x64_bin.tar.gz,linux,x64,jre,124
2026-09-26T02:14:35+00:00,sapmachine-17.0.20+7,344562073,True,sapmachine-jdk-17.0.20-ea.7_linux-x64_bin-symbols.tar.gz,linux,x64,jdk,1
2026-09-26T02:14:35+00:00,sapmachine-17.0.20+7,344562073,True,sapmachine-jdk-17.0.20-ea.7_macos-x64_bin.tar.gz,macos,x64,jdk,116
2026-09-26T02:14:35+00:00,sapmachine-17.0.20+7,344562073,True,sapmachine-jre-17.0.20-ea.7_macos-x64_bin.tar.gz,macos,x64,jre,115
2026-09-26T02:14:35+00:00,sapmachine-17.0.20+7,344562073,True,sapmachine-jdk-17.0.20-ea.7_macos-x64_bin-symbols.tar.gz,macos,x64,jdk,1
2026-09-26T02:14:35+00:00,sapmachine-17.0.20+7,344562073,True,sapmachine-jdk-17.0.20-ea.7_macos-x64_bin.dmg,macos,x64,jdk,119
2026-09-26T02:14:35+00:00,sapmachine-17.0.20+7,344562073,True,sapmachine-jre-17.0.20-ea.7_macos-x64_bin.dmg,macos,x64,jre,113
2026-09-26T02:14:35+00:00,sapmachine-17.0.20+7,344562073,True,sapmachine-jdk-17.0.20-ea.7_linux-ppc64le_bin.tar.gz,linux,ppc64,jdk,127
2026-09-26T02:14:35+00:00,sapmachine-17.0.20+7,344562073,True,sapmachine-jre-17.0.20-ea.7_linux-ppc64le_bin.tar.gz,linux,ppc64,jre,124
2026-09-26T02:14:35+00:00,sapmachine-17.0.20+7,344562073,True,sapmachine-jdk-17.0.20-ea.7_linux-ppc64le_bin-symbols.tar.gz,linux,ppc64,jdk,1
2026-09-26T02:14:35+00:00,sapmachine-17.0.20+7,344562073,True,sapmachine-jdk-17.0.20-ea.7_linux-aarch64_bin.tar.gz,linux,aarch64,jdk,118
2026-09-26T02:14:35+00:00,sapmachine-17.0.20+7,344562073,True,sapmachine-jre-17.0.20-ea.7_linux-aarch64_bin.tar.gz,linux,aarch64,jre,117
2026-09-26T02:14:35+00:00,sapmachine-17.0.20+7,344562073,True,sapmachine-jdk-17.0.20-ea.7_linux-aarch64_bin-symbols.tar.gz,linux,aarch64,jdk,1
2026-09-26T02:14:35+00:00,sapmachine-17.0.20+7,344562073,True,sapmachine-jdk-17.0.20-ea.7_windows-x64_bin.zip,windows,x64,jdk,1779
2026-09-26T02:14:35+00:00,sapmachine-17.0.20+7,344562073,True,sapmachine-jre-17.0.20-ea.7_windows-x64_bin.zip,windows,x64,jre,124
2026-09-26T02:14:35+00:00,sapmachine-17.0.20+7,344562073,True,sapmachine-jdk-17.0.20-ea.7_windows-x64_bin-symbols.tar.gz,windows,x64,jdk,1
2026-09-26T02:14:35+00:00,sapmachine-27+27,344554280,True,sapmachine-jdk-27-ea.27_linux-x64-musl_bin.tar.gz,alpine,x64,jdk,112
2026-09-26T02:14:35+00:00,sapmachine-27+27,344554280,True,sapmachine-jre-27-ea.27_linux-x64-musl_bin.tar.gz,alpine,x64,jre,114
2026-09-26T02:14:35+00:00,sapmachine-27+27,344554280,True,sapmachine-jdk-27-ea.27_linux-x64-musl_bin-symbols.tar.gz,alpine,x64,jdk,1
2026-09-26T02:14:35+00:00,sapmachine-27+27,344554280,True,sapmachine-jdk-27-ea.27_aix-ppc64_bin.tar.gz,aix,ppc64,jdk,113
2026-09-26T02:14:35+00:00,sapmachine-27+27,344554280,True,sapmachine-jre-27-ea.27_aix-ppc64_bin.tar.gz,aix,ppc64,jre,112
2026-09-26T02:14:35+00:00,sapmachine-27+27,344554280,True,sapmachine-jdk-27-ea.27_aix-ppc64_bin-symbols.tar.gz,aix,ppc64,jdk,1
2026-09-26T02:14:35+00:00,sapmachine-27+27,344554280,True,sapmachine-jdk-27-ea.27_macos-aarch64_bin.tar.gz,macos,aarch64,jdk,116
2026-09-26T02:14:35+00:00,sapmachine-27+27,344554280,True,sapmachine-jre-27-ea.27_macos-aarch64_bin.tar.gz,macos,aarch64,jre,121
2026-09-26T02:14:35+00:00,sapmachine-27+27,344554280,True,sapmachine-jdk-27-ea.27_macos-aarch64_bin-symbols.tar.gz,macos,aarch64,jdk,1
2026-09-26T02:14:35+00:00,sapmachine-27+27,344554280,True,sapmachine-jdk-27-ea.27_macos-aarch64_bin.dmg,macos,aarch64,jdk,114
2026-09-26T02:14:35+00:00,sapmachine-27+27,344554280,True,sapmachine-jre-27-ea.27_macos-aarch64_bin.dmg,macos,aarch64,jre,112
2026-09-26T02:14:35+00:00,sapmachine-27+27,344554280,True,sapmachine-jdk-27-ea.27_linux-ppc64le_bin.tar.gz,linux,ppc64,jdk,116
2026-09-26T02:14:35+00:00,sapmachine-27+27,344554280,True,sapmachine-jre-27-ea.27_linux-ppc64le_bin.tar.gz,linux,ppc64,jre,117
2026-09-26T02:14:35+00:00,sapmachine-27+27,344554280,True,sapmachine-jdk-27-ea.27_linux-ppc64le_bin-symbols.tar.gz,linux,ppc64,jdk,1
2026-09-26T02:14:35+00:00,sapmachine-27+27,344554280,True,sapmachine-jdk-27-ea.27_linux-x64_bin.tar.gz,linux,x64,jdk,122
2026-09-26T02:14:35+00:00,sapmachine-27+27,344554280,True,sapmachine-jre-27-ea.27_linux-x64_bin.tar.gz,linux,x64,jre,116
2026-09-26T02:14:35+00:00,sapmachine-27+27,344554280,True,sapmachine-jdk-27-ea.27_linux-x64_bin-symbols.tar.gz,linux,x64,jdk,1
2026-09-26T02:14:35+00:00,sapmachine-27+27,344554280,True,sapmachine-jdk-27-ea.27_linux-aarch64_bin.tar.gz,linux,aarch64,jdk,117
2026-09-26T02:14:35+00:00,sapmachine-27+27,344554280,True,sapmachine-jre-27-ea.27_linux-aarch64_bin.tar.gz,linux,aarch64,jre,116
2026-09-26T02:14:35+00:00,sapmachine-27+27,344554280,True,sapmachine-jdk-27-ea.27_linux-aarch64_bin-symbols.tar.gz,linux,aarch64,jdk,1
2026-09-26T02:14:35+00:00,sapmachine-27+27,344554280,True,sapmachine-jdk-27-ea.27_windows-x64_bin.zip,windows,x64,jdk,117
2026-09-26T02:14:35+00:00,sapmachine-27+27,344554280,True,sapmachine-jre-27-ea.27_windows-x64_bin.zip,windows,x64,jre,116
2026-09-26T02:14:35+00:00,sapmachine-27+27,344554280,True,sapmachine-jdk-27-ea.27_windows-x64_bin-symbols.tar.gz,windows,x64,jdk,1
2026-09-26T02:14:35+00:00,sapmachine-28+3,344554012,True,sapmachine-jdk-28-ea.3_macos-aarch64_bin.tar.gz,macos,aarch64,jdk,114
2026-09-26T02:14:35+00:00,sapmachine-28+3,344554012,True,sapmachine-jre-28-ea.3_macos-aarch64_bin.tar.gz,macos,aarch64,jre,114
2026-09-26T02:14:35+00:00,sapmachine-28+3,344554012,True,sapmachine-jdk-28-ea.3_macos-aarch64_bin-symbols.tar.gz,macos,aarch64,jdk,1
2026-09-26T02:14:35+00:00,sapmachine-28+3,344554012,True,sapmachine-jdk-28-ea.3_macos-aarch64_bin.dmg,macos,aarch64,jdk,117
2026-09-26T02:14:35+00:00,sapmachine-28+3,344554012,True,sapmachine-jre-28-ea.3_macos-aarch64_bin.dmg,macos,aarch64,jre,118
2026-09-26T02:14:35+00:00,sapmachine-28+3,344554012,True,sapmachine-jdk-28-ea.3_linux-x64-musl_bin.tar.gz,alpine,x64,jdk,115
2026-09-26T02:14:35+00:00,sapmachine-28+3,344554012,True,sapmachine-jre-28-ea.3_linux-x64-musl_bin.tar.gz,alpine,x64,jre,115
2026-09-26T02:14:35+00:00,sapmachine-28+3,344554012,True,sapmachine-jdk-28-ea.3_linux-x64-musl_bin-symbols.tar.gz,alpine,x64,jdk,2
2026-09-26T02:14:35+00:00,sapmachine-28+3,344554012,True,sapmachine-jdk-28-ea.3_linux-x64_bin.tar.gz,linux,x64,jdk,113
2026-09-26T02:14:35+00:00,sapmachine-28+3,344554012,True,sapmachine-jre-28-ea.3_linux-x64_bin.tar.gz,linux,x64,jre,114
2026-09-26T02:14:35+00:00,sapmachine-28+3,344554012,True,sapmachine-jdk-28-ea.3_linux-x64_bin-symbols.tar.gz,linux,x64,jdk,1
2026-09-26T02:14:35+00:00,sapmachine-28+3,344554012,True,sapmachine-jdk-28-ea.3_aix-ppc64_bin.tar.gz,aix,ppc64,jdk,113
2026-09-26T02:14:35+00:00,sapmachine-28+3,344554012,True,sapmachine-jre-28-ea.3_aix-ppc64_bin.tar.gz,aix,ppc64,jre,114
2026-09-26T02:14:35+00:00,sapmachine-28+3,344554012,True,sapmachine-jdk-28-ea.3_aix-ppc64_bin-symbols.tar.gz,aix,ppc64,jdk,1
2026-09-26T02:14:35+00:00,sapmachine-28+3,344554012,True,sapmachine-jdk-28-ea.3_linux-aarch64_bin.tar.gz,linux,aarch64,jdk,114
2026-09-26T02:14:35+00:00,sapmachine-28+3,344554012,True,sapmachine-jre-28-ea.3_linux-aarch64_bin.tar.gz,linux,aarch64,jre,114
2026-09-26T02:14:35+00:00,sapmachine-28+3,344554012,True,sapmachine-jdk-28-ea.3_linux-aarch64_bin-symbols.tar.gz,linux,aarch64,jdk,1
2026-09-26T02:14:35+00:00,sapmachine-28+3,344554012,True,sapmachine-jdk-28-ea.3_linux-ppc64le_bin.tar.gz,linux,ppc64,jdk,116
2026-09-26T02:14:35+00:00,sapmachine-28+3,344554012,True,sapmachine-jre-28-ea.3_linux-ppc64le_bin.tar.gz,linux,ppc64,jre,112
2026-09-26T02:14:35+00:00,sapmachine-28+3,344554012,True,sapmachine-jdk-28-ea.3_linux-ppc64le_bin-symbols.tar.gz,linux,ppc64,jdk,1
2026-09-26T02:14:35+00:00,sapmachine-28+3,344554012,True,sapmachine-jdk-28-ea.3_windows-x64_bin.zip,windows,x64,jdk,121
2026-09-26T02:14:35+00:00,sapmachine-28+3,344554012,True,sapmachine-jre-28-ea.3_windows-x64_bin.zip,windows,x64,jre,115
2026-09-26T02:14:35+00:00,sapmachine-28+3,344554012,True,sapmachine-jdk-28-ea.3_windows-x64_bin-symbols.tar.gz,windows,x64,jdk,1
2026-09-26T02:14:35+00:00,sapmachine-27+26,340482411,True,sapmachine-jdk-27-ea.26_aix-ppc64_bin.tar.gz,aix,ppc64,jdk,125
2026-09-26T02:14:35+00:00,sapmachine-27+26,340482411,True,sapmachine-jre-27-ea.26_aix-ppc64_bin.tar.gz,aix,ppc64,jre,124
2026-09-26T02:14:35+00:00,sapmachine-27+26,340482411,True,sapmachine-jdk-27-ea.26_aix-ppc64_bin-symbols.tar.gz,aix,ppc64,jdk,3
2026-09-26T02:14:35+00:00,sapmachine-27+26,340482411,True,sapmachine-jdk-27-ea.26_macos-aarch64_bin.tar.gz,macos,aarch64,jdk,132
2026-09-26T02:14:35+00:00,sapmachine-27+26,340482411,True,sapmachine-jre-27-ea.26_macos-aarch64_bin.tar.gz,macos,aarch64,jre,128
2026-09-26T02:14:35+00:00,sapmachine-27+26,340482411,True,sapmachine-jdk-27-ea.26_macos-aarch64_bin-symbols.tar.gz,macos,aarch64,jdk,3
2026-09-26T02:14:35+00:00,sapmachine-27+26,340482411,True,sapmachine-jdk-27-ea.26_macos-aarch64_bin.dmg,macos,aarch64,jdk,129
2026-09-26T02:14:35+00:00,sapmachine-27+26,340482411,True,sapmachine-jre-27-ea.26_macos-aarch64_bin.dmg,macos,aarch64,jre,126
2026-09-26T02:14:35+00:00,sapmachine-27+26,340482411,True,sapmachine-jdk-27-ea.26_linux-ppc64le_bin.tar.gz,linux,ppc64,jdk,127
2026-09-26T02:14:35+00:00,sapmachine-27+26,340482411,True,sapmachine-jre-27-ea.26_linux-ppc64le_bin.tar.gz,linux,ppc64,jre,127
2026-09-26T02:14:35+00:00,sapmachine-27+26,340482411,True,sapmachine-jdk-27-ea.26_linux-ppc64le_bin-symbols.tar.gz,linux,ppc64,jdk,1
2026-09-26T02:14:35+00:00,sapmachine-27+26,340482411,True,sapmachine-jdk-27-ea.26_linux-aarch64_bin.tar.gz,linux,aarch64,jdk,127
2026-09-26T02:14:35+00:00,sapmachine-27+26,340482411,True,sapmachine-jre-27-ea.26_linux-aarch64_bin.tar.gz,linux,aarch64,jre,129
2026-09-26T02:14:35+00:00,sapmachine-27+26,340482411,True,sapmachine-jdk-27-ea.26_linux-aarch64_bin-symbols.tar.gz,linux,aarch64,jdk,1
2026-09-26T02:14:35+00:00,sapmachine-27+26,340482411,True,sapmachine-jdk-27-ea.26_windows-x64_bin.zip,windows,x64,jdk,127
2026-09-26T02:14:35+00:00,sapmachine-27+26,340482411,True,sapmachine-jre-27-ea.26_windows-x64_bin.zip,windows,x64,jre,127
2026-09-26T02:14:35+00:00,sapmachine-27+26,340482411,True,sapmachine-jdk-27-ea.26_windows-x64_bin-symbols.tar.gz,windows,x64,jdk,1
2026-09-26T02:14:35+00:00,sapmachine-27+26,340482411,True,sapmachine-jdk-27-ea.26_linux-x64-musl_bin.tar.gz,alpine,x64,jdk,120
2026-09-26T02:14:35+00:00,sapmachine-27+26,340482411,True,sapmachine-jre-27-ea.26_linux-x64-musl_bin.tar.gz,alpine,x64,jre,123
2026-09-26T02:14:35+00:00,sapmachine-27+26,340482411,True,sapmachine-jdk-27-ea.26_linux-x64-musl_bin-symbols.tar.gz,alpine,x64,jdk,1
2026-09-26T02:14:35+00:00,sapmachine-27+26,340482411,True,sapmachine-jdk-27-ea.26_linux-x64_bin.tar.gz,linux,x64,jdk,127
2026-09-26T02:14:35+00:00,sapmachine-27+26,340482411,True,sapmachine-jre-27-ea.26_linux-x64_bin.tar.gz,linux,x64,jre,128
2026-09-26T02:14:35+00:00,sapmachine-27+26,340482411,True,sapmachine-jdk-27-ea.26_linux-x64_bin-symbols.tar.gz,linux,x64,jdk,1
2026-09-26T02:14:35+00:00,sapmachine-28+2,340481979,True,sapmachine-jdk-28-ea.2_macos-aarch64_bin.tar.gz,macos,aarch64,jdk,132
2026-09-26T02:14:35+00:00,sapmachine-28+2,340481979,True,sapmachine-jre-28-ea.2_macos-aarch64_bin.tar.gz,macos,aarch64,jre,130
2026-09-26T02:14:35+00:00,sapmachine-28+2,340481979,True,sapmachine-jdk-28-ea.2_macos-aarch64_bin-symbols.tar.gz,macos,aarch64,jdk,3
2026-09-26T02:14:35+00:00,sapmachine-28+2,340481979,True,sapmachine-jdk-28-ea.2_macos-aarch64_bin.dmg,macos,aarch64,jdk,136
2026-09-26T02:14:35+00:00,sapmachine-28+2,340481979,True,sapmachine-jre-28-ea.2_macos-aarch64_bin.dmg,macos,aarch64,jre,134
2026-09-26T02:14:35+00:00,sapmachine-28+2,340481979,True,sapmachine-jdk-28-ea.2_linux-aarch64_bin.tar.gz,linux,aarch64,jdk,125
2026-09-26T02:14:35+00:00,sapmachine-28+2,340481979,True,sapmachine-jre-28-ea.2_linux-aarch64_bin.tar.gz,linux,aarch64,jre,126
2026-09-26T02:14:35+00:00,sapmachine-28+2,340481979,True,sapmachine-jdk-28-ea.2_linux-aarch64_bin-symbols.tar.gz,linux,aarch64,jdk,1
2026-09-26T02:14:35+00:00,sapmachine-28+2,340481979,True,sapmachine-jdk-28-ea.2_aix-ppc64_bin.tar.gz,aix,ppc64,jdk,130
2026-09-26T02:14:35+00:00,sapmachine-28+2,340481979,True,sapmachine-jre-28-ea.2_aix-ppc64_bin.tar.gz,aix,ppc64,jre,128
2026-09-26T02:14:35+00:00,sapmachine-28+2,340481979,True,sapmachine-jdk-28-ea.2_aix-ppc64_bin-symbols.tar.gz,aix,ppc64,jdk,1
2026-09-26T02:14:35+00:00,sapmachine-28+2,340481979,True,sapmachine-jdk-28-ea.2_linux-ppc64le_bin.tar.gz,linux,ppc64,jdk,123
2026-09-26T02:14:35+00:00,sapmachine-28+2,340481979,True,sapmachine-jre-28-ea.2_linux-ppc64le_bin.tar.gz,linux,ppc64,jre,124
2026-09-26T02:14:35+00:00,sapmachine-28+2,340481979,True,sapmachine-jdk-28-ea.2_linux-ppc64le_bin-symbols.tar.gz,linux,ppc64,jdk,1
2026-09-26T02:14:35+00:00,sapmachine-28+2,340481979,True,sapmachine-jdk-28-ea.2_windows-x64_bin.zip,windows,x64,jdk,128
2026-09-26T02:14:35+00:00,sapmachine-28+2,340481979,True,sapmachine-jre-28-ea.2_windows-x64_bin.zip,windows,x64,jre,126
2026-09-26T02:14:35+00:00,sapmachine-28+2,340481979,True,sapmachine-jdk-28-ea.2_windows-x64_bin-symbols.tar.gz,windows,x64,jdk,1
2026-09-26T02:14:35+00:00,sapmachine-28+2,340481979,True,sapmachine-jdk-28-ea.2_linux-x64-musl_bin.tar.gz,alpine,x64,jdk,130
2026-09-26T02:14:35+00:00,sapmachine-28+2,340481979,True,sapmachine-jre-28-ea.2_linux-x64-musl_bin.tar.gz,alpine,x64,jre,132
2026-09-26T02:14:35+00:00,sapmachine-28+2,340481979,True,sapmachine-jdk-28-ea.2_linux-x64-musl_bin-symbols.tar.gz,alpine,x64,jdk,1
2026-09-26T02:14:35+00:00,sapmachine-28+2,340481979,True,sapmachine-jdk-28-ea.2_linux-x64_bin.tar.gz,linux,x64,jdk,122
2026-09-26T02:14:35+00:00,sapmachine-28+2,340481979,True,sapmachine-jre-28-ea.2_linux-x64_bin.tar.gz,linux,x64,jre,123
2026-09-26T02:14:35+00:00,sapmachine-28+2,340481979,True,sapmachine-jdk-28-ea.2_linux-x64_bin-symbols.tar.gz,linux,x64,jdk,1
2026-09-26T02:14:35+00:00,sapmachine-17.0.20+6,338866805,True,sapmachine-jdk-17.0.20-ea.6_linux-x64-musl_bin.tar.gz,alpine,x64,jdk,136
2026-09-26T02:14:35+00:00,sapmachine-17.0.20+6,338866805,True,sapmachine-jre-17.0.20-ea.6_linux-x64-musl_bin.tar.gz,alpine,x64,jre,133
2026-09-26T02:14:35+00:00,sapmachine-17.0.20+6,338866805,True,sapmachine-jdk-17.0.20-ea.6_linux-x64-musl_bin-symbols.tar.gz,alpine,x64,jdk,2
2026-09-26T02:14:35+00:00,sapmachine-17.0.20+6,338866805,True,sapmachine-jdk-17.0.20-ea.6_linux-x64_bin.tar.gz,linux,x64,jdk,741
2026-09-26T02:14:35+00:00,sapmachine-17.0.20+6,338866805,True,sapmachine-jre-17.0.20-ea.6_linux-x64_bin.tar.gz,linux,x64,jre,140
2026-09-26T02:14:35+00:00,sapmachine-17.0.20+6,338866805,True,sapmachine-jdk-17.0.20-ea.6_linux-x64_bin-symbols.tar.gz,linux,x64,jdk,2
2026-09-26T02:14:35+00:00,sapmachine-17.0.20+6,338866805,True,sapmachine-jdk-17.0.20-ea.6_linux-aarch64_bin.tar.gz,linux,aarch64,jdk,140
2026-09-26T02:14:35+00:00,sapmachine-17.0.20+6,338866805,True,sapmachine-jre-17.0.20-ea.6_linux-aarch64_bin.tar.gz,linux,aarch64,jre,138
2026-09-26T02:14:35+00:00,sapmachine-17.0.20+6,338866805,True,sapmachine-jdk-17.0.20-ea.6_linux-aarch64_bin-symbols.tar.gz,linux,aarch64,jdk,1
2026-09-26T02:14:35+00:00,sapmachine-17.0.20+6,338866805,True,sapmachine-jdk-17.0.20-ea.6_linux-ppc64le_bin.tar.gz,linux,ppc64,jdk,141
2026-09-26T02:14:35+00:00,sapmachine-17.0.20+6,338866805,True,sapmachine-jre-17.0.20-ea.6_linux-ppc64le_bin.tar.gz,linux,ppc64,jre,138
2026-09-26T02:14:35+00:00,sapmachine-17.0.20+6,338866805,True,sapmachine-jdk-17.0.20-ea.6_linux-ppc64le_bin-symbols.tar.gz,linux,ppc64,jdk,1
2026-09-26T02:14:35+00:00,sapmachine-17.0.20+6,338866805,True,sapmachine-jdk-17.0.20-ea.6_macos-x64_bin.tar.gz,macos,x64,jdk,134
2026-09-26T02:14:35+00:00,sapmachine-17.0.20+6,338866805,True,sapmachine-jre-17.0.20-ea.6_macos-x64_bin.tar.gz,macos,x64,jre,134
2026-09-26T02:14:35+00:00,sapmachine-17.0.20+6,338866805,True,sapmachine-jdk-17.0.20-ea.6_macos-x64_bin-symbols.tar.gz,macos,x64,jdk,1
2026-09-26T02:14:35+00:00,sapmachine-17.0.20+6,338866805,True,sapmachine-jdk-17.0.20-ea.6_macos-x64_bin.dmg,macos,x64,jdk,138
2026-09-26T02:14:35+00:00,sapmachine-17.0.20+6,338866805,True,sapmachine-jre-17.0.20-ea.6_macos-x64_bin.dmg,macos,x64,jre,135
2026-09-26T02:14:35+00:00,sapmachine-17.0.20+6,338866805,True,sapmachine-jdk-17.0.20-ea.6_windows-x64_bin.zip,windows,x64,jdk,727
2026-09-26T02:14:35+00:00,sapmachine-17.0.20+6,338866805,True,sapmachine-jre-17.0.20-ea.6_windows-x64_bin.zip,windows,x64,jre,140
2026-09-26T02:14:35+00:00,sapmachine-17.0.20+6,338866805,True,sapmachine-jdk-17.0.20-ea.6_windows-x64_bin-symbols.tar.gz,windows,x64,jdk,1
2026-09-26T02:14:35+00:00,sapmachine-17.0.20+6,338866805,True,sapmachine-jdk-17.0.20-ea.6_macos-aarch64_bin.tar.gz,macos,aarch64,jdk,1078
2026-09-26T02:14:35+00:00,sapmachine-17.0.20+6,338866805,True,sapmachine-jre-17.0.20-ea.6_macos-aarch64_bin.tar.gz,macos,aarch64,jre,136
2026-09-26T02:14:35+00:00,sapmachine-17.0.20+6,338866805,True,sapmachine-jdk-17.0.20-ea.6_macos-aarch64_bin-symbols.tar.gz,macos,aarch64,jdk,1
2026-09-26T02:14:35+00:00,sapmachine-17.0.20+6,338866805,True,sapmachine-jdk-17.0.20-ea.6_macos-aarch64_bin.dmg,macos,aarch64,jdk,146
2026-09-26T02:14:35+00:00,sapmachine-17.0.20+6,338866805,True,sapmachine-jre-17.0.20-ea.6_macos-aarch64_bin.dmg,macos,aarch64,jre,135
2026-09-26T02:14:35+00:00,sapmachine-21.0.12+6,338333512,True,sapmachine-jdk-21.0.12-ea.6_linux-x64-musl_bin.tar.gz,alpine,x64,jdk,142
2026-09-26T02:14:35+00:00,sapmachine-21.0.12+6,338333512,True,sapmachine-jre-21.0.12-ea.6_linux-x64-musl_bin.tar.gz,alpine,x64,jre,141
2026-09-26T02:14:35+00:00,sapmachine-21.0.12+6,338333512,True,sapmachine-jdk-21.0.12-ea.6_linux-x64-musl_bin-symbols.tar.gz,alpine,x64,jdk,2
2026-09-26T02:14:35+00:00,sapmachine-21.0.12+6,338333512,True,sapmachine-jdk-21.0.12-ea.6_linux-x64_bin.tar.gz,linux,x64,jdk,873
2026-09-26T02:14:35+00:00,sapmachine-21.0.12+6,338333512,True,sapmachine-jre-21.0.12-ea.6_linux-x64_bin.tar.gz,linux,x64,jre,146
2026-09-26T02:14:35+00:00,sapmachine-21.0.12+6,338333512,True,sapmachine-jdk-21.0.12-ea.6_linux-x64_bin-symbols.tar.gz,linux,x64,jdk,2
2026-09-26T02:14:35+00:00,sapmachine-21.0.12+6,338333512,True,sapmachine-jdk-21.0.12-ea.6_macos-aarch64_bin.tar.gz,macos,aarch64,jdk,972
2026-09-26T02:14:35+00:00,sapmachine-21.0.12+6,338333512,True,sapmachine-jre-21.0.12-ea.6_macos-aarch64_bin.tar.gz,macos,aarch64,jre,149
2026-09-26T02:14:35+00:00,sapmachine-21.0.12+6,338333512,True,sapmachine-jdk-21.0.12-ea.6_macos-aarch64_bin-symbols.tar.gz,macos,aarch64,jdk,2
2026-09-26T02:14:35+00:00,sapmachine-21.0.12+6,338333512,True,sapmachine-jdk-21.0.12-ea.6_macos-aarch64_bin.dmg,macos,aarch64,jdk,144
2026-09-26T02:14:35+00:00,sapmachine-21.0.12+6,338333512,True,sapmachine-jre-21.0.12-ea.6_macos-aarch64_bin.dmg,macos,aarch64,jre,144
2026-09-26T02:14:35+00:00,sapmachine-21.0.12+6,338333512,True,sapmachine-jdk-21.0.12-ea.6_macos-x64_bin.tar.gz,macos,x64,jdk,143
2026-09-26T02:14:35+00:00,sapmachine-21.0.12+6,338333512,True,sapmachine-jre-21.0.12-ea.6_macos-x64_bin.tar.gz,macos,x64,jre,141
2026-09-26T02:14:35+00:00,sapmachine-21.0.12+6,338333512,True,sapmachine-jdk-21.0.12-ea.6_macos-x64_bin-symbols.tar.gz,macos,x64,jdk,1
2026-09-26T02:14:35+00:00,sapmachine-21.0.12+6,338333512,True,sapmachine-jdk-21.0.12-ea.6_macos-x64_bin.dmg,macos,x64,jdk,140
2026-09-26T02:14:35+00:00,sapmachine-21.0.12+6,338333512,True,sapmachine-jre-21.0.12-ea.6_macos-x64_bin.dmg,macos,x64,jre,140
2026-09-26T02:14:35+00:00,sapmachine-21.0.12+6,338333512,True,sapmachine-jdk-21.0.12-ea.6_aix-ppc64_bin.tar.gz,aix,ppc64,jdk,139
2026-09-26T02:14:35+00:00,sapmachine-21.0.12+6,338333512,True,sapmachine-jre-21.0.12-ea.6_aix-ppc64_bin.tar.gz,aix,ppc64,jre,141
2026-09-26T02:14:35+00:00,sapmachine-21.0.12+6,338333512,True,sapmachine-jdk-21.0.12-ea.6_aix-ppc64_bin-symbols.tar.gz,aix,ppc64,jdk,1
2026-09-26T02:14:35+00:00,sapmachine-21.0.12+6,338333512,True,sapmachine-jdk-21.0.12-ea.6_linux-ppc64le_bin.tar.gz,linux,ppc64,jdk,145
2026-09-26T02:14:35+00:00,sapmachine-21.0.12+6,338333512,True,sapmachine-jre-21.0.12-ea.6_linux-ppc64le_bin.tar.gz,linux,ppc64,jre,144
2026-09-26T02:14:35+00:00,sapmachine-21.0.12+6,338333512,True,sapmachine-jdk-21.0.12-ea.6_linux-ppc64le_bin-symbols.tar.gz,linux,ppc64,jdk,1
2026-09-26T02:14:35+00:00,sapmachine-21.0.12+6,338333512,True,sapmachine-jdk-21.0.12-ea.6_linux-aarch64_bin.tar.gz,linux,aarch64,jdk,146
2026-09-26T02:14:35+00:00,sapmachine-21.0.12+6,338333512,True,sapmachine-jre-21.0.12-ea.6_linux-aarch64_bin.tar.gz,linux,aarch64,jre,143
2026-09-26T02:14:35+00:00,sapmachine-21.0.12+6,338333512,True,sapmachine-jdk-21.0.12-ea.6_linux-aarch64_bin-symbols.tar.gz,linux,aarch64,jdk,1
2026-09-26T02:14:35+00:00,sapmachine-21.0.12+6,338333512,True,sapmachine-jdk-21.0.12-ea.6_windows-x64_bin.zip,windows,x64,jdk,848
2026-09-26T02:14:35+00:00,sapmachine-21.0.12+6,338333512,True,sapmachine-jre-21.0.12-ea.6_windows-x64_bin.zip,windows,x64,jre,145
2026-09-26T02:14:35+00:00,sapmachine-21.0.12+6,338333512,True,sapmachine-jdk-21.0.12-ea.6_windows-x64_bin-symbols.tar.gz,windows,x64,jdk,1
2026-09-26T02:14:35+00:00,sapmachine-25.0.4+5,338326997,True,sapmachine-jdk-25.0.4-ea.5_aix-ppc64_bin.tar.gz,aix,ppc64,jdk,142
2026-09-26T02:14:35+00:00,sapmachine-25.0.4+5,338326997,True,sapmachine-jre-25.0.4-ea.5_aix-ppc64_bin.tar.gz,aix,ppc64,jre,141
2026-09-26T02:14:35+00:00,sapmachine-25.0.4+5,338326997,True,sapmachine-jdk-25.0.4-ea.5_aix-ppc64_bin-symbols.tar.gz,aix,ppc64,jdk,1
2026-09-26T02:14:35+00:00,sapmachine-25.0.4+5,338326997,True,sapmachine-jdk-25.0.4-ea.5_linux-x64-musl_bin.tar.gz,alpine,x64,jdk,140
2026-09-26T02:14:35+00:00,sapmachine-25.0.4+5,338326997,True,sapmachine-jre-25.0.4-ea.5_linux-x64-musl_bin.tar.gz,alpine,x64,jre,141
2026-09-26T02:14:35+00:00,sapmachine-25.0.4+5,338326997,True,sapmachine-jdk-25.0.4-ea.5_linux-x64-musl_bin-symbols.tar.gz,alpine,x64,jdk,1
2026-09-26T02:14:35+00:00,sapmachine-25.0.4+5,338326997,True,sapmachine-jdk-25.0.4-ea.5_linux-x64_bin.tar.gz,linux,x64,jdk,165
2026-09-26T02:14:35+00:00,sapmachine-25.0.4+5,338326997,True,sapmachine-jre-25.0.4-ea.5_linux-x64_bin.tar.gz,linux,x64,jre,148
2026-09-26T02:14:35+00:00,sapmachine-25.0.4+5,338326997,True,sapmachine-jdk-25.0.4-ea.5_linux-x64_bin-symbols.tar.gz,linux,x64,jdk,1
2026-09-26T02:14:35+00:00,sapmachine-25.0.4+5,338326997,True,sapmachine-jdk-25.0.4-ea.5_linux-ppc64le_bin.tar.gz,linux,ppc64,jdk,147
2026-09-26T02:14:35+00:00,sapmachine-25.0.4+5,338326997,True,sapmachine-jre-25.0.4-ea.5_linux-ppc64le_bin.tar.gz,linux,ppc64,jre,145
2026-09-26T02:14:35+00:00,sapmachine-25.0.4+5,338326997,True,sapmachine-jdk-25.0.4-ea.5_linux-ppc64le_bin-symbols.tar.gz,linux,ppc64,jdk,1
2026-09-26T02:14:35+00:00,sapmachine-25.0.4+5,338326997,True,sapmachine-jdk-25.0.4-ea.5_linux-aarch64_bin.tar.gz,linux,aarch64,jdk,143
2026-09-26T02:14:35+00:00,sapmachine-25.0.4+5,338326997,True,sapmachine-jre-25.0.4-ea.5_linux-aarch64_bin.tar.gz,linux,aarch64,jre,146
2026-09-26T02:14:35+00:00,sapmachine-25.0.4+5,338326997,True,sapmachine-jdk-25.0.4-ea.5_linux-aarch64_bin-symbols.tar.gz,linux,aarch64,jdk,1
2026-09-26T02:14:35+00:00,sapmachine-25.0.4+5,338326997,True,sapmachine-jdk-25.0.4-ea.5_windows-x64_bin.zip,windows,x64,jdk,151
2026-09-26T02:14:35+00:00,sapmachine-25.0.4+5,338326997,True,sapmachine-jre-25.0.4-ea.5_windows-x64_bin.zip,windows,x64,jre,145
2026-09-26T02:14:35+00:00,sapmachine-25.0.4+5,338326997,True,sapmachine-jdk-25.0.4-ea.5_windows-x64_bin-symbols.tar.gz,windows,x64,jdk,1
2026-09-26T02:14:35+00:00,sapmachine-25.0.4+5,338326997,True,sapmachine-jdk-25.0.4-ea.5_macos-aarch64_bin.tar.gz,macos,aarch64,jdk,150
2026-09-26T02:14:35+00:00,sapmachine-25.0.4+5,338326997,True,sapmachine-jre-25.0.4-ea.5_macos-aarch64_bin.tar.gz,macos,aarch64,jre,141
2026-09-26T02:14:35+00:00,sapmachine-25.0.4+5,338326997,True,sapmachine-jdk-25.0.4-ea.5_macos-aarch64_bin-symbols.tar.gz,macos,aarch64,jdk,1
2026-09-26T02:14:35+00:00,sapmachine-25.0.4+5,338326997,True,sapmachine-jdk-25.0.4-ea.5_macos-aarch64_bin.dmg,macos,aarch64,jdk,143
2026-09-26T02:14:35+00:00,sapmachine-25.0.4+5,338326997,True,sapmachine-jre-25.0.4-ea.5_macos-aarch64_bin.dmg,macos,aarch64,jre,140
2026-09-26T02:14:35+00:00,sapmachine-28+1,338325526,True,sapmachine-jdk-28-ea.1_macos-aarch64_bin.tar.gz,macos,aarch64,jdk,138
2026-09-26T02:14:35+00:00,sapmachine-28+1,338325526,True,sapmachine-jre-28-ea.1_macos-aarch64_bin.tar.gz,macos,aarch64,jre,139
2026-09-26T02:14:35+00:00,sapmachine-28+1,338325526,True,sapmachine-jdk-28-ea.1_macos-aarch64_bin-symbols.tar.gz,macos,aarch64,jdk,2
2026-09-26T02:14:35+00:00,sapmachine-28+1,338325526,True,sapmachine-jdk-28-ea.1_macos-aarch64_bin.dmg,macos,aarch64,jdk,138
2026-09-26T02:14:35+00:00,sapmachine-28+1,338325526,True,sapmachine-jre-28-ea.1_macos-aarch64_bin.dmg,macos,aarch64,jre,139
2026-09-26T02:14:35+00:00,sapmachine-28+1,338325526,True,sapmachine-jdk-28-ea.1_linux-x64-musl_bin.tar.gz,alpine,x64,jdk,139
2026-09-26T02:14:35+00:00,sapmachine-28+1,338325526,True,sapmachine-jre-28-ea.1_linux-x64-musl_bin.tar.gz,alpine,x64,jre,141
2026-09-26T02:14:35+00:00,sapmachine-28+1,338325526,True,sapmachine-jdk-28-ea.1_linux-x64-musl_bin-symbols.tar.gz,alpine,x64,jdk,2
2026-09-26T02:14:35+00:00,sapmachine-28+1,338325526,True,sapmachine-jdk-28-ea.1_linux-x64_bin.tar.gz,linux,x64,jdk,140
2026-09-26T02:14:35+00:00,sapmachine-28+1,338325526,True,sapmachine-jre-28-ea.1_linux-x64_bin.tar.gz,linux,x64,jre,141
2026-09-26T02:14:35+00:00,sapmachine-28+1,338325526,True,sapmachine-jdk-28-ea.1_linux-x64_bin-symbols.tar.gz,linux,x64,jdk,1
2026-09-26T02:14:35+00:00,sapmachine-28+1,338325526,True,sapmachine-jdk-28-ea.1_linux-aarch64_bin.tar.gz,linux,aarch64,jdk,141
2026-09-26T02:14:35+00:00,sapmachine-28+1,338325526,True,sapmachine-jre-28-ea.1_linux-aarch64_bin.tar.gz,linux,aarch64,jre,140
2026-09-26T02:14:35+00:00,sapmachine-28+1,338325526,True,sapmachine-jdk-28-ea.1_linux-aarch64_bin-symbols.tar.gz,linux,aarch64,jdk,1
2026-09-26T02:14:35+00:00,sapmachine-28+1,338325526,True,sapmachine-jdk-28-ea.1_linux-ppc64le_bin.tar.gz,linux,ppc64,jdk,140
2026-09-26T02:14:35+00:00,sapmachine-28+1,338325526,True,sapmachine-jre-28-ea.1_linux-ppc64le_bin.tar.gz,linux,ppc64,jre,139
2026-09-26T02:14:35+00:00,sapmachine-28+1,338325526,True,sapmachine-jdk-28-ea.1_linux-ppc64le_bin-symbols.tar.gz,linux,ppc64,jdk,1
2026-09-26T02:14:35+00:00,sapmachine-28+1,338325526,True,sapmachine-jdk-28-ea.1_aix-ppc64_bin.tar.gz,aix,ppc64,jdk,137
2026-09-26T02:14:35+00:00,sapmachine-28+1,338325526,True,sapmachine-jre-28-ea.1_aix-ppc64_bin.tar.gz,aix,ppc64,jre,136
2026-09-26T02:14:35+00:00,sapmachine-28+1,338325526,True,sapmachine-jdk-28-ea.1_aix-ppc64_bin-symbols.tar.gz,aix,ppc64,jdk,1
2026-09-26T02:14:35+00:00,sapmachine-28+1,338325526,True,sapmachine-jdk-28-ea.1_windows-x64_bin.zip,windows,x64,jdk,138
2026-09-26T02:14:35+00:00,sapmachine-28+1,338325526,True,sapmachine-jre-28-ea.1_windows-x64_bin.zip,windows,x64,jre,141
2026-09-26T02:14:35+00:00,sapmachine-28+1,338325526,True,sapmachine-jdk-28-ea.1_windows-x64_bin-symbols.tar.gz,windows,x64,jdk,1
2026-09-26T02:14:35+00:00,sapmachine-17.0.20+5,336315864,True,sapmachine-jdk-17.0.20-ea.5_linux-x64_bin.tar.gz,linux,x64,jdk,279
2026-09-26T02:14:35+00:00,sapmachine-17.0.20+5,336315864,True,sapmachine-jre-17.0.20-ea.5_linux-x64_bin.tar.gz,linux,x64,jre,144
2026-09-26T02:14:35+00:00,sapmachine-17.0.20+5,336315864,True,sapmachine-jdk-17.0.20-ea.5_linux-x64_bin-symbols.tar.gz,linux,x64,jdk,2
2026-09-26T02:14:35+00:00,sapmachine-17.0.20+5,336315864,True,sapmachine-jdk-17.0.20-ea.5_linux-x64-musl_bin.tar.gz,alpine,x64,jdk,140
2026-09-26T02:14:35+00:00,sapmachine-17.0.20+5,336315864,True,sapmachine-jre-17.0.20-ea.5_linux-x64-musl_bin.tar.gz,alpine,x64,jre,138
2026-09-26T02:14:35+00:00,sapmachine-17.0.20+5,336315864,True,sapmachine-jdk-17.0.20-ea.5_linux-x64-musl_bin-symbols.tar.gz,alpine,x64,jdk,2
2026-09-26T02:14:35+00:00,sapmachine-17.0.20+5,336315864,True,sapmachine-jdk-17.0.20-ea.5_linux-ppc64le_bin.tar.gz,linux,ppc64,jdk,142
2026-09-26T02:14:35+00:00,sapmachine-17.0.20+5,336315864,True,sapmachine-jre-17.0.20-ea.5_linux-ppc64le_bin.tar.gz,linux,ppc64,jre,143
2026-09-26T02:14:35+00:00,sapmachine-17.0.20+5,336315864,True,sapmachine-jdk-17.0.20-ea.5_linux-ppc64le_bin-symbols.tar.gz,linux,ppc64,jdk,1
2026-09-26T02:14:35+00:00,sapmachine-17.0.20+5,336315864,True,sapmachine-jdk-17.0.20-ea.5_macos-aarch64_bin.tar.gz,macos,aarch64,jdk,470
2026-09-26T02:14:35+00:00,sapmachine-17.0.20+5,336315864,True,sapmachine-jre-17.0.20-ea.5_macos-aarch64_bin.tar.gz,macos,aarch64,jre,140
2026-09-26T02:14:35+00:00,sapmachine-17.0.20+5,336315864,True,sapmachine-jdk-17.0.20-ea.5_macos-aarch64_bin-symbols.tar.gz,macos,aarch64,jdk,1
2026-09-26T02:14:35+00:00,sapmachine-17.0.20+5,336315864,True,sapmachine-jdk-17.0.20-ea.5_macos-aarch64_bin.dmg,macos,aarch64,jdk,139
2026-09-26T02:14:35+00:00,sapmachine-17.0.20+5,336315864,True,sapmachine-jre-17.0.20-ea.5_macos-aarch64_bin.dmg,macos,aarch64,jre,139
2026-09-26T02:14:35+00:00,sapmachine-17.0.20+5,336315864,True,sapmachine-jdk-17.0.20-ea.5_linux-aarch64_bin.tar.gz,linux,aarch64,jdk,144
2026-09-26T02:14:35+00:00,sapmachine-17.0.20+5,336315864,True,sapmachine-jre-17.0.20-ea.5_linux-aarch64_bin.tar.gz,linux,aarch64,jre,141
2026-09-26T02:14:35+00:00,sapmachine-17.0.20+5,336315864,True,sapmachine-jdk-17.0.20-ea.5_linux-aarch64_bin-symbols.tar.gz,linux,aarch64,jdk,1
2026-09-26T02:14:35+00:00,sapmachine-17.0.20+5,336315864,True,sapmachine-jdk-17.0.20-ea.5_windows-x64_bin.zip,windows,x64,jdk,270
2026-09-26T02:14:35+00:00,sapmachine-17.0.20+5,336315864,True,sapmachine-jre-17.0.20-ea.5_windows-x64_bin.zip,windows,x64,jre,143
2026-09-26T02:14:35+00:00,sapmachine-17.0.20+5,336315864,True,sapmachine-jdk-17.0.20-ea.5_windows-x64_bin-symbols.tar.gz,windows,x64,jdk,2
2026-09-26T02:14:35+00:00,sapmachine-17.0.20+5,336315864,True,sapmachine-jdk-17.0.20-ea.5_macos-x64_bin.tar.gz,macos,x64,jdk,137
2026-09-26T02:14:35+00:00,sapmachine-17.0.20+5,336315864,True,sapmachine-jre-17.0.20-ea.5_macos-x64_bin.tar.gz,macos,x64,jre,137
2026-09-26T02:14:35+00:00,sapmachine-17.0.20+5,336315864,True,sapmachine-jdk-17.0.20-ea.5_macos-x64_bin-symbols.tar.gz,macos,x64,jdk,1
2026-09-26T02:14:35+00:00,sapmachine-17.0.20+5,336315864,True,sapmachine-jdk-17.0.20-ea.5_macos-x64_bin.dmg,macos,x64,jdk,137
2026-09-26T02:14:35+00:00,sapmachine-17.0.20+5,336315864,True,sapmachine-jre-17.0.20-ea.5_macos-x64_bin.dmg,macos,x64,jre,136
2026-09-26T02:14:35+00:00,sapmachine-21.0.12+5,336313636,True,sapmachine-jdk-21.0.12-ea.5_aix-ppc64_bin.tar.gz,aix,ppc64,jdk,139
2026-09-26T02:14:35+00:00,sapmachine-21.0.12+5,336313636,True,sapmachine-jre-21.0.12-ea.5_aix-ppc64_bin.tar.gz,aix,ppc64,jre,140
2026-09-26T02:14:35+00:00,sapmachine-21.0.12+5,336313636,True,sapmachine-jdk-21.0.12-ea.5_aix-ppc64_bin-symbols.tar.gz,aix,ppc64,jdk,2
2026-09-26T02:14:35+00:00,sapmachine-21.0.12+5,336313636,True,sapmachine-jdk-21.0.12-ea.5_linux-x64-musl_bin.tar.gz,alpine,x64,jdk,138
2026-09-26T02:14:35+00:00,sapmachine-21.0.12+5,336313636,True,sapmachine-jre-21.0.12-ea.5_linux-x64-musl_bin.tar.gz,alpine,x64,jre,138
2026-09-26T02:14:35+00:00,sapmachine-21.0.12+5,336313636,True,sapmachine-jdk-21.0.12-ea.5_linux-x64-musl_bin-symbols.tar.gz,alpine,x64,jdk,2
2026-09-26T02:14:35+00:00,sapmachine-21.0.12+5,336313636,True,sapmachine-jdk-21.0.12-ea.5_linux-x64_bin.tar.gz,linux,x64,jdk,214
2026-09-26T02:14:35+00:00,sapmachine-21.0.12+5,336313636,True,sapmachine-jre-21.0.12-ea.5_linux-x64_bin.tar.gz,linux,x64,jre,142
2026-09-26T02:14:35+00:00,sapmachine-21.0.12+5,336313636,True,sapmachine-jdk-21.0.12-ea.5_linux-x64_bin-symbols.tar.gz,linux,x64,jdk,1
2026-09-26T02:14:35+00:00,sapmachine-21.0.12+5,336313636,True,sapmachine-jdk-21.0.12-ea.5_macos-aarch64_bin.tar.gz,macos,aarch64,jdk,256
2026-09-26T02:14:35+00:00,sapmachine-21.0.12+5,336313636,True,sapmachine-jre-21.0.12-ea.5_macos-aarch64_bin.tar.gz,macos,aarch64,jre,144
2026-09-26T02:14:35+00:00,sapmachine-21.0.12+5,336313636,True,sapmachine-jdk-21.0.12-ea.5_macos-aarch64_bin-symbols.tar.gz,macos,aarch64,jdk,1
2026-09-26T02:14:35+00:00,sapmachine-21.0.12+5,336313636,True,sapmachine-jdk-21.0.12-ea.5_macos-aarch64_bin.dmg,macos,aarch64,jdk,137
2026-09-26T02:14:35+00:00,sapmachine-21.0.12+5,336313636,True,sapmachine-jre-21.0.12-ea.5_macos-aarch64_bin.dmg,macos,aarch64,jre,138
2026-09-26T02:14:35+00:00,sapmachine-21.0.12+5,336313636,True,sapmachine-jdk-21.0.12-ea.5_linux-ppc64le_bin.tar.gz,linux,ppc64,jdk,141
2026-09-26T02:14:35+00:00,sapmachine-21.0.12+5,336313636,True,sapmachine-jre-21.0.12-ea.5_linux-ppc64le_bin.tar.gz,linux,ppc64,jre,141
2026-09-26T02:14:35+00:00,sapmachine-21.0.12+5,336313636,True,sapmachine-jdk-21.0.12-ea.5_linux-ppc64le_bin-symbols.tar.gz,linux,ppc64,jdk,1
2026-09-26T02:14:35+00:00,sapmachine-21.0.12+5,336313636,True,sapmachine-jdk-21.0.12-ea.5_linux-aarch64_bin.tar.gz,linux,aarch64,jdk,141
2026-09-26T02:14:35+00:00,sapmachine-21.0.12+5,336313636,True,sapmachine-jre-21.0.12-ea.5_linux-aarch64_bin.tar.gz,linux,aarch64,jre,140
2026-09-26T02:14:35+00:00,sapmachine-21.0.12+5,336313636,True,sapmachine-jdk-21.0.12-ea.5_linux-aarch64_bin-symbols.tar.gz,linux,aarch64,jdk,1
2026-09-26T02:14:35+00:00,sapmachine-21.0.12+5,336313636,True,sapmachine-jdk-21.0.12-ea.5_windows-x64_bin.zip,windows,x64,jdk,214
2026-09-26T02:14:35+00:00,sapmachine-21.0.12+5,336313636,True,sapmachine-jre-21.0.12-ea.5_windows-x64_bin.zip,windows,x64,jre,142
2026-09-26T02:14:35+00:00,sapmachine-21.0.12+5,336313636,True,sapmachine-jdk-21.0.12-ea.5_windows-x64_bin-symbols.tar.gz,windows,x64,jdk,1
2026-09-26T02:14:35+00:00,sapmachine-21.0.12+5,336313636,True,sapmachine-jdk-21.0.12-ea.5_macos-x64_bin.tar.gz,macos,x64,jdk,138
2026-09-26T02:14:35+00:00,sapmachine-21.0.12+5,336313636,True,sapmachine-jre-21.0.12-ea.5_macos-x64_bin.tar.gz,macos,x64,jre,136
2026-09-26T02:14:35+00:00,sapmachine-21.0.12+5,336313636,True,sapmachine-jdk-21.0.12-ea.5_macos-x64_bin-symbols.tar.gz,macos,x64,jdk,1
2026-09-26T02:14:35+00:00,sapmachine-21.0.12+5,336313636,True,sapmachine-jdk-21.0.12-ea.5_macos-x64_bin.dmg,macos,x64,jdk,136
2026-09-26T02:14:35+00:00,sapmachine-21.0.12+5,336313636,True,sapmachine-jre-21.0.12-ea.5_macos-x64_bin.dmg,macos,x64,jre,137
2026-09-26T02:14:35+00:00,sapmachine-25.0.4+4,336311152,True,sapmachine-jdk-25.0.4-ea.4_linux-x64_bin.tar.gz,linux,x64,jdk,146
2026-09-26T02:14:35+00:00,sapmachine-25.0.4+4,336311152,True,sapmachine-jre-25.0.4-ea.4_linux-x64_bin.tar.gz,linux,x64,jre,143
2026-09-26T02:14:35+00:00,sapmachine-25.0.4+4,336311152,True,sapmachine-jdk-25.0.4-ea.4_linux-x64_bin-symbols.tar.gz,linux,x64,jdk,2
2026-09-26T02:14:35+00:00,sapmachine-25.0.4+4,336311152,True,sapmachine-jdk-25.0.4-ea.4_macos-aarch64_bin.tar.gz,macos,aarch64,jdk,145
2026-09-26T02:14:35+00:00,sapmachine-25.0.4+4,336311152,True,sapmachine-jre-25.0.4-ea.4_macos-aarch64_bin.tar.gz,macos,aarch64,jre,140
2026-09-26T02:14:35+00:00,sapmachine-25.0.4+4,336311152,True,sapmachine-jdk-25.0.4-ea.4_macos-aarch64_bin-symbols.tar.gz,macos,aarch64,jdk,2
2026-09-26T02:14:35+00:00,sapmachine-25.0.4+4,336311152,True,sapmachine-jdk-25.0.4-ea.4_macos-aarch64_bin.dmg,macos,aarch64,jdk,138
2026-09-26T02:14:35+00:00,sapmachine-25.0.4+4,336311152,True,sapmachine-jre-25.0.4-ea.4_macos-aarch64_bin.dmg,macos,aarch64,jre,140
2026-09-26T02:14:35+00:00,sapmachine-25.0.4+4,336311152,True,sapmachine-jdk-25.0.4-ea.4_aix-ppc64_bin.tar.gz,aix,ppc64,jdk,138
2026-09-26T02:14:35+00:00,sapmachine-25.0.4+4,336311152,True,sapmachine-jre-25.0.4-ea.4_aix-ppc64_bin.tar.gz,aix,ppc64,jre,137
2026-09-26T02:14:35+00:00,sapmachine-25.0.4+4,336311152,True,sapmachine-jdk-25.0.4-ea.4_aix-ppc64_bin-symbols.tar.gz,aix,ppc64,jdk,2
2026-09-26T02:14:35+00:00,sapmachine-25.0.4+4,336311152,True,sapmachine-jdk-25.0.4-ea.4_linux-x64-musl_bin.tar.gz,alpine,x64,jdk,138
2026-09-26T02:14:35+00:00,sapmachine-25.0.4+4,336311152,True,sapmachine-jre-25.0.4-ea.4_linux-x64-musl_bin.tar.gz,alpine,x64,jre,137
2026-09-26T02:14:35+00:00,sapmachine-25.0.4+4,336311152,True,sapmachine-jdk-25.0.4-ea.4_linux-x64-musl_bin-symbols.tar.gz,alpine,x64,jdk,1
2026-09-26T02:14:35+00:00,sapmachine-25.0.4+4,336311152,True,sapmachine-jdk-25.0.4-ea.4_linux-ppc64le_bin.tar.gz,linux,ppc64,jdk,140
2026-09-26T02:14:35+00:00,sapmachine-25.0.4+4,336311152,True,sapmachine-jre-25.0.4-ea.4_linux-ppc64le_bin.tar.gz,linux,ppc64,jre,144
2026-09-26T02:14:35+00:00,sapmachine-25.0.4+4,336311152,True,sapmachine-jdk-25.0.4-ea.4_linux-ppc64le_bin-symbols.tar.gz,linux,ppc64,jdk,1
2026-09-26T02:14:35+00:00,sapmachine-25.0.4+4,336311152,True,sapmachine-jdk-25.0.4-ea.4_linux-aarch64_bin.tar.gz,linux,aarch64,jdk,139
2026-09-26T02:14:35+00:00,sapmachine-25.0.4+4,336311152,True,sapmachine-jre-25.0.4-ea.4_linux-aarch64_bin.tar.gz,linux,aarch64,jre,141
2026-09-26T02:14:35+00:00,sapmachine-25.0.4+4,336311152,True,sapmachine-jdk-25.0.4-ea.4_linux-aarch64_bin-symbols.tar.gz,linux,aarch64,jdk,1
2026-09-26T02:14:35+00:00,sapmachine-25.0.4+4,336311152,True,sapmachine-jdk-25.0.4-ea.4_windows-x64_bin.zip,windows,x64,jdk,142
2026-09-26T02:14:35+00:00,sapmachine-25.0.4+4,336311152,True,sapmachine-jre-25.0.4-ea.4_windows-x64_bin.zip,windows,x64,jre,140
2026-09-26T02:14:35+00:00,sapmachine-25.0.4+4,336311152,True,sapmachine-jdk-25.0.4-ea.4_windows-x64_bin-symbols.tar.gz,windows,x64,jdk,1
2026-09-26T02:14:35+00:00,sapmachine-27+25,336310460,True,sapmachine-jdk-27-ea.25_linux-x64-musl_bin.tar.gz,alpine,x64,jdk,138
2026-09-26T02:14:35+00:00,sapmachine-27+25,336310460,True,sapmachine-jre-27-ea.25_linux-x64-musl_bin.tar.gz,alpine,x64,jre,138
2026-09-26T02:14:35+00:00,sapmachine-27+25,336310460,True,sapmachine-jdk-27-ea.25_linux-x64-musl_bin-symbols.tar.gz,alpine,x64,jdk,2
2026-09-26T02:14:35+00:00,sapmachine-27+25,336310460,True,sapmachine-jdk-27-ea.25_linux-x64_bin.tar.gz,linux,x64,jdk,142
2026-09-26T02:14:35+00:00,sapmachine-27+25,336310460,True,sapmachine-jre-27-ea.25_linux-x64_bin.tar.gz,linux,x64,jre,142
2026-09-26T02:14:35+00:00,sapmachine-27+25,336310460,True,sapmachine-jdk-27-ea.25_linux-x64_bin-symbols.tar.gz,linux,x64,jdk,1
2026-09-26T02:14:35+00:00,sapmachine-27+25,336310460,True,sapmachine-jdk-27-ea.25_linux-ppc64le_bin.tar.gz,linux,ppc64,jdk,140
2026-09-26T02:14:35+00:00,sapmachine-27+25,336310460,True,sapmachine-jre-27-ea.25_linux-ppc64le_bin.tar.gz,linux,ppc64,jre,140
2026-09-26T02:14:35+00:00,sapmachine-27+25,336310460,True,sapmachine-jdk-27-ea.25_linux-ppc64le_bin-symbols.tar.gz,linux,ppc64,jdk,1
2026-09-26T02:14:35+00:00,sapmachine-27+25,336310460,True,sapmachine-jdk-27-ea.25_linux-aarch64_bin.tar.gz,linux,aarch64,jdk,143
2026-09-26T02:14:35+00:00,sapmachine-27+25,336310460,True,sapmachine-jre-27-ea.25_linux-aarch64_bin.tar.gz,linux,aarch64,jre,142
2026-09-26T02:14:35+00:00,sapmachine-27+25,336310460,True,sapmachine-jdk-27-ea.25_linux-aarch64_bin-symbols.tar.gz,linux,aarch64,jdk,1
2026-09-26T02:14:35+00:00,sapmachine-27+25,336310460,True,sapmachine-jdk-27-ea.25_macos-aarch64_bin.tar.gz,macos,aarch64,jdk,147
2026-09-26T02:14:35+00:00,sapmachine-27+25,336310460,True,sapmachine-jre-27-ea.25_macos-aarch64_bin.tar.gz,macos,aarch64,jre,140
2026-09-26T02:14:35+00:00,sapmachine-27+25,336310460,True,sapmachine-jdk-27-ea.25_macos-aarch64_bin-symbols.tar.gz,macos,aarch64,jdk,1
2026-09-26T02:14:35+00:00,sapmachine-27+25,336310460,True,sapmachine-jdk-27-ea.25_macos-aarch64_bin.dmg,macos,aarch64,jdk,143
2026-09-26T02:14:35+00:00,sapmachine-27+25,336310460,True,sapmachine-jre-27-ea.25_macos-aarch64_bin.dmg,macos,aarch64,jre,139
2026-09-26T02:14:35+00:00,sapmachine-27+25,336310460,True,sapmachine-jdk-27-ea.25_windows-x64_bin.zip,windows,x64,jdk,141
2026-09-26T02:14:35+00:00,sapmachine-27+25,336310460,True,sapmachine-jre-27-ea.25_windows-x64_bin.zip,windows,x64,jre,143
2026-09-26T02:14:35+00:00,sapmachine-27+25,336310460,True,sapmachine-jdk-27-ea.25_windows-x64_bin-symbols.tar.gz,windows,x64,jdk,2
2026-09-26T02:14:35+00:00,sapmachine-27+25,336310460,True,sapmachine-jdk-27-ea.25_aix-ppc64_bin.tar.gz,aix,ppc64,jdk,136
2026-09-26T02:14:35+00:00,sapmachine-27+25,336310460,True,sapmachine-jre-27-ea.25_aix-ppc64_bin.tar.gz,aix,ppc64,jre,136
2026-09-26T02:14:35+00:00,sapmachine-27+25,336310460,True,sapmachine-jdk-27-ea.25_aix-ppc64_bin-symbols.tar.gz,aix,ppc64,jdk,1
2026-09-26T02:14:35+00:00,sapmachine-27+24,334077931,True,sapmachine-jdk-27-ea.24_linux-x64-musl_bin.tar.gz,alpine,x64,jdk,140
2026-09-26T02:14:35+00:00,sapmachine-27+24,334077931,True,sapmachine-jre-27-ea.24_linux-x64-musl_bin.tar.gz,alpine,x64,jre,139
2026-09-26T02:14:35+00:00,sapmachine-27+24,334077931,True,sapmachine-jdk-27-ea.24_linux-x64-musl_bin-symbols.tar.gz,alpine,x64,jdk,1
2026-09-26T02:14:35+00:00,sapmachine-27+24,334077931,True,sapmachine-jdk-27-ea.24_macos-aarch64_bin.tar.gz,macos,aarch64,jdk,148
2026-09-26T02:14:35+00:00,sapmachine-27+24,334077931,True,sapmachine-jre-27-ea.24_macos-aarch64_bin.tar.gz,macos,aarch64,jre,145
2026-09-26T02:14:35+00:00,sapmachine-27+24,334077931,True,sapmachine-jdk-27-ea.24_macos-aarch64_bin-symbols.tar.gz,macos,aarch64,jdk,1
2026-09-26T02:14:35+00:00,sapmachine-27+24,334077931,True,sapmachine-jdk-27-ea.24_macos-aarch64_bin.dmg,macos,aarch64,jdk,148
2026-09-26T02:14:35+00:00,sapmachine-27+24,334077931,True,sapmachine-jre-27-ea.24_macos-aarch64_bin.dmg,macos,aarch64,jre,141
2026-09-26T02:14:35+00:00,sapmachine-27+24,334077931,True,sapmachine-jdk-27-ea.24_linux-x64_bin.tar.gz,linux,x64,jdk,143
2026-09-26T02:14:35+00:00,sapmachine-27+24,334077931,True,sapmachine-jre-27-ea.24_linux-x64_bin.tar.gz,linux,x64,jre,141
2026-09-26T02:14:35+00:00,sapmachine-27+24,334077931,True,sapmachine-jdk-27-ea.24_linux-x64_bin-symbols.tar.gz,linux,x64,jdk,1
2026-09-26T02:14:35+00:00,sapmachine-27+24,334077931,True,sapmachine-jdk-27-ea.24_aix-ppc64_bin.tar.gz,aix,ppc64,jdk,138
2026-09-26T02:14:35+00:00,sapmachine-27+24,334077931,True,sapmachine-jre-27-ea.24_aix-ppc64_bin.tar.gz,aix,ppc64,jre,141
2026-09-26T02:14:35+00:00,sapmachine-27+24,334077931,True,sapmachine-jdk-27-ea.24_aix-ppc64_bin-symbols.tar.gz,aix,ppc64,jdk,1
2026-09-26T02:14:35+00:00,sapmachine-27+24,334077931,True,sapmachine-jdk-27-ea.24_linux-aarch64_bin.tar.gz,linux,aarch64,jdk,145
2026-09-26T02:14:35+00:00,sapmachine-27+24,334077931,True,sapmachine-jre-27-ea.24_linux-aarch64_bin.tar.gz,linux,aarch64,jre,142
2026-09-26T02:14:35+00:00,sapmachine-27+24,334077931,True,sapmachine-jdk-27-ea.24_linux-aarch64_bin-symbols.tar.gz,linux,aarch64,jdk,1
2026-09-26T02:14:35+00:00,sapmachine-27+24,334077931,True,sapmachine-jdk-27-ea.24_linux-ppc64le_bin.tar.gz,linux,ppc64,jdk,142
2026-09-26T02:14:35+00:00,sapmachine-27+24,334077931,True,sapmachine-jre-27-ea.24_linux-ppc64le_bin.tar.gz,linux,ppc64,jre,141
2026-09-26T02:14:35+00:00,sapmachine-27+24,334077931,True,sapmachine-jdk-27-ea.24_linux-ppc64le_bin-symbols.tar.gz,linux,ppc64,jdk,1
2026-09-26T02:14:35+00:00,sapmachine-27+24,334077931,True,sapmachine-jdk-27-ea.24_windows-x64_bin.zip,windows,x64,jdk,141
2026-09-26T02:14:35+00:00,sapmachine-27+24,334077931,True,sapmachine-jre-27-ea.24_windows-x64_bin.zip,windows,x64,jre,142
2026-09-26T02:14:35+00:00,sapmachine-27+24,334077931,True,sapmachine-jdk-27-ea.24_windows-x64_bin-symbols.tar.gz,windows,x64,jdk,1
2026-09-26T02:14:35+00:00,sapmachine-17.0.20+4,332851414,True,sapmachine-jdk-17.0.20-ea.4_linux-x64-musl_bin.tar.gz,alpine,x64,jdk,140
2026-09-26T02:14:35+00:00,sapmachine-17.0.20+4,332851414,True,sapmachine-jre-17.0.20-ea.4_linux-x64-musl_bin.tar.gz,alpine,x64,jre,139
2026-09-26T02:14:35+00:00,sapmachine-17.0.20+4,332851414,True,sapmachine-jdk-17.0.20-ea.4_linux-x64-musl_bin-symbols.tar.gz,alpine,x64,jdk,2
2026-09-26T02:14:35+00:00,sapmachine-17.0.20+4,332851414,True,sapmachine-jdk-17.0.20-ea.4_linux-x64_bin.tar.gz,linux,x64,jdk,324
2026-09-26T02:14:35+00:00,sapmachine-17.0.20+4,332851414,True,sapmachine-jre-17.0.20-ea.4_linux-x64_bin.tar.gz,linux,x64,jre,146
2026-09-26T02:14:35+00:00,sapmachine-17.0.20+4,332851414,True,sapmachine-jdk-17.0.20-ea.4_linux-x64_bin-symbols.tar.gz,linux,x64,jdk,2
2026-09-26T02:14:35+00:00,sapmachine-17.0.20+4,332851414,True,sapmachine-jdk-17.0.20-ea.4_macos-aarch64_bin.tar.gz,macos,aarch64,jdk,514
2026-09-26T02:14:35+00:00,sapmachine-17.0.20+4,332851414,True,sapmachine-jre-17.0.20-ea.4_macos-aarch64_bin.tar.gz,macos,aarch64,jre,146
2026-09-26T02:14:35+00:00,sapmachine-17.0.20+4,332851414,True,sapmachine-jdk-17.0.20-ea.4_macos-aarch64_bin-symbols.tar.gz,macos,aarch64,jdk,1
2026-09-26T02:14:35+00:00,sapmachine-17.0.20+4,332851414,True,sapmachine-jdk-17.0.20-ea.4_macos-aarch64_bin.dmg,macos,aarch64,jdk,147
2026-09-26T02:14:35+00:00,sapmachine-17.0.20+4,332851414,True,sapmachine-jre-17.0.20-ea.4_macos-aarch64_bin.dmg,macos,aarch64,jre,142
2026-09-26T02:14:35+00:00,sapmachine-17.0.20+4,332851414,True,sapmachine-jdk-17.0.20-ea.4_linux-ppc64le_bin.tar.gz,linux,ppc64,jdk,142
2026-09-26T02:14:35+00:00,sapmachine-17.0.20+4,332851414,True,sapmachine-jre-17.0.20-ea.4_linux-ppc64le_bin.tar.gz,linux,ppc64,jre,141
2026-09-26T02:14:35+00:00,sapmachine-17.0.20+4,332851414,True,sapmachine-jdk-17.0.20-ea.4_linux-ppc64le_bin-symbols.tar.gz,linux,ppc64,jdk,1
2026-09-26T02:14:35+00:00,sapmachine-17.0.20+4,332851414,True,sapmachine-jdk-17.0.20-ea.4_linux-aarch64_bin.tar.gz,linux,aarch64,jdk,142
2026-09-26T02:14:35+00:00,sapmachine-17.0.20+4,332851414,True,sapmachine-jre-17.0.20-ea.4_linux-aarch64_bin.tar.gz,linux,aarch64,jre,140
2026-09-26T02:14:35+00:00,sapmachine-17.0.20+4,332851414,True,sapmachine-jdk-17.0.20-ea.4_linux-aarch64_bin-symbols.tar.gz,linux,aarch64,jdk,1
2026-09-26T02:14:35+00:00,sapmachine-17.0.20+4,332851414,True,sapmachine-jdk-17.0.20-ea.4_macos-x64_bin.tar.gz,macos,x64,jdk,140
2026-09-26T02:14:35+00:00,sapmachine-17.0.20+4,332851414,True,sapmachine-jre-17.0.20-ea.4_macos-x64_bin.tar.gz,macos,x64,jre,139
2026-09-26T02:14:35+00:00,sapmachine-17.0.20+4,332851414,True,sapmachine-jdk-17.0.20-ea.4_macos-x64_bin-symbols.tar.gz,macos,x64,jdk,1
2026-09-26T02:14:35+00:00,sapmachine-17.0.20+4,332851414,True,sapmachine-jdk-17.0.20-ea.4_macos-x64_bin.dmg,macos,x64,jdk,141
2026-09-26T02:14:35+00:00,sapmachine-17.0.20+4,332851414,True,sapmachine-jre-17.0.20-ea.4_macos-x64_bin.dmg,macos,x64,jre,139
2026-09-26T02:14:35+00:00,sapmachine-17.0.20+4,332851414,True,sapmachine-jdk-17.0.20-ea.4_windows-x64_bin.zip,windows,x64,jdk,320
2026-09-26T02:14:35+00:00,sapmachine-17.0.20+4,332851414,True,sapmachine-jre-17.0.20-ea.4_windows-x64_bin.zip,windows,x64,jre,141
2026-09-26T02:14:35+00:00,sapmachine-17.0.20+4,332851414,True,sapmachine-jdk-17.0.20-ea.4_windows-x64_bin-symbols.tar.gz,windows,x64,jdk,1
2026-09-26T02:14:35+00:00,sapmachine-21.0.12+4,332848230,True,sapmachine-jdk-21.0.12-ea.4_linux-x64_bin.tar.gz,linux,x64,jdk,320
2026-09-26T02:14:35+00:00,sapmachine-21.0.12+4,332848230,True,sapmachine-jre-21.0.12-ea.4_linux-x64_bin.tar.gz,linux,x64,jre,142
2026-09-26T02:14:35+00:00,sapmachine-21.0.12+4,332848230,True,sapmachine-jdk-21.0.12-ea.4_linux-x64_bin-symbols.tar.gz,linux,x64,jdk,1
2026-09-26T02:14:35+00:00,sapmachine-21.0.12+4,332848230,True,sapmachine-jdk-21.0.12-ea.4_aix-ppc64_bin.tar.gz,aix,ppc64,jdk,140
2026-09-26T02:14:35+00:00,sapmachine-21.0.12+4,332848230,True,sapmachine-jre-21.0.12-ea.4_aix-ppc64_bin.tar.gz,aix,ppc64,jre,140
2026-09-26T02:14:35+00:00,sapmachine-21.0.12+4,332848230,True,sapmachine-jdk-21.0.12-ea.4_aix-ppc64_bin-symbols.tar.gz,aix,ppc64,jdk,2
2026-09-26T02:14:35+00:00,sapmachine-21.0.12+4,332848230,True,sapmachine-jdk-21.0.12-ea.4_macos-aarch64_bin.tar.gz,macos,aarch64,jdk,404
2026-09-26T02:14:35+00:00,sapmachine-21.0.12+4,332848230,True,sapmachine-jre-21.0.12-ea.4_macos-aarch64_bin.tar.gz,macos,aarch64,jre,148
2026-09-26T02:14:35+00:00,sapmachine-21.0.12+4,332848230,True,sapmachine-jdk-21.0.12-ea.4_macos-aarch64_bin-symbols.tar.gz,macos,aarch64,jdk,1
2026-09-26T02:14:35+00:00,sapmachine-21.0.12+4,332848230,True,sapmachine-jdk-21.0.12-ea.4_macos-aarch64_bin.dmg,macos,aarch64,jdk,146
2026-09-26T02:14:35+00:00,sapmachine-21.0.12+4,332848230,True,sapmachine-jre-21.0.12-ea.4_macos-aarch64_bin.dmg,macos,aarch64,jre,141
2026-09-26T02:14:35+00:00,sapmachine-21.0.12+4,332848230,True,sapmachine-jdk-21.0.12-ea.4_linux-x64-musl_bin.tar.gz,alpine,x64,jdk,140
2026-09-26T02:14:35+00:00,sapmachine-21.0.12+4,332848230,True,sapmachine-jre-21.0.12-ea.4_linux-x64-musl_bin.tar.gz,alpine,x64,jre,139
2026-09-26T02:14:35+00:00,sapmachine-21.0.12+4,332848230,True,sapmachine-jdk-21.0.12-ea.4_linux-x64-musl_bin-symbols.tar.gz,alpine,x64,jdk,1
2026-09-26T02:14:35+00:00,sapmachine-21.0.12+4,332848230,True,sapmachine-jdk-21.0.12-ea.4_linux-ppc64le_bin.tar.gz,linux,ppc64,jdk,145
2026-09-26T02:14:35+00:00,sapmachine-21.0.12+4,332848230,True,sapmachine-jre-21.0.12-ea.4_linux-ppc64le_bin.tar.gz,linux,ppc64,jre,141
2026-09-26T02:14:35+00:00,sapmachine-21.0.12+4,332848230,True,sapmachine-jdk-21.0.12-ea.4_linux-ppc64le_bin-symbols.tar.gz,linux,ppc64,jdk,1
2026-09-26T02:14:35+00:00,sapmachine-21.0.12+4,332848230,True,sapmachine-jdk-21.0.12-ea.4_macos-x64_bin.tar.gz,macos,x64,jdk,141
2026-09-26T02:14:35+00:00,sapmachine-21.0.12+4,332848230,True,sapmachine-jre-21.0.12-ea.4_macos-x64_bin.tar.gz,macos,x64,jre,140
2026-09-26T02:14:35+00:00,sapmachine-21.0.12+4,332848230,True,sapmachine-jdk-21.0.12-ea.4_macos-x64_bin-symbols.tar.gz,macos,x64,jdk,1
2026-09-26T02:14:35+00:00,sapmachine-21.0.12+4,332848230,True,sapmachine-jdk-21.0.12-ea.4_macos-x64_bin.dmg,macos,x64,jdk,141
2026-09-26T02:14:35+00:00,sapmachine-21.0.12+4,332848230,True,sapmachine-jre-21.0.12-ea.4_macos-x64_bin.dmg,macos,x64,jre,139
2026-09-26T02:14:35+00:00,sapmachine-21.0.12+4,332848230,True,sapmachine-jdk-21.0.12-ea.4_linux-aarch64_bin.tar.gz,linux,aarch64,jdk,144
2026-09-26T02:14:35+00:00,sapmachine-21.0.12+4,332848230,True,sapmachine-jre-21.0.12-ea.4_linux-aarch64_bin.tar.gz,linux,aarch64,jre,140
2026-09-26T02:14:35+00:00,sapmachine-21.0.12+4,332848230,True,sapmachine-jdk-21.0.12-ea.4_linux-aarch64_bin-symbols.tar.gz,linux,aarch64,jdk,1
2026-09-26T02:14:35+00:00,sapmachine-21.0.12+4,332848230,True,sapmachine-jdk-21.0.12-ea.4_windows-x64_bin.zip,windows,x64,jdk,312
2026-09-26T02:14:35+00:00,sapmachine-21.0.12+4,332848230,True,sapmachine-jre-21.0.12-ea.4_windows-x64_bin.zip,windows,x64,jre,145
2026-09-26T02:14:35+00:00,sapmachine-21.0.12+4,332848230,True,sapmachine-jdk-21.0.12-ea.4_windows-x64_bin-symbols.tar.gz,windows,x64,jdk,1
2026-09-26T02:14:35+00:00,sapmachine-25.0.4+3,332847674,True,sapmachine-jdk-25.0.4-ea.3_linux-x64-musl_bin.tar.gz,alpine,x64,jdk,139
2026-09-26T02:14:35+00:00,sapmachine-25.0.4+3,332847674,True,sapmachine-jre-25.0.4-ea.3_linux-x64-musl_bin.tar.gz,alpine,x64,jre,139
2026-09-26T02:14:35+00:00,sapmachine-25.0.4+3,332847674,True,sapmachine-jdk-25.0.4-ea.3_linux-x64-musl_bin-symbols.tar.gz,alpine,x64,jdk,2
2026-09-26T02:14:35+00:00,sapmachine-25.0.4+3,332847674,True,sapmachine-jdk-25.0.4-ea.3_linux-x64_bin.tar.gz,linux,x64,jdk,155
2026-09-26T02:14:35+00:00,sapmachine-25.0.4+3,332847674,True,sapmachine-jre-25.0.4-ea.3_linux-x64_bin.tar.gz,linux,x64,jre,143
2026-09-26T02:14:35+00:00,sapmachine-25.0.4+3,332847674,True,sapmachine-jdk-25.0.4-ea.3_linux-x64_bin-symbols.tar.gz,linux,x64,jdk,1
2026-09-26T02:14:35+00:00,sapmachine-25.0.4+3,332847674,True,sapmachine-jdk-25.0.4-ea.3_linux-aarch64_bin.tar.gz,linux,aarch64,jdk,140
2026-09-26T02:14:35+00:00,sapmachine-25.0.4+3,332847674,True,sapmachine-jre-25.0.4-ea.3_linux-aarch64_bin.tar.gz,linux,aarch64,jre,140
2026-09-26T02:14:35+00:00,sapmachine-25.0.4+3,332847674,True,sapmachine-jdk-25.0.4-ea.3_linux-aarch64_bin-symbols.tar.gz,linux,aarch64,jdk,1
2026-09-26T02:14:35+00:00,sapmachine-25.0.4+3,332847674,True,sapmachine-jdk-25.0.4-ea.3_linux-ppc64le_bin.tar.gz,linux,ppc64,jdk,143
2026-09-26T02:14:35+00:00,sapmachine-25.0.4+3,332847674,True,sapmachine-jre-25.0.4-ea.3_linux-ppc64le_bin.tar.gz,linux,ppc64,jre,141
2026-09-26T02:14:35+00:00,sapmachine-25.0.4+3,332847674,True,sapmachine-jdk-25.0.4-ea.3_linux-ppc64le_bin-symbols.tar.gz,linux,ppc64,jdk,1
2026-09-26T02:14:35+00:00,sapmachine-25.0.4+3,332847674,True,sapmachine-jdk-25.0.4-ea.3_aix-ppc64_bin.tar.gz,aix,ppc64,jdk,139
2026-09-26T02:14:35+00:00,sapmachine-25.0.4+3,332847674,True,sapmachine-jre-25.0.4-ea.3_aix-ppc64_bin.tar.gz,aix,ppc64,jre,139
2026-09-26T02:14:35+00:00,sapmachine-25.0.4+3,332847674,True,sapmachine-jdk-25.0.4-ea.3_aix-ppc64_bin-symbols.tar.gz,aix,ppc64,jdk,2
2026-09-26T02:14:35+00:00,sapmachine-25.0.4+3,332847674,True,sapmachine-jdk-25.0.4-ea.3_macos-aarch64_bin.tar.gz,macos,aarch64,jdk,150
2026-09-26T02:14:35+00:00,sapmachine-25.0.4+3,332847674,True,sapmachine-jre-25.0.4-ea.3_macos-aarch64_bin.tar.gz,macos,aarch64,jre,142
2026-09-26T02:14:35+00:00,sapmachine-25.0.4+3,332847674,True,sapmachine-jdk-25.0.4-ea.3_macos-aarch64_bin-symbols.tar.gz,macos,aarch64,jdk,1
2026-09-26T02:14:35+00:00,sapmachine-25.0.4+3,332847674,True,sapmachine-jdk-25.0.4-ea.3_macos-aarch64_bin.dmg,macos,aarch64,jdk,139
2026-09-26T02:14:35+00:00,sapmachine-25.0.4+3,332847674,True,sapmachine-jre-25.0.4-ea.3_macos-aarch64_bin.dmg,macos,aarch64,jre,139
2026-09-26T02:14:35+00:00,sapmachine-25.0.4+3,332847674,True,sapmachine-jdk-25.0.4-ea.3_windows-x64_bin.zip,windows,x64,jdk,142
2026-09-26T02:14:35+00:00,sapmachine-25.0.4+3,332847674,True,sapmachine-jre-25.0.4-ea.3_windows-x64_bin.zip,windows,x64,jre,141
2026-09-26T02:14:35+00:00,sapmachine-25.0.4+3,332847674,True,sapmachine-jdk-25.0.4-ea.3_windows-x64_bin-symbols.tar.gz,windows,x64,jdk,1
2026-09-26T02:14:35+00:00,sapmachine-17.0.19,311937447,False,sapmachine-jdk-17.0.19_linux-aarch64_bin-symbols.tar.gz,linux,aarch64,jdk,6
2026-09-26T02:14:35+00:00,sapmachine-17.0.19,311937447,False,sapmachine-jdk-17.0.19_linux-aarch64_bin.tar.gz,linux,aarch64,jdk,1739
2026-09-26T02:14:35+00:00,sapmachine-17.0.19,311937447,False,sapmachine-jdk-17.0.19_linux-ppc64le_bin-symbols.tar.gz,linux,ppc64,jdk,3
2026-09-26T02:14:35+00:00,sapmachine-17.0.19,311937447,False,sapmachine-jdk-17.0.19_linux-ppc64le_bin.tar.gz,linux,ppc64,jdk,311
2026-09-26T02:14:35+00:00,sapmachine-17.0.19,311937447,False,sapmachine-jdk-17.0.19_linux-x64-musl_bin-symbols.tar.gz,alpine,x64,jdk,3
2026-09-26T02:14:35+00:00,sapmachine-17.0.19,311937447,False,sapmachine-jdk-17.0.19_linux-x64-musl_bin.tar.gz,alpine,x64,jdk,3135
2026-09-26T02:14:35+00:00,sapmachine-17.0.19,311937447,False,sapmachine-jdk-17.0.19_linux-x64_bin-symbols.tar.gz,linux,x64,jdk,22
2026-09-26T02:14:35+00:00,sapmachine-17.0.19,311937447,False,sapmachine-jdk-17.0.19_linux-x64_bin.tar.gz,linux,x64,jdk,117873
2026-09-26T02:14:35+00:00,sapmachine-17.0.19,311937447,False,sapmachine-jdk-17.0.19_macos-aarch64_bin-symbols.tar.gz,macos,aarch64,jdk,4
2026-09-26T02:14:35+00:00,sapmachine-17.0.19,311937447,False,sapmachine-jdk-17.0.19_macos-aarch64_bin.dmg,macos,aarch64,jdk,2572
2026-09-26T02:14:35+00:00,sapmachine-17.0.19,311937447,False,sapmachine-jdk-17.0.19_macos-aarch64_bin.tar.gz,macos,aarch64,jdk,27891
2026-09-26T02:14:35+00:00,sapmachine-17.0.19,311937447,False,sapmachine-jdk-17.0.19_macos-x64_bin-symbols.tar.gz,macos,x64,jdk,4
2026-09-26T02:14:35+00:00,sapmachine-17.0.19,311937447,False,sapmachine-jdk-17.0.19_macos-x64_bin.dmg,macos,x64,jdk,1078
2026-09-26T02:14:35+00:00,sapmachine-17.0.19,311937447,False,sapmachine-jdk-17.0.19_macos-x64_bin.tar.gz,macos,x64,jdk,6061
2026-09-26T02:14:35+00:00,sapmachine-17.0.19,311937447,False,sapmachine-jdk-17.0.19_windows-x64_bin-symbols.tar.gz,windows,x64,jdk,3
2026-09-26T02:14:35+00:00,sapmachine-17.0.19,311937447,False,sapmachine-jdk-17.0.19_windows-x64_bin.msi,windows,x64,jdk,1929
2026-09-26T02:14:35+00:00,sapmachine-17.0.19,311937447,False,sapmachine-jdk-17.0.19_windows-x64_bin.zip,windows,x64,jdk,10416
2026-09-26T02:14:35+00:00,sapmachine-17.0.19,311937447,False,sapmachine-jre-17.0.19_linux-aarch64_bin.tar.gz,linux,aarch64,jre,557
2026-09-26T02:14:35+00:00,sapmachine-17.0.19,311937447,False,sapmachine-jre-17.0.19_linux-ppc64le_bin.tar.gz,linux,ppc64,jre,229
2026-09-26T02:14:35+00:00,sapmachine-17.0.19,311937447,False,sapmachine-jre-17.0.19_linux-x64-musl_bin.tar.gz,alpine,x64,jre,250
2026-09-26T02:14:35+00:00,sapmachine-17.0.19,311937447,False,sapmachine-jre-17.0.19_linux-x64_bin.tar.gz,linux,x64,jre,77849
2026-09-26T02:14:35+00:00,sapmachine-17.0.19,311937447,False,sapmachine-jre-17.0.19_macos-aarch64_bin.dmg,macos,aarch64,jre,269
2026-09-26T02:14:35+00:00,sapmachine-17.0.19,311937447,False,sapmachine-jre-17.0.19_macos-aarch64_bin.tar.gz,macos,aarch64,jre,1400
2026-09-26T02:14:35+00:00,sapmachine-17.0.19,311937447,False,sapmachine-jre-17.0.19_macos-x64_bin.dmg,macos,x64,jre,240
2026-09-26T02:14:35+00:00,sapmachine-17.0.19,311937447,False,sapmachine-jre-17.0.19_macos-x64_bin.tar.gz,macos,x64,jre,3424
2026-09-26T02:14:35+00:00,sapmachine-17.0.19,311937447,False,sapmachine-jre-17.0.19_windows-x64_bin.msi,windows,x64,jre,2221
2026-09-26T02:14:35+00:00,sapmachine-17.0.19,311937447,False,sapmachine-jre-17.0.19_windows-x64_bin.zip,windows,x64,jre,3635
2026-09-26T02:14:35+00:00,sapmachine-21.0.11,311934519,False,sapmachine-jdk-21.0.11_aix-ppc64_bin-symbols.tar.gz,aix,ppc64,jdk,4
2026-09-26T02:14:35+00:00,sapmachine-21.0.11,311934519,False,sapmachine-jdk-21.0.11_aix-ppc64_bin.tar.gz,aix,ppc64,jdk,310
2026-09-26T02:14:35+00:00,sapmachine-21.0.11,311934519,False,sapmachine-jdk-21.0.11_linux-aarch64_bin-symbols.tar.gz,linux,aarch64,jdk,4
2026-09-26T02:14:35+00:00,sapmachine-21.0.11,311934519,False,sapmachine-jdk-21.0.11_linux-aarch64_bin.tar.gz,linux,aarch64,jdk,3425
2026-09-26T02:14:35+00:00,sapmachine-21.0.11,311934519,False,sapmachine-jdk-21.0.11_linux-ppc64le_bin-symbols.tar.gz,linux,ppc64,jdk,4
2026-09-26T02:14:35+00:00,sapmachine-21.0.11,311934519,False,sapmachine-jdk-21.0.11_linux-ppc64le_bin.tar.gz,linux,ppc64,jdk,304
2026-09-26T02:14:35+00:00,sapmachine-21.0.11,311934519,False,sapmachine-jdk-21.0.11_linux-x64-musl_bin-symbols.tar.gz,alpine,x64,jdk,4
2026-09-26T02:14:35+00:00,sapmachine-21.0.11,311934519,False,sapmachine-jdk-21.0.11_linux-x64-musl_bin.tar.gz,alpine,x64,jdk,2764
2026-09-26T02:14:35+00:00,sapmachine-21.0.11,311934519,False,sapmachine-jdk-21.0.11_linux-x64_bin-symbols.tar.gz,linux,x64,jdk,6
2026-09-26T02:14:35+00:00,sapmachine-21.0.11,311934519,False,sapmachine-jdk-21.0.11_linux-x64_bin.tar.gz,linux,x64,jdk,211476
2026-09-26T02:14:35+00:00,sapmachine-21.0.11,311934519,False,sapmachine-jdk-21.0.11_macos-aarch64_bin-symbols.tar.gz,macos,aarch64,jdk,6
2026-09-26T02:14:35+00:00,sapmachine-21.0.11,311934519,False,sapmachine-jdk-21.0.11_macos-aarch64_bin.dmg,macos,aarch64,jdk,3326
2026-09-26T02:14:35+00:00,sapmachine-21.0.11,311934519,False,sapmachine-jdk-21.0.11_macos-aarch64_bin.tar.gz,macos,aarch64,jdk,38716
2026-09-26T02:14:35+00:00,sapmachine-21.0.11,311934519,False,sapmachine-jdk-21.0.11_macos-x64_bin-symbols.tar.gz,macos,x64,jdk,6
2026-09-26T02:14:35+00:00,sapmachine-21.0.11,311934519,False,sapmachine-jdk-21.0.11_macos-x64_bin.dmg,macos,x64,jdk,1505
2026-09-26T02:14:35+00:00,sapmachine-21.0.11,311934519,False,sapmachine-jdk-21.0.11_macos-x64_bin.tar.gz,macos,x64,jdk,5221
2026-09-26T02:14:35+00:00,sapmachine-21.0.11,311934519,False,sapmachine-jdk-21.0.11_windows-x64_bin-symbols.tar.gz,windows,x64,jdk,4
2026-09-26T02:14:35+00:00,sapmachine-21.0.11,311934519,False,sapmachine-jdk-21.0.11_windows-x64_bin.msi,windows,x64,jdk,2511
2026-09-26T02:14:35+00:00,sapmachine-21.0.11,311934519,False,sapmachine-jdk-21.0.11_windows-x64_bin.zip,windows,x64,jdk,6748
2026-09-26T02:14:35+00:00,sapmachine-21.0.11,311934519,False,sapmachine-jre-21.0.11_aix-ppc64_bin.tar.gz,aix,ppc64,jre,237
2026-09-26T02:14:35+00:00,sapmachine-21.0.11,311934519,False,sapmachine-jre-21.0.11_linux-aarch64_bin.tar.gz,linux,aarch64,jre,800
2026-09-26T02:14:35+00:00,sapmachine-21.0.11,311934519,False,sapmachine-jre-21.0.11_linux-ppc64le_bin.tar.gz,linux,ppc64,jre,229
2026-09-26T02:14:35+00:00,sapmachine-21.0.11,311934519,False,sapmachine-jre-21.0.11_linux-x64-musl_bin.tar.gz,alpine,x64,jre,236
2026-09-26T02:14:35+00:00,sapmachine-21.0.11,311934519,False,sapmachine-jre-21.0.11_linux-x64_bin.tar.gz,linux,x64,jre,118255
2026-09-26T02:14:35+00:00,sapmachine-21.0.11,311934519,False,sapmachine-jre-21.0.11_macos-aarch64_bin.dmg,macos,aarch64,jre,313
2026-09-26T02:14:35+00:00,sapmachine-21.0.11,311934519,False,sapmachine-jre-21.0.11_macos-aarch64_bin.tar.gz,macos,aarch64,jre,999
2026-09-26T02:14:35+00:00,sapmachine-21.0.11,311934519,False,sapmachine-jre-21.0.11_macos-x64_bin.dmg,macos,x64,jre,237
2026-09-26T02:14:35+00:00,sapmachine-21.0.11,311934519,False,sapmachine-jre-21.0.11_macos-x64_bin.tar.gz,macos,x64,jre,633
2026-09-26T02:14:35+00:00,sapmachine-21.0.11,311934519,False,sapmachine-jre-21.0.11_windows-x64_bin.msi,windows,x64,jre,849
2026-09-26T02:14:35+00:00,sapmachine-21.0.11,311934519,False,sapmachine-jre-21.0.11_windows-x64_bin.zip,windows,x64,jre,749
2026-09-26T02:14:35+00:00,sapmachine-25.0.3,311931116,False,sapmachine-jdk-25.0.3_aix-ppc64_bin-symbols.tar.gz,aix,ppc64,jdk,5
2026-09-26T02:14:35+00:00,sapmachine-25.0.3,311931116,False,sapmachine-jdk-25.0.3_aix-ppc64_bin.tar.gz,aix,ppc64,jdk,290
2026-09-26T02:14:35+00:00,sapmachine-25.0.3,311931116,False,sapmachine-jdk-25.0.3_linux-aarch64_bin-symbols.tar.gz,linux,aarch64,jdk,4
2026-09-26T02:14:35+00:00,sapmachine-25.0.3,311931116,False,sapmachine-jdk-25.0.3_linux-aarch64_bin.tar.gz,linux,aarch64,jdk,704
2026-09-26T02:14:35+00:00,sapmachine-25.0.3,311931116,False,sapmachine-jdk-25.0.3_linux-ppc64le_bin-symbols.tar.gz,linux,ppc64,jdk,4
2026-09-26T02:14:35+00:00,sapmachine-25.0.3,311931116,False,sapmachine-jdk-25.0.3_linux-ppc64le_bin.tar.gz,linux,ppc64,jdk,283
2026-09-26T02:14:35+00:00,sapmachine-25.0.3,311931116,False,sapmachine-jdk-25.0.3_linux-x64-musl_bin-symbols.tar.gz,alpine,x64,jdk,4
2026-09-26T02:14:35+00:00,sapmachine-25.0.3,311931116,False,sapmachine-jdk-25.0.3_linux-x64-musl_bin.tar.gz,alpine,x64,jdk,390
2026-09-26T02:14:35+00:00,sapmachine-25.0.3,311931116,False,sapmachine-jdk-25.0.3_linux-x64_bin-symbols.tar.gz,linux,x64,jdk,4
2026-09-26T02:14:35+00:00,sapmachine-25.0.3,311931116,False,sapmachine-jdk-25.0.3_linux-x64_bin.tar.gz,linux,x64,jdk,106045
2026-09-26T02:14:35+00:00,sapmachine-25.0.3,311931116,False,sapmachine-jdk-25.0.3_macos-aarch64_bin-symbols.tar.gz,macos,aarch64,jdk,5
2026-09-26T02:14:35+00:00,sapmachine-25.0.3,311931116,False,sapmachine-jdk-25.0.3_macos-aarch64_bin.dmg,macos,aarch64,jdk,1377
2026-09-26T02:14:35+00:00,sapmachine-25.0.3,311931116,False,sapmachine-jdk-25.0.3_macos-aarch64_bin.tar.gz,macos,aarch64,jdk,18946
2026-09-26T02:14:35+00:00,sapmachine-25.0.3,311931116,False,sapmachine-jdk-25.0.3_windows-x64_bin-symbols.tar.gz,windows,x64,jdk,4
2026-09-26T02:14:35+00:00,sapmachine-25.0.3,311931116,False,sapmachine-jdk-25.0.3_windows-x64_bin.msi,windows,x64,jdk,1556
2026-09-26T02:14:35+00:00,sapmachine-25.0.3,311931116,False,sapmachine-jdk-25.0.3_windows-x64_bin.zip,windows,x64,jdk,2228
2026-09-26T02:14:35+00:00,sapmachine-25.0.3,311931116,False,sapmachine-jre-25.0.3_aix-ppc64_bin.tar.gz,aix,ppc64,jre,223
2026-09-26T02:14:35+00:00,sapmachine-25.0.3,311931116,False,sapmachine-jre-25.0.3_linux-aarch64_bin.tar.gz,linux,aarch64,jre,483
2026-09-26T02:14:35+00:00,sapmachine-25.0.3,311931116,False,sapmachine-jre-25.0.3_linux-ppc64le_bin.tar.gz,linux,ppc64,jre,244
2026-09-26T02:14:35+00:00,sapmachine-25.0.3,311931116,False,sapmachine-jre-25.0.3_linux-x64-musl_bin.tar.gz,alpine,x64,jre,232
2026-09-26T02:14:35+00:00,sapmachine-25.0.3,311931116,False,sapmachine-jre-25.0.3_linux-x64_bin.tar.gz,linux,x64,jre,17550
2026-09-26T02:14:35+00:00,sapmachine-25.0.3,311931116,False,sapmachine-jre-25.0.3_macos-aarch64_bin.dmg,macos,aarch64,jre,257
2026-09-26T02:14:35+00:00,sapmachine-25.0.3,311931116,False,sapmachine-jre-25.0.3_macos-aarch64_bin.tar.gz,macos,aarch64,jre,321
2026-09-26T02:14:35+00:00,sapmachine-25.0.3,311931116,False,sapmachine-jre-25.0.3_windows-x64_bin.msi,windows,x64,jre,723
2026-09-26T02:14:35+00:00,sapmachine-25.0.3,311931116,False,sapmachine-jre-25.0.3_windows-x64_bin.zip,windows,x64,jre,396
2026-09-26T02:14:35+00:00,sapmachine-26.0.1,311925109,False,sapmachine-jdk-26.0.1_aix-ppc64_bin-symbols.tar.gz,aix,ppc64,jdk,5
2026-09-26T02:14:35+00:00,sapmachine-26.0.1,311925109,False,sapmachine-jdk-26.0.1_aix-ppc64_bin.tar.gz,aix,ppc64,jdk,387
2026-09-26T02:14:35+00:00,sapmachine-26.0.1,311925109,False,sapmachine-jdk-26.0.1_linux-aarch64_bin-symbols.tar.gz,linux,aarch64,jdk,5
2026-09-26T02:14:35+00:00,sapmachine-26.0.1,311925109,False,sapmachine-jdk-26.0.1_linux-aarch64_bin.tar.gz,linux,aarch64,jdk,534
2026-09-26T02:14:35+00:00,sapmachine-26.0.1,311925109,False,sapmachine-jdk-26.0.1_linux-ppc64le_bin-symbols.tar.gz,linux,ppc64,jdk,4
2026-09-26T02:14:35+00:00,sapmachine-26.0.1,311925109,False,sapmachine-jdk-26.0.1_linux-ppc64le_bin.tar.gz,linux,ppc64,jdk,388
2026-09-26T02:14:35+00:00,sapmachine-26.0.1,311925109,False,sapmachine-jdk-26.0.1_linux-x64-musl_bin-symbols.tar.gz,alpine,x64,jdk,3
2026-09-26T02:14:35+00:00,sapmachine-26.0.1,311925109,False,sapmachine-jdk-26.0.1_linux-x64-musl_bin.tar.gz,alpine,x64,jdk,407
2026-09-26T02:14:35+00:00,sapmachine-26.0.1,311925109,False,sapmachine-jdk-26.0.1_linux-x64_bin-symbols.tar.gz,linux,x64,jdk,3
2026-09-26T02:14:35+00:00,sapmachine-26.0.1,311925109,False,sapmachine-jdk-26.0.1_linux-x64_bin.tar.gz,linux,x64,jdk,3339
2026-09-26T02:14:35+00:00,sapmachine-26.0.1,311925109,False,sapmachine-jdk-26.0.1_macos-aarch64_bin-symbols.tar.gz,macos,aarch64,jdk,5
2026-09-26T02:14:35+00:00,sapmachine-26.0.1,311925109,False,sapmachine-jdk-26.0.1_macos-aarch64_bin.dmg,macos,aarch64,jdk,4066
2026-09-26T02:14:35+00:00,sapmachine-26.0.1,311925109,False,sapmachine-jdk-26.0.1_macos-aarch64_bin.tar.gz,macos,aarch64,jdk,1208
2026-09-26T02:14:35+00:00,sapmachine-26.0.1,311925109,False,sapmachine-jdk-26.0.1_windows-x64_bin-symbols.tar.gz,windows,x64,jdk,3
2026-09-26T02:14:35+00:00,sapmachine-26.0.1,311925109,False,sapmachine-jdk-26.0.1_windows-x64_bin.msi,windows,x64,jdk,4642
2026-09-26T02:14:35+00:00,sapmachine-26.0.1,311925109,False,sapmachine-jdk-26.0.1_windows-x64_bin.zip,windows,x64,jdk,1241
2026-09-26T02:14:35+00:00,sapmachine-26.0.1,311925109,False,sapmachine-jre-26.0.1_aix-ppc64_bin.tar.gz,aix,ppc64,jre,223
2026-09-26T02:14:35+00:00,sapmachine-26.0.1,311925109,False,sapmachine-jre-26.0.1_linux-aarch64_bin.tar.gz,linux,aarch64,jre,344
2026-09-26T02:14:35+00:00,sapmachine-26.0.1,311925109,False,sapmachine-jre-26.0.1_linux-ppc64le_bin.tar.gz,linux,ppc64,jre,229
2026-09-26T02:14:35+00:00,sapmachine-26.0.1,311925109,False,sapmachine-jre-26.0.1_linux-x64-musl_bin.tar.gz,alpine,x64,jre,222
2026-09-26T02:14:35+00:00,sapmachine-26.0.1,311925109,False,sapmachine-jre-26.0.1_linux-x64_bin.tar.gz,linux,x64,jre,606
2026-09-26T02:14:35+00:00,sapmachine-26.0.1,311925109,False,sapmachine-jre-26.0.1_macos-aarch64_bin.dmg,macos,aarch64,jre,255
2026-09-26T02:14:35+00:00,sapmachine-26.0.1,311925109,False,sapmachine-jre-26.0.1_macos-aarch64_bin.tar.gz,macos,aarch64,jre,268
2026-09-26T02:14:35+00:00,sapmachine-26.0.1,311925109,False,sapmachine-jre-26.0.1_windows-x64_bin.msi,windows,x64,jre,981
2026-09-26T02:14:35+00:00,sapmachine-26.0.1,311925109,False,sapmachine-jre-26.0.1_windows-x64_bin.zip,windows,x64,jre,348
2026-09-26T02:14:35+00:00,sapmachine-26,298302490,False,sapmachine-jdk-26_aix-ppc64_bin-symbols.tar.gz,aix,ppc64,jdk,3
2026-09-26T02:14:35+00:00,sapmachine-26,298302490,False,sapmachine-jdk-26_aix-ppc64_bin.tar.gz,aix,ppc64,jdk,314
2026-09-26T02:14:35+00:00,sapmachine-26,298302490,False,sapmachine-jdk-26_linux-aarch64_bin-symbols.tar.gz,linux,aarch64,jdk,3
2026-09-26T02:14:35+00:00,sapmachine-26,298302490,False,sapmachine-jdk-26_linux-aarch64_bin.tar.gz,linux,aarch64,jdk,325
2026-09-26T02:14:35+00:00,sapmachine-26,298302490,False,sapmachine-jdk-26_linux-ppc64le_bin-symbols.tar.gz,linux,ppc64,jdk,3
2026-09-26T02:14:35+00:00,sapmachine-26,298302490,False,sapmachine-jdk-26_linux-ppc64le_bin.tar.gz,linux,ppc64,jdk,311
2026-09-26T02:14:35+00:00,sapmachine-26,298302490,False,sapmachine-jdk-26_linux-x64-musl_bin-symbols.tar.gz,alpine,x64,jdk,2
2026-09-26T02:14:35+00:00,sapmachine-26,298302490,False,sapmachine-jdk-26_linux-x64-musl_bin.tar.gz,alpine,x64,jdk,322
2026-09-26T02:14:35+00:00,sapmachine-26,298302490,False,sapmachine-jdk-26_linux-x64_bin-symbols.tar.gz,linux,x64,jdk,2
2026-09-26T02:14:35+00:00,sapmachine-26,298302490,False,sapmachine-jdk-26_linux-x64_bin.tar.gz,linux,x64,jdk,811
2026-09-26T02:14:35+00:00,sapmachine-26,298302490,False,sapmachine-jdk-26_macos-aarch64_bin-symbols.tar.gz,macos,aarch64,jdk,4
2026-09-26T02:14:35+00:00,sapmachine-26,298302490,False,sapmachine-jdk-26_macos-aarch64_bin.dmg,macos,aarch64,jdk,1366
2026-09-26T02:14:35+00:00,sapmachine-26,298302490,False,sapmachine-jdk-26_macos-aarch64_bin.tar.gz,macos,aarch64,jdk,562
2026-09-26T02:14:35+00:00,sapmachine-26,298302490,False,sapmachine-jdk-26_windows-x64_bin-symbols.tar.gz,windows,x64,jdk,3
2026-09-26T02:14:35+00:00,sapmachine-26,298302490,False,sapmachine-jdk-26_windows-x64_bin.msi,windows,x64,jdk,1906
2026-09-26T02:14:35+00:00,sapmachine-26,298302490,False,sapmachine-jdk-26_windows-x64_bin.zip,windows,x64,jdk,664
2026-09-26T02:14:35+00:00,sapmachine-26,298302490,False,sapmachine-jre-26_aix-ppc64_bin.tar.gz,aix,ppc64,jre,289
2026-09-26T02:14:35+00:00,sapmachine-26,298302490,False,sapmachine-jre-26_linux-aarch64_bin.tar.gz,linux,aarch64,jre,290
2026-09-26T02:14:35+00:00,sapmachine-26,298302490,False,sapmachine-jre-26_linux-ppc64le_bin.tar.gz,linux,ppc64,jre,283
2026-09-26T02:14:35+00:00,sapmachine-26,298302490,False,sapmachine-jre-26_linux-x64-musl_bin.tar.gz,alpine,x64,jre,286
2026-09-26T02:14:35+00:00,sapmachine-26,298302490,False,sapmachine-jre-26_linux-x64_bin.tar.gz,linux,x64,jre,483
2026-09-26T02:14:35+00:00,sapmachine-26,298302490,False,sapmachine-jre-26_macos-aarch64_bin.dmg,macos,aarch64,jre,297
2026-09-26T02:14:35+00:00,sapmachine-26,298302490,False,sapmachine-jre-26_macos-aarch64_bin.tar.gz,macos,aarch64,jre,294
2026-09-26T02:14:35+00:00,sapmachine-26,298302490,False,sapmachine-jre-26_windows-x64_bin.msi,windows,x64,jre,657
2026-09-26T02:14:35+00:00,sapmachine-26,298302490,False,sapmachine-jre-26_windows-x64_bin.zip,windows,x64,jre,321
2026-09-26T02:14:35+00:00,sapmachine-10,295853378,False,sapmachine-jdk-10.46_linux-x64_bin.tar.gz,linux,x64,jdk,273
2026-09-26T02:14:35+00:00,sapmachine-10,295853378,False,sapmachine-jre-10.46_linux-x64_bin.tar.gz,linux,x64,jre,468
2026-09-26T02:14:35+00:00,sapmachine-10.0.1,295851219,False,sapmachine-jdk-10.0.1.10_linux-x64_bin.tar.gz,linux,x64,jdk,273
2026-09-26T02:14:35+00:00,sapmachine-10.0.1,295851219,False,sapmachine-jre-10.0.1.10_linux-x64_bin.tar.gz,linux,x64,jre,468
2026-09-26T02:14:35+00:00,sapmachine-10.0.2,295845093,False,sapmachine-jdk-10.0.2.13_linux-x64_bin.tar.gz,linux,x64,jdk,278
2026-09-26T02:14:35+00:00,sapmachine-10.0.2,295845093,False,sapmachine-jre-10.0.2.13_linux-x64_bin.tar.gz,linux,x64,jre,465
2026-09-26T02:14:35+00:00,sapmachine-11,295842408,False,sapmachine-jdk-11.28_linux-x64_bin.tar.gz,linux,x64,jdk,1104
2026-09-26T02:14:35+00:00,sapmachine-11,295842408,False,sapmachine-jre-11.28_linux-x64_bin.tar.gz,linux,x64,jre,1275
2026-09-26T02:14:35+00:00,sapmachine-11.0.1,295753174,False,sapmachine-jdk-11.0.1.13_linux-x64_bin.tar.gz,linux,x64,jdk,839
2026-09-26T02:14:35+00:00,sapmachine-11.0.1,295753174,False,sapmachine-jre-11.0.1.13_linux-x64_bin.tar.gz,linux,x64,jre,1023
2026-09-26T02:14:35+00:00,sapmachine-21.0.10.0.1,287396686,False,sapmachine-jdk-21.0.10.0.1_aix-ppc64_bin-symbols.tar.gz,aix,ppc64,jdk,2
2026-09-26T02:14:35+00:00,sapmachine-21.0.10.0.1,287396686,False,sapmachine-jdk-21.0.10.0.1_aix-ppc64_bin.tar.gz,aix,ppc64,jdk,373
2026-09-26T02:14:35+00:00,sapmachine-21.0.10.0.1,287396686,False,sapmachine-jdk-21.0.10.0.1_linux-aarch64_bin-symbols.tar.gz,linux,aarch64,jdk,3
2026-09-26T02:14:35+00:00,sapmachine-21.0.10.0.1,287396686,False,sapmachine-jdk-21.0.10.0.1_linux-aarch64_bin.tar.gz,linux,aarch64,jdk,1850
2026-09-26T02:14:35+00:00,sapmachine-21.0.10.0.1,287396686,False,sapmachine-jdk-21.0.10.0.1_linux-ppc64le_bin-symbols.tar.gz,linux,ppc64,jdk,2
2026-09-26T02:14:35+00:00,sapmachine-21.0.10.0.1,287396686,False,sapmachine-jdk-21.0.10.0.1_linux-ppc64le_bin.tar.gz,linux,ppc64,jdk,352
2026-09-26T02:14:35+00:00,sapmachine-21.0.10.0.1,287396686,False,sapmachine-jdk-21.0.10.0.1_linux-x64-musl_bin-symbols.tar.gz,alpine,x64,jdk,2
2026-09-26T02:14:35+00:00,sapmachine-21.0.10.0.1,287396686,False,sapmachine-jdk-21.0.10.0.1_linux-x64-musl_bin.tar.gz,alpine,x64,jdk,367
2026-09-26T02:14:35+00:00,sapmachine-21.0.10.0.1,287396686,False,sapmachine-jdk-21.0.10.0.1_linux-x64_bin-symbols.tar.gz,linux,x64,jdk,1
2026-09-26T02:14:35+00:00,sapmachine-21.0.10.0.1,287396686,False,sapmachine-jdk-21.0.10.0.1_linux-x64_bin.tar.gz,linux,x64,jdk,107810
2026-09-26T02:14:35+00:00,sapmachine-21.0.10.0.1,287396686,False,sapmachine-jdk-21.0.10.0.1_macos-aarch64_bin-symbols.tar.gz,macos,aarch64,jdk,2
2026-09-26T02:14:35+00:00,sapmachine-21.0.10.0.1,287396686,False,sapmachine-jdk-21.0.10.0.1_macos-aarch64_bin.dmg,macos,aarch64,jdk,1796
2026-09-26T02:14:35+00:00,sapmachine-21.0.10.0.1,287396686,False,sapmachine-jdk-21.0.10.0.1_macos-aarch64_bin.tar.gz,macos,aarch64,jdk,27225
2026-09-26T02:14:35+00:00,sapmachine-21.0.10.0.1,287396686,False,sapmachine-jdk-21.0.10.0.1_macos-x64_bin-symbols.tar.gz,macos,x64,jdk,2
2026-09-26T02:14:35+00:00,sapmachine-21.0.10.0.1,287396686,False,sapmachine-jdk-21.0.10.0.1_macos-x64_bin.dmg,macos,x64,jdk,930
2026-09-26T02:14:35+00:00,sapmachine-21.0.10.0.1,287396686,False,sapmachine-jdk-21.0.10.0.1_macos-x64_bin.tar.gz,macos,x64,jdk,2182
2026-09-26T02:14:35+00:00,sapmachine-21.0.10.0.1,287396686,False,sapmachine-jdk-21.0.10.0.1_windows-x64_bin-symbols.tar.gz,windows,x64,jdk,2
2026-09-26T02:14:35+00:00,sapmachine-21.0.10.0.1,287396686,False,sapmachine-jdk-21.0.10.0.1_windows-x64_bin.zip,windows,x64,jdk,3191
2026-09-26T02:14:35+00:00,sapmachine-21.0.10.0.1,287396686,False,sapmachine-jre-21.0.10.0.1_aix-ppc64_bin.tar.gz,aix,ppc64,jre,338
2026-09-26T02:14:35+00:00,sapmachine-21.0.10.0.1,287396686,False,sapmachine-jre-21.0.10.0.1_linux-aarch64_bin.tar.gz,linux,aarch64,jre,437
2026-09-26T02:14:35+00:00,sapmachine-21.0.10.0.1,287396686,False,sapmachine-jre-21.0.10.0.1_linux-ppc64le_bin.tar.gz,linux,ppc64,jre,330
2026-09-26T02:14:35+00:00,sapmachine-21.0.10.0.1,287396686,False,sapmachine-jre-21.0.10.0.1_linux-x64-musl_bin.tar.gz,alpine,x64,jre,327
2026-09-26T02:14:35+00:00,sapmachine-21.0.10.0.1,287396686,False,sapmachine-jre-21.0.10.0.1_linux-x64_bin.tar.gz,linux,x64,jre,61526
2026-09-26T02:14:35+00:00,sapmachine-21.0.10.0.1,287396686,False,sapmachine-jre-21.0.10.0.1_macos-aarch64_bin.dmg,macos,aarch64,jre,360
2026-09-26T02:14:35+00:00,sapmachine-21.0.10.0.1,287396686,False,sapmachine-jre-21.0.10.0.1_macos-aarch64_bin.tar.gz,macos,aarch64,jre,968
2026-09-26T02:14:35+00:00,sapmachine-21.0.10.0.1,287396686,False,sapmachine-jre-21.0.10.0.1_macos-x64_bin.dmg,macos,x64,jre,330
2026-09-26T02:14:35+00:00,sapmachine-21.0.10.0.1,287396686,False,sapmachine-jre-21.0.10.0.1_macos-x64_bin.tar.gz,macos,x64,jre,689
2026-09-26T02:14:35+00:00,sapmachine-21.0.10.0.1,287396686,False,sapmachine-jre-21.0.10.0.1_windows-x64_bin.zip,windows,x64,jre,720
2026-09-26T02:14:35+00:00,sapmachine-21.0.10.0.1,287396686,False,sapmachine-jdk-21.0.10.0.1_windows-x64_bin.msi,windows,x64,jdk,1643
2026-09-26T02:14:35+00:00,sapmachine-21.0.10.0.1,287396686,False,sapmachine-jre-21.0.10.0.1_windows-x64_bin.msi,windows,x64,jre,875
2026-09-26T02:14:35+00:00,sapmachine-11.0.30,278427032,False,sapmachine-jdk-11.0.30_linux-x64_bin-symbols.tar.gz,linux,x64,jdk,6
2026-09-26T02:14:35+00:00,sapmachine-11.0.30,278427032,False,sapmachine-jdk-11.0.30_linux-x64_bin.tar.gz,linux,x64,jdk,33260
2026-09-26T02:14:35+00:00,sapmachine-11.0.30,278427032,False,sapmachine-jre-11.0.30_linux-x64_bin.tar.gz,linux,x64,jre,9366
2026-09-26T02:14:35+00:00,sapmachine-17.0.18,278430768,False,sapmachine-jdk-17.0.18_linux-aarch64_bin-symbols.tar.gz,linux,aarch64,jdk,3
2026-09-26T02:14:35+00:00,sapmachine-17.0.18,278430768,False,sapmachine-jdk-17.0.18_linux-aarch64_bin.tar.gz,linux,aarch64,jdk,676
2026-09-26T02:14:35+00:00,sapmachine-17.0.18,278430768,False,sapmachine-jdk-17.0.18_linux-ppc64le_bin-symbols.tar.gz,linux,ppc64,jdk,2
2026-09-26T02:14:35+00:00,sapmachine-17.0.18,278430768,False,sapmachine-jdk-17.0.18_linux-ppc64le_bin.tar.gz,linux,ppc64,jdk,408
2026-09-26T02:14:35+00:00,sapmachine-17.0.18,278430768,False,sapmachine-jdk-17.0.18_linux-x64-musl_bin-symbols.tar.gz,alpine,x64,jdk,2
2026-09-26T02:14:35+00:00,sapmachine-17.0.18,278430768,False,sapmachine-jdk-17.0.18_linux-x64-musl_bin.tar.gz,alpine,x64,jdk,398
2026-09-26T02:14:35+00:00,sapmachine-17.0.18,278430768,False,sapmachine-jdk-17.0.18_linux-x64_bin-symbols.tar.gz,linux,x64,jdk,20
2026-09-26T02:14:35+00:00,sapmachine-17.0.18,278430768,False,sapmachine-jdk-17.0.18_linux-x64_bin.tar.gz,linux,x64,jdk,115332
2026-09-26T02:14:35+00:00,sapmachine-17.0.18,278430768,False,sapmachine-jdk-17.0.18_macos-aarch64_bin-symbols.tar.gz,macos,aarch64,jdk,3
2026-09-26T02:14:35+00:00,sapmachine-17.0.18,278430768,False,sapmachine-jdk-17.0.18_macos-aarch64_bin.dmg,macos,aarch64,jdk,2073
2026-09-26T02:14:35+00:00,sapmachine-17.0.18,278430768,False,sapmachine-jdk-17.0.18_macos-aarch64_bin.tar.gz,macos,aarch64,jdk,23130
2026-09-26T02:14:35+00:00,sapmachine-17.0.18,278430768,False,sapmachine-jdk-17.0.18_macos-x64_bin-symbols.tar.gz,macos,x64,jdk,3
2026-09-26T02:14:35+00:00,sapmachine-17.0.18,278430768,False,sapmachine-jdk-17.0.18_macos-x64_bin.dmg,macos,x64,jdk,1005
2026-09-26T02:14:35+00:00,sapmachine-17.0.18,278430768,False,sapmachine-jdk-17.0.18_macos-x64_bin.tar.gz,macos,x64,jdk,3776
2026-09-26T02:14:35+00:00,sapmachine-17.0.18,278430768,False,sapmachine-jdk-17.0.18_windows-x64_bin-symbols.tar.gz,windows,x64,jdk,2
2026-09-26T02:14:35+00:00,sapmachine-17.0.18,278430768,False,sapmachine-jdk-17.0.18_windows-x64_bin.zip,windows,x64,jdk,6958
2026-09-26T02:14:35+00:00,sapmachine-17.0.18,278430768,False,sapmachine-jre-17.0.18_linux-aarch64_bin.tar.gz,linux,aarch64,jre,827
2026-09-26T02:14:35+00:00,sapmachine-17.0.18,278430768,False,sapmachine-jre-17.0.18_linux-ppc64le_bin.tar.gz,linux,ppc64,jre,365
2026-09-26T02:14:35+00:00,sapmachine-17.0.18,278430768,False,sapmachine-jre-17.0.18_linux-x64-musl_bin.tar.gz,alpine,x64,jre,361
2026-09-26T02:14:35+00:00,sapmachine-17.0.18,278430768,False,sapmachine-jre-17.0.18_linux-x64_bin.tar.gz,linux,x64,jre,87128
2026-09-26T02:14:35+00:00,sapmachine-17.0.18,278430768,False,sapmachine-jre-17.0.18_macos-aarch64_bin.dmg,macos,aarch64,jre,402
2026-09-26T02:14:35+00:00,sapmachine-17.0.18,278430768,False,sapmachine-jre-17.0.18_macos-aarch64_bin.tar.gz,macos,aarch64,jre,730
2026-09-26T02:14:35+00:00,sapmachine-17.0.18,278430768,False,sapmachine-jre-17.0.18_macos-x64_bin.dmg,macos,x64,jre,370
2026-09-26T02:14:35+00:00,sapmachine-17.0.18,278430768,False,sapmachine-jre-17.0.18_macos-x64_bin.tar.gz,macos,x64,jre,2289
2026-09-26T02:14:35+00:00,sapmachine-17.0.18,278430768,False,sapmachine-jre-17.0.18_windows-x64_bin.zip,windows,x64,jre,2691
2026-09-26T02:14:35+00:00,sapmachine-17.0.18,278430768,False,sapmachine-jdk-17.0.18_windows-x64_bin.msi,windows,x64,jdk,2091
2026-09-26T02:14:35+00:00,sapmachine-17.0.18,278430768,False,sapmachine-jre-17.0.18_windows-x64_bin.msi,windows,x64,jre,2634
2026-09-26T02:14:35+00:00,sapmachine-21.0.10,278411440,False,sapmachine-jdk-21.0.10_aix-ppc64_bin-symbols.tar.gz,aix,ppc64,jdk,2
2026-09-26T02:14:35+00:00,sapmachine-21.0.10,278411440,False,sapmachine-jdk-21.0.10_aix-ppc64_bin.tar.gz,aix,ppc64,jdk,401
2026-09-26T02:14:35+00:00,sapmachine-21.0.10,278411440,False,sapmachine-jdk-21.0.10_linux-aarch64_bin-symbols.tar.gz,linux,aarch64,jdk,1
2026-09-26T02:14:35+00:00,sapmachine-21.0.10,278411440,False,sapmachine-jdk-21.0.10_linux-aarch64_bin.tar.gz,linux,aarch64,jdk,550
2026-09-26T02:14:35+00:00,sapmachine-21.0.10,278411440,False,sapmachine-jdk-21.0.10_linux-ppc64le_bin-symbols.tar.gz,linux,ppc64,jdk,1
2026-09-26T02:14:35+00:00,sapmachine-21.0.10,278411440,False,sapmachine-jdk-21.0.10_linux-ppc64le_bin.tar.gz,linux,ppc64,jdk,385
2026-09-26T02:14:35+00:00,sapmachine-21.0.10,278411440,False,sapmachine-jdk-21.0.10_linux-x64-musl_bin-symbols.tar.gz,alpine,x64,jdk,1
2026-09-26T02:14:35+00:00,sapmachine-21.0.10,278411440,False,sapmachine-jdk-21.0.10_linux-x64-musl_bin.tar.gz,alpine,x64,jdk,870
2026-09-26T02:14:35+00:00,sapmachine-21.0.10,278411440,False,sapmachine-jdk-21.0.10_linux-x64_bin-symbols.tar.gz,linux,x64,jdk,11
2026-09-26T02:14:35+00:00,sapmachine-21.0.10,278411440,False,sapmachine-jdk-21.0.10_linux-x64_bin.tar.gz,linux,x64,jdk,41480
2026-09-26T02:14:35+00:00,sapmachine-21.0.10,278411440,False,sapmachine-jdk-21.0.10_macos-aarch64_bin-symbols.tar.gz,macos,aarch64,jdk,3
2026-09-26T02:14:35+00:00,sapmachine-21.0.10,278411440,False,sapmachine-jdk-21.0.10_macos-aarch64_bin.dmg,macos,aarch64,jdk,1132
2026-09-26T02:14:35+00:00,sapmachine-21.0.10,278411440,False,sapmachine-jdk-21.0.10_macos-aarch64_bin.tar.gz,macos,aarch64,jdk,29735
2026-09-26T02:14:35+00:00,sapmachine-21.0.10,278411440,False,sapmachine-jdk-21.0.10_macos-x64_bin-symbols.tar.gz,macos,x64,jdk,3
2026-09-26T02:14:35+00:00,sapmachine-21.0.10,278411440,False,sapmachine-jdk-21.0.10_macos-x64_bin.dmg,macos,x64,jdk,651
2026-09-26T02:14:35+00:00,sapmachine-21.0.10,278411440,False,sapmachine-jdk-21.0.10_macos-x64_bin.tar.gz,macos,x64,jdk,1948
2026-09-26T02:14:35+00:00,sapmachine-21.0.10,278411440,False,sapmachine-jdk-21.0.10_windows-x64_bin-symbols.tar.gz,windows,x64,jdk,2
2026-09-26T02:14:35+00:00,sapmachine-21.0.10,278411440,False,sapmachine-jdk-21.0.10_windows-x64_bin.zip,windows,x64,jdk,2142
2026-09-26T02:14:35+00:00,sapmachine-21.0.10,278411440,False,sapmachine-jre-21.0.10_aix-ppc64_bin.tar.gz,aix,ppc64,jre,358
2026-09-26T02:14:35+00:00,sapmachine-21.0.10,278411440,False,sapmachine-jre-21.0.10_linux-aarch64_bin.tar.gz,linux,aarch64,jre,580
2026-09-26T02:14:35+00:00,sapmachine-21.0.10,278411440,False,sapmachine-jre-21.0.10_linux-ppc64le_bin.tar.gz,linux,ppc64,jre,363
2026-09-26T02:14:35+00:00,sapmachine-21.0.10,278411440,False,sapmachine-jre-21.0.10_linux-x64-musl_bin.tar.gz,alpine,x64,jre,352
2026-09-26T02:14:35+00:00,sapmachine-21.0.10,278411440,False,sapmachine-jre-21.0.10_linux-x64_bin.tar.gz,linux,x64,jre,31640
2026-09-26T02:14:35+00:00,sapmachine-21.0.10,278411440,False,sapmachine-jre-21.0.10_macos-aarch64_bin.dmg,macos,aarch64,jre,376
2026-09-26T02:14:35+00:00,sapmachine-21.0.10,278411440,False,sapmachine-jre-21.0.10_macos-aarch64_bin.tar.gz,macos,aarch64,jre,700
2026-09-26T02:14:35+00:00,sapmachine-21.0.10,278411440,False,sapmachine-jre-21.0.10_macos-x64_bin.dmg,macos,x64,jre,359
2026-09-26T02:14:35+00:00,sapmachine-21.0.10,278411440,False,sapmachine-jre-21.0.10_macos-x64_bin.tar.gz,macos,x64,jre,461
2026-09-26T02:14:35+00:00,sapmachine-21.0.10,278411440,False,sapmachine-jre-21.0.10_windows-x64_bin.zip,windows,x64,jre,529
2026-09-26T02:14:35+00:00,sapmachine-21.0.10,278411440,False,sapmachine-jdk-21.0.10_windows-x64_bin.msi,windows,x64,jdk,1517
2026-09-26T02:14:35+00:00,sapmachine-21.0.10,278411440,False,sapmachine-jre-21.0.10_windows-x64_bin.msi,windows,x64,jre,835
2026-09-26T02:14:35+00:00,sapmachine-25.0.2,278403095,False,sapmachine-jdk-25.0.2_aix-ppc64_bin-symbols.tar.gz,aix,ppc64,jdk,8
2026-09-26T02:14:35+00:00,sapmachine-25.0.2,278403095,False,sapmachine-jdk-25.0.2_aix-ppc64_bin.tar.gz,aix,ppc64,jdk,492
2026-09-26T02:14:35+00:00,sapmachine-25.0.2,278403095,False,sapmachine-jdk-25.0.2_linux-aarch64_bin-symbols.tar.gz,linux,aarch64,jdk,8
2026-09-26T02:14:35+00:00,sapmachine-25.0.2,278403095,False,sapmachine-jdk-25.0.2_linux-aarch64_bin.tar.gz,linux,aarch64,jdk,836
2026-09-26T02:14:35+00:00,sapmachine-25.0.2,278403095,False,sapmachine-jdk-25.0.2_linux-ppc64le_bin-symbols.tar.gz,linux,ppc64,jdk,7
2026-09-26T02:14:35+00:00,sapmachine-25.0.2,278403095,False,sapmachine-jdk-25.0.2_linux-ppc64le_bin.tar.gz,linux,ppc64,jdk,461
2026-09-26T02:14:35+00:00,sapmachine-25.0.2,278403095,False,sapmachine-jdk-25.0.2_linux-x64-musl_bin-symbols.tar.gz,alpine,x64,jdk,2
2026-09-26T02:14:35+00:00,sapmachine-25.0.2,278403095,False,sapmachine-jdk-25.0.2_linux-x64-musl_bin.tar.gz,alpine,x64,jdk,460
2026-09-26T02:14:35+00:00,sapmachine-25.0.2,278403095,False,sapmachine-jdk-25.0.2_linux-x64_bin-symbols.tar.gz,linux,x64,jdk,1
2026-09-26T02:14:35+00:00,sapmachine-25.0.2,278403095,False,sapmachine-jdk-25.0.2_linux-x64_bin.tar.gz,linux,x64,jdk,385687
2026-09-26T02:14:35+00:00,sapmachine-25.0.2,278403095,False,sapmachine-jdk-25.0.2_macos-aarch64_bin-symbols.tar.gz,macos,aarch64,jdk,3
2026-09-26T02:14:35+00:00,sapmachine-25.0.2,278403095,False,sapmachine-jdk-25.0.2_macos-aarch64_bin.dmg,macos,aarch64,jdk,2788
2026-09-26T02:14:35+00:00,sapmachine-25.0.2,278403095,False,sapmachine-jdk-25.0.2_macos-aarch64_bin.tar.gz,macos,aarch64,jdk,11670
2026-09-26T02:14:35+00:00,sapmachine-25.0.2,278403095,False,sapmachine-jdk-25.0.2_windows-x64_bin-symbols.tar.gz,windows,x64,jdk,2
2026-09-26T02:14:35+00:00,sapmachine-25.0.2,278403095,False,sapmachine-jdk-25.0.2_windows-x64_bin.zip,windows,x64,jdk,22189
2026-09-26T02:14:35+00:00,sapmachine-25.0.2,278403095,False,sapmachine-jre-25.0.2_aix-ppc64_bin.tar.gz,aix,ppc64,jre,363
2026-09-26T02:14:35+00:00,sapmachine-25.0.2,278403095,False,sapmachine-jre-25.0.2_linux-aarch64_bin.tar.gz,linux,aarch64,jre,536
2026-09-26T02:14:35+00:00,sapmachine-25.0.2,278403095,False,sapmachine-jre-25.0.2_linux-ppc64le_bin.tar.gz,linux,ppc64,jre,366
2026-09-26T02:14:35+00:00,sapmachine-25.0.2,278403095,False,sapmachine-jre-25.0.2_linux-x64-musl_bin.tar.gz,alpine,x64,jre,366
2026-09-26T02:14:35+00:00,sapmachine-25.0.2,278403095,False,sapmachine-jre-25.0.2_linux-x64_bin.tar.gz,linux,x64,jre,7995
2026-09-26T02:14:35+00:00,sapmachine-25.0.2,278403095,False,sapmachine-jre-25.0.2_macos-aarch64_bin.dmg,macos,aarch64,jre,395
2026-09-26T02:14:35+00:00,sapmachine-25.0.2,278403095,False,sapmachine-jre-25.0.2_macos-aarch64_bin.tar.gz,macos,aarch64,jre,657
2026-09-26T02:14:35+00:00,sapmachine-25.0.2,278403095,False,sapmachine-jre-25.0.2_windows-x64_bin.zip,windows,x64,jre,510
2026-09-26T02:14:35+00:00,sapmachine-25.0.2,278403095,False,sapmachine-jdk-25.0.2_windows-x64_bin.msi,windows,x64,jdk,3892
2026-09-26T02:14:35+00:00,sapmachine-25.0.2,278403095,False,sapmachine-jre-25.0.2_windows-x64_bin.msi,windows,x64,jre,1090
2026-09-26T02:14:35+00:00,sapmachine-11.0.29,256138881,False,sapmachine-jdk-11.0.29_linux-x64_bin-symbols.tar.gz,linux,x64,jdk,1
2026-09-26T02:14:35+00:00,sapmachine-11.0.29,256138881,False,sapmachine-jdk-11.0.29_linux-x64_bin.tar.gz,linux,x64,jdk,13763
2026-09-26T02:14:35+00:00,sapmachine-11.0.29,256138881,False,sapmachine-jre-11.0.29_linux-x64_bin.tar.gz,linux,x64,jre,6313
2026-09-26T02:14:35+00:00,sapmachine-17.0.17,256136879,False,sapmachine-jdk-17.0.17_linux-aarch64_bin-symbols.tar.gz,linux,aarch64,jdk,3
2026-09-26T02:14:35+00:00,sapmachine-17.0.17,256136879,False,sapmachine-jdk-17.0.17_linux-aarch64_bin.tar.gz,linux,aarch64,jdk,918
2026-09-26T02:14:35+00:00,sapmachine-17.0.17,256136879,False,sapmachine-jdk-17.0.17_linux-ppc64le_bin-symbols.tar.gz,linux,ppc64,jdk,3
2026-09-26T02:14:35+00:00,sapmachine-17.0.17,256136879,False,sapmachine-jdk-17.0.17_linux-ppc64le_bin.tar.gz,linux,ppc64,jdk,717
2026-09-26T02:14:35+00:00,sapmachine-17.0.17,256136879,False,sapmachine-jdk-17.0.17_linux-x64-musl_bin-symbols.tar.gz,alpine,x64,jdk,3
2026-09-26T02:14:35+00:00,sapmachine-17.0.17,256136879,False,sapmachine-jdk-17.0.17_linux-x64-musl_bin.tar.gz,alpine,x64,jdk,727
2026-09-26T02:14:35+00:00,sapmachine-17.0.17,256136879,False,sapmachine-jdk-17.0.17_linux-x64_bin-symbols.tar.gz,linux,x64,jdk,22
2026-09-26T02:14:35+00:00,sapmachine-17.0.17,256136879,False,sapmachine-jdk-17.0.17_linux-x64_bin.tar.gz,linux,x64,jdk,119059
2026-09-26T02:14:35+00:00,sapmachine-17.0.17,256136879,False,sapmachine-jdk-17.0.17_macos-aarch64_bin-symbols.tar.gz,macos,aarch64,jdk,4
2026-09-26T02:14:35+00:00,sapmachine-17.0.17,256136879,False,sapmachine-jdk-17.0.17_macos-aarch64_bin.dmg,macos,aarch64,jdk,2348
2026-09-26T02:14:35+00:00,sapmachine-17.0.17,256136879,False,sapmachine-jdk-17.0.17_macos-aarch64_bin.tar.gz,macos,aarch64,jdk,24220
2026-09-26T02:14:35+00:00,sapmachine-17.0.17,256136879,False,sapmachine-jdk-17.0.17_macos-x64_bin-symbols.tar.gz,macos,x64,jdk,4
2026-09-26T02:14:35+00:00,sapmachine-17.0.17,256136879,False,sapmachine-jdk-17.0.17_macos-x64_bin.dmg,macos,x64,jdk,1385
2026-09-26T02:14:35+00:00,sapmachine-17.0.17,256136879,False,sapmachine-jdk-17.0.17_macos-x64_bin.tar.gz,macos,x64,jdk,5825
2026-09-26T02:14:35+00:00,sapmachine-17.0.17,256136879,False,sapmachine-jdk-17.0.17_windows-x64_bin-symbols.tar.gz,windows,x64,jdk,3
2026-09-26T02:14:35+00:00,sapmachine-17.0.17,256136879,False,sapmachine-jdk-17.0.17_windows-x64_bin.zip,windows,x64,jdk,9398
2026-09-26T02:14:35+00:00,sapmachine-17.0.17,256136879,False,sapmachine-jre-17.0.17_linux-aarch64_bin.tar.gz,linux,aarch64,jre,1088
2026-09-26T02:14:35+00:00,sapmachine-17.0.17,256136879,False,sapmachine-jre-17.0.17_linux-ppc64le_bin.tar.gz,linux,ppc64,jre,689
2026-09-26T02:14:35+00:00,sapmachine-17.0.17,256136879,False,sapmachine-jre-17.0.17_linux-x64-musl_bin.tar.gz,alpine,x64,jre,685
2026-09-26T02:14:35+00:00,sapmachine-17.0.17,256136879,False,sapmachine-jre-17.0.17_linux-x64_bin.tar.gz,linux,x64,jre,104507
2026-09-26T02:14:35+00:00,sapmachine-17.0.17,256136879,False,sapmachine-jre-17.0.17_macos-aarch64_bin.dmg,macos,aarch64,jre,745
2026-09-26T02:14:35+00:00,sapmachine-17.0.17,256136879,False,sapmachine-jre-17.0.17_macos-aarch64_bin.tar.gz,macos,aarch64,jre,1082
2026-09-26T02:14:35+00:00,sapmachine-17.0.17,256136879,False,sapmachine-jre-17.0.17_macos-x64_bin.dmg,macos,x64,jre,685
2026-09-26T02:14:35+00:00,sapmachine-17.0.17,256136879,False,sapmachine-jre-17.0.17_macos-x64_bin.tar.gz,macos,x64,jre,3908
2026-09-26T02:14:35+00:00,sapmachine-17.0.17,256136879,False,sapmachine-jre-17.0.17_windows-x64_bin.zip,windows,x64,jre,4112
2026-09-26T02:14:35+00:00,sapmachine-17.0.17,256136879,False,sapmachine-jdk-17.0.17_windows-x64_bin.msi,windows,x64,jdk,2865
2026-09-26T02:14:35+00:00,sapmachine-17.0.17,256136879,False,sapmachine-jre-17.0.17_windows-x64_bin.msi,windows,x64,jre,2660
2026-09-26T02:14:35+00:00,sapmachine-25.0.1,256126506,False,sapmachine-jdk-25.0.1_aix-ppc64_bin-symbols.tar.gz,aix,ppc64,jdk,3
2026-09-26T02:14:35+00:00,sapmachine-25.0.1,256126506,False,sapmachine-jdk-25.0.1_aix-ppc64_bin.tar.gz,aix,ppc64,jdk,845
2026-09-26T02:14:35+00:00,sapmachine-25.0.1,256126506,False,sapmachine-jdk-25.0.1_linux-aarch64_bin-symbols.tar.gz,linux,aarch64,jdk,3
2026-09-26T02:14:35+00:00,sapmachine-25.0.1,256126506,False,sapmachine-jdk-25.0.1_linux-aarch64_bin.tar.gz,linux,aarch64,jdk,1002
2026-09-26T02:14:35+00:00,sapmachine-25.0.1,256126506,False,sapmachine-jdk-25.0.1_linux-ppc64le_bin-symbols.tar.gz,linux,ppc64,jdk,1
2026-09-26T02:14:35+00:00,sapmachine-25.0.1,256126506,False,sapmachine-jdk-25.0.1_linux-ppc64le_bin.tar.gz,linux,ppc64,jdk,838
2026-09-26T02:14:35+00:00,sapmachine-25.0.1,256126506,False,sapmachine-jdk-25.0.1_linux-x64-musl_bin-symbols.tar.gz,alpine,x64,jdk,1
2026-09-26T02:14:35+00:00,sapmachine-25.0.1,256126506,False,sapmachine-jdk-25.0.1_linux-x64-musl_bin.tar.gz,alpine,x64,jdk,839
2026-09-26T02:14:35+00:00,sapmachine-25.0.1,256126506,False,sapmachine-jdk-25.0.1_linux-x64_bin-symbols.tar.gz,linux,x64,jdk,1
2026-09-26T02:14:35+00:00,sapmachine-25.0.1,256126506,False,sapmachine-jdk-25.0.1_linux-x64_bin.tar.gz,linux,x64,jdk,27104
2026-09-26T02:14:35+00:00,sapmachine-25.0.1,256126506,False,sapmachine-jdk-25.0.1_macos-aarch64_bin-symbols.tar.gz,macos,aarch64,jdk,3
2026-09-26T02:14:35+00:00,sapmachine-25.0.1,256126506,False,sapmachine-jdk-25.0.1_macos-aarch64_bin.dmg,macos,aarch64,jdk,3505
2026-09-26T02:14:35+00:00,sapmachine-25.0.1,256126506,False,sapmachine-jdk-25.0.1_macos-aarch64_bin.tar.gz,macos,aarch64,jdk,6798
2026-09-26T02:14:35+00:00,sapmachine-25.0.1,256126506,False,sapmachine-jdk-25.0.1_windows-x64_bin-symbols.tar.gz,windows,x64,jdk,4
2026-09-26T02:14:35+00:00,sapmachine-25.0.1,256126506,False,sapmachine-jdk-25.0.1_windows-x64_bin.zip,windows,x64,jdk,2258
2026-09-26T02:14:35+00:00,sapmachine-25.0.1,256126506,False,sapmachine-jre-25.0.1_aix-ppc64_bin.tar.gz,aix,ppc64,jre,692
2026-09-26T02:14:35+00:00,sapmachine-25.0.1,256126506,False,sapmachine-jre-25.0.1_linux-aarch64_bin.tar.gz,linux,aarch64,jre,805
2026-09-26T02:14:35+00:00,sapmachine-25.0.1,256126506,False,sapmachine-jre-25.0.1_linux-ppc64le_bin.tar.gz,linux,ppc64,jre,679
2026-09-26T02:14:35+00:00,sapmachine-25.0.1,256126506,False,sapmachine-jre-25.0.1_linux-x64-musl_bin.tar.gz,alpine,x64,jre,691
2026-09-26T02:14:35+00:00,sapmachine-25.0.1,256126506,False,sapmachine-jre-25.0.1_linux-x64_bin.tar.gz,linux,x64,jre,6393
2026-09-26T02:14:35+00:00,sapmachine-25.0.1,256126506,False,sapmachine-jre-25.0.1_macos-aarch64_bin.dmg,macos,aarch64,jre,712
2026-09-26T02:14:35+00:00,sapmachine-25.0.1,256126506,False,sapmachine-jre-25.0.1_macos-aarch64_bin.tar.gz,macos,aarch64,jre,817
2026-09-26T02:14:35+00:00,sapmachine-25.0.1,256126506,False,sapmachine-jre-25.0.1_windows-x64_bin.zip,windows,x64,jre,929
2026-09-26T02:14:35+00:00,sapmachine-25.0.1,256126506,False,sapmachine-jdk-25.0.1_windows-x64_bin.msi,windows,x64,jdk,5442
2026-09-26T02:14:35+00:00,sapmachine-25.0.1,256126506,False,sapmachine-jre-25.0.1_windows-x64_bin.msi,windows,x64,jre,1624
2026-09-26T02:14:35+00:00,sapmachine-21.0.9,256135083,False,sapmachine-jdk-21.0.9_aix-ppc64_bin-symbols.tar.gz,aix,ppc64,jdk,7
2026-09-26T02:14:35+00:00,sapmachine-21.0.9,256135083,False,sapmachine-jdk-21.0.9_aix-ppc64_bin.tar.gz,aix,ppc64,jdk,740
2026-09-26T02:14:35+00:00,sapmachine-21.0.9,256135083,False,sapmachine-jdk-21.0.9_linux-aarch64_bin-symbols.tar.gz,linux,aarch64,jdk,6
2026-09-26T02:14:35+00:00,sapmachine-21.0.9,256135083,False,sapmachine-jdk-21.0.9_linux-aarch64_bin.tar.gz,linux,aarch64,jdk,981
2026-09-26T02:14:35+00:00,sapmachine-21.0.9,256135083,False,sapmachine-jdk-21.0.9_linux-ppc64le_bin-symbols.tar.gz,linux,ppc64,jdk,6
2026-09-26T02:14:35+00:00,sapmachine-21.0.9,256135083,False,sapmachine-jdk-21.0.9_linux-ppc64le_bin.tar.gz,linux,ppc64,jdk,734
2026-09-26T02:14:35+00:00,sapmachine-21.0.9,256135083,False,sapmachine-jdk-21.0.9_linux-x64-musl_bin-symbols.tar.gz,alpine,x64,jdk,5
2026-09-26T02:14:35+00:00,sapmachine-21.0.9,256135083,False,sapmachine-jdk-21.0.9_linux-x64-musl_bin.tar.gz,alpine,x64,jdk,909
2026-09-26T02:14:35+00:00,sapmachine-21.0.9,256135083,False,sapmachine-jdk-21.0.9_linux-x64_bin-symbols.tar.gz,linux,x64,jdk,8
2026-09-26T02:14:35+00:00,sapmachine-21.0.9,256135083,False,sapmachine-jdk-21.0.9_linux-x64_bin.tar.gz,linux,x64,jdk,99903
2026-09-26T02:14:35+00:00,sapmachine-21.0.9,256135083,False,sapmachine-jdk-21.0.9_macos-aarch64_bin-symbols.tar.gz,macos,aarch64,jdk,6
2026-09-26T02:14:35+00:00,sapmachine-21.0.9,256135083,False,sapmachine-jdk-21.0.9_macos-aarch64_bin.dmg,macos,aarch64,jdk,2494
2026-09-26T02:14:35+00:00,sapmachine-21.0.9,256135083,False,sapmachine-jdk-21.0.9_macos-aarch64_bin.tar.gz,macos,aarch64,jdk,35428
2026-09-26T02:14:35+00:00,sapmachine-21.0.9,256135083,False,sapmachine-jdk-21.0.9_macos-x64_bin-symbols.tar.gz,macos,x64,jdk,6
2026-09-26T02:14:35+00:00,sapmachine-21.0.9,256135083,False,sapmachine-jdk-21.0.9_macos-x64_bin.dmg,macos,x64,jdk,1138
2026-09-26T02:14:35+00:00,sapmachine-21.0.9,256135083,False,sapmachine-jdk-21.0.9_macos-x64_bin.tar.gz,macos,x64,jdk,5238
2026-09-26T02:14:35+00:00,sapmachine-21.0.9,256135083,False,sapmachine-jdk-21.0.9_windows-x64_bin-symbols.tar.gz,windows,x64,jdk,5
2026-09-26T02:14:35+00:00,sapmachine-21.0.9,256135083,False,sapmachine-jdk-21.0.9_windows-x64_bin.zip,windows,x64,jdk,6794
2026-09-26T02:14:35+00:00,sapmachine-21.0.9,256135083,False,sapmachine-jre-21.0.9_aix-ppc64_bin.tar.gz,aix,ppc64,jre,708
2026-09-26T02:14:35+00:00,sapmachine-21.0.9,256135083,False,sapmachine-jre-21.0.9_linux-aarch64_bin.tar.gz,linux,aarch64,jre,908
2026-09-26T02:14:35+00:00,sapmachine-21.0.9,256135083,False,sapmachine-jre-21.0.9_linux-ppc64le_bin.tar.gz,linux,ppc64,jre,690
2026-09-26T02:14:35+00:00,sapmachine-21.0.9,256135083,False,sapmachine-jre-21.0.9_linux-x64-musl_bin.tar.gz,alpine,x64,jre,686
2026-09-26T02:14:35+00:00,sapmachine-21.0.9,256135083,False,sapmachine-jre-21.0.9_linux-x64_bin.tar.gz,linux,x64,jre,93115
2026-09-26T02:14:35+00:00,sapmachine-21.0.9,256135083,False,sapmachine-jre-21.0.9_macos-aarch64_bin.dmg,macos,aarch64,jre,747
2026-09-26T02:14:35+00:00,sapmachine-21.0.9,256135083,False,sapmachine-jre-21.0.9_macos-aarch64_bin.tar.gz,macos,aarch64,jre,1228
2026-09-26T02:14:35+00:00,sapmachine-21.0.9,256135083,False,sapmachine-jre-21.0.9_macos-x64_bin.dmg,macos,x64,jre,700
2026-09-26T02:14:35+00:00,sapmachine-21.0.9,256135083,False,sapmachine-jre-21.0.9_macos-x64_bin.tar.gz,macos,x64,jre,1034
2026-09-26T02:14:35+00:00,sapmachine-21.0.9,256135083,False,sapmachine-jre-21.0.9_windows-x64_bin.zip,windows,x64,jre,1083
2026-09-26T02:14:35+00:00,sapmachine-21.0.9,256135083,False,sapmachine-jdk-21.0.9_windows-x64_bin.msi,windows,x64,jdk,2545
2026-09-26T02:14:35+00:00,sapmachine-21.0.9,256135083,False,sapmachine-jre-21.0.9_windows-x64_bin.msi,windows,x64,jre,1435
2026-09-26T02:14:35+00:00,sapmachine-25,247745290,False,sapmachine-jdk-25_aix-ppc64_bin-symbols.tar.gz,aix,ppc64,jdk,1
2026-09-26T02:14:35+00:00,sapmachine-25,247745290,False,sapmachine-jdk-25_aix-ppc64_bin.tar.gz,aix,ppc64,jdk,928
2026-09-26T02:14:35+00:00,sapmachine-25,247745290,False,sapmachine-jdk-25_linux-aarch64_bin-symbols.tar.gz,linux,aarch64,jdk,3
2026-09-26T02:14:35+00:00,sapmachine-25,247745290,False,sapmachine-jdk-25_linux-aarch64_bin.tar.gz,linux,aarch64,jdk,1102
2026-09-26T02:14:35+00:00,sapmachine-25,247745290,False,sapmachine-jdk-25_linux-ppc64le_bin-symbols.tar.gz,linux,ppc64,jdk,0
2026-09-26T02:14:35+00:00,sapmachine-25,247745290,False,sapmachine-jdk-25_linux-ppc64le_bin.tar.gz,linux,ppc64,jdk,890
2026-09-26T02:14:35+00:00,sapmachine-25,247745290,False,sapmachine-jdk-25_linux-x64-musl_bin-symbols.tar.gz,alpine,x64,jdk,0
2026-09-26T02:14:35+00:00,sapmachine-25,247745290,False,sapmachine-jdk-25_linux-x64-musl_bin.tar.gz,alpine,x64,jdk,898
2026-09-26T02:14:35+00:00,sapmachine-25,247745290,False,sapmachine-jdk-25_linux-x64_bin-symbols.tar.gz,linux,x64,jdk,1
2026-09-26T02:14:35+00:00,sapmachine-25,247745290,False,sapmachine-jdk-25_linux-x64_bin.tar.gz,linux,x64,jdk,18595
2026-09-26T02:14:35+00:00,sapmachine-25,247745290,False,sapmachine-jdk-25_macos-aarch64_bin-symbols.tar.gz,macos,aarch64,jdk,1
2026-09-26T02:14:35+00:00,sapmachine-25,247745290,False,sapmachine-jdk-25_macos-aarch64_bin.dmg,macos,aarch64,jdk,2392
2026-09-26T02:14:35+00:00,sapmachine-25,247745290,False,sapmachine-jdk-25_macos-aarch64_bin.tar.gz,macos,aarch64,jdk,2578
2026-09-26T02:14:35+00:00,sapmachine-25,247745290,False,sapmachine-jdk-25_windows-x64_bin-symbols.tar.gz,windows,x64,jdk,0
2026-09-26T02:14:35+00:00,sapmachine-25,247745290,False,sapmachine-jdk-25_windows-x64_bin.zip,windows,x64,jdk,1892
2026-09-26T02:14:35+00:00,sapmachine-25,247745290,False,sapmachine-jre-25_aix-ppc64_bin.tar.gz,aix,ppc64,jre,808
2026-09-26T02:14:35+00:00,sapmachine-25,247745290,False,sapmachine-jre-25_linux-aarch64_bin.tar.gz,linux,aarch64,jre,879
2026-09-26T02:14:35+00:00,sapmachine-25,247745290,False,sapmachine-jre-25_linux-ppc64le_bin.tar.gz,linux,ppc64,jre,801
2026-09-26T02:14:35+00:00,sapmachine-25,247745290,False,sapmachine-jre-25_linux-x64-musl_bin.tar.gz,alpine,x64,jre,803
2026-09-26T02:14:35+00:00,sapmachine-25,247745290,False,sapmachine-jre-25_linux-x64_bin.tar.gz,linux,x64,jre,1691
2026-09-26T02:14:35+00:00,sapmachine-25,247745290,False,sapmachine-jre-25_macos-aarch64_bin.dmg,macos,aarch64,jre,837
2026-09-26T02:14:35+00:00,sapmachine-25,247745290,False,sapmachine-jre-25_macos-aarch64_bin.tar.gz,macos,aarch64,jre,1034
2026-09-26T02:14:35+00:00,sapmachine-25,247745290,False,sapmachine-jre-25_windows-x64_bin.zip,windows,x64,jre,1019
2026-09-26T02:14:35+00:00,sapmachine-25,247745290,False,sapmachine-jdk-25_windows-x64_bin.msi,windows,x64,jdk,3758
2026-09-26T02:14:35+00:00,sapmachine-25,247745290,False,sapmachine-jre-25_windows-x64_bin.msi,windows,x64,jre,1491
2026-09-26T02:14:35+00:00,sapmachine-11.0.28,232649124,False,sapmachine-jdk-11.0.28_linux-x64_bin-symbols.tar.gz,linux,x64,jdk,0
2026-09-26T02:14:35+00:00,sapmachine-11.0.28,232649124,False,sapmachine-jdk-11.0.28_linux-x64_bin.tar.gz,linux,x64,jdk,13767
2026-09-26T02:14:35+00:00,sapmachine-11.0.28,232649124,False,sapmachine-jre-11.0.28_linux-x64_bin.tar.gz,linux,x64,jre,8320
2026-09-26T02:14:35+00:00,sapmachine-17.0.16,232645750,False,sapmachine-jdk-17.0.16_linux-aarch64_bin-symbols.tar.gz,linux,aarch64,jdk,4
2026-09-26T02:14:35+00:00,sapmachine-17.0.16,232645750,False,sapmachine-jdk-17.0.16_linux-aarch64_bin.tar.gz,linux,aarch64,jdk,1656
2026-09-26T02:14:35+00:00,sapmachine-17.0.16,232645750,False,sapmachine-jdk-17.0.16_linux-ppc64le_bin-symbols.tar.gz,linux,ppc64,jdk,0
2026-09-26T02:14:35+00:00,sapmachine-17.0.16,232645750,False,sapmachine-jdk-17.0.16_linux-ppc64le_bin.tar.gz,linux,ppc64,jdk,1122
2026-09-26T02:14:35+00:00,sapmachine-17.0.16,232645750,False,sapmachine-jdk-17.0.16_linux-x64-musl_bin-symbols.tar.gz,alpine,x64,jdk,0
2026-09-26T02:14:35+00:00,sapmachine-17.0.16,232645750,False,sapmachine-jdk-17.0.16_linux-x64-musl_bin.tar.gz,alpine,x64,jdk,1191
2026-09-26T02:14:35+00:00,sapmachine-17.0.16,232645750,False,sapmachine-jdk-17.0.16_linux-x64_bin-symbols.tar.gz,linux,x64,jdk,18
2026-09-26T02:14:35+00:00,sapmachine-17.0.16,232645750,False,sapmachine-jdk-17.0.16_linux-x64_bin.tar.gz,linux,x64,jdk,137059
2026-09-26T02:14:35+00:00,sapmachine-17.0.16,232645750,False,sapmachine-jdk-17.0.16_macos-aarch64_bin-symbols.tar.gz,macos,aarch64,jdk,7
2026-09-26T02:14:35+00:00,sapmachine-17.0.16,232645750,False,sapmachine-jdk-17.0.16_macos-aarch64_bin.dmg,macos,aarch64,jdk,3370
2026-09-26T02:14:35+00:00,sapmachine-17.0.16,232645750,False,sapmachine-jdk-17.0.16_macos-aarch64_bin.tar.gz,macos,aarch64,jdk,28217
2026-09-26T02:14:35+00:00,sapmachine-17.0.16,232645750,False,sapmachine-jdk-17.0.16_macos-x64_bin-symbols.tar.gz,macos,x64,jdk,2
2026-09-26T02:14:35+00:00,sapmachine-17.0.16,232645750,False,sapmachine-jdk-17.0.16_macos-x64_bin.dmg,macos,x64,jdk,1549
2026-09-26T02:14:35+00:00,sapmachine-17.0.16,232645750,False,sapmachine-jdk-17.0.16_macos-x64_bin.tar.gz,macos,x64,jdk,7099
2026-09-26T02:14:35+00:00,sapmachine-17.0.16,232645750,False,sapmachine-jdk-17.0.16_windows-x64_bin-symbols.tar.gz,windows,x64,jdk,0
2026-09-26T02:14:35+00:00,sapmachine-17.0.16,232645750,False,sapmachine-jdk-17.0.16_windows-x64_bin.zip,windows,x64,jdk,9788
2026-09-26T02:14:35+00:00,sapmachine-17.0.16,232645750,False,sapmachine-jre-17.0.16_linux-aarch64_bin.tar.gz,linux,aarch64,jre,1439
2026-09-26T02:14:35+00:00,sapmachine-17.0.16,232645750,False,sapmachine-jre-17.0.16_linux-ppc64le_bin.tar.gz,linux,ppc64,jre,1025
2026-09-26T02:14:35+00:00,sapmachine-17.0.16,232645750,False,sapmachine-jre-17.0.16_linux-x64-musl_bin.tar.gz,alpine,x64,jre,1069
2026-09-26T02:14:35+00:00,sapmachine-17.0.16,232645750,False,sapmachine-jre-17.0.16_linux-x64_bin.tar.gz,linux,x64,jre,130507
2026-09-26T02:14:35+00:00,sapmachine-17.0.16,232645750,False,sapmachine-jre-17.0.16_macos-aarch64_bin.dmg,macos,aarch64,jre,1139
2026-09-26T02:14:35+00:00,sapmachine-17.0.16,232645750,False,sapmachine-jre-17.0.16_macos-aarch64_bin.tar.gz,macos,aarch64,jre,1467
2026-09-26T02:14:35+00:00,sapmachine-17.0.16,232645750,False,sapmachine-jre-17.0.16_macos-x64_bin.dmg,macos,x64,jre,1048
2026-09-26T02:14:35+00:00,sapmachine-17.0.16,232645750,False,sapmachine-jre-17.0.16_macos-x64_bin.tar.gz,macos,x64,jre,4133
2026-09-26T02:14:35+00:00,sapmachine-17.0.16,232645750,False,sapmachine-jre-17.0.16_windows-x64_bin.zip,windows,x64,jre,4351
2026-09-26T02:14:35+00:00,sapmachine-17.0.16,232645750,False,sapmachine-jdk-17.0.16_windows-x64_bin.msi,windows,x64,jdk,3841
2026-09-26T02:14:35+00:00,sapmachine-17.0.16,232645750,False,sapmachine-jre-17.0.16_windows-x64_bin.msi,windows,x64,jre,3086
2026-09-26T02:14:35+00:00,sapmachine-21.0.8,232641954,False,sapmachine-jdk-21.0.8_aix-ppc64_bin-symbols.tar.gz,aix,ppc64,jdk,8
2026-09-26T02:14:35+00:00,sapmachine-21.0.8,232641954,False,sapmachine-jdk-21.0.8_aix-ppc64_bin.tar.gz,aix,ppc64,jdk,1103
2026-09-26T02:14:35+00:00,sapmachine-21.0.8,232641954,False,sapmachine-jdk-21.0.8_linux-aarch64_bin-symbols.tar.gz,linux,aarch64,jdk,1
2026-09-26T02:14:35+00:00,sapmachine-21.0.8,232641954,False,sapmachine-jdk-21.0.8_linux-aarch64_bin.tar.gz,linux,aarch64,jdk,1375
2026-09-26T02:14:35+00:00,sapmachine-21.0.8,232641954,False,sapmachine-jdk-21.0.8_linux-ppc64le_bin-symbols.tar.gz,linux,ppc64,jdk,2
2026-09-26T02:14:35+00:00,sapmachine-21.0.8,232641954,False,sapmachine-jdk-21.0.8_linux-ppc64le_bin.tar.gz,linux,ppc64,jdk,1106
2026-09-26T02:14:35+00:00,sapmachine-21.0.8,232641954,False,sapmachine-jdk-21.0.8_linux-x64-musl_bin-symbols.tar.gz,alpine,x64,jdk,1
2026-09-26T02:14:35+00:00,sapmachine-21.0.8,232641954,False,sapmachine-jdk-21.0.8_linux-x64-musl_bin.tar.gz,alpine,x64,jdk,1418
2026-09-26T02:14:35+00:00,sapmachine-21.0.8,232641954,False,sapmachine-jdk-21.0.8_linux-x64_bin-symbols.tar.gz,linux,x64,jdk,1
2026-09-26T02:14:35+00:00,sapmachine-21.0.8,232641954,False,sapmachine-jdk-21.0.8_linux-x64_bin.tar.gz,linux,x64,jdk,120772
2026-09-26T02:14:35+00:00,sapmachine-21.0.8,232641954,False,sapmachine-jdk-21.0.8_macos-aarch64_bin-symbols.tar.gz,macos,aarch64,jdk,10
2026-09-26T02:14:35+00:00,sapmachine-21.0.8,232641954,False,sapmachine-jdk-21.0.8_macos-aarch64_bin.dmg,macos,aarch64,jdk,2884
2026-09-26T02:14:35+00:00,sapmachine-21.0.8,232641954,False,sapmachine-jdk-21.0.8_macos-aarch64_bin.tar.gz,macos,aarch64,jdk,38199
2026-09-26T02:14:35+00:00,sapmachine-21.0.8,232641954,False,sapmachine-jdk-21.0.8_macos-x64_bin-symbols.tar.gz,macos,x64,jdk,2
2026-09-26T02:14:35+00:00,sapmachine-21.0.8,232641954,False,sapmachine-jdk-21.0.8_macos-x64_bin.dmg,macos,x64,jdk,1406
2026-09-26T02:14:35+00:00,sapmachine-21.0.8,232641954,False,sapmachine-jdk-21.0.8_macos-x64_bin.tar.gz,macos,x64,jdk,6448
2026-09-26T02:14:35+00:00,sapmachine-21.0.8,232641954,False,sapmachine-jdk-21.0.8_windows-x64_bin-symbols.tar.gz,windows,x64,jdk,2
2026-09-26T02:14:35+00:00,sapmachine-21.0.8,232641954,False,sapmachine-jdk-21.0.8_windows-x64_bin.zip,windows,x64,jdk,6592
2026-09-26T02:14:35+00:00,sapmachine-21.0.8,232641954,False,sapmachine-jre-21.0.8_aix-ppc64_bin.tar.gz,aix,ppc64,jre,1028
2026-09-26T02:14:35+00:00,sapmachine-21.0.8,232641954,False,sapmachine-jre-21.0.8_linux-aarch64_bin.tar.gz,linux,aarch64,jre,1303
2026-09-26T02:14:35+00:00,sapmachine-21.0.8,232641954,False,sapmachine-jre-21.0.8_linux-ppc64le_bin.tar.gz,linux,ppc64,jre,1024
2026-09-26T02:14:35+00:00,sapmachine-21.0.8,232641954,False,sapmachine-jre-21.0.8_linux-x64-musl_bin.tar.gz,alpine,x64,jre,1058
2026-09-26T02:14:35+00:00,sapmachine-21.0.8,232641954,False,sapmachine-jre-21.0.8_linux-x64_bin.tar.gz,linux,x64,jre,87304
2026-09-26T02:14:35+00:00,sapmachine-21.0.8,232641954,False,sapmachine-jre-21.0.8_macos-aarch64_bin.dmg,macos,aarch64,jre,1098
2026-09-26T02:14:35+00:00,sapmachine-21.0.8,232641954,False,sapmachine-jre-21.0.8_macos-aarch64_bin.tar.gz,macos,aarch64,jre,1644
2026-09-26T02:14:35+00:00,sapmachine-21.0.8,232641954,False,sapmachine-jre-21.0.8_macos-x64_bin.dmg,macos,x64,jre,1063
2026-09-26T02:14:35+00:00,sapmachine-21.0.8,232641954,False,sapmachine-jre-21.0.8_macos-x64_bin.tar.gz,macos,x64,jre,1311
2026-09-26T02:14:35+00:00,sapmachine-21.0.8,232641954,False,sapmachine-jre-21.0.8_windows-x64_bin.zip,windows,x64,jre,1462
2026-09-26T02:14:35+00:00,sapmachine-21.0.8,232641954,False,sapmachine-jdk-21.0.8_windows-x64_bin.msi,windows,x64,jdk,3220
2026-09-26T02:14:35+00:00,sapmachine-21.0.8,232641954,False,sapmachine-jre-21.0.8_windows-x64_bin.msi,windows,x64,jre,1946
2026-09-26T02:14:35+00:00,sapmachine-24.0.2,232633082,False,sapmachine-jdk-24.0.2_aix-ppc64_bin-symbols.tar.gz,aix,ppc64,jdk,0
2026-09-26T02:14:35+00:00,sapmachine-24.0.2,232633082,False,sapmachine-jdk-24.0.2_aix-ppc64_bin.tar.gz,aix,ppc64,jdk,1128
2026-09-26T02:14:35+00:00,sapmachine-24.0.2,232633082,False,sapmachine-jdk-24.0.2_linux-aarch64_bin-symbols.tar.gz,linux,aarch64,jdk,0
2026-09-26T02:14:35+00:00,sapmachine-24.0.2,232633082,False,sapmachine-jdk-24.0.2_linux-aarch64_bin.tar.gz,linux,aarch64,jdk,1292
2026-09-26T02:14:35+00:00,sapmachine-24.0.2,232633082,False,sapmachine-jdk-24.0.2_linux-ppc64le_bin-symbols.tar.gz,linux,ppc64,jdk,0
2026-09-26T02:14:35+00:00,sapmachine-24.0.2,232633082,False,sapmachine-jdk-24.0.2_linux-ppc64le_bin.tar.gz,linux,ppc64,jdk,1130
2026-09-26T02:14:35+00:00,sapmachine-24.0.2,232633082,False,sapmachine-jdk-24.0.2_linux-x64-musl_bin-symbols.tar.gz,alpine,x64,jdk,0
2026-09-26T02:14:35+00:00,sapmachine-24.0.2,232633082,False,sapmachine-jdk-24.0.2_linux-x64-musl_bin.tar.gz,alpine,x64,jdk,1446
2026-09-26T02:14:35+00:00,sapmachine-24.0.2,232633082,False,sapmachine-jdk-24.0.2_linux-x64_bin-symbols.tar.gz,linux,x64,jdk,0
2026-09-26T02:14:35+00:00,sapmachine-24.0.2,232633082,False,sapmachine-jdk-24.0.2_linux-x64_bin.tar.gz,linux,x64,jdk,135475
2026-09-26T02:14:35+00:00,sapmachine-24.0.2,232633082,False,sapmachine-jdk-24.0.2_macos-aarch64_bin-symbols.tar.gz,macos,aarch64,jdk,3
2026-09-26T02:14:35+00:00,sapmachine-24.0.2,232633082,False,sapmachine-jdk-24.0.2_macos-aarch64_bin.dmg,macos,aarch64,jdk,2890
2026-09-26T02:14:35+00:00,sapmachine-24.0.2,232633082,False,sapmachine-jdk-24.0.2_macos-aarch64_bin.tar.gz,macos,aarch64,jdk,2808
2026-09-26T02:14:35+00:00,sapmachine-24.0.2,232633082,False,sapmachine-jdk-24.0.2_macos-x64_bin-symbols.tar.gz,macos,x64,jdk,3
2026-09-26T02:14:35+00:00,sapmachine-24.0.2,232633082,False,sapmachine-jdk-24.0.2_macos-x64_bin.dmg,macos,x64,jdk,1917
2026-09-26T02:14:35+00:00,sapmachine-24.0.2,232633082,False,sapmachine-jdk-24.0.2_macos-x64_bin.tar.gz,macos,x64,jdk,1915
2026-09-26T02:14:35+00:00,sapmachine-24.0.2,232633082,False,sapmachine-jdk-24.0.2_windows-x64_bin-symbols.tar.gz,windows,x64,jdk,1
2026-09-26T02:14:35+00:00,sapmachine-24.0.2,232633082,False,sapmachine-jdk-24.0.2_windows-x64_bin.zip,windows,x64,jdk,27274
2026-09-26T02:14:35+00:00,sapmachine-24.0.2,232633082,False,sapmachine-jre-24.0.2_aix-ppc64_bin.tar.gz,aix,ppc64,jre,1063
2026-09-26T02:14:35+00:00,sapmachine-24.0.2,232633082,False,sapmachine-jre-24.0.2_linux-aarch64_bin.tar.gz,linux,aarch64,jre,1100
2026-09-26T02:14:35+00:00,sapmachine-24.0.2,232633082,False,sapmachine-jre-24.0.2_linux-ppc64le_bin.tar.gz,linux,ppc64,jre,1018
2026-09-26T02:14:35+00:00,sapmachine-24.0.2,232633082,False,sapmachine-jre-24.0.2_linux-x64-musl_bin.tar.gz,alpine,x64,jre,1019
2026-09-26T02:14:35+00:00,sapmachine-24.0.2,232633082,False,sapmachine-jre-24.0.2_linux-x64_bin.tar.gz,linux,x64,jre,2058
2026-09-26T02:14:35+00:00,sapmachine-24.0.2,232633082,False,sapmachine-jre-24.0.2_macos-aarch64_bin.dmg,macos,aarch64,jre,1044
2026-09-26T02:14:35+00:00,sapmachine-24.0.2,232633082,False,sapmachine-jre-24.0.2_macos-aarch64_bin.tar.gz,macos,aarch64,jre,1143
2026-09-26T02:14:35+00:00,sapmachine-24.0.2,232633082,False,sapmachine-jre-24.0.2_macos-x64_bin.dmg,macos,x64,jre,1037
2026-09-26T02:14:35+00:00,sapmachine-24.0.2,232633082,False,sapmachine-jre-24.0.2_macos-x64_bin.tar.gz,macos,x64,jre,1111
2026-09-26T02:14:35+00:00,sapmachine-24.0.2,232633082,False,sapmachine-jre-24.0.2_windows-x64_bin.zip,windows,x64,jre,1188
2026-09-26T02:14:35+00:00,sapmachine-24.0.2,232633082,False,sapmachine-jdk-24.0.2_windows-x64_bin.msi,windows,x64,jdk,4935
2026-09-26T02:14:35+00:00,sapmachine-24.0.2,232633082,False,sapmachine-jre-24.0.2_windows-x64_bin.msi,windows,x64,jre,2288
2026-09-26T02:14:35+00:00,sapmachine-11.0.27,212625229,False,sapmachine-jdk-11.0.27-1.x86_64.rpm,linux,x64,jdk,1372
2026-09-26T02:14:35+00:00,sapmachine-11.0.27,212625229,False,sapmachine-jdk-11.0.27_linux-x64_bin-symbols.tar.gz,linux,x64,jdk,0
2026-09-26T02:14:35+00:00,sapmachine-11.0.27,212625229,False,sapmachine-jdk-11.0.27_linux-x64_bin.tar.gz,linux,x64,jdk,36974
2026-09-26T02:14:35+00:00,sapmachine-11.0.27,212625229,False,sapmachine-jre-11.0.27_linux-x64_bin.tar.gz,linux,x64,jre,2857
2026-09-26T02:14:35+00:00,sapmachine-17.0.15,212623278,False,sapmachine-jdk-17.0.15-1.aarch64.rpm,linux,aarch64,jdk,1338
2026-09-26T02:14:35+00:00,sapmachine-17.0.15,212623278,False,sapmachine-jdk-17.0.15-1.ppc64le.rpm,linux,ppc64,jdk,1323
2026-09-26T02:14:35+00:00,sapmachine-17.0.15,212623278,False,sapmachine-jdk-17.0.15-1.x86_64.rpm,linux,x64,jdk,2880
2026-09-26T02:14:35+00:00,sapmachine-17.0.15,212623278,False,sapmachine-jdk-17.0.15_linux-aarch64_bin-symbols.tar.gz,linux,aarch64,jdk,1
2026-09-26T02:14:35+00:00,sapmachine-17.0.15,212623278,False,sapmachine-jdk-17.0.15_linux-aarch64_bin.tar.gz,linux,aarch64,jdk,1650
2026-09-26T02:14:35+00:00,sapmachine-17.0.15,212623278,False,sapmachine-jdk-17.0.15_linux-ppc64le_bin-symbols.tar.gz,linux,ppc64,jdk,0
2026-09-26T02:14:35+00:00,sapmachine-17.0.15,212623278,False,sapmachine-jdk-17.0.15_linux-ppc64le_bin.tar.gz,linux,ppc64,jdk,1415
2026-09-26T02:14:35+00:00,sapmachine-17.0.15,212623278,False,sapmachine-jdk-17.0.15_linux-x64-musl_bin-symbols.tar.gz,alpine,x64,jdk,0
2026-09-26T02:14:35+00:00,sapmachine-17.0.15,212623278,False,sapmachine-jdk-17.0.15_linux-x64-musl_bin.tar.gz,alpine,x64,jdk,1494
2026-09-26T02:14:35+00:00,sapmachine-17.0.15,212623278,False,sapmachine-jdk-17.0.15_linux-x64_bin-symbols.tar.gz,linux,x64,jdk,18
2026-09-26T02:14:35+00:00,sapmachine-17.0.15,212623278,False,sapmachine-jdk-17.0.15_linux-x64_bin.tar.gz,linux,x64,jdk,350683
2026-09-26T02:14:35+00:00,sapmachine-17.0.15,212623278,False,sapmachine-jdk-17.0.15_macos-aarch64_bin-symbols.tar.gz,macos,aarch64,jdk,7
2026-09-26T02:14:35+00:00,sapmachine-17.0.15,212623278,False,sapmachine-jdk-17.0.15_macos-aarch64_bin.dmg,macos,aarch64,jdk,2703
2026-09-26T02:14:35+00:00,sapmachine-17.0.15,212623278,False,sapmachine-jdk-17.0.15_macos-aarch64_bin.tar.gz,macos,aarch64,jdk,19256
2026-09-26T02:14:35+00:00,sapmachine-17.0.15,212623278,False,sapmachine-jdk-17.0.15_macos-x64_bin-symbols.tar.gz,macos,x64,jdk,1
2026-09-26T02:14:35+00:00,sapmachine-17.0.15,212623278,False,sapmachine-jdk-17.0.15_macos-x64_bin.dmg,macos,x64,jdk,2715
2026-09-26T02:14:35+00:00,sapmachine-17.0.15,212623278,False,sapmachine-jdk-17.0.15_macos-x64_bin.tar.gz,macos,x64,jdk,5198
2026-09-26T02:14:35+00:00,sapmachine-17.0.15,212623278,False,sapmachine-jdk-17.0.15_windows-x64_bin-symbols.tar.gz,windows,x64,jdk,0
2026-09-26T02:14:35+00:00,sapmachine-17.0.15,212623278,False,sapmachine-jdk-17.0.15_windows-x64_bin.zip,windows,x64,jdk,6885
2026-09-26T02:14:35+00:00,sapmachine-17.0.15,212623278,False,sapmachine-jre-17.0.15_linux-aarch64_bin.tar.gz,linux,aarch64,jre,1683
2026-09-26T02:14:35+00:00,sapmachine-17.0.15,212623278,False,sapmachine-jre-17.0.15_linux-ppc64le_bin.tar.gz,linux,ppc64,jre,1346
2026-09-26T02:14:35+00:00,sapmachine-17.0.15,212623278,False,sapmachine-jre-17.0.15_linux-x64-musl_bin.tar.gz,alpine,x64,jre,1345
2026-09-26T02:14:35+00:00,sapmachine-17.0.15,212623278,False,sapmachine-jre-17.0.15_linux-x64_bin.tar.gz,linux,x64,jre,127020
2026-09-26T02:14:35+00:00,sapmachine-17.0.15,212623278,False,sapmachine-jre-17.0.15_macos-aarch64_bin.dmg,macos,aarch64,jre,1464
2026-09-26T02:14:35+00:00,sapmachine-17.0.15,212623278,False,sapmachine-jre-17.0.15_macos-aarch64_bin.tar.gz,macos,aarch64,jre,1643
2026-09-26T02:14:35+00:00,sapmachine-17.0.15,212623278,False,sapmachine-jre-17.0.15_macos-x64_bin.dmg,macos,x64,jre,1355
2026-09-26T02:14:35+00:00,sapmachine-17.0.15,212623278,False,sapmachine-jre-17.0.15_macos-x64_bin.tar.gz,macos,x64,jre,3215
2026-09-26T02:14:35+00:00,sapmachine-17.0.15,212623278,False,sapmachine-jre-17.0.15_windows-x64_bin.zip,windows,x64,jre,3353
2026-09-26T02:14:35+00:00,sapmachine-17.0.15,212623278,False,sapmachine-jdk-17.0.15_windows-x64_bin.msi,windows,x64,jdk,3944
2026-09-26T02:14:35+00:00,sapmachine-17.0.15,212623278,False,sapmachine-jre-17.0.15_windows-x64_bin.msi,windows,x64,jre,3329
2026-09-26T02:14:35+00:00,sapmachine-21.0.7,212619435,False,sapmachine-jdk-21.0.7-1.aarch64.rpm,linux,aarch64,jdk,1432
2026-09-26T02:14:35+00:00,sapmachine-21.0.7,212619435,False,sapmachine-jdk-21.0.7-1.ppc64le.rpm,linux,ppc64,jdk,1328
2026-09-26T02:14:35+00:00,sapmachine-21.0.7,212619435,False,sapmachine-jdk-21.0.7-1.x86_64.rpm,linux,x64,jdk,1507
2026-09-26T02:14:35+00:00,sapmachine-21.0.7,212619435,False,sapmachine-jdk-21.0.7_aix-ppc64_bin-symbols.tar.gz,aix,ppc64,jdk,7
2026-09-26T02:14:35+00:00,sapmachine-21.0.7,212619435,False,sapmachine-jdk-21.0.7_aix-ppc64_bin.tar.gz,aix,ppc64,jdk,1381
2026-09-26T02:14:35+00:00,sapmachine-21.0.7,212619435,False,sapmachine-jdk-21.0.7_linux-aarch64_bin-symbols.tar.gz,linux,aarch64,jdk,7
2026-09-26T02:14:35+00:00,sapmachine-21.0.7,212619435,False,sapmachine-jdk-21.0.7_linux-aarch64_bin.tar.gz,linux,aarch64,jdk,1627
2026-09-26T02:14:35+00:00,sapmachine-21.0.7,212619435,False,sapmachine-jdk-21.0.7_linux-ppc64le_bin-symbols.tar.gz,linux,ppc64,jdk,6
2026-09-26T02:14:35+00:00,sapmachine-21.0.7,212619435,False,sapmachine-jdk-21.0.7_linux-ppc64le_bin.tar.gz,linux,ppc64,jdk,1410
2026-09-26T02:14:35+00:00,sapmachine-21.0.7,212619435,False,sapmachine-jdk-21.0.7_linux-x64-musl_bin-symbols.tar.gz,alpine,x64,jdk,6
2026-09-26T02:14:35+00:00,sapmachine-21.0.7,212619435,False,sapmachine-jdk-21.0.7_linux-x64-musl_bin.tar.gz,alpine,x64,jdk,1876
2026-09-26T02:14:35+00:00,sapmachine-21.0.7,212619435,False,sapmachine-jdk-21.0.7_linux-x64_bin-symbols.tar.gz,linux,x64,jdk,6
2026-09-26T02:14:35+00:00,sapmachine-21.0.7,212619435,False,sapmachine-jdk-21.0.7_linux-x64_bin.tar.gz,linux,x64,jdk,239976
2026-09-26T02:14:35+00:00,sapmachine-21.0.7,212619435,False,sapmachine-jdk-21.0.7_macos-aarch64_bin-symbols.tar.gz,macos,aarch64,jdk,9
2026-09-26T02:14:35+00:00,sapmachine-21.0.7,212619435,False,sapmachine-jdk-21.0.7_macos-aarch64_bin.dmg,macos,aarch64,jdk,2339
2026-09-26T02:14:35+00:00,sapmachine-21.0.7,212619435,False,sapmachine-jdk-21.0.7_macos-aarch64_bin.tar.gz,macos,aarch64,jdk,25915
2026-09-26T02:14:35+00:00,sapmachine-21.0.7,212619435,False,sapmachine-jdk-21.0.7_macos-x64_bin-symbols.tar.gz,macos,x64,jdk,8
2026-09-26T02:14:35+00:00,sapmachine-21.0.7,212619435,False,sapmachine-jdk-21.0.7_macos-x64_bin.dmg,macos,x64,jdk,2158
2026-09-26T02:14:35+00:00,sapmachine-21.0.7,212619435,False,sapmachine-jdk-21.0.7_macos-x64_bin.tar.gz,macos,x64,jdk,4660
2026-09-26T02:14:35+00:00,sapmachine-21.0.7,212619435,False,sapmachine-jdk-21.0.7_windows-x64_bin-symbols.tar.gz,windows,x64,jdk,6
2026-09-26T02:14:35+00:00,sapmachine-21.0.7,212619435,False,sapmachine-jdk-21.0.7_windows-x64_bin.zip,windows,x64,jdk,4851
2026-09-26T02:14:35+00:00,sapmachine-21.0.7,212619435,False,sapmachine-jre-21.0.7_aix-ppc64_bin.tar.gz,aix,ppc64,jre,1341
2026-09-26T02:14:35+00:00,sapmachine-21.0.7,212619435,False,sapmachine-jre-21.0.7_linux-aarch64_bin.tar.gz,linux,aarch64,jre,1520
2026-09-26T02:14:35+00:00,sapmachine-21.0.7,212619435,False,sapmachine-jre-21.0.7_linux-ppc64le_bin.tar.gz,linux,ppc64,jre,1361
2026-09-26T02:14:35+00:00,sapmachine-21.0.7,212619435,False,sapmachine-jre-21.0.7_linux-x64-musl_bin.tar.gz,alpine,x64,jre,1377
2026-09-26T02:14:35+00:00,sapmachine-21.0.7,212619435,False,sapmachine-jre-21.0.7_linux-x64_bin.tar.gz,linux,x64,jre,71607
2026-09-26T02:14:35+00:00,sapmachine-21.0.7,212619435,False,sapmachine-jre-21.0.7_macos-aarch64_bin.dmg,macos,aarch64,jre,1369
2026-09-26T02:14:35+00:00,sapmachine-21.0.7,212619435,False,sapmachine-jre-21.0.7_macos-aarch64_bin.tar.gz,macos,aarch64,jre,1904
2026-09-26T02:14:35+00:00,sapmachine-21.0.7,212619435,False,sapmachine-jre-21.0.7_macos-x64_bin.dmg,macos,x64,jre,1359
2026-09-26T02:14:35+00:00,sapmachine-21.0.7,212619435,False,sapmachine-jre-21.0.7_macos-x64_bin.tar.gz,macos,x64,jre,1665
2026-09-26T02:14:35+00:00,sapmachine-21.0.7,212619435,False,sapmachine-jre-21.0.7_windows-x64_bin.zip,windows,x64,jre,1779
2026-09-26T02:14:35+00:00,sapmachine-21.0.7,212619435,False,sapmachine-jdk-21.0.7_windows-x64_bin.msi,windows,x64,jdk,3335
2026-09-26T02:14:35+00:00,sapmachine-21.0.7,212619435,False,sapmachine-jre-21.0.7_windows-x64_bin.msi,windows,x64,jre,2371
2026-09-26T02:14:35+00:00,sapmachine-24.0.1,212611981,False,sapmachine-jdk-24.0.1-1.aarch64.rpm,linux,aarch64,jdk,1337
2026-09-26T02:14:35+00:00,sapmachine-24.0.1,212611981,False,sapmachine-jdk-24.0.1-1.ppc64le.rpm,linux,ppc64,jdk,1325
2026-09-26T02:14:35+00:00,sapmachine-24.0.1,212611981,False,sapmachine-jdk-24.0.1-1.x86_64.rpm,linux,x64,jdk,1332
2026-09-26T02:14:35+00:00,sapmachine-24.0.1,212611981,False,sapmachine-jdk-24.0.1_aix-ppc64_bin-symbols.tar.gz,aix,ppc64,jdk,0
2026-09-26T02:14:35+00:00,sapmachine-24.0.1,212611981,False,sapmachine-jdk-24.0.1_aix-ppc64_bin.tar.gz,aix,ppc64,jdk,1432
2026-09-26T02:14:35+00:00,sapmachine-24.0.1,212611981,False,sapmachine-jdk-24.0.1_linux-aarch64_bin-symbols.tar.gz,linux,aarch64,jdk,0
2026-09-26T02:14:35+00:00,sapmachine-24.0.1,212611981,False,sapmachine-jdk-24.0.1_linux-aarch64_bin.tar.gz,linux,aarch64,jdk,1594
2026-09-26T02:14:35+00:00,sapmachine-24.0.1,212611981,False,sapmachine-jdk-24.0.1_linux-ppc64le_bin-symbols.tar.gz,linux,ppc64,jdk,0
2026-09-26T02:14:35+00:00,sapmachine-24.0.1,212611981,False,sapmachine-jdk-24.0.1_linux-ppc64le_bin.tar.gz,linux,ppc64,jdk,1445
2026-09-26T02:14:35+00:00,sapmachine-24.0.1,212611981,False,sapmachine-jdk-24.0.1_linux-x64-musl_bin-symbols.tar.gz,alpine,x64,jdk,0
2026-09-26T02:14:35+00:00,sapmachine-24.0.1,212611981,False,sapmachine-jdk-24.0.1_linux-x64-musl_bin.tar.gz,alpine,x64,jdk,1770
2026-09-26T02:14:35+00:00,sapmachine-24.0.1,212611981,False,sapmachine-jdk-24.0.1_linux-x64_bin-symbols.tar.gz,linux,x64,jdk,0
2026-09-26T02:14:35+00:00,sapmachine-24.0.1,212611981,False,sapmachine-jdk-24.0.1_linux-x64_bin.tar.gz,linux,x64,jdk,8136
2026-09-26T02:14:35+00:00,sapmachine-24.0.1,212611981,False,sapmachine-jdk-24.0.1_macos-aarch64_bin-symbols.tar.gz,macos,aarch64,jdk,2
2026-09-26T02:14:35+00:00,sapmachine-24.0.1,212611981,False,sapmachine-jdk-24.0.1_macos-aarch64_bin.dmg,macos,aarch64,jdk,2824
2026-09-26T02:14:35+00:00,sapmachine-24.0.1,212611981,False,sapmachine-jdk-24.0.1_macos-aarch64_bin.tar.gz,macos,aarch64,jdk,2677
2026-09-26T02:14:35+00:00,sapmachine-24.0.1,212611981,False,sapmachine-jdk-24.0.1_macos-x64_bin-symbols.tar.gz,macos,x64,jdk,1
2026-09-26T02:14:35+00:00,sapmachine-24.0.1,212611981,False,sapmachine-jdk-24.0.1_macos-x64_bin.dmg,macos,x64,jdk,2561
2026-09-26T02:14:35+00:00,sapmachine-24.0.1,212611981,False,sapmachine-jdk-24.0.1_macos-x64_bin.tar.gz,macos,x64,jdk,2052
2026-09-26T02:14:35+00:00,sapmachine-24.0.1,212611981,False,sapmachine-jdk-24.0.1_windows-x64_bin-symbols.tar.gz,windows,x64,jdk,1
2026-09-26T02:14:35+00:00,sapmachine-24.0.1,212611981,False,sapmachine-jdk-24.0.1_windows-x64_bin.zip,windows,x64,jdk,2620
2026-09-26T02:14:35+00:00,sapmachine-24.0.1,212611981,False,sapmachine-jre-24.0.1_aix-ppc64_bin.tar.gz,aix,ppc64,jre,1329
2026-09-26T02:14:35+00:00,sapmachine-24.0.1,212611981,False,sapmachine-jre-24.0.1_linux-aarch64_bin.tar.gz,linux,aarch64,jre,1446
2026-09-26T02:14:35+00:00,sapmachine-24.0.1,212611981,False,sapmachine-jre-24.0.1_linux-ppc64le_bin.tar.gz,linux,ppc64,jre,1363
2026-09-26T02:14:35+00:00,sapmachine-24.0.1,212611981,False,sapmachine-jre-24.0.1_linux-x64-musl_bin.tar.gz,alpine,x64,jre,1336
2026-09-26T02:14:35+00:00,sapmachine-24.0.1,212611981,False,sapmachine-jre-24.0.1_linux-x64_bin.tar.gz,linux,x64,jre,2118
2026-09-26T02:14:35+00:00,sapmachine-24.0.1,212611981,False,sapmachine-jre-24.0.1_macos-aarch64_bin.dmg,macos,aarch64,jre,1344
2026-09-26T02:14:35+00:00,sapmachine-24.0.1,212611981,False,sapmachine-jre-24.0.1_macos-aarch64_bin.tar.gz,macos,aarch64,jre,1445
2026-09-26T02:14:35+00:00,sapmachine-24.0.1,212611981,False,sapmachine-jre-24.0.1_macos-x64_bin.dmg,macos,x64,jre,1342
2026-09-26T02:14:35+00:00,sapmachine-24.0.1,212611981,False,sapmachine-jre-24.0.1_macos-x64_bin.tar.gz,macos,x64,jre,1412
2026-09-26T02:14:35+00:00,sapmachine-24.0.1,212611981,False,sapmachine-jre-24.0.1_windows-x64_bin.zip,windows,x64,jre,1507
2026-09-26T02:14:35+00:00,sapmachine-24.0.1,212611981,False,sapmachine-jdk-24.0.1_windows-x64_bin.msi,windows,x64,jdk,6143
2026-09-26T02:14:35+00:00,sapmachine-24.0.1,212611981,False,sapmachine-jre-24.0.1_windows-x64_bin.msi,windows,x64,jre,2657
2026-09-26T02:14:35+00:00,sapmachine-24,206755339,False,sapmachine-jdk-24-1.aarch64.rpm,linux,aarch64,jdk,1419
2026-09-26T02:14:35+00:00,sapmachine-24,206755339,False,sapmachine-jdk-24-1.ppc64le.rpm,linux,ppc64,jdk,1511
2026-09-26T02:14:35+00:00,sapmachine-24,206755339,False,sapmachine-jdk-24-1.x86_64.rpm,linux,x64,jdk,1439
2026-09-26T02:14:35+00:00,sapmachine-24,206755339,False,sapmachine-jdk-24_aix-ppc64_bin-symbols.tar.gz,aix,ppc64,jdk,1
2026-09-26T02:14:35+00:00,sapmachine-24,206755339,False,sapmachine-jdk-24_aix-ppc64_bin.tar.gz,aix,ppc64,jdk,1446
2026-09-26T02:14:35+00:00,sapmachine-24,206755339,False,sapmachine-jdk-24_linux-aarch64_bin-symbols.tar.gz,linux,aarch64,jdk,1
2026-09-26T02:14:35+00:00,sapmachine-24,206755339,False,sapmachine-jdk-24_linux-aarch64_bin.tar.gz,linux,aarch64,jdk,1618
2026-09-26T02:14:35+00:00,sapmachine-24,206755339,False,sapmachine-jdk-24_linux-ppc64le_bin-symbols.tar.gz,linux,ppc64,jdk,1
2026-09-26T02:14:35+00:00,sapmachine-24,206755339,False,sapmachine-jdk-24_linux-ppc64le_bin.tar.gz,linux,ppc64,jdk,1481
2026-09-26T02:14:35+00:00,sapmachine-24,206755339,False,sapmachine-jdk-24_linux-x64-musl_bin-symbols.tar.gz,alpine,x64,jdk,1
2026-09-26T02:14:35+00:00,sapmachine-24,206755339,False,sapmachine-jdk-24_linux-x64-musl_bin.tar.gz,alpine,x64,jdk,1510
2026-09-26T02:14:35+00:00,sapmachine-24,206755339,False,sapmachine-jdk-24_linux-x64_bin-symbols.tar.gz,linux,x64,jdk,1
2026-09-26T02:14:35+00:00,sapmachine-24,206755339,False,sapmachine-jdk-24_linux-x64_bin.tar.gz,linux,x64,jdk,2748
2026-09-26T02:14:35+00:00,sapmachine-24,206755339,False,sapmachine-jdk-24_macos-aarch64_bin-symbols.tar.gz,macos,aarch64,jdk,1
2026-09-26T02:14:35+00:00,sapmachine-24,206755339,False,sapmachine-jdk-24_macos-aarch64_bin.dmg,macos,aarch64,jdk,2038
2026-09-26T02:14:35+00:00,sapmachine-24,206755339,False,sapmachine-jdk-24_macos-aarch64_bin.tar.gz,macos,aarch64,jdk,1816
2026-09-26T02:14:35+00:00,sapmachine-24,206755339,False,sapmachine-jdk-24_macos-x64_bin-symbols.tar.gz,macos,x64,jdk,2
2026-09-26T02:14:35+00:00,sapmachine-24,206755339,False,sapmachine-jdk-24_macos-x64_bin.dmg,macos,x64,jdk,1858
2026-09-26T02:14:35+00:00,sapmachine-24,206755339,False,sapmachine-jdk-24_macos-x64_bin.tar.gz,macos,x64,jdk,1684
2026-09-26T02:14:35+00:00,sapmachine-24,206755339,False,sapmachine-jdk-24_windows-x64_bin-symbols.tar.gz,windows,x64,jdk,3
2026-09-26T02:14:35+00:00,sapmachine-24,206755339,False,sapmachine-jdk-24_windows-x64_bin.zip,windows,x64,jdk,1956
2026-09-26T02:14:35+00:00,sapmachine-24,206755339,False,sapmachine-jre-24_aix-ppc64_bin.tar.gz,aix,ppc64,jre,1429
2026-09-26T02:14:35+00:00,sapmachine-24,206755339,False,sapmachine-jre-24_linux-aarch64_bin.tar.gz,linux,aarch64,jre,1483
2026-09-26T02:14:35+00:00,sapmachine-24,206755339,False,sapmachine-jre-24_linux-ppc64le_bin.tar.gz,linux,ppc64,jre,1421
2026-09-26T02:14:35+00:00,sapmachine-24,206755339,False,sapmachine-jre-24_linux-x64-musl_bin.tar.gz,alpine,x64,jre,1436
2026-09-26T02:14:35+00:00,sapmachine-24,206755339,False,sapmachine-jre-24_linux-x64_bin.tar.gz,linux,x64,jre,2022
2026-09-26T02:14:35+00:00,sapmachine-24,206755339,False,sapmachine-jre-24_macos-aarch64_bin.dmg,macos,aarch64,jre,1461
2026-09-26T02:14:35+00:00,sapmachine-24,206755339,False,sapmachine-jre-24_macos-aarch64_bin.tar.gz,macos,aarch64,jre,1519
2026-09-26T02:14:35+00:00,sapmachine-24,206755339,False,sapmachine-jre-24_macos-x64_bin.dmg,macos,x64,jre,1431
2026-09-26T02:14:35+00:00,sapmachine-24,206755339,False,sapmachine-jre-24_macos-x64_bin.tar.gz,macos,x64,jre,1526
2026-09-26T02:14:35+00:00,sapmachine-24,206755339,False,sapmachine-jre-24_windows-x64_bin.zip,windows,x64,jre,1544
2026-09-26T02:14:35+00:00,sapmachine-24,206755339,False,sapmachine-jdk-24_windows-x64_bin.msi,windows,x64,jdk,3583
2026-09-26T02:14:35+00:00,sapmachine-24,206755339,False,sapmachine-jre-24_windows-x64_bin.msi,windows,x64,jre,2378
2026-09-26T02:14:35+00:00,sapmachine-11.0.26,196049247,False,sapmachine-jdk-11.0.26-1.x86_64.rpm,linux,x64,jdk,1596
2026-09-26T02:14:35+00:00,sapmachine-11.0.26,196049247,False,sapmachine-jdk-11.0.26_linux-x64_bin-symbols.tar.gz,linux,x64,jdk,2
2026-09-26T02:14:35+00:00,sapmachine-11.0.26,196049247,False,sapmachine-jdk-11.0.26_linux-x64_bin.tar.gz,linux,x64,jdk,22194
2026-09-26T02:14:35+00:00,sapmachine-11.0.26,196049247,False,sapmachine-jre-11.0.26_linux-x64_bin.tar.gz,linux,x64,jre,3041
2026-09-26T02:14:35+00:00,sapmachine-17.0.14,196046864,False,sapmachine-jdk-17.0.14-1.aarch64.rpm,linux,aarch64,jdk,1594
2026-09-26T02:14:35+00:00,sapmachine-17.0.14,196046864,False,sapmachine-jdk-17.0.14-1.ppc64le.rpm,linux,ppc64,jdk,1577
2026-09-26T02:14:35+00:00,sapmachine-17.0.14,196046864,False,sapmachine-jdk-17.0.14-1.x86_64.rpm,linux,x64,jdk,2068
2026-09-26T02:14:35+00:00,sapmachine-17.0.14,196046864,False,sapmachine-jdk-17.0.14_linux-aarch64_bin-symbols.tar.gz,linux,aarch64,jdk,3
2026-09-26T02:14:35+00:00,sapmachine-17.0.14,196046864,False,sapmachine-jdk-17.0.14_linux-aarch64_bin.tar.gz,linux,aarch64,jdk,1957
2026-09-26T02:14:35+00:00,sapmachine-17.0.14,196046864,False,sapmachine-jdk-17.0.14_linux-ppc64le_bin-symbols.tar.gz,linux,ppc64,jdk,2
2026-09-26T02:14:35+00:00,sapmachine-17.0.14,196046864,False,sapmachine-jdk-17.0.14_linux-ppc64le_bin.tar.gz,linux,ppc64,jdk,1681
2026-09-26T02:14:35+00:00,sapmachine-17.0.14,196046864,False,sapmachine-jdk-17.0.14_linux-x64-musl_bin-symbols.tar.gz,alpine,x64,jdk,2
2026-09-26T02:14:35+00:00,sapmachine-17.0.14,196046864,False,sapmachine-jdk-17.0.14_linux-x64-musl_bin.tar.gz,alpine,x64,jdk,1732
2026-09-26T02:14:35+00:00,sapmachine-17.0.14,196046864,False,sapmachine-jdk-17.0.14_linux-x64_bin-symbols.tar.gz,linux,x64,jdk,2
2026-09-26T02:14:35+00:00,sapmachine-17.0.14,196046864,False,sapmachine-jdk-17.0.14_linux-x64_bin.tar.gz,linux,x64,jdk,128707
2026-09-26T02:14:35+00:00,sapmachine-17.0.14,196046864,False,sapmachine-jdk-17.0.14_macos-aarch64_bin-symbols.tar.gz,macos,aarch64,jdk,12
2026-09-26T02:14:35+00:00,sapmachine-17.0.14,196046864,False,sapmachine-jdk-17.0.14_macos-aarch64_bin.dmg,macos,aarch64,jdk,2620
2026-09-26T02:14:35+00:00,sapmachine-17.0.14,196046864,False,sapmachine-jdk-17.0.14_macos-aarch64_bin.tar.gz,macos,aarch64,jdk,17798
2026-09-26T02:14:35+00:00,sapmachine-17.0.14,196046864,False,sapmachine-jdk-17.0.14_macos-x64_bin-symbols.tar.gz,macos,x64,jdk,3
2026-09-26T02:14:35+00:00,sapmachine-17.0.14,196046864,False,sapmachine-jdk-17.0.14_macos-x64_bin.dmg,macos,x64,jdk,2919
2026-09-26T02:14:35+00:00,sapmachine-17.0.14,196046864,False,sapmachine-jdk-17.0.14_macos-x64_bin.tar.gz,macos,x64,jdk,5460
2026-09-26T02:14:35+00:00,sapmachine-17.0.14,196046864,False,sapmachine-jdk-17.0.14_windows-x64_bin-symbols.tar.gz,windows,x64,jdk,5
2026-09-26T02:14:35+00:00,sapmachine-17.0.14,196046864,False,sapmachine-jdk-17.0.14_windows-x64_bin.zip,windows,x64,jdk,26237
2026-09-26T02:14:35+00:00,sapmachine-17.0.14,196046864,False,sapmachine-jre-17.0.14_linux-aarch64_bin.tar.gz,linux,aarch64,jre,1916
2026-09-26T02:14:35+00:00,sapmachine-17.0.14,196046864,False,sapmachine-jre-17.0.14_linux-ppc64le_bin.tar.gz,linux,ppc64,jre,1594
2026-09-26T02:14:35+00:00,sapmachine-17.0.14,196046864,False,sapmachine-jre-17.0.14_linux-x64-musl_bin.tar.gz,alpine,x64,jre,1659
2026-09-26T02:14:35+00:00,sapmachine-17.0.14,196046864,False,sapmachine-jre-17.0.14_linux-x64_bin.tar.gz,linux,x64,jre,118801
2026-09-26T02:14:35+00:00,sapmachine-17.0.14,196046864,False,sapmachine-jre-17.0.14_macos-aarch64_bin.dmg,macos,aarch64,jre,1660
2026-09-26T02:14:35+00:00,sapmachine-17.0.14,196046864,False,sapmachine-jre-17.0.14_macos-aarch64_bin.tar.gz,macos,aarch64,jre,1879
2026-09-26T02:14:35+00:00,sapmachine-17.0.14,196046864,False,sapmachine-jre-17.0.14_macos-x64_bin.dmg,macos,x64,jre,1619
2026-09-26T02:14:35+00:00,sapmachine-17.0.14,196046864,False,sapmachine-jre-17.0.14_macos-x64_bin.tar.gz,macos,x64,jre,4081
2026-09-26T02:14:35+00:00,sapmachine-17.0.14,196046864,False,sapmachine-jre-17.0.14_windows-x64_bin.zip,windows,x64,jre,4309
2026-09-26T02:14:35+00:00,sapmachine-17.0.14,196046864,False,sapmachine-jdk-17.0.14_windows-x64_bin.msi,windows,x64,jdk,4346
2026-09-26T02:14:35+00:00,sapmachine-17.0.14,196046864,False,sapmachine-jre-17.0.14_windows-x64_bin.msi,windows,x64,jre,3569
2026-09-26T02:14:35+00:00,sapmachine-21.0.6,196029075,False,sapmachine-jdk-21.0.6-1.aarch64.rpm,linux,aarch64,jdk,1594
2026-09-26T02:14:35+00:00,sapmachine-21.0.6,196029075,False,sapmachine-jdk-21.0.6-1.ppc64le.rpm,linux,ppc64,jdk,1583
2026-09-26T02:14:35+00:00,sapmachine-21.0.6,196029075,False,sapmachine-jdk-21.0.6-1.x86_64.rpm,linux,x64,jdk,1659
2026-09-26T02:14:35+00:00,sapmachine-21.0.6,196029075,False,sapmachine-jdk-21.0.6_aix-ppc64_bin-symbols.tar.gz,aix,ppc64,jdk,4
2026-09-26T02:14:35+00:00,sapmachine-21.0.6,196029075,False,sapmachine-jdk-21.0.6_aix-ppc64_bin.tar.gz,aix,ppc64,jdk,1627
2026-09-26T02:14:35+00:00,sapmachine-21.0.6,196029075,False,sapmachine-jdk-21.0.6_linux-aarch64_bin-symbols.tar.gz,linux,aarch64,jdk,3
2026-09-26T02:14:35+00:00,sapmachine-21.0.6,196029075,False,sapmachine-jdk-21.0.6_linux-aarch64_bin.tar.gz,linux,aarch64,jdk,1788
2026-09-26T02:14:35+00:00,sapmachine-21.0.6,196029075,False,sapmachine-jdk-21.0.6_linux-ppc64le_bin-symbols.tar.gz,linux,ppc64,jdk,3
2026-09-26T02:14:35+00:00,sapmachine-21.0.6,196029075,False,sapmachine-jdk-21.0.6_linux-ppc64le_bin.tar.gz,linux,ppc64,jdk,1622
2026-09-26T02:14:35+00:00,sapmachine-21.0.6,196029075,False,sapmachine-jdk-21.0.6_linux-x64-musl_bin-symbols.tar.gz,alpine,x64,jdk,3
2026-09-26T02:14:35+00:00,sapmachine-21.0.6,196029075,False,sapmachine-jdk-21.0.6_linux-x64-musl_bin.tar.gz,alpine,x64,jdk,1838
2026-09-26T02:14:35+00:00,sapmachine-21.0.6,196029075,False,sapmachine-jdk-21.0.6_linux-x64_bin-symbols.tar.gz,linux,x64,jdk,6
2026-09-26T02:14:35+00:00,sapmachine-21.0.6,196029075,False,sapmachine-jdk-21.0.6_linux-x64_bin.tar.gz,linux,x64,jdk,58794
2026-09-26T02:14:35+00:00,sapmachine-21.0.6,196029075,False,sapmachine-jdk-21.0.6_macos-aarch64_bin-symbols.tar.gz,macos,aarch64,jdk,3
2026-09-26T02:14:35+00:00,sapmachine-21.0.6,196029075,False,sapmachine-jdk-21.0.6_macos-aarch64_bin.dmg,macos,aarch64,jdk,2050
2026-09-26T02:14:35+00:00,sapmachine-21.0.6,196029075,False,sapmachine-jdk-21.0.6_macos-aarch64_bin.tar.gz,macos,aarch64,jdk,23309
2026-09-26T02:14:35+00:00,sapmachine-21.0.6,196029075,False,sapmachine-jdk-21.0.6_macos-x64_bin-symbols.tar.gz,macos,x64,jdk,3
2026-09-26T02:14:35+00:00,sapmachine-21.0.6,196029075,False,sapmachine-jdk-21.0.6_macos-x64_bin.dmg,macos,x64,jdk,2111
2026-09-26T02:14:35+00:00,sapmachine-21.0.6,196029075,False,sapmachine-jdk-21.0.6_macos-x64_bin.tar.gz,macos,x64,jdk,6117
2026-09-26T02:14:35+00:00,sapmachine-21.0.6,196029075,False,sapmachine-jdk-21.0.6_windows-x64_bin-symbols.tar.gz,windows,x64,jdk,4
2026-09-26T02:14:35+00:00,sapmachine-21.0.6,196029075,False,sapmachine-jdk-21.0.6_windows-x64_bin.zip,windows,x64,jdk,5678
2026-09-26T02:14:35+00:00,sapmachine-21.0.6,196029075,False,sapmachine-jre-21.0.6_aix-ppc64_bin.tar.gz,aix,ppc64,jre,1634
2026-09-26T02:14:35+00:00,sapmachine-21.0.6,196029075,False,sapmachine-jre-21.0.6_linux-aarch64_bin.tar.gz,linux,aarch64,jre,1814
2026-09-26T02:14:35+00:00,sapmachine-21.0.6,196029075,False,sapmachine-jre-21.0.6_linux-ppc64le_bin.tar.gz,linux,ppc64,jre,1588
2026-09-26T02:14:35+00:00,sapmachine-21.0.6,196029075,False,sapmachine-jre-21.0.6_linux-x64-musl_bin.tar.gz,alpine,x64,jre,1655
2026-09-26T02:14:35+00:00,sapmachine-21.0.6,196029075,False,sapmachine-jre-21.0.6_linux-x64_bin.tar.gz,linux,x64,jre,60926
2026-09-26T02:14:35+00:00,sapmachine-21.0.6,196029075,False,sapmachine-jre-21.0.6_macos-aarch64_bin.dmg,macos,aarch64,jre,1631
2026-09-26T02:14:35+00:00,sapmachine-21.0.6,196029075,False,sapmachine-jre-21.0.6_macos-aarch64_bin.tar.gz,macos,aarch64,jre,2016
2026-09-26T02:14:35+00:00,sapmachine-21.0.6,196029075,False,sapmachine-jre-21.0.6_macos-x64_bin.dmg,macos,x64,jre,1604
2026-09-26T02:14:35+00:00,sapmachine-21.0.6,196029075,False,sapmachine-jre-21.0.6_macos-x64_bin.tar.gz,macos,x64,jre,1819
2026-09-26T02:14:35+00:00,sapmachine-21.0.6,196029075,False,sapmachine-jre-21.0.6_windows-x64_bin.zip,windows,x64,jre,1908
2026-09-26T02:14:35+00:00,sapmachine-21.0.6,196029075,False,sapmachine-jdk-21.0.6_windows-x64_bin.msi,windows,x64,jdk,3603
2026-09-26T02:14:35+00:00,sapmachine-21.0.6,196029075,False,sapmachine-jre-21.0.6_windows-x64_bin.msi,windows,x64,jre,2688
2026-09-26T02:14:35+00:00,sapmachine-23.0.2,196017845,False,sapmachine-jdk-23.0.2-1.aarch64.rpm,linux,aarch64,jdk,1600
2026-09-26T02:14:35+00:00,sapmachine-23.0.2,196017845,False,sapmachine-jdk-23.0.2-1.ppc64le.rpm,linux,ppc64,jdk,1650
2026-09-26T02:14:35+00:00,sapmachine-23.0.2,196017845,False,sapmachine-jdk-23.0.2-1.x86_64.rpm,linux,x64,jdk,1620
2026-09-26T02:14:35+00:00,sapmachine-23.0.2,196017845,False,sapmachine-jdk-23.0.2_aix-ppc64_bin-symbols.tar.gz,aix,ppc64,jdk,2
2026-09-26T02:14:35+00:00,sapmachine-23.0.2,196017845,False,sapmachine-jdk-23.0.2_aix-ppc64_bin.tar.gz,aix,ppc64,jdk,1649
2026-09-26T02:14:35+00:00,sapmachine-23.0.2,196017845,False,sapmachine-jdk-23.0.2_linux-aarch64_bin-symbols.tar.gz,linux,aarch64,jdk,2
2026-09-26T02:14:35+00:00,sapmachine-23.0.2,196017845,False,sapmachine-jdk-23.0.2_linux-aarch64_bin.tar.gz,linux,aarch64,jdk,1755
2026-09-26T02:14:35+00:00,sapmachine-23.0.2,196017845,False,sapmachine-jdk-23.0.2_linux-ppc64le_bin-symbols.tar.gz,linux,ppc64,jdk,2
2026-09-26T02:14:35+00:00,sapmachine-23.0.2,196017845,False,sapmachine-jdk-23.0.2_linux-ppc64le_bin.tar.gz,linux,ppc64,jdk,1647
2026-09-26T02:14:35+00:00,sapmachine-23.0.2,196017845,False,sapmachine-jdk-23.0.2_linux-x64-musl_bin-symbols.tar.gz,alpine,x64,jdk,2
2026-09-26T02:14:35+00:00,sapmachine-23.0.2,196017845,False,sapmachine-jdk-23.0.2_linux-x64-musl_bin.tar.gz,alpine,x64,jdk,1792
2026-09-26T02:14:35+00:00,sapmachine-23.0.2,196017845,False,sapmachine-jdk-23.0.2_linux-x64_bin-symbols.tar.gz,linux,x64,jdk,2
2026-09-26T02:14:35+00:00,sapmachine-23.0.2,196017845,False,sapmachine-jdk-23.0.2_linux-x64_bin.tar.gz,linux,x64,jdk,153004
2026-09-26T02:14:35+00:00,sapmachine-23.0.2,196017845,False,sapmachine-jdk-23.0.2_macos-aarch64_bin-symbols.tar.gz,macos,aarch64,jdk,3
2026-09-26T02:14:35+00:00,sapmachine-23.0.2,196017845,False,sapmachine-jdk-23.0.2_macos-aarch64_bin.dmg,macos,aarch64,jdk,2656
2026-09-26T02:14:35+00:00,sapmachine-23.0.2,196017845,False,sapmachine-jdk-23.0.2_macos-aarch64_bin.tar.gz,macos,aarch64,jdk,2937
2026-09-26T02:14:35+00:00,sapmachine-23.0.2,196017845,False,sapmachine-jdk-23.0.2_macos-x64_bin-symbols.tar.gz,macos,x64,jdk,2
2026-09-26T02:14:35+00:00,sapmachine-23.0.2,196017845,False,sapmachine-jdk-23.0.2_macos-x64_bin.dmg,macos,x64,jdk,2434
2026-09-26T02:14:35+00:00,sapmachine-23.0.2,196017845,False,sapmachine-jdk-23.0.2_macos-x64_bin.tar.gz,macos,x64,jdk,2055
2026-09-26T02:14:35+00:00,sapmachine-23.0.2,196017845,False,sapmachine-jdk-23.0.2_windows-x64_bin-symbols.tar.gz,windows,x64,jdk,5
2026-09-26T02:14:35+00:00,sapmachine-23.0.2,196017845,False,sapmachine-jdk-23.0.2_windows-x64_bin.zip,windows,x64,jdk,2516
2026-09-26T02:14:35+00:00,sapmachine-23.0.2,196017845,False,sapmachine-jre-23.0.2_aix-ppc64_bin.tar.gz,aix,ppc64,jre,1625
2026-09-26T02:14:35+00:00,sapmachine-23.0.2,196017845,False,sapmachine-jre-23.0.2_linux-aarch64_bin.tar.gz,linux,aarch64,jre,1669
2026-09-26T02:14:35+00:00,sapmachine-23.0.2,196017845,False,sapmachine-jre-23.0.2_linux-ppc64le_bin.tar.gz,linux,ppc64,jre,1586
2026-09-26T02:14:35+00:00,sapmachine-23.0.2,196017845,False,sapmachine-jre-23.0.2_linux-x64-musl_bin.tar.gz,alpine,x64,jre,1618
2026-09-26T02:14:35+00:00,sapmachine-23.0.2,196017845,False,sapmachine-jre-23.0.2_linux-x64_bin.tar.gz,linux,x64,jre,3959
2026-09-26T02:14:35+00:00,sapmachine-23.0.2,196017845,False,sapmachine-jre-23.0.2_macos-aarch64_bin.dmg,macos,aarch64,jre,1625
2026-09-26T02:14:35+00:00,sapmachine-23.0.2,196017845,False,sapmachine-jre-23.0.2_macos-aarch64_bin.tar.gz,macos,aarch64,jre,1729
2026-09-26T02:14:35+00:00,sapmachine-23.0.2,196017845,False,sapmachine-jre-23.0.2_macos-x64_bin.dmg,macos,x64,jre,1650
2026-09-26T02:14:35+00:00,sapmachine-23.0.2,196017845,False,sapmachine-jre-23.0.2_macos-x64_bin.tar.gz,macos,x64,jre,1683
2026-09-26T02:14:35+00:00,sapmachine-23.0.2,196017845,False,sapmachine-jre-23.0.2_windows-x64_bin.zip,windows,x64,jre,1760
2026-09-26T02:14:35+00:00,sapmachine-23.0.2,196017845,False,sapmachine-jdk-23.0.2_windows-x64_bin.msi,windows,x64,jdk,5370
2026-09-26T02:14:35+00:00,sapmachine-23.0.2,196017845,False,sapmachine-jre-23.0.2_windows-x64_bin.msi,windows,x64,jre,3135
2026-09-26T02:14:35+00:00,sapmachine-21.0.5,180069062,False,sapmachine-jdk-21.0.5-1.x86_64.rpm,linux,x64,jdk,1942
2026-09-26T02:14:35+00:00,sapmachine-21.0.5,180069062,False,sapmachine-jdk-21.0.5_aix-ppc64_bin-symbols.tar.gz,aix,ppc64,jdk,4
2026-09-26T02:14:35+00:00,sapmachine-21.0.5,180069062,False,sapmachine-jdk-21.0.5_aix-ppc64_bin.tar.gz,aix,ppc64,jdk,1956
2026-09-26T02:14:35+00:00,sapmachine-21.0.5,180069062,False,sapmachine-jdk-21.0.5_linux-aarch64_bin-symbols.tar.gz,linux,aarch64,jdk,5
2026-09-26T02:14:35+00:00,sapmachine-21.0.5,180069062,False,sapmachine-jdk-21.0.5_linux-aarch64_bin.tar.gz,linux,aarch64,jdk,2203
2026-09-26T02:14:35+00:00,sapmachine-21.0.5,180069062,False,sapmachine-jdk-21.0.5_linux-ppc64le_bin-symbols.tar.gz,linux,ppc64,jdk,4
2026-09-26T02:14:35+00:00,sapmachine-21.0.5,180069062,False,sapmachine-jdk-21.0.5_linux-ppc64le_bin.tar.gz,linux,ppc64,jdk,1930
2026-09-26T02:14:35+00:00,sapmachine-21.0.5,180069062,False,sapmachine-jdk-21.0.5_linux-x64-musl_bin-symbols.tar.gz,alpine,x64,jdk,4
2026-09-26T02:14:35+00:00,sapmachine-21.0.5,180069062,False,sapmachine-jdk-21.0.5_linux-x64-musl_bin.tar.gz,alpine,x64,jdk,1967
2026-09-26T02:14:35+00:00,sapmachine-21.0.5,180069062,False,sapmachine-jdk-21.0.5_linux-x64_bin-symbols.tar.gz,linux,x64,jdk,4
2026-09-26T02:14:35+00:00,sapmachine-21.0.5,180069062,False,sapmachine-jdk-21.0.5_linux-x64_bin.tar.gz,linux,x64,jdk,22038
2026-09-26T02:14:35+00:00,sapmachine-21.0.5,180069062,False,sapmachine-jdk-21.0.5_macos-aarch64_bin-symbols.tar.gz,macos,aarch64,jdk,5
2026-09-26T02:14:35+00:00,sapmachine-21.0.5,180069062,False,sapmachine-jdk-21.0.5_macos-aarch64_bin.dmg,macos,aarch64,jdk,2397
2026-09-26T02:14:35+00:00,sapmachine-21.0.5,180069062,False,sapmachine-jdk-21.0.5_macos-aarch64_bin.tar.gz,macos,aarch64,jdk,17954
2026-09-26T02:14:35+00:00,sapmachine-21.0.5,180069062,False,sapmachine-jdk-21.0.5_macos-x64_bin-symbols.tar.gz,macos,x64,jdk,5
2026-09-26T02:14:35+00:00,sapmachine-21.0.5,180069062,False,sapmachine-jdk-21.0.5_macos-x64_bin.dmg,macos,x64,jdk,2494
2026-09-26T02:14:35+00:00,sapmachine-21.0.5,180069062,False,sapmachine-jdk-21.0.5_macos-x64_bin.tar.gz,macos,x64,jdk,6392
2026-09-26T02:14:35+00:00,sapmachine-21.0.5,180069062,False,sapmachine-jdk-21.0.5_windows-x64_bin-symbols.tar.gz,windows,x64,jdk,5
2026-09-26T02:14:35+00:00,sapmachine-21.0.5,180069062,False,sapmachine-jdk-21.0.5_windows-x64_bin.zip,windows,x64,jdk,6624
2026-09-26T02:14:35+00:00,sapmachine-21.0.5,180069062,False,sapmachine-jre-21.0.5_aix-ppc64_bin.tar.gz,aix,ppc64,jre,1917
2026-09-26T02:14:35+00:00,sapmachine-21.0.5,180069062,False,sapmachine-jre-21.0.5_linux-aarch64_bin.tar.gz,linux,aarch64,jre,2227
2026-09-26T02:14:35+00:00,sapmachine-21.0.5,180069062,False,sapmachine-jre-21.0.5_linux-ppc64le_bin.tar.gz,linux,ppc64,jre,1942
2026-09-26T02:14:35+00:00,sapmachine-21.0.5,180069062,False,sapmachine-jre-21.0.5_linux-x64-musl_bin.tar.gz,alpine,x64,jre,1960
2026-09-26T02:14:35+00:00,sapmachine-21.0.5,180069062,False,sapmachine-jre-21.0.5_linux-x64_bin.tar.gz,linux,x64,jre,47373
2026-09-26T02:14:35+00:00,sapmachine-21.0.5,180069062,False,sapmachine-jre-21.0.5_macos-aarch64_bin.dmg,macos,aarch64,jre,1947
2026-09-26T02:14:35+00:00,sapmachine-21.0.5,180069062,False,sapmachine-jre-21.0.5_macos-aarch64_bin.tar.gz,macos,aarch64,jre,2061
2026-09-26T02:14:35+00:00,sapmachine-21.0.5,180069062,False,sapmachine-jre-21.0.5_macos-x64_bin.dmg,macos,x64,jre,1938
2026-09-26T02:14:35+00:00,sapmachine-21.0.5,180069062,False,sapmachine-jre-21.0.5_macos-x64_bin.tar.gz,macos,x64,jre,2011
2026-09-26T02:14:35+00:00,sapmachine-21.0.5,180069062,False,sapmachine-jre-21.0.5_windows-x64_bin.zip,windows,x64,jre,2107
2026-09-26T02:14:35+00:00,sapmachine-21.0.5,180069062,False,sapmachine-jdk-21.0.5_windows-x64_bin.msi,windows,x64,jdk,6717
2026-09-26T02:14:35+00:00,sapmachine-21.0.5,180069062,False,sapmachine-jre-21.0.5_windows-x64_bin.msi,windows,x64,jre,5279
2026-09-26T02:14:35+00:00,sapmachine-11.0.25,180067451,False,sapmachine-jdk-11.0.25-1.x86_64.rpm,linux,x64,jdk,2024
2026-09-26T02:14:35+00:00,sapmachine-11.0.25,180067451,False,sapmachine-jdk-11.0.25_linux-aarch64_bin-symbols.tar.gz,linux,aarch64,jdk,0
2026-09-26T02:14:35+00:00,sapmachine-11.0.25,180067451,False,sapmachine-jdk-11.0.25_linux-aarch64_bin.tar.gz,linux,aarch64,jdk,2083
2026-09-26T02:14:35+00:00,sapmachine-11.0.25,180067451,False,sapmachine-jdk-11.0.25_linux-ppc64le_bin-symbols.tar.gz,linux,ppc64,jdk,0
2026-09-26T02:14:35+00:00,sapmachine-11.0.25,180067451,False,sapmachine-jdk-11.0.25_linux-ppc64le_bin.tar.gz,linux,ppc64,jdk,1920
2026-09-26T02:14:35+00:00,sapmachine-11.0.25,180067451,False,sapmachine-jdk-11.0.25_linux-x64_bin-symbols.tar.gz,linux,x64,jdk,0
2026-09-26T02:14:35+00:00,sapmachine-11.0.25,180067451,False,sapmachine-jdk-11.0.25_linux-x64_bin.tar.gz,linux,x64,jdk,25639
2026-09-26T02:14:35+00:00,sapmachine-11.0.25,180067451,False,sapmachine-jdk-11.0.25_macos-aarch64_bin-symbols.tar.gz,macos,aarch64,jdk,2
2026-09-26T02:14:35+00:00,sapmachine-11.0.25,180067451,False,sapmachine-jdk-11.0.25_macos-aarch64_bin.dmg,macos,aarch64,jdk,2696
2026-09-26T02:14:35+00:00,sapmachine-11.0.25,180067451,False,sapmachine-jdk-11.0.25_macos-aarch64_bin.tar.gz,macos,aarch64,jdk,45784
2026-09-26T02:14:35+00:00,sapmachine-11.0.25,180067451,False,sapmachine-jdk-11.0.25_macos-x64_bin-symbols.tar.gz,macos,x64,jdk,2
2026-09-26T02:14:35+00:00,sapmachine-11.0.25,180067451,False,sapmachine-jdk-11.0.25_macos-x64_bin.dmg,macos,x64,jdk,2489
2026-09-26T02:14:35+00:00,sapmachine-11.0.25,180067451,False,sapmachine-jdk-11.0.25_macos-x64_bin.tar.gz,macos,x64,jdk,27471
2026-09-26T02:14:35+00:00,sapmachine-11.0.25,180067451,False,sapmachine-jdk-11.0.25_windows-x64_bin-symbols.tar.gz,windows,x64,jdk,0
2026-09-26T02:14:35+00:00,sapmachine-11.0.25,180067451,False,sapmachine-jdk-11.0.25_windows-x64_bin.zip,windows,x64,jdk,73606
2026-09-26T02:14:35+00:00,sapmachine-11.0.25,180067451,False,sapmachine-jre-11.0.25_linux-aarch64_bin.tar.gz,linux,aarch64,jre,2140
2026-09-26T02:14:35+00:00,sapmachine-11.0.25,180067451,False,sapmachine-jre-11.0.25_linux-ppc64le_bin.tar.gz,linux,ppc64,jre,1940
2026-09-26T02:14:35+00:00,sapmachine-11.0.25,180067451,False,sapmachine-jre-11.0.25_linux-x64_bin.tar.gz,linux,x64,jre,5204
2026-09-26T02:14:35+00:00,sapmachine-11.0.25,180067451,False,sapmachine-jre-11.0.25_macos-aarch64_bin.dmg,macos,aarch64,jre,1929
2026-09-26T02:14:35+00:00,sapmachine-11.0.25,180067451,False,sapmachine-jre-11.0.25_macos-aarch64_bin.tar.gz,macos,aarch64,jre,2425
2026-09-26T02:14:35+00:00,sapmachine-11.0.25,180067451,False,sapmachine-jre-11.0.25_macos-x64_bin.dmg,macos,x64,jre,1907
2026-09-26T02:14:35+00:00,sapmachine-11.0.25,180067451,False,sapmachine-jre-11.0.25_macos-x64_bin.tar.gz,macos,x64,jre,2008
2026-09-26T02:14:35+00:00,sapmachine-11.0.25,180067451,False,sapmachine-jre-11.0.25_windows-x64_bin.zip,windows,x64,jre,2154
2026-09-26T02:14:35+00:00,sapmachine-11.0.25,180067451,False,sapmachine-jdk-11.0.25_windows-x64_bin.msi,windows,x64,jdk,6899
2026-09-26T02:14:35+00:00,sapmachine-11.0.25,180067451,False,sapmachine-jre-11.0.25_windows-x64_bin.msi,windows,x64,jre,5189
2026-09-26T02:14:35+00:00,sapmachine-17.0.13,180068329,False,sapmachine-jdk-17.0.13-1.x86_64.rpm,linux,x64,jdk,2043
2026-09-26T02:14:35+00:00,sapmachine-17.0.13,180068329,False,sapmachine-jdk-17.0.13_linux-aarch64_bin-symbols.tar.gz,linux,aarch64,jdk,1
2026-09-26T02:14:35+00:00,sapmachine-17.0.13,180068329,False,sapmachine-jdk-17.0.13_linux-aarch64_bin.tar.gz,linux,aarch64,jdk,2260
2026-09-26T02:14:35+00:00,sapmachine-17.0.13,180068329,False,sapmachine-jdk-17.0.13_linux-ppc64le_bin-symbols.tar.gz,linux,ppc64,jdk,0
2026-09-26T02:14:35+00:00,sapmachine-17.0.13,180068329,False,sapmachine-jdk-17.0.13_linux-ppc64le_bin.tar.gz,linux,ppc64,jdk,2024
2026-09-26T02:14:35+00:00,sapmachine-17.0.13,180068329,False,sapmachine-jdk-17.0.13_linux-x64-musl_bin-symbols.tar.gz,alpine,x64,jdk,0
2026-09-26T02:14:35+00:00,sapmachine-17.0.13,180068329,False,sapmachine-jdk-17.0.13_linux-x64-musl_bin.tar.gz,alpine,x64,jdk,2145
2026-09-26T02:14:35+00:00,sapmachine-17.0.13,180068329,False,sapmachine-jdk-17.0.13_linux-x64_bin-symbols.tar.gz,linux,x64,jdk,16
2026-09-26T02:14:35+00:00,sapmachine-17.0.13,180068329,False,sapmachine-jdk-17.0.13_linux-x64_bin.tar.gz,linux,x64,jdk,100117
2026-09-26T02:14:35+00:00,sapmachine-17.0.13,180068329,False,sapmachine-jdk-17.0.13_macos-aarch64_bin-symbols.tar.gz,macos,aarch64,jdk,3
2026-09-26T02:14:35+00:00,sapmachine-17.0.13,180068329,False,sapmachine-jdk-17.0.13_macos-aarch64_bin.dmg,macos,aarch64,jdk,3115
2026-09-26T02:14:35+00:00,sapmachine-17.0.13,180068329,False,sapmachine-jdk-17.0.13_macos-aarch64_bin.tar.gz,macos,aarch64,jdk,16629
2026-09-26T02:14:35+00:00,sapmachine-17.0.13,180068329,False,sapmachine-jdk-17.0.13_macos-x64_bin-symbols.tar.gz,macos,x64,jdk,2
2026-09-26T02:14:35+00:00,sapmachine-17.0.13,180068329,False,sapmachine-jdk-17.0.13_macos-x64_bin.dmg,macos,x64,jdk,3665
2026-09-26T02:14:35+00:00,sapmachine-17.0.13,180068329,False,sapmachine-jdk-17.0.13_macos-x64_bin.tar.gz,macos,x64,jdk,6867
2026-09-26T02:14:35+00:00,sapmachine-17.0.13,180068329,False,sapmachine-jdk-17.0.13_windows-x64_bin-symbols.tar.gz,windows,x64,jdk,3
2026-09-26T02:14:35+00:00,sapmachine-17.0.13,180068329,False,sapmachine-jdk-17.0.13_windows-x64_bin.zip,windows,x64,jdk,9269
2026-09-26T02:14:35+00:00,sapmachine-17.0.13,180068329,False,sapmachine-jre-17.0.13_linux-aarch64_bin.tar.gz,linux,aarch64,jre,2500
2026-09-26T02:14:35+00:00,sapmachine-17.0.13,180068329,False,sapmachine-jre-17.0.13_linux-ppc64le_bin.tar.gz,linux,ppc64,jre,1894
2026-09-26T02:14:35+00:00,sapmachine-17.0.13,180068329,False,sapmachine-jre-17.0.13_linux-x64-musl_bin.tar.gz,alpine,x64,jre,1939
2026-09-26T02:14:35+00:00,sapmachine-17.0.13,180068329,False,sapmachine-jre-17.0.13_linux-x64_bin.tar.gz,linux,x64,jre,762814
2026-09-26T02:14:35+00:00,sapmachine-17.0.13,180068329,False,sapmachine-jre-17.0.13_macos-aarch64_bin.dmg,macos,aarch64,jre,1980
2026-09-26T02:14:35+00:00,sapmachine-17.0.13,180068329,False,sapmachine-jre-17.0.13_macos-aarch64_bin.tar.gz,macos,aarch64,jre,2137
2026-09-26T02:14:35+00:00,sapmachine-17.0.13,180068329,False,sapmachine-jre-17.0.13_macos-x64_bin.dmg,macos,x64,jre,1928
2026-09-26T02:14:35+00:00,sapmachine-17.0.13,180068329,False,sapmachine-jre-17.0.13_macos-x64_bin.tar.gz,macos,x64,jre,4284
2026-09-26T02:14:35+00:00,sapmachine-17.0.13,180068329,False,sapmachine-jre-17.0.13_windows-x64_bin.zip,windows,x64,jre,4479
2026-09-26T02:14:35+00:00,sapmachine-17.0.13,180068329,False,sapmachine-jdk-17.0.13_windows-x64_bin.msi,windows,x64,jdk,6818
2026-09-26T02:14:35+00:00,sapmachine-17.0.13,180068329,False,sapmachine-jre-17.0.13_windows-x64_bin.msi,windows,x64,jre,5123
2026-09-26T02:14:35+00:00,sapmachine-23.0.1,180070075,False,sapmachine-jdk-23.0.1-1.x86_64.rpm,linux,x64,jdk,1896
2026-09-26T02:14:35+00:00,sapmachine-23.0.1,180070075,False,sapmachine-jdk-23.0.1_aix-ppc64_bin-symbols.tar.gz,aix,ppc64,jdk,5
2026-09-26T02:14:35+00:00,sapmachine-23.0.1,180070075,False,sapmachine-jdk-23.0.1_aix-ppc64_bin.tar.gz,aix,ppc64,jdk,2031
2026-09-26T02:14:35+00:00,sapmachine-23.0.1,180070075,False,sapmachine-jdk-23.0.1_linux-aarch64_bin-symbols.tar.gz,linux,aarch64,jdk,0
2026-09-26T02:14:35+00:00,sapmachine-23.0.1,180070075,False,sapmachine-jdk-23.0.1_linux-aarch64_bin.tar.gz,linux,aarch64,jdk,2189
2026-09-26T02:14:35+00:00,sapmachine-23.0.1,180070075,False,sapmachine-jdk-23.0.1_linux-ppc64le_bin-symbols.tar.gz,linux,ppc64,jdk,0
2026-09-26T02:14:35+00:00,sapmachine-23.0.1,180070075,False,sapmachine-jdk-23.0.1_linux-ppc64le_bin.tar.gz,linux,ppc64,jdk,1982
2026-09-26T02:14:35+00:00,sapmachine-23.0.1,180070075,False,sapmachine-jdk-23.0.1_linux-x64-musl_bin-symbols.tar.gz,alpine,x64,jdk,0
2026-09-26T02:14:35+00:00,sapmachine-23.0.1,180070075,False,sapmachine-jdk-23.0.1_linux-x64-musl_bin.tar.gz,alpine,x64,jdk,2020
2026-09-26T02:14:35+00:00,sapmachine-23.0.1,180070075,False,sapmachine-jdk-23.0.1_linux-x64_bin-symbols.tar.gz,linux,x64,jdk,0
2026-09-26T02:14:35+00:00,sapmachine-23.0.1,180070075,False,sapmachine-jdk-23.0.1_linux-x64_bin.tar.gz,linux,x64,jdk,3316
2026-09-26T02:14:35+00:00,sapmachine-23.0.1,180070075,False,sapmachine-jdk-23.0.1_macos-aarch64_bin-symbols.tar.gz,macos,aarch64,jdk,2
2026-09-26T02:14:35+00:00,sapmachine-23.0.1,180070075,False,sapmachine-jdk-23.0.1_macos-aarch64_bin.dmg,macos,aarch64,jdk,3360
2026-09-26T02:14:35+00:00,sapmachine-23.0.1,180070075,False,sapmachine-jdk-23.0.1_macos-aarch64_bin.tar.gz,macos,aarch64,jdk,3147
2026-09-26T02:14:35+00:00,sapmachine-23.0.1,180070075,False,sapmachine-jdk-23.0.1_macos-x64_bin-symbols.tar.gz,macos,x64,jdk,1
2026-09-26T02:14:35+00:00,sapmachine-23.0.1,180070075,False,sapmachine-jdk-23.0.1_macos-x64_bin.dmg,macos,x64,jdk,3182
2026-09-26T02:14:35+00:00,sapmachine-23.0.1,180070075,False,sapmachine-jdk-23.0.1_macos-x64_bin.tar.gz,macos,x64,jdk,2458
2026-09-26T02:14:35+00:00,sapmachine-23.0.1,180070075,False,sapmachine-jdk-23.0.1_windows-x64_bin-symbols.tar.gz,windows,x64,jdk,1
2026-09-26T02:14:35+00:00,sapmachine-23.0.1,180070075,False,sapmachine-jdk-23.0.1_windows-x64_bin.zip,windows,x64,jdk,3315
2026-09-26T02:14:35+00:00,sapmachine-23.0.1,180070075,False,sapmachine-jre-23.0.1_aix-ppc64_bin.tar.gz,aix,ppc64,jre,1885
2026-09-26T02:14:35+00:00,sapmachine-23.0.1,180070075,False,sapmachine-jre-23.0.1_linux-aarch64_bin.tar.gz,linux,aarch64,jre,2054
2026-09-26T02:14:35+00:00,sapmachine-23.0.1,180070075,False,sapmachine-jre-23.0.1_linux-ppc64le_bin.tar.gz,linux,ppc64,jre,1898
2026-09-26T02:14:35+00:00,sapmachine-23.0.1,180070075,False,sapmachine-jre-23.0.1_linux-x64-musl_bin.tar.gz,alpine,x64,jre,1910
2026-09-26T02:14:35+00:00,sapmachine-23.0.1,180070075,False,sapmachine-jre-23.0.1_linux-x64_bin.tar.gz,linux,x64,jre,2817
2026-09-26T02:14:35+00:00,sapmachine-23.0.1,180070075,False,sapmachine-jre-23.0.1_macos-aarch64_bin.dmg,macos,aarch64,jre,1919
2026-09-26T02:14:35+00:00,sapmachine-23.0.1,180070075,False,sapmachine-jre-23.0.1_macos-aarch64_bin.tar.gz,macos,aarch64,jre,2023
2026-09-26T02:14:35+00:00,sapmachine-23.0.1,180070075,False,sapmachine-jre-23.0.1_macos-x64_bin.dmg,macos,x64,jre,1925
2026-09-26T02:14:35+00:00,sapmachine-23.0.1,180070075,False,sapmachine-jre-23.0.1_macos-x64_bin.tar.gz,macos,x64,jre,1991
2026-09-26T02:14:35+00:00,sapmachine-23.0.1,180070075,False,sapmachine-jre-23.0.1_windows-x64_bin.zip,windows,x64,jre,2078
2026-09-26T02:14:35+00:00,sapmachine-23.0.1,180070075,False,sapmachine-jdk-23.0.1_windows-x64_bin.msi,windows,x64,jdk,7746
2026-09-26T02:14:35+00:00,sapmachine-23.0.1,180070075,False,sapmachine-jre-23.0.1_windows-x64_bin.msi,windows,x64,jre,3586
2026-09-26T02:14:35+00:00,sapmachine-23,175599109,False,sapmachine-jdk-23-1.x86_64.rpm,linux,x64,jdk,2010
2026-09-26T02:14:35+00:00,sapmachine-23,175599109,False,sapmachine-jdk-23_aix-ppc64_bin-symbols.tar.gz,aix,ppc64,jdk,4
2026-09-26T02:14:35+00:00,sapmachine-23,175599109,False,sapmachine-jdk-23_aix-ppc64_bin.tar.gz,aix,ppc64,jdk,2047
2026-09-26T02:14:35+00:00,sapmachine-23,175599109,False,sapmachine-jdk-23_linux-aarch64_bin-symbols.tar.gz,linux,aarch64,jdk,2
2026-09-26T02:14:35+00:00,sapmachine-23,175599109,False,sapmachine-jdk-23_linux-aarch64_bin.tar.gz,linux,aarch64,jdk,2123
2026-09-26T02:14:35+00:00,sapmachine-23,175599109,False,sapmachine-jdk-23_linux-ppc64le_bin-symbols.tar.gz,linux,ppc64,jdk,2
2026-09-26T02:14:35+00:00,sapmachine-23,175599109,False,sapmachine-jdk-23_linux-ppc64le_bin.tar.gz,linux,ppc64,jdk,2048
2026-09-26T02:14:35+00:00,sapmachine-23,175599109,False,sapmachine-jdk-23_linux-x64-musl_bin-symbols.tar.gz,alpine,x64,jdk,2
2026-09-26T02:14:35+00:00,sapmachine-23,175599109,False,sapmachine-jdk-23_linux-x64-musl_bin.tar.gz,alpine,x64,jdk,2085
2026-09-26T02:14:35+00:00,sapmachine-23,175599109,False,sapmachine-jdk-23_linux-x64_bin-symbols.tar.gz,linux,x64,jdk,2
2026-09-26T02:14:35+00:00,sapmachine-23,175599109,False,sapmachine-jdk-23_linux-x64_bin.tar.gz,linux,x64,jdk,4432
2026-09-26T02:14:35+00:00,sapmachine-23,175599109,False,sapmachine-jdk-23_macos-aarch64_bin-symbols.tar.gz,macos,aarch64,jdk,5
2026-09-26T02:14:35+00:00,sapmachine-23,175599109,False,sapmachine-jdk-23_macos-aarch64_bin.dmg,macos,aarch64,jdk,2547
2026-09-26T02:14:35+00:00,sapmachine-23,175599109,False,sapmachine-jdk-23_macos-aarch64_bin.tar.gz,macos,aarch64,jdk,2482
2026-09-26T02:14:35+00:00,sapmachine-23,175599109,False,sapmachine-jdk-23_macos-x64_bin-symbols.tar.gz,macos,x64,jdk,3
2026-09-26T02:14:35+00:00,sapmachine-23,175599109,False,sapmachine-jdk-23_macos-x64_bin.dmg,macos,x64,jdk,2457
2026-09-26T02:14:35+00:00,sapmachine-23,175599109,False,sapmachine-jdk-23_macos-x64_bin.tar.gz,macos,x64,jdk,2301
2026-09-26T02:14:35+00:00,sapmachine-23,175599109,False,sapmachine-jdk-23_windows-x64_bin-symbols.tar.gz,windows,x64,jdk,2
2026-09-26T02:14:35+00:00,sapmachine-23,175599109,False,sapmachine-jdk-23_windows-x64_bin.zip,windows,x64,jdk,3688
2026-09-26T02:14:35+00:00,sapmachine-23,175599109,False,sapmachine-jre-23_aix-ppc64_bin.tar.gz,aix,ppc64,jre,1990
2026-09-26T02:14:35+00:00,sapmachine-23,175599109,False,sapmachine-jre-23_linux-aarch64_bin.tar.gz,linux,aarch64,jre,2051
2026-09-26T02:14:35+00:00,sapmachine-23,175599109,False,sapmachine-jre-23_linux-ppc64le_bin.tar.gz,linux,ppc64,jre,2088
2026-09-26T02:14:35+00:00,sapmachine-23,175599109,False,sapmachine-jre-23_linux-x64-musl_bin.tar.gz,alpine,x64,jre,2015
2026-09-26T02:14:35+00:00,sapmachine-23,175599109,False,sapmachine-jre-23_linux-x64_bin.tar.gz,linux,x64,jre,2832
2026-09-26T02:14:35+00:00,sapmachine-23,175599109,False,sapmachine-jre-23_macos-aarch64_bin.dmg,macos,aarch64,jre,2002
2026-09-26T02:14:35+00:00,sapmachine-23,175599109,False,sapmachine-jre-23_macos-aarch64_bin.tar.gz,macos,aarch64,jre,2108
2026-09-26T02:14:35+00:00,sapmachine-23,175599109,False,sapmachine-jre-23_macos-x64_bin.dmg,macos,x64,jre,2006
2026-09-26T02:14:35+00:00,sapmachine-23,175599109,False,sapmachine-jre-23_macos-x64_bin.tar.gz,macos,x64,jre,2095
2026-09-26T02:14:35+00:00,sapmachine-23,175599109,False,sapmachine-jre-23_windows-x64_bin.zip,windows,x64,jre,2336
2026-09-26T02:14:35+00:00,sapmachine-23,175599109,False,sapmachine-jre-23_windows-x64_bin.msi,windows,x64,jre,1984
2026-09-26T02:14:35+00:00,sapmachine-23,175599109,False,sapmachine-jdk-23_windows-x64_bin.msi,windows,x64,jdk,2002
2026-09-26T02:14:35+00:00,sapmachine-11.0.24,165799800,False,sapmachine-jdk-11.0.24_windows-x64_bin-symbols.tar.gz,windows,x64,jdk,1
2026-09-26T02:14:35+00:00,sapmachine-11.0.24,165799800,False,sapmachine-jdk-11.0.24_windows-x64_bin.zip,windows,x64,jdk,5027
2026-09-26T02:14:35+00:00,sapmachine-11.0.24,165799800,False,sapmachine-jre-11.0.24_windows-x64_bin.zip,windows,x64,jre,2474
2026-09-26T02:14:35+00:00,sapmachine-11.0.24,165799800,False,sapmachine-jdk-11.0.24-1.x86_64.rpm,linux,x64,jdk,2376
2026-09-26T02:14:35+00:00,sapmachine-11.0.24,165799800,False,sapmachine-jdk-11.0.24_linux-aarch64_bin-symbols.tar.gz,linux,aarch64,jdk,1
2026-09-26T02:14:35+00:00,sapmachine-11.0.24,165799800,False,sapmachine-jdk-11.0.24_linux-aarch64_bin.tar.gz,linux,aarch64,jdk,2485
2026-09-26T02:14:35+00:00,sapmachine-11.0.24,165799800,False,sapmachine-jdk-11.0.24_linux-ppc64le_bin-symbols.tar.gz,linux,ppc64,jdk,1
2026-09-26T02:14:35+00:00,sapmachine-11.0.24,165799800,False,sapmachine-jdk-11.0.24_linux-ppc64le_bin.tar.gz,linux,ppc64,jdk,2364
2026-09-26T02:14:35+00:00,sapmachine-11.0.24,165799800,False,sapmachine-jdk-11.0.24_linux-x64_bin-symbols.tar.gz,linux,x64,jdk,1
2026-09-26T02:14:35+00:00,sapmachine-11.0.24,165799800,False,sapmachine-jdk-11.0.24_linux-x64_bin.tar.gz,linux,x64,jdk,28344
2026-09-26T02:14:35+00:00,sapmachine-11.0.24,165799800,False,sapmachine-jdk-11.0.24_macos-x64_bin-symbols.tar.gz,macos,x64,jdk,2
2026-09-26T02:14:35+00:00,sapmachine-11.0.24,165799800,False,sapmachine-jdk-11.0.24_macos-x64_bin.dmg,macos,x64,jdk,2465
2026-09-26T02:14:35+00:00,sapmachine-11.0.24,165799800,False,sapmachine-jdk-11.0.24_macos-x64_bin.tar.gz,macos,x64,jdk,3594
2026-09-26T02:14:35+00:00,sapmachine-11.0.24,165799800,False,sapmachine-jre-11.0.24_linux-aarch64_bin.tar.gz,linux,aarch64,jre,2527
2026-09-26T02:14:35+00:00,sapmachine-11.0.24,165799800,False,sapmachine-jre-11.0.24_linux-ppc64le_bin.tar.gz,linux,ppc64,jre,2295
2026-09-26T02:14:35+00:00,sapmachine-11.0.24,165799800,False,sapmachine-jre-11.0.24_linux-x64_bin.tar.gz,linux,x64,jre,6792
2026-09-26T02:14:35+00:00,sapmachine-11.0.24,165799800,False,sapmachine-jre-11.0.24_macos-x64_bin.dmg,macos,x64,jre,2388
2026-09-26T02:14:35+00:00,sapmachine-11.0.24,165799800,False,sapmachine-jre-11.0.24_macos-x64_bin.tar.gz,macos,x64,jre,2371
2026-09-26T02:14:35+00:00,sapmachine-11.0.24,165799800,False,sapmachine-jre-11.0.24_macos-aarch64_bin.dmg,macos,aarch64,jre,2353
2026-09-26T02:14:35+00:00,sapmachine-11.0.24,165799800,False,sapmachine-jre-11.0.24_macos-aarch64_bin.tar.gz,macos,aarch64,jre,2497
2026-09-26T02:14:35+00:00,sapmachine-11.0.24,165799800,False,sapmachine-jdk-11.0.24_macos-aarch64_bin-symbols.tar.gz,macos,aarch64,jdk,2
2026-09-26T02:14:35+00:00,sapmachine-11.0.24,165799800,False,sapmachine-jdk-11.0.24_macos-aarch64_bin.dmg,macos,aarch64,jdk,2522
2026-09-26T02:14:35+00:00,sapmachine-11.0.24,165799800,False,sapmachine-jdk-11.0.24_macos-aarch64_bin.tar.gz,macos,aarch64,jdk,5469
2026-09-26T02:14:35+00:00,sapmachine-11.0.24,165799800,False,sapmachine-jdk-11.0.24_windows-x64_bin.msi,windows,x64,jdk,4049
2026-09-26T02:14:35+00:00,sapmachine-11.0.24,165799800,False,sapmachine-jre-11.0.24_windows-x64_bin.msi,windows,x64,jre,3797
2026-09-26T02:14:35+00:00,sapmachine-21.0.4,165793530,False,sapmachine-jdk-21.0.4_windows-x64_bin-symbols.tar.gz,windows,x64,jdk,2
2026-09-26T02:14:35+00:00,sapmachine-21.0.4,165793530,False,sapmachine-jdk-21.0.4_windows-x64_bin.zip,windows,x64,jdk,4471
2026-09-26T02:14:35+00:00,sapmachine-21.0.4,165793530,False,sapmachine-jre-21.0.4_windows-x64_bin.zip,windows,x64,jre,2522
2026-09-26T02:14:35+00:00,sapmachine-21.0.4,165793530,False,sapmachine-jdk-21.0.4-1.x86_64.rpm,linux,x64,jdk,2582
2026-09-26T02:14:35+00:00,sapmachine-21.0.4,165793530,False,sapmachine-jdk-21.0.4_aix-ppc64_bin-symbols.tar.gz,aix,ppc64,jdk,1
2026-09-26T02:14:35+00:00,sapmachine-21.0.4,165793530,False,sapmachine-jdk-21.0.4_aix-ppc64_bin.tar.gz,aix,ppc64,jdk,2344
2026-09-26T02:14:35+00:00,sapmachine-21.0.4,165793530,False,sapmachine-jdk-21.0.4_linux-aarch64_bin-symbols.tar.gz,linux,aarch64,jdk,1
2026-09-26T02:14:35+00:00,sapmachine-21.0.4,165793530,False,sapmachine-jdk-21.0.4_linux-aarch64_bin.tar.gz,linux,aarch64,jdk,2498
2026-09-26T02:14:35+00:00,sapmachine-21.0.4,165793530,False,sapmachine-jdk-21.0.4_linux-ppc64le_bin-symbols.tar.gz,linux,ppc64,jdk,1
2026-09-26T02:14:35+00:00,sapmachine-21.0.4,165793530,False,sapmachine-jdk-21.0.4_linux-ppc64le_bin.tar.gz,linux,ppc64,jdk,2321
2026-09-26T02:14:35+00:00,sapmachine-21.0.4,165793530,False,sapmachine-jdk-21.0.4_linux-x64-musl_bin-symbols.tar.gz,alpine,x64,jdk,1
2026-09-26T02:14:35+00:00,sapmachine-21.0.4,165793530,False,sapmachine-jdk-21.0.4_linux-x64-musl_bin.tar.gz,alpine,x64,jdk,2353
2026-09-26T02:14:35+00:00,sapmachine-21.0.4,165793530,False,sapmachine-jdk-21.0.4_linux-x64_bin-symbols.tar.gz,linux,x64,jdk,1
2026-09-26T02:14:35+00:00,sapmachine-21.0.4,165793530,False,sapmachine-jdk-21.0.4_linux-x64_bin.tar.gz,linux,x64,jdk,20839
2026-09-26T02:14:35+00:00,sapmachine-21.0.4,165793530,False,sapmachine-jdk-21.0.4_macos-aarch64_bin-symbols.tar.gz,macos,aarch64,jdk,2
2026-09-26T02:14:35+00:00,sapmachine-21.0.4,165793530,False,sapmachine-jdk-21.0.4_macos-aarch64_bin.dmg,macos,aarch64,jdk,2549
2026-09-26T02:14:35+00:00,sapmachine-21.0.4,165793530,False,sapmachine-jdk-21.0.4_macos-aarch64_bin.tar.gz,macos,aarch64,jdk,12827
2026-09-26T02:14:35+00:00,sapmachine-21.0.4,165793530,False,sapmachine-jdk-21.0.4_macos-x64_bin-symbols.tar.gz,macos,x64,jdk,2
2026-09-26T02:14:35+00:00,sapmachine-21.0.4,165793530,False,sapmachine-jdk-21.0.4_macos-x64_bin.dmg,macos,x64,jdk,2673
2026-09-26T02:14:35+00:00,sapmachine-21.0.4,165793530,False,sapmachine-jdk-21.0.4_macos-x64_bin.tar.gz,macos,x64,jdk,4997
2026-09-26T02:14:35+00:00,sapmachine-21.0.4,165793530,False,sapmachine-jre-21.0.4_aix-ppc64_bin.tar.gz,aix,ppc64,jre,2276
2026-09-26T02:14:35+00:00,sapmachine-21.0.4,165793530,False,sapmachine-jre-21.0.4_linux-aarch64_bin.tar.gz,linux,aarch64,jre,3298
2026-09-26T02:14:35+00:00,sapmachine-21.0.4,165793530,False,sapmachine-jre-21.0.4_linux-ppc64le_bin.tar.gz,linux,ppc64,jre,2331
2026-09-26T02:14:35+00:00,sapmachine-21.0.4,165793530,False,sapmachine-jre-21.0.4_linux-x64-musl_bin.tar.gz,alpine,x64,jre,2298
2026-09-26T02:14:35+00:00,sapmachine-21.0.4,165793530,False,sapmachine-jre-21.0.4_linux-x64_bin.tar.gz,linux,x64,jre,39243
2026-09-26T02:14:35+00:00,sapmachine-21.0.4,165793530,False,sapmachine-jre-21.0.4_macos-aarch64_bin.dmg,macos,aarch64,jre,2365
2026-09-26T02:14:35+00:00,sapmachine-21.0.4,165793530,False,sapmachine-jre-21.0.4_macos-aarch64_bin.tar.gz,macos,aarch64,jre,2543
2026-09-26T02:14:35+00:00,sapmachine-21.0.4,165793530,False,sapmachine-jre-21.0.4_macos-x64_bin.dmg,macos,x64,jre,2345
2026-09-26T02:14:35+00:00,sapmachine-21.0.4,165793530,False,sapmachine-jre-21.0.4_macos-x64_bin.tar.gz,macos,x64,jre,2407
2026-09-26T02:14:35+00:00,sapmachine-21.0.4,165793530,False,sapmachine-jdk-21.0.4_windows-x64_bin.msi,windows,x64,jdk,4595
2026-09-26T02:14:35+00:00,sapmachine-21.0.4,165793530,False,sapmachine-jre-21.0.4_windows-x64_bin.msi,windows,x64,jre,3854
2026-09-26T02:14:35+00:00,sapmachine-22.0.2,165779086,False,sapmachine-jdk-22.0.2_windows-x64_bin-symbols.tar.gz,windows,x64,jdk,3
2026-09-26T02:14:35+00:00,sapmachine-22.0.2,165779086,False,sapmachine-jdk-22.0.2_windows-x64_bin.zip,windows,x64,jdk,3518
2026-09-26T02:14:35+00:00,sapmachine-22.0.2,165779086,False,sapmachine-jre-22.0.2_windows-x64_bin.zip,windows,x64,jre,2477
2026-09-26T02:14:35+00:00,sapmachine-22.0.2,165779086,False,sapmachine-jdk-22.0.2-1.x86_64.rpm,linux,x64,jdk,2390
2026-09-26T02:14:35+00:00,sapmachine-22.0.2,165779086,False,sapmachine-jdk-22.0.2_aix-ppc64_bin-symbols.tar.gz,aix,ppc64,jdk,7
2026-09-26T02:14:35+00:00,sapmachine-22.0.2,165779086,False,sapmachine-jdk-22.0.2_aix-ppc64_bin.tar.gz,aix,ppc64,jdk,2335
2026-09-26T02:14:35+00:00,sapmachine-22.0.2,165779086,False,sapmachine-jdk-22.0.2_linux-aarch64_bin-symbols.tar.gz,linux,aarch64,jdk,10
2026-09-26T02:14:35+00:00,sapmachine-22.0.2,165779086,False,sapmachine-jdk-22.0.2_linux-aarch64_bin.tar.gz,linux,aarch64,jdk,2480
2026-09-26T02:14:35+00:00,sapmachine-22.0.2,165779086,False,sapmachine-jdk-22.0.2_linux-ppc64le_bin-symbols.tar.gz,linux,ppc64,jdk,5
2026-09-26T02:14:35+00:00,sapmachine-22.0.2,165779086,False,sapmachine-jdk-22.0.2_linux-ppc64le_bin.tar.gz,linux,ppc64,jdk,2343
2026-09-26T02:14:35+00:00,sapmachine-22.0.2,165779086,False,sapmachine-jdk-22.0.2_linux-x64-musl_bin-symbols.tar.gz,alpine,x64,jdk,6
2026-09-26T02:14:35+00:00,sapmachine-22.0.2,165779086,False,sapmachine-jdk-22.0.2_linux-x64-musl_bin.tar.gz,alpine,x64,jdk,3429
2026-09-26T02:14:35+00:00,sapmachine-22.0.2,165779086,False,sapmachine-jdk-22.0.2_linux-x64_bin-symbols.tar.gz,linux,x64,jdk,5
2026-09-26T02:14:35+00:00,sapmachine-22.0.2,165779086,False,sapmachine-jdk-22.0.2_linux-x64_bin.tar.gz,linux,x64,jdk,4201
2026-09-26T02:14:35+00:00,sapmachine-22.0.2,165779086,False,sapmachine-jdk-22.0.2_macos-aarch64_bin-symbols.tar.gz,macos,aarch64,jdk,7
2026-09-26T02:14:35+00:00,sapmachine-22.0.2,165779086,False,sapmachine-jdk-22.0.2_macos-aarch64_bin.dmg,macos,aarch64,jdk,3403
2026-09-26T02:14:35+00:00,sapmachine-22.0.2,165779086,False,sapmachine-jdk-22.0.2_macos-aarch64_bin.tar.gz,macos,aarch64,jdk,3864
2026-09-26T02:14:35+00:00,sapmachine-22.0.2,165779086,False,sapmachine-jdk-22.0.2_macos-x64_bin-symbols.tar.gz,macos,x64,jdk,4
2026-09-26T02:14:35+00:00,sapmachine-22.0.2,165779086,False,sapmachine-jdk-22.0.2_macos-x64_bin.dmg,macos,x64,jdk,3520
2026-09-26T02:14:35+00:00,sapmachine-22.0.2,165779086,False,sapmachine-jdk-22.0.2_macos-x64_bin.tar.gz,macos,x64,jdk,2926
2026-09-26T02:14:35+00:00,sapmachine-22.0.2,165779086,False,sapmachine-jre-22.0.2_aix-ppc64_bin.tar.gz,aix,ppc64,jre,2328
2026-09-26T02:14:35+00:00,sapmachine-22.0.2,165779086,False,sapmachine-jre-22.0.2_linux-aarch64_bin.tar.gz,linux,aarch64,jre,2394
2026-09-26T02:14:35+00:00,sapmachine-22.0.2,165779086,False,sapmachine-jre-22.0.2_linux-ppc64le_bin.tar.gz,linux,ppc64,jre,2286
2026-09-26T02:14:35+00:00,sapmachine-22.0.2,165779086,False,sapmachine-jre-22.0.2_linux-x64-musl_bin.tar.gz,alpine,x64,jre,2364
2026-09-26T02:14:35+00:00,sapmachine-22.0.2,165779086,False,sapmachine-jre-22.0.2_linux-x64_bin.tar.gz,linux,x64,jre,4226
2026-09-26T02:14:35+00:00,sapmachine-22.0.2,165779086,False,sapmachine-jre-22.0.2_macos-aarch64_bin.dmg,macos,aarch64,jre,2342
2026-09-26T02:14:35+00:00,sapmachine-22.0.2,165779086,False,sapmachine-jre-22.0.2_macos-aarch64_bin.tar.gz,macos,aarch64,jre,2464
2026-09-26T02:14:35+00:00,sapmachine-22.0.2,165779086,False,sapmachine-jre-22.0.2_macos-x64_bin.dmg,macos,x64,jre,2322
2026-09-26T02:14:35+00:00,sapmachine-22.0.2,165779086,False,sapmachine-jre-22.0.2_macos-x64_bin.tar.gz,macos,x64,jre,2398
2026-09-26T02:14:35+00:00,sapmachine-22.0.2,165779086,False,sapmachine-jdk-22.0.2_windows-x64_bin.msi,windows,x64,jdk,6375
2026-09-26T02:14:35+00:00,sapmachine-22.0.2,165779086,False,sapmachine-jre-22.0.2_windows-x64_bin.msi,windows,x64,jre,4388
2026-09-26T02:14:35+00:00,sapmachine-17.0.12,165795102,False,sapmachine-jdk-17.0.12_windows-x64_bin-symbols.tar.gz,windows,x64,jdk,1
2026-09-26T02:14:35+00:00,sapmachine-17.0.12,165795102,False,sapmachine-jdk-17.0.12_windows-x64_bin.zip,windows,x64,jdk,5487
2026-09-26T02:14:35+00:00,sapmachine-17.0.12,165795102,False,sapmachine-jre-17.0.12_windows-x64_bin.zip,windows,x64,jre,3132
2026-09-26T02:14:35+00:00,sapmachine-17.0.12,165795102,False,sapmachine-jdk-17.0.12-1.x86_64.rpm,linux,x64,jdk,2588
2026-09-26T02:14:35+00:00,sapmachine-17.0.12,165795102,False,sapmachine-jdk-17.0.12_linux-aarch64_bin-symbols.tar.gz,linux,aarch64,jdk,7
2026-09-26T02:14:35+00:00,sapmachine-17.0.12,165795102,False,sapmachine-jdk-17.0.12_linux-aarch64_bin.tar.gz,linux,aarch64,jdk,2849
2026-09-26T02:14:35+00:00,sapmachine-17.0.12,165795102,False,sapmachine-jdk-17.0.12_linux-ppc64le_bin-symbols.tar.gz,linux,ppc64,jdk,2
2026-09-26T02:14:35+00:00,sapmachine-17.0.12,165795102,False,sapmachine-jdk-17.0.12_linux-ppc64le_bin.tar.gz,linux,ppc64,jdk,2380
2026-09-26T02:14:35+00:00,sapmachine-17.0.12,165795102,False,sapmachine-jdk-17.0.12_linux-x64-musl_bin-symbols.tar.gz,alpine,x64,jdk,2
2026-09-26T02:14:35+00:00,sapmachine-17.0.12,165795102,False,sapmachine-jdk-17.0.12_linux-x64-musl_bin.tar.gz,alpine,x64,jdk,2619
2026-09-26T02:14:35+00:00,sapmachine-17.0.12,165795102,False,sapmachine-jdk-17.0.12_linux-x64_bin-symbols.tar.gz,linux,x64,jdk,19
2026-09-26T02:14:35+00:00,sapmachine-17.0.12,165795102,False,sapmachine-jdk-17.0.12_linux-x64_bin.tar.gz,linux,x64,jdk,98423
2026-09-26T02:14:35+00:00,sapmachine-17.0.12,165795102,False,sapmachine-jdk-17.0.12_macos-aarch64_bin-symbols.tar.gz,macos,aarch64,jdk,7
2026-09-26T02:14:35+00:00,sapmachine-17.0.12,165795102,False,sapmachine-jdk-17.0.12_macos-aarch64_bin.dmg,macos,aarch64,jdk,3376
2026-09-26T02:14:35+00:00,sapmachine-17.0.12,165795102,False,sapmachine-jdk-17.0.12_macos-aarch64_bin.tar.gz,macos,aarch64,jdk,11980
2026-09-26T02:14:35+00:00,sapmachine-17.0.12,165795102,False,sapmachine-jdk-17.0.12_macos-x64_bin-symbols.tar.gz,macos,x64,jdk,2
2026-09-26T02:14:35+00:00,sapmachine-17.0.12,165795102,False,sapmachine-jdk-17.0.12_macos-x64_bin.dmg,macos,x64,jdk,3717
2026-09-26T02:14:35+00:00,sapmachine-17.0.12,165795102,False,sapmachine-jdk-17.0.12_macos-x64_bin.tar.gz,macos,x64,jdk,4965
2026-09-26T02:14:35+00:00,sapmachine-17.0.12,165795102,False,sapmachine-jre-17.0.12_linux-aarch64_bin.tar.gz,linux,aarch64,jre,2542
2026-09-26T02:14:35+00:00,sapmachine-17.0.12,165795102,False,sapmachine-jre-17.0.12_linux-ppc64le_bin.tar.gz,linux,ppc64,jre,2281
2026-09-26T02:14:35+00:00,sapmachine-17.0.12,165795102,False,sapmachine-jre-17.0.12_linux-x64-musl_bin.tar.gz,alpine,x64,jre,2349
2026-09-26T02:14:35+00:00,sapmachine-17.0.12,165795102,False,sapmachine-jre-17.0.12_linux-x64_bin.tar.gz,linux,x64,jre,127409
2026-09-26T02:14:35+00:00,sapmachine-17.0.12,165795102,False,sapmachine-jre-17.0.12_macos-aarch64_bin.dmg,macos,aarch64,jre,2344
2026-09-26T02:14:35+00:00,sapmachine-17.0.12,165795102,False,sapmachine-jre-17.0.12_macos-aarch64_bin.tar.gz,macos,aarch64,jre,2601
2026-09-26T02:14:35+00:00,sapmachine-17.0.12,165795102,False,sapmachine-jre-17.0.12_macos-x64_bin.dmg,macos,x64,jre,2340
2026-09-26T02:14:35+00:00,sapmachine-17.0.12,165795102,False,sapmachine-jre-17.0.12_macos-x64_bin.tar.gz,macos,x64,jre,2959
2026-09-26T02:14:35+00:00,sapmachine-17.0.12,165795102,False,sapmachine-jdk-17.0.12_windows-x64_bin.msi,windows,x64,jdk,5226
2026-09-26T02:14:35+00:00,sapmachine-17.0.12,165795102,False,sapmachine-jre-17.0.12_windows-x64_bin.msi,windows,x64,jre,4675
2026-09-26T02:14:35+00:00,sapmachine-11.0.23,151390101,False,sapmachine-jdk-11.0.23_linux-aarch64_bin-symbols.tar.gz,linux,aarch64,jdk,1
2026-09-26T02:14:35+00:00,sapmachine-11.0.23,151390101,False,sapmachine-jdk-11.0.23_linux-aarch64_bin.tar.gz,linux,aarch64,jdk,4582
2026-09-26T02:14:35+00:00,sapmachine-11.0.23,151390101,False,sapmachine-jdk-11.0.23_linux-ppc64le_bin-symbols.tar.gz,linux,ppc64,jdk,1
2026-09-26T02:14:35+00:00,sapmachine-11.0.23,151390101,False,sapmachine-jdk-11.0.23_linux-ppc64le_bin.tar.gz,linux,ppc64,jdk,2616
2026-09-26T02:14:35+00:00,sapmachine-11.0.23,151390101,False,sapmachine-jdk-11.0.23_linux-x64_bin-symbols.tar.gz,linux,x64,jdk,1
2026-09-26T02:14:35+00:00,sapmachine-11.0.23,151390101,False,sapmachine-jdk-11.0.23_linux-x64_bin.tar.gz,linux,x64,jdk,28314
2026-09-26T02:14:35+00:00,sapmachine-11.0.23,151390101,False,sapmachine-jdk-11.0.23_macos-aarch64_bin-symbols.tar.gz,macos,aarch64,jdk,3
2026-09-26T02:14:35+00:00,sapmachine-11.0.23,151390101,False,sapmachine-jdk-11.0.23_macos-aarch64_bin.dmg,macos,aarch64,jdk,2945
2026-09-26T02:14:35+00:00,sapmachine-11.0.23,151390101,False,sapmachine-jdk-11.0.23_macos-aarch64_bin.tar.gz,macos,aarch64,jdk,4236
2026-09-26T02:14:35+00:00,sapmachine-11.0.23,151390101,False,sapmachine-jdk-11.0.23_macos-x64_bin-symbols.tar.gz,macos,x64,jdk,2
2026-09-26T02:14:35+00:00,sapmachine-11.0.23,151390101,False,sapmachine-jdk-11.0.23_macos-x64_bin.dmg,macos,x64,jdk,2824
2026-09-26T02:14:35+00:00,sapmachine-11.0.23,151390101,False,sapmachine-jdk-11.0.23_macos-x64_bin.tar.gz,macos,x64,jdk,3275
2026-09-26T02:14:35+00:00,sapmachine-11.0.23,151390101,False,sapmachine-jdk-11.0.23_windows-x64_bin-symbols.tar.gz,windows,x64,jdk,2
2026-09-26T02:14:35+00:00,sapmachine-11.0.23,151390101,False,sapmachine-jdk-11.0.23_windows-x64_bin.zip,windows,x64,jdk,4200
2026-09-26T02:14:35+00:00,sapmachine-11.0.23,151390101,False,sapmachine-jdk-11.0.23-1.x86_64.rpm,linux,x64,jdk,2868
2026-09-26T02:14:35+00:00,sapmachine-11.0.23,151390101,False,sapmachine-jre-11.0.23_linux-aarch64_bin.tar.gz,linux,aarch64,jre,2802
2026-09-26T02:14:35+00:00,sapmachine-11.0.23,151390101,False,sapmachine-jre-11.0.23_linux-ppc64le_bin.tar.gz,linux,ppc64,jre,2587
2026-09-26T02:14:35+00:00,sapmachine-11.0.23,151390101,False,sapmachine-jre-11.0.23_linux-x64_bin.tar.gz,linux,x64,jre,8348
2026-09-26T02:14:35+00:00,sapmachine-11.0.23,151390101,False,sapmachine-jre-11.0.23_macos-aarch64_bin.dmg,macos,aarch64,jre,2668
2026-09-26T02:14:35+00:00,sapmachine-11.0.23,151390101,False,sapmachine-jre-11.0.23_macos-aarch64_bin.tar.gz,macos,aarch64,jre,2699
2026-09-26T02:14:35+00:00,sapmachine-11.0.23,151390101,False,sapmachine-jre-11.0.23_macos-x64_bin.dmg,macos,x64,jre,2595
2026-09-26T02:14:35+00:00,sapmachine-11.0.23,151390101,False,sapmachine-jre-11.0.23_macos-x64_bin.tar.gz,macos,x64,jre,2716
2026-09-26T02:14:35+00:00,sapmachine-11.0.23,151390101,False,sapmachine-jre-11.0.23_windows-x64_bin.zip,windows,x64,jre,2770
2026-09-26T02:14:35+00:00,sapmachine-11.0.23,151390101,False,sapmachine-jdk-11.0.23_windows-x64_bin.msi,windows,x64,jdk,3968
2026-09-26T02:14:35+00:00,sapmachine-11.0.23,151390101,False,sapmachine-jre-11.0.23_windows-x64_bin.msi,windows,x64,jre,3703
2026-09-26T02:14:35+00:00,sapmachine-17.0.11,151389351,False,sapmachine-jdk-17.0.11_linux-aarch64_bin-symbols.tar.gz,linux,aarch64,jdk,2
2026-09-26T02:14:35+00:00,sapmachine-17.0.11,151389351,False,sapmachine-jdk-17.0.11_linux-aarch64_bin.tar.gz,linux,aarch64,jdk,3132
2026-09-26T02:14:35+00:00,sapmachine-17.0.11,151389351,False,sapmachine-jdk-17.0.11_linux-ppc64le_bin-symbols.tar.gz,linux,ppc64,jdk,1
2026-09-26T02:14:35+00:00,sapmachine-17.0.11,151389351,False,sapmachine-jdk-17.0.11_linux-ppc64le_bin.tar.gz,linux,ppc64,jdk,2678
2026-09-26T02:14:35+00:00,sapmachine-17.0.11,151389351,False,sapmachine-jdk-17.0.11_linux-x64_bin-symbols.tar.gz,linux,x64,jdk,18
2026-09-26T02:14:35+00:00,sapmachine-17.0.11,151389351,False,sapmachine-jdk-17.0.11_linux-x64_bin.tar.gz,linux,x64,jdk,317468
2026-09-26T02:14:35+00:00,sapmachine-17.0.11,151389351,False,sapmachine-jdk-17.0.11_linux-x64-musl_bin-symbols.tar.gz,alpine,x64,jdk,1
2026-09-26T02:14:35+00:00,sapmachine-17.0.11,151389351,False,sapmachine-jdk-17.0.11_linux-x64-musl_bin.tar.gz,alpine,x64,jdk,2762
2026-09-26T02:14:35+00:00,sapmachine-17.0.11,151389351,False,sapmachine-jdk-17.0.11_macos-aarch64_bin-symbols.tar.gz,macos,aarch64,jdk,4
2026-09-26T02:14:35+00:00,sapmachine-17.0.11,151389351,False,sapmachine-jdk-17.0.11_macos-aarch64_bin.dmg,macos,aarch64,jdk,3580
2026-09-26T02:14:35+00:00,sapmachine-17.0.11,151389351,False,sapmachine-jdk-17.0.11_macos-aarch64_bin.tar.gz,macos,aarch64,jdk,7111
2026-09-26T02:14:35+00:00,sapmachine-17.0.11,151389351,False,sapmachine-jdk-17.0.11_macos-x64_bin-symbols.tar.gz,macos,x64,jdk,4
2026-09-26T02:14:35+00:00,sapmachine-17.0.11,151389351,False,sapmachine-jdk-17.0.11_macos-x64_bin.dmg,macos,x64,jdk,4094
2026-09-26T02:14:35+00:00,sapmachine-17.0.11,151389351,False,sapmachine-jdk-17.0.11_macos-x64_bin.tar.gz,macos,x64,jdk,4561
2026-09-26T02:14:35+00:00,sapmachine-17.0.11,151389351,False,sapmachine-jdk-17.0.11_windows-x64_bin-symbols.tar.gz,windows,x64,jdk,6
2026-09-26T02:14:35+00:00,sapmachine-17.0.11,151389351,False,sapmachine-jdk-17.0.11_windows-x64_bin.zip,windows,x64,jdk,13632
2026-09-26T02:14:35+00:00,sapmachine-17.0.11,151389351,False,sapmachine-jdk-17.0.11-1.x86_64.rpm,linux,x64,jdk,2819
2026-09-26T02:14:35+00:00,sapmachine-17.0.11,151389351,False,sapmachine-jre-17.0.11_linux-aarch64_bin.tar.gz,linux,aarch64,jre,3272
2026-09-26T02:14:35+00:00,sapmachine-17.0.11,151389351,False,sapmachine-jre-17.0.11_linux-ppc64le_bin.tar.gz,linux,ppc64,jre,2670
2026-09-26T02:14:35+00:00,sapmachine-17.0.11,151389351,False,sapmachine-jre-17.0.11_linux-x64_bin.tar.gz,linux,x64,jre,166776
2026-09-26T02:14:35+00:00,sapmachine-17.0.11,151389351,False,sapmachine-jre-17.0.11_linux-x64-musl_bin.tar.gz,alpine,x64,jre,2632
2026-09-26T02:14:35+00:00,sapmachine-17.0.11,151389351,False,sapmachine-jre-17.0.11_macos-aarch64_bin.dmg,macos,aarch64,jre,2757
2026-09-26T02:14:35+00:00,sapmachine-17.0.11,151389351,False,sapmachine-jre-17.0.11_macos-aarch64_bin.tar.gz,macos,aarch64,jre,2730
2026-09-26T02:14:35+00:00,sapmachine-17.0.11,151389351,False,sapmachine-jre-17.0.11_macos-x64_bin.dmg,macos,x64,jre,2662
2026-09-26T02:14:35+00:00,sapmachine-17.0.11,151389351,False,sapmachine-jre-17.0.11_macos-x64_bin.tar.gz,macos,x64,jre,2726
2026-09-26T02:14:35+00:00,sapmachine-17.0.11,151389351,False,sapmachine-jre-17.0.11_windows-x64_bin.zip,windows,x64,jre,2856
2026-09-26T02:14:35+00:00,sapmachine-17.0.11,151389351,False,sapmachine-jdk-17.0.11_windows-x64_bin.msi,windows,x64,jdk,4838
2026-09-26T02:14:35+00:00,sapmachine-17.0.11,151389351,False,sapmachine-jre-17.0.11_windows-x64_bin.msi,windows,x64,jre,4394
2026-09-26T02:14:35+00:00,sapmachine-21.0.3,151390924,False,sapmachine-jdk-21.0.3_aix-ppc64_bin-symbols.tar.gz,aix,ppc64,jdk,2
2026-09-26T02:14:35+00:00,sapmachine-21.0.3,151390924,False,sapmachine-jdk-21.0.3_aix-ppc64_bin.tar.gz,aix,ppc64,jdk,2629
2026-09-26T02:14:35+00:00,sapmachine-21.0.3,151390924,False,sapmachine-jdk-21.0.3_linux-aarch64_bin-symbols.tar.gz,linux,aarch64,jdk,1
2026-09-26T02:14:35+00:00,sapmachine-21.0.3,151390924,False,sapmachine-jdk-21.0.3_linux-aarch64_bin.tar.gz,linux,aarch64,jdk,2854
2026-09-26T02:14:35+00:00,sapmachine-21.0.3,151390924,False,sapmachine-jdk-21.0.3_linux-ppc64le_bin-symbols.tar.gz,linux,ppc64,jdk,1
2026-09-26T02:14:35+00:00,sapmachine-21.0.3,151390924,False,sapmachine-jdk-21.0.3_linux-ppc64le_bin.tar.gz,linux,ppc64,jdk,2644
2026-09-26T02:14:35+00:00,sapmachine-21.0.3,151390924,False,sapmachine-jdk-21.0.3_linux-x64_bin-symbols.tar.gz,linux,x64,jdk,1
2026-09-26T02:14:35+00:00,sapmachine-21.0.3,151390924,False,sapmachine-jdk-21.0.3_linux-x64_bin.tar.gz,linux,x64,jdk,10088
2026-09-26T02:14:35+00:00,sapmachine-21.0.3,151390924,False,sapmachine-jdk-21.0.3_linux-x64-musl_bin-symbols.tar.gz,alpine,x64,jdk,1
2026-09-26T02:14:35+00:00,sapmachine-21.0.3,151390924,False,sapmachine-jdk-21.0.3_linux-x64-musl_bin.tar.gz,alpine,x64,jdk,3468
2026-09-26T02:14:35+00:00,sapmachine-21.0.3,151390924,False,sapmachine-jdk-21.0.3_macos-aarch64_bin-symbols.tar.gz,macos,aarch64,jdk,2
2026-09-26T02:14:35+00:00,sapmachine-21.0.3,151390924,False,sapmachine-jdk-21.0.3_macos-aarch64_bin.dmg,macos,aarch64,jdk,2790
2026-09-26T02:14:35+00:00,sapmachine-21.0.3,151390924,False,sapmachine-jdk-21.0.3_macos-aarch64_bin.tar.gz,macos,aarch64,jdk,6358
2026-09-26T02:14:35+00:00,sapmachine-21.0.3,151390924,False,sapmachine-jdk-21.0.3_macos-x64_bin-symbols.tar.gz,macos,x64,jdk,2
2026-09-26T02:14:35+00:00,sapmachine-21.0.3,151390924,False,sapmachine-jdk-21.0.3_macos-x64_bin.dmg,macos,x64,jdk,2930
2026-09-26T02:14:35+00:00,sapmachine-21.0.3,151390924,False,sapmachine-jdk-21.0.3_macos-x64_bin.tar.gz,macos,x64,jdk,3421
2026-09-26T02:14:35+00:00,sapmachine-21.0.3,151390924,False,sapmachine-jdk-21.0.3_windows-x64_bin-symbols.tar.gz,windows,x64,jdk,1
2026-09-26T02:14:35+00:00,sapmachine-21.0.3,151390924,False,sapmachine-jdk-21.0.3_windows-x64_bin.zip,windows,x64,jdk,4180
2026-09-26T02:14:35+00:00,sapmachine-21.0.3,151390924,False,sapmachine-jdk-21.0.3-1.x86_64.rpm,linux,x64,jdk,2747
2026-09-26T02:14:35+00:00,sapmachine-21.0.3,151390924,False,sapmachine-jre-21.0.3_aix-ppc64_bin.tar.gz,aix,ppc64,jre,2594
2026-09-26T02:14:35+00:00,sapmachine-21.0.3,151390924,False,sapmachine-jre-21.0.3_linux-aarch64_bin.tar.gz,linux,aarch64,jre,3829
2026-09-26T02:14:35+00:00,sapmachine-21.0.3,151390924,False,sapmachine-jre-21.0.3_linux-ppc64le_bin.tar.gz,linux,ppc64,jre,2616
2026-09-26T02:14:35+00:00,sapmachine-21.0.3,151390924,False,sapmachine-jre-21.0.3_linux-x64_bin.tar.gz,linux,x64,jre,25192
2026-09-26T02:14:35+00:00,sapmachine-21.0.3,151390924,False,sapmachine-jre-21.0.3_linux-x64-musl_bin.tar.gz,alpine,x64,jre,2669
2026-09-26T02:14:35+00:00,sapmachine-21.0.3,151390924,False,sapmachine-jre-21.0.3_macos-aarch64_bin.dmg,macos,aarch64,jre,2622
2026-09-26T02:14:35+00:00,sapmachine-21.0.3,151390924,False,sapmachine-jre-21.0.3_macos-aarch64_bin.tar.gz,macos,aarch64,jre,2704
2026-09-26T02:14:35+00:00,sapmachine-21.0.3,151390924,False,sapmachine-jre-21.0.3_macos-x64_bin.dmg,macos,x64,jre,2604
2026-09-26T02:14:35+00:00,sapmachine-21.0.3,151390924,False,sapmachine-jre-21.0.3_macos-x64_bin.tar.gz,macos,x64,jre,2731
2026-09-26T02:14:35+00:00,sapmachine-21.0.3,151390924,False,sapmachine-jre-21.0.3_windows-x64_bin.zip,windows,x64,jre,2808
2026-09-26T02:14:35+00:00,sapmachine-21.0.3,151390924,False,sapmachine-jdk-21.0.3_windows-x64_bin.msi,windows,x64,jdk,4297
2026-09-26T02:14:35+00:00,sapmachine-21.0.3,151390924,False,sapmachine-jre-21.0.3_windows-x64_bin.msi,windows,x64,jre,3817
2026-09-26T02:14:35+00:00,sapmachine-22.0.1,151389798,False,sapmachine-jdk-22.0.1_aix-ppc64_bin-symbols.tar.gz,aix,ppc64,jdk,10
2026-09-26T02:14:35+00:00,sapmachine-22.0.1,151389798,False,sapmachine-jdk-22.0.1_aix-ppc64_bin.tar.gz,aix,ppc64,jdk,2784
2026-09-26T02:14:35+00:00,sapmachine-22.0.1,151389798,False,sapmachine-jdk-22.0.1_linux-aarch64_bin-symbols.tar.gz,linux,aarch64,jdk,6
2026-09-26T02:14:35+00:00,sapmachine-22.0.1,151389798,False,sapmachine-jdk-22.0.1_linux-aarch64_bin.tar.gz,linux,aarch64,jdk,2907
2026-09-26T02:14:35+00:00,sapmachine-22.0.1,151389798,False,sapmachine-jdk-22.0.1_linux-ppc64le_bin-symbols.tar.gz,linux,ppc64,jdk,6
2026-09-26T02:14:35+00:00,sapmachine-22.0.1,151389798,False,sapmachine-jdk-22.0.1_linux-ppc64le_bin.tar.gz,linux,ppc64,jdk,2735
2026-09-26T02:14:35+00:00,sapmachine-22.0.1,151389798,False,sapmachine-jdk-22.0.1_linux-x64_bin-symbols.tar.gz,linux,x64,jdk,5
2026-09-26T02:14:35+00:00,sapmachine-22.0.1,151389798,False,sapmachine-jdk-22.0.1_linux-x64_bin.tar.gz,linux,x64,jdk,5184
2026-09-26T02:14:35+00:00,sapmachine-22.0.1,151389798,False,sapmachine-jdk-22.0.1_linux-x64-musl_bin-symbols.tar.gz,alpine,x64,jdk,5
2026-09-26T02:14:35+00:00,sapmachine-22.0.1,151389798,False,sapmachine-jdk-22.0.1_linux-x64-musl_bin.tar.gz,alpine,x64,jdk,2805
2026-09-26T02:14:35+00:00,sapmachine-22.0.1,151389798,False,sapmachine-jdk-22.0.1_macos-aarch64_bin-symbols.tar.gz,macos,aarch64,jdk,6
2026-09-26T02:14:35+00:00,sapmachine-22.0.1,151389798,False,sapmachine-jdk-22.0.1_macos-aarch64_bin.dmg,macos,aarch64,jdk,3796
2026-09-26T02:14:35+00:00,sapmachine-22.0.1,151389798,False,sapmachine-jdk-22.0.1_macos-aarch64_bin.tar.gz,macos,aarch64,jdk,4020
2026-09-26T02:14:35+00:00,sapmachine-22.0.1,151389798,False,sapmachine-jdk-22.0.1_macos-x64_bin-symbols.tar.gz,macos,x64,jdk,6
2026-09-26T02:14:35+00:00,sapmachine-22.0.1,151389798,False,sapmachine-jdk-22.0.1_macos-x64_bin.dmg,macos,x64,jdk,3902
2026-09-26T02:14:35+00:00,sapmachine-22.0.1,151389798,False,sapmachine-jdk-22.0.1_macos-x64_bin.tar.gz,macos,x64,jdk,3357
2026-09-26T02:14:35+00:00,sapmachine-22.0.1,151389798,False,sapmachine-jdk-22.0.1_windows-x64_bin-symbols.tar.gz,windows,x64,jdk,7
2026-09-26T02:14:35+00:00,sapmachine-22.0.1,151389798,False,sapmachine-jdk-22.0.1_windows-x64_bin.zip,windows,x64,jdk,4514
2026-09-26T02:14:35+00:00,sapmachine-22.0.1,151389798,False,sapmachine-jdk-22.0.1-1.x86_64.rpm,linux,x64,jdk,2720
2026-09-26T02:14:35+00:00,sapmachine-22.0.1,151389798,False,sapmachine-jre-22.0.1_aix-ppc64_bin.tar.gz,aix,ppc64,jre,2622
2026-09-26T02:14:35+00:00,sapmachine-22.0.1,151389798,False,sapmachine-jre-22.0.1_linux-aarch64_bin.tar.gz,linux,aarch64,jre,2723
2026-09-26T02:14:35+00:00,sapmachine-22.0.1,151389798,False,sapmachine-jre-22.0.1_linux-ppc64le_bin.tar.gz,linux,ppc64,jre,2618
2026-09-26T02:14:35+00:00,sapmachine-22.0.1,151389798,False,sapmachine-jre-22.0.1_linux-x64_bin.tar.gz,linux,x64,jre,5538
2026-09-26T02:14:35+00:00,sapmachine-22.0.1,151389798,False,sapmachine-jre-22.0.1_linux-x64-musl_bin.tar.gz,alpine,x64,jre,2612
2026-09-26T02:14:35+00:00,sapmachine-22.0.1,151389798,False,sapmachine-jre-22.0.1_macos-aarch64_bin.dmg,macos,aarch64,jre,2618
2026-09-26T02:14:35+00:00,sapmachine-22.0.1,151389798,False,sapmachine-jre-22.0.1_macos-aarch64_bin.tar.gz,macos,aarch64,jre,2724
2026-09-26T02:14:35+00:00,sapmachine-22.0.1,151389798,False,sapmachine-jre-22.0.1_macos-x64_bin.dmg,macos,x64,jre,2693
2026-09-26T02:14:35+00:00,sapmachine-22.0.1,151389798,False,sapmachine-jre-22.0.1_macos-x64_bin.tar.gz,macos,x64,jre,2722
2026-09-26T02:14:35+00:00,sapmachine-22.0.1,151389798,False,sapmachine-jre-22.0.1_windows-x64_bin.zip,windows,x64,jre,2770
2026-09-26T02:14:35+00:00,sapmachine-22.0.1,151389798,False,sapmachine-jdk-22.0.1_windows-x64_bin.msi,windows,x64,jdk,5532
2026-09-26T02:14:35+00:00,sapmachine-22.0.1,151389798,False,sapmachine-jre-22.0.1_windows-x64_bin.msi,windows,x64,jre,3829
2026-09-26T02:14:35+00:00,sapmachine-22,147026912,False,sapmachine-jdk-22_aix-ppc64_bin-symbols.tar.gz,aix,ppc64,jdk,11
2026-09-26T02:14:35+00:00,sapmachine-22,147026912,False,sapmachine-jdk-22_aix-ppc64_bin.tar.gz,aix,ppc64,jdk,2737
2026-09-26T02:14:35+00:00,sapmachine-22,147026912,False,sapmachine-jdk-22_linux-aarch64_bin-symbols.tar.gz,linux,aarch64,jdk,7
2026-09-26T02:14:35+00:00,sapmachine-22,147026912,False,sapmachine-jdk-22_linux-aarch64_bin.tar.gz,linux,aarch64,jdk,2784
2026-09-26T02:14:35+00:00,sapmachine-22,147026912,False,sapmachine-jdk-22_linux-ppc64le_bin-symbols.tar.gz,linux,ppc64,jdk,7
2026-09-26T02:14:35+00:00,sapmachine-22,147026912,False,sapmachine-jdk-22_linux-ppc64le_bin.tar.gz,linux,ppc64,jdk,2766
2026-09-26T02:14:35+00:00,sapmachine-22,147026912,False,sapmachine-jdk-22_linux-x64_bin-symbols.tar.gz,linux,x64,jdk,5
2026-09-26T02:14:35+00:00,sapmachine-22,147026912,False,sapmachine-jdk-22_linux-x64_bin.tar.gz,linux,x64,jdk,3269
2026-09-26T02:14:35+00:00,sapmachine-22,147026912,False,sapmachine-jdk-22_linux-x64-musl_bin-symbols.tar.gz,alpine,x64,jdk,7
2026-09-26T02:14:35+00:00,sapmachine-22,147026912,False,sapmachine-jdk-22_linux-x64-musl_bin.tar.gz,alpine,x64,jdk,2784
2026-09-26T02:14:35+00:00,sapmachine-22,147026912,False,sapmachine-jdk-22_macos-aarch64_bin-symbols.tar.gz,macos,aarch64,jdk,6
2026-09-26T02:14:35+00:00,sapmachine-22,147026912,False,sapmachine-jdk-22_macos-aarch64_bin.dmg,macos,aarch64,jdk,3146
2026-09-26T02:14:35+00:00,sapmachine-22,147026912,False,sapmachine-jdk-22_macos-aarch64_bin.tar.gz,macos,aarch64,jdk,3088
2026-09-26T02:14:35+00:00,sapmachine-22,147026912,False,sapmachine-jdk-22_macos-x64_bin-symbols.tar.gz,macos,x64,jdk,4
2026-09-26T02:14:35+00:00,sapmachine-22,147026912,False,sapmachine-jdk-22_macos-x64_bin.dmg,macos,x64,jdk,3129
2026-09-26T02:14:35+00:00,sapmachine-22,147026912,False,sapmachine-jdk-22_macos-x64_bin.tar.gz,macos,x64,jdk,2967
2026-09-26T02:14:35+00:00,sapmachine-22,147026912,False,sapmachine-jdk-22_windows-x64_bin-symbols.tar.gz,windows,x64,jdk,4
2026-09-26T02:14:35+00:00,sapmachine-22,147026912,False,sapmachine-jdk-22_windows-x64_bin.zip,windows,x64,jdk,3326
2026-09-26T02:14:35+00:00,sapmachine-22,147026912,False,sapmachine-jdk-22-1.x86_64.rpm,linux,x64,jdk,2920
2026-09-26T02:14:35+00:00,sapmachine-22,147026912,False,sapmachine-jre-22_aix-ppc64_bin.tar.gz,aix,ppc64,jre,2717
2026-09-26T02:14:35+00:00,sapmachine-22,147026912,False,sapmachine-jre-22_linux-aarch64_bin.tar.gz,linux,aarch64,jre,2741
2026-09-26T02:14:35+00:00,sapmachine-22,147026912,False,sapmachine-jre-22_linux-ppc64le_bin.tar.gz,linux,ppc64,jre,2707
2026-09-26T02:14:35+00:00,sapmachine-22,147026912,False,sapmachine-jre-22_linux-x64_bin.tar.gz,linux,x64,jre,3613
2026-09-26T02:14:35+00:00,sapmachine-22,147026912,False,sapmachine-jre-22_linux-x64-musl_bin.tar.gz,alpine,x64,jre,2719
2026-09-26T02:14:35+00:00,sapmachine-22,147026912,False,sapmachine-jre-22_macos-aarch64_bin.dmg,macos,aarch64,jre,2703
2026-09-26T02:14:35+00:00,sapmachine-22,147026912,False,sapmachine-jre-22_macos-aarch64_bin.tar.gz,macos,aarch64,jre,2829
2026-09-26T02:14:35+00:00,sapmachine-22,147026912,False,sapmachine-jre-22_macos-x64_bin.dmg,macos,x64,jre,2708
2026-09-26T02:14:35+00:00,sapmachine-22,147026912,False,sapmachine-jre-22_macos-x64_bin.tar.gz,macos,x64,jre,2805
2026-09-26T02:14:35+00:00,sapmachine-22,147026912,False,sapmachine-jre-22_windows-x64_bin.zip,windows,x64,jre,2864
2026-09-26T02:14:35+00:00,sapmachine-22,147026912,False,sapmachine-jdk-22_windows-x64_bin.msi,windows,x64,jdk,5259
2026-09-26T02:14:35+00:00,sapmachine-22,147026912,False,sapmachine-jre-22_windows-x64_bin.msi,windows,x64,jre,3111
2026-09-26T02:14:35+00:00,sapmachine-21.0.2,137297795,False,sapmachine-jdk-21.0.2_linux-x64-musl_bin.tar.gz,alpine,x64,jdk,3107
2026-09-26T02:14:35+00:00,sapmachine-21.0.2,137297795,False,sapmachine-jre-21.0.2_linux-x64-musl_bin.tar.gz,alpine,x64,jre,2988
2026-09-26T02:14:35+00:00,sapmachine-21.0.2,137297795,False,sapmachine-jdk-21.0.2_linux-x64-musl_bin-symbols.tar.gz,alpine,x64,jdk,7
2026-09-26T02:14:35+00:00,sapmachine-21.0.2,137297795,False,sapmachine-jdk-21.0.2_linux-aarch64_bin.tar.gz,linux,aarch64,jdk,3291
2026-09-26T02:14:35+00:00,sapmachine-21.0.2,137297795,False,sapmachine-jre-21.0.2_linux-aarch64_bin.tar.gz,linux,aarch64,jre,3233
2026-09-26T02:14:35+00:00,sapmachine-21.0.2,137297795,False,sapmachine-jdk-21.0.2_linux-aarch64_bin-symbols.tar.gz,linux,aarch64,jdk,7
2026-09-26T02:14:35+00:00,sapmachine-21.0.2,137297795,False,sapmachine-jdk-21.0.2_linux-x64_bin.tar.gz,linux,x64,jdk,13747
2026-09-26T02:14:35+00:00,sapmachine-21.0.2,137297795,False,sapmachine-jre-21.0.2_linux-x64_bin.tar.gz,linux,x64,jre,26370
2026-09-26T02:14:35+00:00,sapmachine-21.0.2,137297795,False,sapmachine-jdk-21.0.2_linux-x64_bin-symbols.tar.gz,linux,x64,jdk,5
2026-09-26T02:14:35+00:00,sapmachine-21.0.2,137297795,False,sapmachine-jdk-21.0.2-1.x86_64.rpm,linux,x64,jdk,3487
2026-09-26T02:14:35+00:00,sapmachine-21.0.2,137297795,False,sapmachine-jdk-21.0.2_aix-ppc64_bin.tar.gz,aix,ppc64,jdk,3121
2026-09-26T02:14:35+00:00,sapmachine-21.0.2,137297795,False,sapmachine-jre-21.0.2_aix-ppc64_bin.tar.gz,aix,ppc64,jre,2922
2026-09-26T02:14:35+00:00,sapmachine-21.0.2,137297795,False,sapmachine-jdk-21.0.2_aix-ppc64_bin-symbols.tar.gz,aix,ppc64,jdk,10
2026-09-26T02:14:35+00:00,sapmachine-21.0.2,137297795,False,sapmachine-jdk-21.0.2_windows-x64_bin.zip,windows,x64,jdk,4842
2026-09-26T02:14:35+00:00,sapmachine-21.0.2,137297795,False,sapmachine-jre-21.0.2_windows-x64_bin.zip,windows,x64,jre,3256
2026-09-26T02:14:35+00:00,sapmachine-21.0.2,137297795,False,sapmachine-jdk-21.0.2_windows-x64_bin-symbols.tar.gz,windows,x64,jdk,5
2026-09-26T02:14:35+00:00,sapmachine-21.0.2,137297795,False,sapmachine-jdk-21.0.2_linux-ppc64le_bin.tar.gz,linux,ppc64,jdk,3090
2026-09-26T02:14:35+00:00,sapmachine-21.0.2,137297795,False,sapmachine-jre-21.0.2_linux-ppc64le_bin.tar.gz,linux,ppc64,jre,2917
2026-09-26T02:14:35+00:00,sapmachine-21.0.2,137297795,False,sapmachine-jdk-21.0.2_linux-ppc64le_bin-symbols.tar.gz,linux,ppc64,jdk,5
2026-09-26T02:14:35+00:00,sapmachine-21.0.2,137297795,False,sapmachine-jdk-21.0.2_macos-aarch64_bin.tar.gz,macos,aarch64,jdk,4705
2026-09-26T02:14:35+00:00,sapmachine-21.0.2,137297795,False,sapmachine-jre-21.0.2_macos-aarch64_bin.tar.gz,macos,aarch64,jre,3051
2026-09-26T02:14:35+00:00,sapmachine-21.0.2,137297795,False,sapmachine-jdk-21.0.2_macos-aarch64_bin-symbols.tar.gz,macos,aarch64,jdk,4
2026-09-26T02:14:35+00:00,sapmachine-21.0.2,137297795,False,sapmachine-jdk-21.0.2_macos-aarch64_bin.dmg,macos,aarch64,jdk,5278
2026-09-26T02:14:35+00:00,sapmachine-21.0.2,137297795,False,sapmachine-jre-21.0.2_macos-aarch64_bin.dmg,macos,aarch64,jre,2966
2026-09-26T02:14:35+00:00,sapmachine-21.0.2,137297795,False,sapmachine-jdk-21.0.2_macos-x64_bin.tar.gz,macos,x64,jdk,4006
2026-09-26T02:14:35+00:00,sapmachine-21.0.2,137297795,False,sapmachine-jre-21.0.2_macos-x64_bin.tar.gz,macos,x64,jre,3067
2026-09-26T02:14:35+00:00,sapmachine-21.0.2,137297795,False,sapmachine-jdk-21.0.2_macos-x64_bin-symbols.tar.gz,macos,x64,jdk,4
2026-09-26T02:14:35+00:00,sapmachine-21.0.2,137297795,False,sapmachine-jdk-21.0.2_macos-x64_bin.dmg,macos,x64,jdk,5648
2026-09-26T02:14:35+00:00,sapmachine-21.0.2,137297795,False,sapmachine-jre-21.0.2_macos-x64_bin.dmg,macos,x64,jre,2969
2026-09-26T02:14:35+00:00,sapmachine-21.0.2,137297795,False,sapmachine-jdk-21.0.2_windows-x64_bin.msi,windows,x64,jdk,6454
2026-09-26T02:14:35+00:00,sapmachine-21.0.2,137297795,False,sapmachine-jre-21.0.2_windows-x64_bin.msi,windows,x64,jre,3806
2026-09-26T02:14:35+00:00,sapmachine-17.0.10,137297374,False,sapmachine-jdk-17.0.10_linux-x64-musl_bin.tar.gz,alpine,x64,jdk,16311
2026-09-26T02:14:35+00:00,sapmachine-17.0.10,137297374,False,sapmachine-jre-17.0.10_linux-x64-musl_bin.tar.gz,alpine,x64,jre,3106
2026-09-26T02:14:35+00:00,sapmachine-17.0.10,137297374,False,sapmachine-jdk-17.0.10_linux-x64-musl_bin-symbols.tar.gz,alpine,x64,jdk,3
2026-09-26T02:14:35+00:00,sapmachine-17.0.10,137297374,False,sapmachine-jdk-17.0.10_linux-x64_bin.tar.gz,linux,x64,jdk,1401457
2026-09-26T02:14:35+00:00,sapmachine-17.0.10,137297374,False,sapmachine-jre-17.0.10_linux-x64_bin.tar.gz,linux,x64,jre,196917
2026-09-26T02:14:35+00:00,sapmachine-17.0.10,137297374,False,sapmachine-jdk-17.0.10_linux-x64_bin-symbols.tar.gz,linux,x64,jdk,21
2026-09-26T02:14:35+00:00,sapmachine-17.0.10,137297374,False,sapmachine-jdk-17.0.10-1.x86_64.rpm,linux,x64,jdk,3260
2026-09-26T02:14:35+00:00,sapmachine-17.0.10,137297374,False,sapmachine-jdk-17.0.10_linux-aarch64_bin.tar.gz,linux,aarch64,jdk,3272
2026-09-26T02:14:35+00:00,sapmachine-17.0.10,137297374,False,sapmachine-jre-17.0.10_linux-aarch64_bin.tar.gz,linux,aarch64,jre,2972
2026-09-26T02:14:35+00:00,sapmachine-17.0.10,137297374,False,sapmachine-jdk-17.0.10_linux-aarch64_bin-symbols.tar.gz,linux,aarch64,jdk,2
2026-09-26T02:14:35+00:00,sapmachine-17.0.10,137297374,False,sapmachine-jdk-17.0.10_windows-x64_bin.zip,windows,x64,jdk,36811
2026-09-26T02:14:35+00:00,sapmachine-17.0.10,137297374,False,sapmachine-jre-17.0.10_windows-x64_bin.zip,windows,x64,jre,3299
2026-09-26T02:14:35+00:00,sapmachine-17.0.10,137297374,False,sapmachine-jdk-17.0.10_windows-x64_bin-symbols.tar.gz,windows,x64,jdk,5
2026-09-26T02:14:35+00:00,sapmachine-17.0.10,137297374,False,sapmachine-jdk-17.0.10_linux-ppc64le_bin.tar.gz,linux,ppc64,jdk,3072
2026-09-26T02:14:35+00:00,sapmachine-17.0.10,137297374,False,sapmachine-jre-17.0.10_linux-ppc64le_bin.tar.gz,linux,ppc64,jre,2973
2026-09-26T02:14:35+00:00,sapmachine-17.0.10,137297374,False,sapmachine-jdk-17.0.10_linux-ppc64le_bin-symbols.tar.gz,linux,ppc64,jdk,1
2026-09-26T02:14:35+00:00,sapmachine-17.0.10,137297374,False,sapmachine-jdk-17.0.10_macos-aarch64_bin.tar.gz,macos,aarch64,jdk,5715
2026-09-26T02:14:35+00:00,sapmachine-17.0.10,137297374,False,sapmachine-jre-17.0.10_macos-aarch64_bin.tar.gz,macos,aarch64,jre,3038
2026-09-26T02:14:35+00:00,sapmachine-17.0.10,137297374,False,sapmachine-jdk-17.0.10_macos-aarch64_bin-symbols.tar.gz,macos,aarch64,jdk,4
2026-09-26T02:14:35+00:00,sapmachine-17.0.10,137297374,False,sapmachine-jdk-17.0.10_macos-aarch64_bin.dmg,macos,aarch64,jdk,6193
2026-09-26T02:14:35+00:00,sapmachine-17.0.10,137297374,False,sapmachine-jre-17.0.10_macos-aarch64_bin.dmg,macos,aarch64,jre,3009
2026-09-26T02:14:35+00:00,sapmachine-17.0.10,137297374,False,sapmachine-jdk-17.0.10_macos-x64_bin.tar.gz,macos,x64,jdk,4562
2026-09-26T02:14:35+00:00,sapmachine-17.0.10,137297374,False,sapmachine-jre-17.0.10_macos-x64_bin.tar.gz,macos,x64,jre,3065
2026-09-26T02:14:35+00:00,sapmachine-17.0.10,137297374,False,sapmachine-jdk-17.0.10_macos-x64_bin-symbols.tar.gz,macos,x64,jdk,6
2026-09-26T02:14:35+00:00,sapmachine-17.0.10,137297374,False,sapmachine-jdk-17.0.10_macos-x64_bin.dmg,macos,x64,jdk,6457
2026-09-26T02:14:35+00:00,sapmachine-17.0.10,137297374,False,sapmachine-jre-17.0.10_macos-x64_bin.dmg,macos,x64,jre,3047
2026-09-26T02:14:35+00:00,sapmachine-17.0.10,137297374,False,sapmachine-jdk-17.0.10_windows-x64_bin.msi,windows,x64,jdk,6256
2026-09-26T02:14:35+00:00,sapmachine-17.0.10,137297374,False,sapmachine-jre-17.0.10_windows-x64_bin.msi,windows,x64,jre,3936
2026-09-26T02:14:35+00:00,sapmachine-11.0.22,137295842,False,sapmachine-jdk-11.0.22_linux-aarch64_bin.tar.gz,linux,aarch64,jdk,3059
2026-09-26T02:14:35+00:00,sapmachine-11.0.22,137295842,False,sapmachine-jre-11.0.22_linux-aarch64_bin.tar.gz,linux,aarch64,jre,2971
2026-09-26T02:14:35+00:00,sapmachine-11.0.22,137295842,False,sapmachine-jdk-11.0.22_linux-aarch64_bin-symbols.tar.gz,linux,aarch64,jdk,3
2026-09-26T02:14:35+00:00,sapmachine-11.0.22,137295842,False,sapmachine-jdk-11.0.22_linux-x64_bin.tar.gz,linux,x64,jdk,38232
2026-09-26T02:14:35+00:00,sapmachine-11.0.22,137295842,False,sapmachine-jre-11.0.22_linux-x64_bin.tar.gz,linux,x64,jre,8537
2026-09-26T02:14:35+00:00,sapmachine-11.0.22,137295842,False,sapmachine-jdk-11.0.22_linux-x64_bin-symbols.tar.gz,linux,x64,jdk,2
2026-09-26T02:14:35+00:00,sapmachine-11.0.22,137295842,False,sapmachine-jdk-11.0.22-1.x86_64.rpm,linux,x64,jdk,2962
2026-09-26T02:14:35+00:00,sapmachine-11.0.22,137295842,False,sapmachine-jdk-11.0.22_linux-ppc64le_bin.tar.gz,linux,ppc64,jdk,2934
2026-09-26T02:14:35+00:00,sapmachine-11.0.22,137295842,False,sapmachine-jre-11.0.22_linux-ppc64le_bin.tar.gz,linux,ppc64,jre,2902
2026-09-26T02:14:35+00:00,sapmachine-11.0.22,137295842,False,sapmachine-jdk-11.0.22_linux-ppc64le_bin-symbols.tar.gz,linux,ppc64,jdk,2
2026-09-26T02:14:35+00:00,sapmachine-11.0.22,137295842,False,sapmachine-jdk-11.0.22_windows-x64_bin.zip,windows,x64,jdk,4317
2026-09-26T02:14:35+00:00,sapmachine-11.0.22,137295842,False,sapmachine-jre-11.0.22_windows-x64_bin.zip,windows,x64,jre,3145
2026-09-26T02:14:35+00:00,sapmachine-11.0.22,137295842,False,sapmachine-jdk-11.0.22_windows-x64_bin-symbols.tar.gz,windows,x64,jdk,1
2026-09-26T02:14:35+00:00,sapmachine-11.0.22,137295842,False,sapmachine-jdk-11.0.22_macos-aarch64_bin.tar.gz,macos,aarch64,jdk,4007
2026-09-26T02:14:35+00:00,sapmachine-11.0.22,137295842,False,sapmachine-jre-11.0.22_macos-aarch64_bin.tar.gz,macos,aarch64,jre,3042
2026-09-26T02:14:35+00:00,sapmachine-11.0.22,137295842,False,sapmachine-jdk-11.0.22_macos-aarch64_bin-symbols.tar.gz,macos,aarch64,jdk,3
2026-09-26T02:14:35+00:00,sapmachine-11.0.22,137295842,False,sapmachine-jdk-11.0.22_macos-aarch64_bin.dmg,macos,aarch64,jdk,4567
2026-09-26T02:14:35+00:00,sapmachine-11.0.22,137295842,False,sapmachine-jre-11.0.22_macos-aarch64_bin.dmg,macos,aarch64,jre,2933
2026-09-26T02:14:35+00:00,sapmachine-11.0.22,137295842,False,sapmachine-jdk-11.0.22_macos-x64_bin.tar.gz,macos,x64,jdk,3748
2026-09-26T02:14:35+00:00,sapmachine-11.0.22,137295842,False,sapmachine-jre-11.0.22_macos-x64_bin.tar.gz,macos,x64,jre,3050
2026-09-26T02:14:35+00:00,sapmachine-11.0.22,137295842,False,sapmachine-jdk-11.0.22_macos-x64_bin-symbols.tar.gz,macos,x64,jdk,2
2026-09-26T02:14:35+00:00,sapmachine-11.0.22,137295842,False,sapmachine-jdk-11.0.22_macos-x64_bin.dmg,macos,x64,jdk,4687
2026-09-26T02:14:35+00:00,sapmachine-11.0.22,137295842,False,sapmachine-jre-11.0.22_macos-x64_bin.dmg,macos,x64,jre,2962
2026-09-26T02:14:35+00:00,sapmachine-11.0.22,137295842,False,sapmachine-jdk-11.0.22_windows-x64_bin.msi,windows,x64,jdk,4231
2026-09-26T02:14:35+00:00,sapmachine-11.0.22,137295842,False,sapmachine-jre-11.0.22_windows-x64_bin.msi,windows,x64,jre,3362
2026-09-26T02:14:35+00:00,sapmachine-11.0.21,125513226,False,sapmachine-jdk-11.0.21_linux-x64_bin.tar.gz,linux,x64,jdk,53493
2026-09-26T02:14:35+00:00,sapmachine-11.0.21,125513226,False,sapmachine-jre-11.0.21_linux-x64_bin.tar.gz,linux,x64,jre,9416
2026-09-26T02:14:35+00:00,sapmachine-11.0.21,125513226,False,sapmachine-jdk-11.0.21_linux-x64_bin-symbols.tar.gz,linux,x64,jdk,6
2026-09-26T02:14:35+00:00,sapmachine-11.0.21,125513226,False,sapmachine-jdk-11.0.21-1.x86_64.rpm,linux,x64,jdk,3722
2026-09-26T02:14:35+00:00,sapmachine-11.0.21,125513226,False,sapmachine-jdk-11.0.21_linux-aarch64_bin.tar.gz,linux,aarch64,jdk,3298
2026-09-26T02:14:35+00:00,sapmachine-11.0.21,125513226,False,sapmachine-jre-11.0.21_linux-aarch64_bin.tar.gz,linux,aarch64,jre,4306
2026-09-26T02:14:35+00:00,sapmachine-11.0.21,125513226,False,sapmachine-jdk-11.0.21_linux-aarch64_bin-symbols.tar.gz,linux,aarch64,jdk,5
2026-09-26T02:14:35+00:00,sapmachine-11.0.21,125513226,False,sapmachine-jdk-11.0.21_windows-x64_bin.zip,windows,x64,jdk,18161
2026-09-26T02:14:35+00:00,sapmachine-11.0.21,125513226,False,sapmachine-jre-11.0.21_windows-x64_bin.zip,windows,x64,jre,3445
2026-09-26T02:14:35+00:00,sapmachine-11.0.21,125513226,False,sapmachine-jdk-11.0.21_windows-x64_bin-symbols.tar.gz,windows,x64,jdk,5
2026-09-26T02:14:35+00:00,sapmachine-11.0.21,125513226,False,sapmachine-jdk-11.0.21_linux-ppc64le_bin.tar.gz,linux,ppc64,jdk,3323
2026-09-26T02:14:35+00:00,sapmachine-11.0.21,125513226,False,sapmachine-jre-11.0.21_linux-ppc64le_bin.tar.gz,linux,ppc64,jre,3200
2026-09-26T02:14:35+00:00,sapmachine-11.0.21,125513226,False,sapmachine-jdk-11.0.21_linux-ppc64le_bin-symbols.tar.gz,linux,ppc64,jdk,4
2026-09-26T02:14:35+00:00,sapmachine-11.0.21,125513226,False,sapmachine-jdk-11.0.21_windows-x64_bin.msi,windows,x64,jdk,4361
2026-09-26T02:14:35+00:00,sapmachine-11.0.21,125513226,False,sapmachine-jre-11.0.21_windows-x64_bin.msi,windows,x64,jre,3658
2026-09-26T02:14:35+00:00,sapmachine-11.0.21,125513226,False,sapmachine-jdk-11.0.21_macos-aarch64_bin.tar.gz,macos,aarch64,jdk,4108
2026-09-26T02:14:35+00:00,sapmachine-11.0.21,125513226,False,sapmachine-jdk-11.0.21_macos-aarch64_bin.dmg,macos,aarch64,jdk,5741
2026-09-26T02:14:35+00:00,sapmachine-11.0.21,125513226,False,sapmachine-jre-11.0.21_macos-aarch64_bin.tar.gz,macos,aarch64,jre,3275
2026-09-26T02:14:35+00:00,sapmachine-11.0.21,125513226,False,sapmachine-jre-11.0.21_macos-aarch64_bin.dmg,macos,aarch64,jre,3194
2026-09-26T02:14:35+00:00,sapmachine-11.0.21,125513226,False,sapmachine-jdk-11.0.21_macos-aarch64_bin-symbols.tar.gz,macos,aarch64,jdk,2
2026-09-26T02:14:35+00:00,sapmachine-11.0.21,125513226,False,sapmachine-jdk-11.0.21_macos-x64_bin.tar.gz,macos,x64,jdk,3923
2026-09-26T02:14:35+00:00,sapmachine-11.0.21,125513226,False,sapmachine-jdk-11.0.21_macos-x64_bin.dmg,macos,x64,jdk,5948
2026-09-26T02:14:35+00:00,sapmachine-11.0.21,125513226,False,sapmachine-jre-11.0.21_macos-x64_bin.tar.gz,macos,x64,jre,3313
2026-09-26T02:14:35+00:00,sapmachine-11.0.21,125513226,False,sapmachine-jre-11.0.21_macos-x64_bin.dmg,macos,x64,jre,3220
2026-09-26T02:14:35+00:00,sapmachine-11.0.21,125513226,False,sapmachine-jdk-11.0.21_macos-x64_bin-symbols.tar.gz,macos,x64,jdk,2
2026-09-26T02:14:35+00:00,sapmachine-17.0.9,125512392,False,sapmachine-jdk-17.0.9_linux-x64-musl_bin.tar.gz,alpine,x64,jdk,3573
2026-09-26T02:14:35+00:00,sapmachine-17.0.9,125512392,False,sapmachine-jre-17.0.9_linux-x64-musl_bin.tar.gz,alpine,x64,jre,3350
2026-09-26T02:14:35+00:00,sapmachine-17.0.9,125512392,False,sapmachine-jdk-17.0.9_linux-x64-musl_bin-symbols.tar.gz,alpine,x64,jdk,2
2026-09-26T02:14:35+00:00,sapmachine-17.0.9,125512392,False,sapmachine-jdk-17.0.9_linux-x64_bin.tar.gz,linux,x64,jdk,290630
2026-09-26T02:14:35+00:00,sapmachine-17.0.9,125512392,False,sapmachine-jre-17.0.9_linux-x64_bin.tar.gz,linux,x64,jre,133426
2026-09-26T02:14:35+00:00,sapmachine-17.0.9,125512392,False,sapmachine-jdk-17.0.9_linux-x64_bin-symbols.tar.gz,linux,x64,jdk,12
2026-09-26T02:14:35+00:00,sapmachine-17.0.9,125512392,False,sapmachine-jdk-17.0.9-1.x86_64.rpm,linux,x64,jdk,3427
2026-09-26T02:14:35+00:00,sapmachine-17.0.9,125512392,False,sapmachine-jdk-17.0.9_linux-aarch64_bin.tar.gz,linux,aarch64,jdk,3977
2026-09-26T02:14:35+00:00,sapmachine-17.0.9,125512392,False,sapmachine-jre-17.0.9_linux-aarch64_bin.tar.gz,linux,aarch64,jre,3354
2026-09-26T02:14:35+00:00,sapmachine-17.0.9,125512392,False,sapmachine-jdk-17.0.9_linux-aarch64_bin-symbols.tar.gz,linux,aarch64,jdk,2
2026-09-26T02:14:35+00:00,sapmachine-17.0.9,125512392,False,sapmachine-jdk-17.0.9_windows-x64_bin.zip,windows,x64,jdk,8241
2026-09-26T02:14:35+00:00,sapmachine-17.0.9,125512392,False,sapmachine-jre-17.0.9_windows-x64_bin.zip,windows,x64,jre,3511
2026-09-26T02:14:35+00:00,sapmachine-17.0.9,125512392,False,sapmachine-jdk-17.0.9_windows-x64_bin-symbols.tar.gz,windows,x64,jdk,3
2026-09-26T02:14:35+00:00,sapmachine-17.0.9,125512392,False,sapmachine-jdk-17.0.9_linux-ppc64le_bin.tar.gz,linux,ppc64,jdk,3394
2026-09-26T02:14:35+00:00,sapmachine-17.0.9,125512392,False,sapmachine-jre-17.0.9_linux-ppc64le_bin.tar.gz,linux,ppc64,jre,3235
2026-09-26T02:14:35+00:00,sapmachine-17.0.9,125512392,False,sapmachine-jdk-17.0.9_linux-ppc64le_bin-symbols.tar.gz,linux,ppc64,jdk,2
2026-09-26T02:14:35+00:00,sapmachine-17.0.9,125512392,False,sapmachine-jdk-17.0.9_windows-x64_bin.msi,windows,x64,jdk,5907
2026-09-26T02:14:35+00:00,sapmachine-17.0.9,125512392,False,sapmachine-jre-17.0.9_windows-x64_bin.msi,windows,x64,jre,4094
2026-09-26T02:14:35+00:00,sapmachine-17.0.9,125512392,False,sapmachine-jdk-17.0.9_macos-aarch64_bin.tar.gz,macos,aarch64,jdk,4903
2026-09-26T02:14:35+00:00,sapmachine-17.0.9,125512392,False,sapmachine-jdk-17.0.9_macos-aarch64_bin.dmg,macos,aarch64,jdk,6514
2026-09-26T02:14:35+00:00,sapmachine-17.0.9,125512392,False,sapmachine-jre-17.0.9_macos-aarch64_bin.tar.gz,macos,aarch64,jre,3342
2026-09-26T02:14:35+00:00,sapmachine-17.0.9,125512392,False,sapmachine-jre-17.0.9_macos-aarch64_bin.dmg,macos,aarch64,jre,3218
2026-09-26T02:14:35+00:00,sapmachine-17.0.9,125512392,False,sapmachine-jdk-17.0.9_macos-aarch64_bin-symbols.tar.gz,macos,aarch64,jdk,3
2026-09-26T02:14:35+00:00,sapmachine-17.0.9,125512392,False,sapmachine-jdk-17.0.9_macos-x64_bin.tar.gz,macos,x64,jdk,4329
2026-09-26T02:14:35+00:00,sapmachine-17.0.9,125512392,False,sapmachine-jdk-17.0.9_macos-x64_bin.dmg,macos,x64,jdk,7027
2026-09-26T02:14:35+00:00,sapmachine-17.0.9,125512392,False,sapmachine-jre-17.0.9_macos-x64_bin.tar.gz,macos,x64,jre,3298
2026-09-26T02:14:35+00:00,sapmachine-17.0.9,125512392,False,sapmachine-jre-17.0.9_macos-x64_bin.dmg,macos,x64,jre,3231
2026-09-26T02:14:35+00:00,sapmachine-17.0.9,125512392,False,sapmachine-jdk-17.0.9_macos-x64_bin-symbols.tar.gz,macos,x64,jdk,3
2026-09-26T02:14:35+00:00,sapmachine-21.0.1,125509596,False,sapmachine-jdk-21.0.1_linux-x64-musl_bin.tar.gz,alpine,x64,jdk,3424
2026-09-26T02:14:35+00:00,sapmachine-21.0.1,125509596,False,sapmachine-jre-21.0.1_linux-x64-musl_bin.tar.gz,alpine,x64,jre,3237
2026-09-26T02:14:35+00:00,sapmachine-21.0.1,125509596,False,sapmachine-jdk-21.0.1_linux-x64-musl_bin-symbols.tar.gz,alpine,x64,jdk,7
2026-09-26T02:14:35+00:00,sapmachine-21.0.1,125509596,False,sapmachine-jdk-21.0.1_linux-x64_bin.tar.gz,linux,x64,jdk,8364
2026-09-26T02:14:35+00:00,sapmachine-21.0.1,125509596,False,sapmachine-jre-21.0.1_linux-x64_bin.tar.gz,linux,x64,jre,8142
2026-09-26T02:14:35+00:00,sapmachine-21.0.1,125509596,False,sapmachine-jdk-21.0.1_linux-x64_bin-symbols.tar.gz,linux,x64,jdk,7
2026-09-26T02:14:35+00:00,sapmachine-21.0.1,125509596,False,sapmachine-jdk-21.0.1-1.x86_64.rpm,linux,x64,jdk,3302
2026-09-26T02:14:35+00:00,sapmachine-21.0.1,125509596,False,sapmachine-jdk-21.0.1_linux-aarch64_bin.tar.gz,linux,aarch64,jdk,3432
2026-09-26T02:14:35+00:00,sapmachine-21.0.1,125509596,False,sapmachine-jre-21.0.1_linux-aarch64_bin.tar.gz,linux,aarch64,jre,4007
2026-09-26T02:14:35+00:00,sapmachine-21.0.1,125509596,False,sapmachine-jdk-21.0.1_linux-aarch64_bin-symbols.tar.gz,linux,aarch64,jdk,8
2026-09-26T02:14:35+00:00,sapmachine-21.0.1,125509596,False,sapmachine-jdk-21.0.1-beta_aix-ppc64_bin.tar.gz,aix,ppc64,jdk,2967
2026-09-26T02:14:35+00:00,sapmachine-21.0.1,125509596,False,sapmachine-jre-21.0.1-beta_aix-ppc64_bin.tar.gz,aix,ppc64,jre,2929
2026-09-26T02:14:35+00:00,sapmachine-21.0.1,125509596,False,sapmachine-jdk-21.0.1-beta_aix-ppc64_bin-symbols.tar.gz,aix,ppc64,jdk,7
2026-09-26T02:14:35+00:00,sapmachine-21.0.1,125509596,False,sapmachine-jdk-21.0.1_windows-x64_bin.zip,windows,x64,jdk,6179
2026-09-26T02:14:35+00:00,sapmachine-21.0.1,125509596,False,sapmachine-jre-21.0.1_windows-x64_bin.zip,windows,x64,jre,3532
2026-09-26T02:14:35+00:00,sapmachine-21.0.1,125509596,False,sapmachine-jdk-21.0.1_windows-x64_bin-symbols.tar.gz,windows,x64,jdk,7
2026-09-26T02:14:35+00:00,sapmachine-21.0.1,125509596,False,sapmachine-jdk-21.0.1_linux-ppc64le_bin.tar.gz,linux,ppc64,jdk,3384
2026-09-26T02:14:35+00:00,sapmachine-21.0.1,125509596,False,sapmachine-jre-21.0.1_linux-ppc64le_bin.tar.gz,linux,ppc64,jre,3204
2026-09-26T02:14:35+00:00,sapmachine-21.0.1,125509596,False,sapmachine-jdk-21.0.1_linux-ppc64le_bin-symbols.tar.gz,linux,ppc64,jdk,6
2026-09-26T02:14:35+00:00,sapmachine-21.0.1,125509596,False,sapmachine-jdk-21.0.1_windows-x64_bin.msi,windows,x64,jdk,7780
2026-09-26T02:14:35+00:00,sapmachine-21.0.1,125509596,False,sapmachine-jre-21.0.1_windows-x64_bin.msi,windows,x64,jre,4261
2026-09-26T02:14:35+00:00,sapmachine-21.0.1,125509596,False,sapmachine-jdk-21.0.1_macos-aarch64_bin.tar.gz,macos,aarch64,jdk,4539
2026-09-26T02:14:35+00:00,sapmachine-21.0.1,125509596,False,sapmachine-jdk-21.0.1_macos-aarch64_bin.dmg,macos,aarch64,jdk,6837
2026-09-26T02:14:35+00:00,sapmachine-21.0.1,125509596,False,sapmachine-jre-21.0.1_macos-aarch64_bin.tar.gz,macos,aarch64,jre,3332
2026-09-26T02:14:35+00:00,sapmachine-21.0.1,125509596,False,sapmachine-jre-21.0.1_macos-aarch64_bin.dmg,macos,aarch64,jre,3228
2026-09-26T02:14:35+00:00,sapmachine-21.0.1,125509596,False,sapmachine-jdk-21.0.1_macos-aarch64_bin-symbols.tar.gz,macos,aarch64,jdk,6
2026-09-26T02:14:35+00:00,sapmachine-21.0.1,125509596,False,sapmachine-jdk-21.0.1_macos-x64_bin.tar.gz,macos,x64,jdk,4063
2026-09-26T02:14:35+00:00,sapmachine-21.0.1,125509596,False,sapmachine-jdk-21.0.1_macos-x64_bin.dmg,macos,x64,jdk,7432
2026-09-26T02:14:35+00:00,sapmachine-21.0.1,125509596,False,sapmachine-jre-21.0.1_macos-x64_bin.tar.gz,macos,x64,jre,3303
2026-09-26T02:14:35+00:00,sapmachine-21.0.1,125509596,False,sapmachine-jre-21.0.1_macos-x64_bin.dmg,macos,x64,jre,3311
2026-09-26T02:14:35+00:00,sapmachine-21.0.1,125509596,False,sapmachine-jdk-21.0.1_macos-x64_bin-symbols.tar.gz,macos,x64,jdk,5
2026-09-26T02:14:35+00:00,sapmachine-21,121589656,False,sapmachine-jdk-21_linux-x64-musl_bin.tar.gz,alpine,x64,jdk,3352
2026-09-26T02:14:35+00:00,sapmachine-21,121589656,False,sapmachine-jre-21_linux-x64-musl_bin.tar.gz,alpine,x64,jre,3307
2026-09-26T02:14:35+00:00,sapmachine-21,121589656,False,sapmachine-jdk-21_linux-x64-musl_bin-symbols.tar.gz,alpine,x64,jdk,10
2026-09-26T02:14:35+00:00,sapmachine-21,121589656,False,sapmachine-jdk-21_linux-x64_bin.tar.gz,linux,x64,jdk,4698
2026-09-26T02:14:35+00:00,sapmachine-21,121589656,False,sapmachine-jre-21_linux-x64_bin.tar.gz,linux,x64,jre,4573
2026-09-26T02:14:35+00:00,sapmachine-21,121589656,False,sapmachine-jdk-21_linux-x64_bin-symbols.tar.gz,linux,x64,jdk,9
2026-09-26T02:14:35+00:00,sapmachine-21,121589656,False,sapmachine-jdk-21-1.x86_64.rpm,linux,x64,jdk,3540
2026-09-26T02:14:35+00:00,sapmachine-21,121589656,False,sapmachine-jdk-21_linux-aarch64_bin.tar.gz,linux,aarch64,jdk,3458
2026-09-26T02:14:35+00:00,sapmachine-21,121589656,False,sapmachine-jre-21_linux-aarch64_bin.tar.gz,linux,aarch64,jre,3388
2026-09-26T02:14:35+00:00,sapmachine-21,121589656,False,sapmachine-jdk-21_linux-aarch64_bin-symbols.tar.gz,linux,aarch64,jdk,14
2026-09-26T02:14:35+00:00,sapmachine-21,121589656,False,sapmachine-jdk-21_windows-x64_bin.zip,windows,x64,jdk,5330
2026-09-26T02:14:35+00:00,sapmachine-21,121589656,False,sapmachine-jre-21_windows-x64_bin.zip,windows,x64,jre,3465
2026-09-26T02:14:35+00:00,sapmachine-21,121589656,False,sapmachine-jdk-21_windows-x64_bin-symbols.tar.gz,windows,x64,jdk,6
2026-09-26T02:14:35+00:00,sapmachine-21,121589656,False,sapmachine-jdk-21_linux-ppc64le_bin.tar.gz,linux,ppc64,jdk,3323
2026-09-26T02:14:35+00:00,sapmachine-21,121589656,False,sapmachine-jre-21_linux-ppc64le_bin.tar.gz,linux,ppc64,jre,3289
2026-09-26T02:14:35+00:00,sapmachine-21,121589656,False,sapmachine-jdk-21_linux-ppc64le_bin-symbols.tar.gz,linux,ppc64,jdk,9
2026-09-26T02:14:35+00:00,sapmachine-21,121589656,False,sapmachine-jdk-21_windows-x64_bin.msi,windows,x64,jdk,4915
2026-09-26T02:14:35+00:00,sapmachine-21,121589656,False,sapmachine-jre-21_windows-x64_bin.msi,windows,x64,jre,3631
2026-09-26T02:14:35+00:00,sapmachine-21,121589656,False,sapmachine-jdk-21_macos-aarch64_bin.tar.gz,macos,aarch64,jdk,3985
2026-09-26T02:14:35+00:00,sapmachine-21,121589656,False,sapmachine-jdk-21_macos-aarch64_bin.dmg,macos,aarch64,jdk,3811
2026-09-26T02:14:35+00:00,sapmachine-21,121589656,False,sapmachine-jdk-21_macos-x64_bin.tar.gz,macos,x64,jdk,3622
2026-09-26T02:14:35+00:00,sapmachine-21,121589656,False,sapmachine-jre-21_macos-aarch64_bin.tar.gz,macos,aarch64,jre,3389
2026-09-26T02:14:35+00:00,sapmachine-21,121589656,False,sapmachine-jre-21_macos-aarch64_bin.dmg,macos,aarch64,jre,3348
2026-09-26T02:14:35+00:00,sapmachine-21,121589656,False,sapmachine-jdk-21_macos-x64_bin.dmg,macos,x64,jdk,4060
2026-09-26T02:14:35+00:00,sapmachine-21,121589656,False,sapmachine-jdk-21_macos-aarch64_bin-symbols.tar.gz,macos,aarch64,jdk,5
2026-09-26T02:14:35+00:00,sapmachine-21,121589656,False,sapmachine-jre-21_macos-x64_bin.tar.gz,macos,x64,jre,3416
2026-09-26T02:14:35+00:00,sapmachine-21,121589656,False,sapmachine-jre-21_macos-x64_bin.dmg,macos,x64,jre,3282
2026-09-26T02:14:35+00:00,sapmachine-21,121589656,False,sapmachine-jdk-21_macos-x64_bin-symbols.tar.gz,macos,x64,jdk,2
2026-09-26T02:14:35+00:00,sapmachine-11.0.20.1,120580479,False,sapmachine-jdk-11.0.20.1_linux-x64_bin.tar.gz,linux,x64,jdk,19744
2026-09-26T02:14:35+00:00,sapmachine-11.0.20.1,120580479,False,sapmachine-jre-11.0.20.1_linux-x64_bin.tar.gz,linux,x64,jre,9705
2026-09-26T02:14:35+00:00,sapmachine-11.0.20.1,120580479,False,sapmachine-jdk-11.0.20.1_linux-x64_bin-symbols.tar.gz,linux,x64,jdk,3
2026-09-26T02:14:35+00:00,sapmachine-11.0.20.1,120580479,False,sapmachine-jdk-11.0.20.1-1.x86_64.rpm,linux,x64,jdk,3408
2026-09-26T02:14:35+00:00,sapmachine-11.0.20.1,120580479,False,sapmachine-jdk-11.0.20.1_linux-aarch64_bin.tar.gz,linux,aarch64,jdk,3379
2026-09-26T02:14:35+00:00,sapmachine-11.0.20.1,120580479,False,sapmachine-jre-11.0.20.1_linux-aarch64_bin.tar.gz,linux,aarch64,jre,3313
2026-09-26T02:14:35+00:00,sapmachine-11.0.20.1,120580479,False,sapmachine-jdk-11.0.20.1_linux-aarch64_bin-symbols.tar.gz,linux,aarch64,jdk,2
2026-09-26T02:14:35+00:00,sapmachine-11.0.20.1,120580479,False,sapmachine-jdk-11.0.20.1_linux-ppc64le_bin.tar.gz,linux,ppc64,jdk,3302
2026-09-26T02:14:35+00:00,sapmachine-11.0.20.1,120580479,False,sapmachine-jre-11.0.20.1_linux-ppc64le_bin.tar.gz,linux,ppc64,jre,3282
2026-09-26T02:14:35+00:00,sapmachine-11.0.20.1,120580479,False,sapmachine-jdk-11.0.20.1_linux-ppc64le_bin-symbols.tar.gz,linux,ppc64,jdk,2
2026-09-26T02:14:35+00:00,sapmachine-11.0.20.1,120580479,False,sapmachine-jdk-11.0.20.1_windows-x64_bin.zip,windows,x64,jdk,4109
2026-09-26T02:14:35+00:00,sapmachine-11.0.20.1,120580479,False,sapmachine-jre-11.0.20.1_windows-x64_bin.zip,windows,x64,jre,3564
2026-09-26T02:14:35+00:00,sapmachine-11.0.20.1,120580479,False,sapmachine-jdk-11.0.20.1_windows-x64_bin-symbols.tar.gz,windows,x64,jdk,3
2026-09-26T02:14:35+00:00,sapmachine-11.0.20.1,120580479,False,sapmachine-jdk-11.0.20.1_windows-x64_bin.msi,windows,x64,jdk,3713
2026-09-26T02:14:35+00:00,sapmachine-11.0.20.1,120580479,False,sapmachine-jre-11.0.20.1_windows-x64_bin.msi,windows,x64,jre,3424
2026-09-26T02:14:35+00:00,sapmachine-11.0.20.1,120580479,False,sapmachine-jdk-11.0.20.1_macos-x64_bin.tar.gz,macos,x64,jdk,3613
2026-09-26T02:14:35+00:00,sapmachine-11.0.20.1,120580479,False,sapmachine-jdk-11.0.20.1_macos-x64_bin.dmg,macos,x64,jdk,3660
2026-09-26T02:14:35+00:00,sapmachine-11.0.20.1,120580479,False,sapmachine-jre-11.0.20.1_macos-x64_bin.tar.gz,macos,x64,jre,3388
2026-09-26T02:14:35+00:00,sapmachine-11.0.20.1,120580479,False,sapmachine-jre-11.0.20.1_macos-x64_bin.dmg,macos,x64,jre,3325
2026-09-26T02:14:35+00:00,sapmachine-11.0.20.1,120580479,False,sapmachine-jdk-11.0.20.1_macos-x64_bin-symbols.tar.gz,macos,x64,jdk,2
2026-09-26T02:14:35+00:00,sapmachine-11.0.20.1,120580479,False,sapmachine-jdk-11.0.20.1_macos-aarch64_bin.tar.gz,macos,aarch64,jdk,3712
2026-09-26T02:14:35+00:00,sapmachine-11.0.20.1,120580479,False,sapmachine-jdk-11.0.20.1_macos-aarch64_bin.dmg,macos,aarch64,jdk,3512
2026-09-26T02:14:35+00:00,sapmachine-11.0.20.1,120580479,False,sapmachine-jre-11.0.20.1_macos-aarch64_bin.tar.gz,macos,aarch64,jre,3400
2026-09-26T02:14:35+00:00,sapmachine-11.0.20.1,120580479,False,sapmachine-jre-11.0.20.1_macos-aarch64_bin.dmg,macos,aarch64,jre,3329
2026-09-26T02:14:35+00:00,sapmachine-11.0.20.1,120580479,False,sapmachine-jdk-11.0.20.1_macos-aarch64_bin-symbols.tar.gz,macos,aarch64,jdk,2
2026-09-26T02:14:35+00:00,sapmachine-17.0.8.1,120346785,False,sapmachine-jdk-17.0.8.1_linux-x64-musl_bin.tar.gz,alpine,x64,jdk,3501
2026-09-26T02:14:35+00:00,sapmachine-17.0.8.1,120346785,False,sapmachine-jre-17.0.8.1_linux-x64-musl_bin.tar.gz,alpine,x64,jre,3311
2026-09-26T02:14:35+00:00,sapmachine-17.0.8.1,120346785,False,sapmachine-jdk-17.0.8.1_linux-x64-musl_bin-symbols.tar.gz,alpine,x64,jdk,2
2026-09-26T02:14:35+00:00,sapmachine-17.0.8.1,120346785,False,sapmachine-jdk-17.0.8.1_linux-x64_bin.tar.gz,linux,x64,jdk,321340
2026-09-26T02:14:35+00:00,sapmachine-17.0.8.1,120346785,False,sapmachine-jre-17.0.8.1_linux-x64_bin.tar.gz,linux,x64,jre,55277
2026-09-26T02:14:35+00:00,sapmachine-17.0.8.1,120346785,False,sapmachine-jdk-17.0.8.1_linux-x64_bin-symbols.tar.gz,linux,x64,jdk,6
2026-09-26T02:14:35+00:00,sapmachine-17.0.8.1,120346785,False,sapmachine-jdk-17.0.8.1-1.x86_64.rpm,linux,x64,jdk,3854
2026-09-26T02:14:35+00:00,sapmachine-17.0.8.1,120346785,False,sapmachine-jdk-17.0.8.1_linux-aarch64_bin.tar.gz,linux,aarch64,jdk,3678
2026-09-26T02:14:35+00:00,sapmachine-17.0.8.1,120346785,False,sapmachine-jre-17.0.8.1_linux-aarch64_bin.tar.gz,linux,aarch64,jre,3330
2026-09-26T02:14:35+00:00,sapmachine-17.0.8.1,120346785,False,sapmachine-jdk-17.0.8.1_linux-aarch64_bin-symbols.tar.gz,linux,aarch64,jdk,5
2026-09-26T02:14:35+00:00,sapmachine-17.0.8.1,120346785,False,sapmachine-jdk-17.0.8.1_windows-x64_bin.zip,windows,x64,jdk,4755
2026-09-26T02:14:35+00:00,sapmachine-17.0.8.1,120346785,False,sapmachine-jre-17.0.8.1_windows-x64_bin.zip,windows,x64,jre,3546
2026-09-26T02:14:35+00:00,sapmachine-17.0.8.1,120346785,False,sapmachine-jdk-17.0.8.1_windows-x64_bin-symbols.tar.gz,windows,x64,jdk,2
2026-09-26T02:14:35+00:00,sapmachine-17.0.8.1,120346785,False,sapmachine-jdk-17.0.8.1_linux-ppc64le_bin.tar.gz,linux,ppc64,jdk,3388
2026-09-26T02:14:35+00:00,sapmachine-17.0.8.1,120346785,False,sapmachine-jre-17.0.8.1_linux-ppc64le_bin.tar.gz,linux,ppc64,jre,3315
2026-09-26T02:14:35+00:00,sapmachine-17.0.8.1,120346785,False,sapmachine-jdk-17.0.8.1_linux-ppc64le_bin-symbols.tar.gz,linux,ppc64,jdk,2
2026-09-26T02:14:35+00:00,sapmachine-17.0.8.1,120346785,False,sapmachine-jdk-17.0.8.1_windows-x64_bin.msi,windows,x64,jdk,4359
2026-09-26T02:14:35+00:00,sapmachine-17.0.8.1,120346785,False,sapmachine-jre-17.0.8.1_windows-x64_bin.msi,windows,x64,jre,3523
2026-09-26T02:14:35+00:00,sapmachine-17.0.8.1,120346785,False,sapmachine-jdk-17.0.8.1_macos-aarch64_bin.tar.gz,macos,aarch64,jdk,3996
2026-09-26T02:14:35+00:00,sapmachine-17.0.8.1,120346785,False,sapmachine-jdk-17.0.8.1_macos-aarch64_bin.dmg,macos,aarch64,jdk,3937
2026-09-26T02:14:35+00:00,sapmachine-17.0.8.1,120346785,False,sapmachine-jre-17.0.8.1_macos-aarch64_bin.tar.gz,macos,aarch64,jre,3381
2026-09-26T02:14:35+00:00,sapmachine-17.0.8.1,120346785,False,sapmachine-jre-17.0.8.1_macos-aarch64_bin.dmg,macos,aarch64,jre,3334
2026-09-26T02:14:35+00:00,sapmachine-17.0.8.1,120346785,False,sapmachine-jdk-17.0.8.1_macos-aarch64_bin-symbols.tar.gz,macos,aarch64,jdk,2
2026-09-26T02:14:35+00:00,sapmachine-17.0.8.1,120346785,False,sapmachine-jdk-17.0.8.1_macos-x64_bin.tar.gz,macos,x64,jdk,3814
2026-09-26T02:14:35+00:00,sapmachine-17.0.8.1,120346785,False,sapmachine-jdk-17.0.8.1_macos-x64_bin.dmg,macos,x64,jdk,4082
2026-09-26T02:14:35+00:00,sapmachine-17.0.8.1,120346785,False,sapmachine-jre-17.0.8.1_macos-x64_bin.tar.gz,macos,x64,jre,3410
2026-09-26T02:14:35+00:00,sapmachine-17.0.8.1,120346785,False,sapmachine-jre-17.0.8.1_macos-x64_bin.dmg,macos,x64,jre,3390
2026-09-26T02:14:35+00:00,sapmachine-17.0.8.1,120346785,False,sapmachine-jdk-17.0.8.1_macos-x64_bin-symbols.tar.gz,macos,x64,jdk,2
2026-09-26T02:14:35+00:00,sapmachine-20.0.2,112729405,False,sapmachine-jdk-20.0.2_linux-x64-musl_bin.tar.gz,alpine,x64,jdk,3480
2026-09-26T02:14:35+00:00,sapmachine-20.0.2,112729405,False,sapmachine-jre-20.0.2_linux-x64-musl_bin.tar.gz,alpine,x64,jre,3483
2026-09-26T02:14:35+00:00,sapmachine-20.0.2,112729405,False,sapmachine-jdk-20.0.2_linux-x64-musl_bin-symbols.tar.gz,alpine,x64,jdk,10
2026-09-26T02:14:35+00:00,sapmachine-20.0.2,112729405,False,sapmachine-jdk-20.0.2_linux-x64_bin.tar.gz,linux,x64,jdk,5623
2026-09-26T02:14:35+00:00,sapmachine-20.0.2,112729405,False,sapmachine-jre-20.0.2_linux-x64_bin.tar.gz,linux,x64,jre,22128
2026-09-26T02:14:35+00:00,sapmachine-20.0.2,112729405,False,sapmachine-jdk-20.0.2_linux-x64_bin-symbols.tar.gz,linux,x64,jdk,11
2026-09-26T02:14:35+00:00,sapmachine-20.0.2,112729405,False,sapmachine-jdk-20.0.2-1.x86_64.rpm,linux,x64,jdk,3519
2026-09-26T02:14:35+00:00,sapmachine-20.0.2,112729405,False,sapmachine-jdk-20.0.2_linux-aarch64_bin.tar.gz,linux,aarch64,jdk,3627
2026-09-26T02:14:35+00:00,sapmachine-20.0.2,112729405,False,sapmachine-jre-20.0.2_linux-aarch64_bin.tar.gz,linux,aarch64,jre,4577
2026-09-26T02:14:35+00:00,sapmachine-20.0.2,112729405,False,sapmachine-jdk-20.0.2_linux-aarch64_bin-symbols.tar.gz,linux,aarch64,jdk,15
2026-09-26T02:14:35+00:00,sapmachine-20.0.2,112729405,False,sapmachine-jdk-20.0.2_windows-x64_bin.zip,windows,x64,jdk,4610
2026-09-26T02:14:35+00:00,sapmachine-20.0.2,112729405,False,sapmachine-jre-20.0.2_windows-x64_bin.zip,windows,x64,jre,5332
2026-09-26T02:14:35+00:00,sapmachine-20.0.2,112729405,False,sapmachine-jdk-20.0.2_windows-x64_bin-symbols.tar.gz,windows,x64,jdk,9
2026-09-26T02:14:35+00:00,sapmachine-20.0.2,112729405,False,sapmachine-jdk-20.0.2_linux-ppc64le_bin.tar.gz,linux,ppc64,jdk,3534
2026-09-26T02:14:35+00:00,sapmachine-20.0.2,112729405,False,sapmachine-jre-20.0.2_linux-ppc64le_bin.tar.gz,linux,ppc64,jre,3405
2026-09-26T02:14:35+00:00,sapmachine-20.0.2,112729405,False,sapmachine-jdk-20.0.2_linux-ppc64le_bin-symbols.tar.gz,linux,ppc64,jdk,10
2026-09-26T02:14:35+00:00,sapmachine-20.0.2,112729405,False,sapmachine-jdk-20.0.2_macos-aarch64_bin.tar.gz,macos,aarch64,jdk,4115
2026-09-26T02:14:35+00:00,sapmachine-20.0.2,112729405,False,sapmachine-jdk-20.0.2_macos-aarch64_bin.dmg,macos,aarch64,jdk,4123
2026-09-26T02:14:35+00:00,sapmachine-20.0.2,112729405,False,sapmachine-jre-20.0.2_macos-aarch64_bin.tar.gz,macos,aarch64,jre,3564
2026-09-26T02:14:35+00:00,sapmachine-20.0.2,112729405,False,sapmachine-jre-20.0.2_macos-aarch64_bin.dmg,macos,aarch64,jre,3394
2026-09-26T02:14:35+00:00,sapmachine-20.0.2,112729405,False,sapmachine-jdk-20.0.2_macos-aarch64_bin-symbols.tar.gz,macos,aarch64,jdk,7
2026-09-26T02:14:35+00:00,sapmachine-20.0.2,112729405,False,sapmachine-jdk-20.0.2_macos-x64_bin.tar.gz,macos,x64,jdk,4014
2026-09-26T02:14:35+00:00,sapmachine-20.0.2,112729405,False,sapmachine-jdk-20.0.2_macos-x64_bin.dmg,macos,x64,jdk,4664
2026-09-26T02:14:35+00:00,sapmachine-20.0.2,112729405,False,sapmachine-jre-20.0.2_macos-x64_bin.tar.gz,macos,x64,jre,3527
2026-09-26T02:14:35+00:00,sapmachine-20.0.2,112729405,False,sapmachine-jre-20.0.2_macos-x64_bin.dmg,macos,x64,jre,3450
2026-09-26T02:14:35+00:00,sapmachine-20.0.2,112729405,False,sapmachine-jdk-20.0.2_macos-x64_bin-symbols.tar.gz,macos,x64,jdk,7
2026-09-26T02:14:35+00:00,sapmachine-20.0.2,112729405,False,sapmachine-jdk-20.0.2_windows-x64_bin.msi,windows,x64,jdk,5843
2026-09-26T02:14:35+00:00,sapmachine-20.0.2,112729405,False,sapmachine-jre-20.0.2_windows-x64_bin.msi,windows,x64,jre,3894
2026-09-26T02:14:35+00:00,sapmachine-17.0.8,112724516,False,sapmachine-jdk-17.0.8_linux-x64-musl_bin.tar.gz,alpine,x64,jdk,3551
2026-09-26T02:14:35+00:00,sapmachine-17.0.8,112724516,False,sapmachine-jre-17.0.8_linux-x64-musl_bin.tar.gz,alpine,x64,jre,3513
2026-09-26T02:14:35+00:00,sapmachine-17.0.8,112724516,False,sapmachine-jdk-17.0.8_linux-x64-musl_bin-symbols.tar.gz,alpine,x64,jdk,2
2026-09-26T02:14:35+00:00,sapmachine-17.0.8,112724516,False,sapmachine-jdk-17.0.8_linux-x64_bin.tar.gz,linux,x64,jdk,56927
2026-09-26T02:14:35+00:00,sapmachine-17.0.8,112724516,False,sapmachine-jre-17.0.8_linux-x64_bin.tar.gz,linux,x64,jre,58756
2026-09-26T02:14:35+00:00,sapmachine-17.0.8,112724516,False,sapmachine-jdk-17.0.8_linux-x64_bin-symbols.tar.gz,linux,x64,jdk,9
2026-09-26T02:14:35+00:00,sapmachine-17.0.8,112724516,False,sapmachine-jdk-17.0.8-1.x86_64.rpm,linux,x64,jdk,3783
2026-09-26T02:14:35+00:00,sapmachine-17.0.8,112724516,False,sapmachine-jdk-17.0.8_linux-aarch64_bin.tar.gz,linux,aarch64,jdk,4952
2026-09-26T02:14:35+00:00,sapmachine-17.0.8,112724516,False,sapmachine-jre-17.0.8_linux-aarch64_bin.tar.gz,linux,aarch64,jre,3468
2026-09-26T02:14:35+00:00,sapmachine-17.0.8,112724516,False,sapmachine-jdk-17.0.8_linux-aarch64_bin-symbols.tar.gz,linux,aarch64,jdk,4
2026-09-26T02:14:35+00:00,sapmachine-17.0.8,112724516,False,sapmachine-jdk-17.0.8_windows-x64_bin.zip,windows,x64,jdk,5095
2026-09-26T02:14:35+00:00,sapmachine-17.0.8,112724516,False,sapmachine-jre-17.0.8_windows-x64_bin.zip,windows,x64,jre,3800
2026-09-26T02:14:35+00:00,sapmachine-17.0.8,112724516,False,sapmachine-jdk-17.0.8_windows-x64_bin-symbols.tar.gz,windows,x64,jdk,5
2026-09-26T02:14:35+00:00,sapmachine-17.0.8,112724516,False,sapmachine-jdk-17.0.8_linux-ppc64le_bin.tar.gz,linux,ppc64,jdk,3574
2026-09-26T02:14:35+00:00,sapmachine-17.0.8,112724516,False,sapmachine-jre-17.0.8_linux-ppc64le_bin.tar.gz,linux,ppc64,jre,3474
2026-09-26T02:14:35+00:00,sapmachine-17.0.8,112724516,False,sapmachine-jdk-17.0.8_linux-ppc64le_bin-symbols.tar.gz,linux,ppc64,jdk,2
2026-09-26T02:14:35+00:00,sapmachine-17.0.8,112724516,False,sapmachine-jdk-17.0.8_macos-x64_bin.tar.gz,macos,x64,jdk,4306
2026-09-26T02:14:35+00:00,sapmachine-17.0.8,112724516,False,sapmachine-jdk-17.0.8_macos-x64_bin.dmg,macos,x64,jdk,6299
2026-09-26T02:14:35+00:00,sapmachine-17.0.8,112724516,False,sapmachine-jre-17.0.8_macos-x64_bin.tar.gz,macos,x64,jre,3532
2026-09-26T02:14:35+00:00,sapmachine-17.0.8,112724516,False,sapmachine-jre-17.0.8_macos-x64_bin.dmg,macos,x64,jre,3461
2026-09-26T02:14:35+00:00,sapmachine-17.0.8,112724516,False,sapmachine-jdk-17.0.8_macos-x64_bin-symbols.tar.gz,macos,x64,jdk,2
2026-09-26T02:14:35+00:00,sapmachine-17.0.8,112724516,False,sapmachine-jdk-17.0.8_macos-aarch64_bin.tar.gz,macos,aarch64,jdk,4383
2026-09-26T02:14:35+00:00,sapmachine-17.0.8,112724516,False,sapmachine-jdk-17.0.8_macos-aarch64_bin.dmg,macos,aarch64,jdk,5837
2026-09-26T02:14:35+00:00,sapmachine-17.0.8,112724516,False,sapmachine-jre-17.0.8_macos-aarch64_bin.tar.gz,macos,aarch64,jre,3481
2026-09-26T02:14:35+00:00,sapmachine-17.0.8,112724516,False,sapmachine-jre-17.0.8_macos-aarch64_bin.dmg,macos,aarch64,jre,3406
2026-09-26T02:14:35+00:00,sapmachine-17.0.8,112724516,False,sapmachine-jdk-17.0.8_macos-aarch64_bin-symbols.tar.gz,macos,aarch64,jdk,7
2026-09-26T02:14:35+00:00,sapmachine-17.0.8,112724516,False,sapmachine-jdk-17.0.8_windows-x64_bin.msi,windows,x64,jdk,5806
2026-09-26T02:14:35+00:00,sapmachine-17.0.8,112724516,False,sapmachine-jre-17.0.8_windows-x64_bin.msi,windows,x64,jre,3765
2026-09-26T02:14:35+00:00,sapmachine-11.0.20,112728811,False,sapmachine-jdk-11.0.20_linux-x64_bin.tar.gz,linux,x64,jdk,47071
2026-09-26T02:14:35+00:00,sapmachine-11.0.20,112728811,False,sapmachine-jre-11.0.20_linux-x64_bin.tar.gz,linux,x64,jre,16416
2026-09-26T02:14:35+00:00,sapmachine-11.0.20,112728811,False,sapmachine-jdk-11.0.20_linux-x64_bin-symbols.tar.gz,linux,x64,jdk,17
2026-09-26T02:14:35+00:00,sapmachine-11.0.20,112728811,False,sapmachine-jdk-11.0.20-1.x86_64.rpm,linux,x64,jdk,3607
2026-09-26T02:14:35+00:00,sapmachine-11.0.20,112728811,False,sapmachine-jdk-11.0.20_linux-aarch64_bin.tar.gz,linux,aarch64,jdk,3507
2026-09-26T02:14:35+00:00,sapmachine-11.0.20,112728811,False,sapmachine-jre-11.0.20_linux-aarch64_bin.tar.gz,linux,aarch64,jre,3549
2026-09-26T02:14:35+00:00,sapmachine-11.0.20,112728811,False,sapmachine-jdk-11.0.20_linux-aarch64_bin-symbols.tar.gz,linux,aarch64,jdk,4
2026-09-26T02:14:35+00:00,sapmachine-11.0.20,112728811,False,sapmachine-jdk-11.0.20_windows-x64_bin.zip,windows,x64,jdk,4532
2026-09-26T02:14:35+00:00,sapmachine-11.0.20,112728811,False,sapmachine-jre-11.0.20_windows-x64_bin.zip,windows,x64,jre,3633
2026-09-26T02:14:35+00:00,sapmachine-11.0.20,112728811,False,sapmachine-jdk-11.0.20_windows-x64_bin-symbols.tar.gz,windows,x64,jdk,6
2026-09-26T02:14:35+00:00,sapmachine-11.0.20,112728811,False,sapmachine-jdk-11.0.20_linux-ppc64le_bin.tar.gz,linux,ppc64,jdk,3476
2026-09-26T02:14:35+00:00,sapmachine-11.0.20,112728811,False,sapmachine-jre-11.0.20_linux-ppc64le_bin.tar.gz,linux,ppc64,jre,3411
2026-09-26T02:14:35+00:00,sapmachine-11.0.20,112728811,False,sapmachine-jdk-11.0.20_linux-ppc64le_bin-symbols.tar.gz,linux,ppc64,jdk,3
2026-09-26T02:14:35+00:00,sapmachine-11.0.20,112728811,False,sapmachine-jdk-11.0.20_macos-aarch64_bin.tar.gz,macos,aarch64,jdk,4187
2026-09-26T02:14:35+00:00,sapmachine-11.0.20,112728811,False,sapmachine-jdk-11.0.20_macos-aarch64_bin.dmg,macos,aarch64,jdk,5267
2026-09-26T02:14:35+00:00,sapmachine-11.0.20,112728811,False,sapmachine-jre-11.0.20_macos-aarch64_bin.tar.gz,macos,aarch64,jre,3488
2026-09-26T02:14:35+00:00,sapmachine-11.0.20,112728811,False,sapmachine-jdk-11.0.20_macos-x64_bin.tar.gz,macos,x64,jdk,4146
2026-09-26T02:14:35+00:00,sapmachine-11.0.20,112728811,False,sapmachine-jre-11.0.20_macos-aarch64_bin.dmg,macos,aarch64,jre,3487
2026-09-26T02:14:35+00:00,sapmachine-11.0.20,112728811,False,sapmachine-jdk-11.0.20_macos-aarch64_bin-symbols.tar.gz,macos,aarch64,jdk,3
2026-09-26T02:14:35+00:00,sapmachine-11.0.20,112728811,False,sapmachine-jdk-11.0.20_macos-x64_bin.dmg,macos,x64,jdk,5496
2026-09-26T02:14:35+00:00,sapmachine-11.0.20,112728811,False,sapmachine-jre-11.0.20_macos-x64_bin.tar.gz,macos,x64,jre,3551
2026-09-26T02:14:35+00:00,sapmachine-11.0.20,112728811,False,sapmachine-jre-11.0.20_macos-x64_bin.dmg,macos,x64,jre,3458
2026-09-26T02:14:35+00:00,sapmachine-11.0.20,112728811,False,sapmachine-jdk-11.0.20_macos-x64_bin-symbols.tar.gz,macos,x64,jdk,3
2026-09-26T02:14:35+00:00,sapmachine-11.0.20,112728811,False,sapmachine-jdk-11.0.20_windows-x64_bin.msi,windows,x64,jdk,4358
2026-09-26T02:14:35+00:00,sapmachine-11.0.20,112728811,False,sapmachine-jre-11.0.20_windows-x64_bin.msi,windows,x64,jre,3678
2026-09-26T02:14:35+00:00,sapmachine-11.0.19,99977831,False,sapmachine-jdk-11.0.19_linux-x64_bin.tar.gz,linux,x64,jdk,75169
2026-09-26T02:14:35+00:00,sapmachine-11.0.19,99977831,False,sapmachine-jre-11.0.19_linux-x64_bin.tar.gz,linux,x64,jre,38480
2026-09-26T02:14:35+00:00,sapmachine-11.0.19,99977831,False,sapmachine-jdk-11.0.19_linux-x64_bin-symbols.tar.gz,linux,x64,jdk,30
2026-09-26T02:14:35+00:00,sapmachine-11.0.19,99977831,False,sapmachine-jdk-11.0.19_linux-aarch64_bin.tar.gz,linux,aarch64,jdk,3680
2026-09-26T02:14:35+00:00,sapmachine-11.0.19,99977831,False,sapmachine-jre-11.0.19_linux-aarch64_bin.tar.gz,linux,aarch64,jre,3636
2026-09-26T02:14:35+00:00,sapmachine-11.0.19,99977831,False,sapmachine-jdk-11.0.19_linux-aarch64_bin-symbols.tar.gz,linux,aarch64,jdk,4
2026-09-26T02:14:35+00:00,sapmachine-11.0.19,99977831,False,sapmachine-jdk-11.0.19-1.x86_64.rpm,linux,x64,jdk,3678
2026-09-26T02:14:35+00:00,sapmachine-11.0.19,99977831,False,sapmachine-jdk-11.0.19_linux-ppc64le_bin.tar.gz,linux,ppc64,jdk,3545
2026-09-26T02:14:35+00:00,sapmachine-11.0.19,99977831,False,sapmachine-jre-11.0.19_linux-ppc64le_bin.tar.gz,linux,ppc64,jre,3517
2026-09-26T02:14:35+00:00,sapmachine-11.0.19,99977831,False,sapmachine-jdk-11.0.19_linux-ppc64le_bin-symbols.tar.gz,linux,ppc64,jdk,3
2026-09-26T02:14:35+00:00,sapmachine-11.0.19,99977831,False,sapmachine-jdk-11.0.19_windows-x64_bin.zip,windows,x64,jdk,5215
2026-09-26T02:14:35+00:00,sapmachine-11.0.19,99977831,False,sapmachine-jre-11.0.19_windows-x64_bin.zip,windows,x64,jre,3790
2026-09-26T02:14:35+00:00,sapmachine-11.0.19,99977831,False,sapmachine-jdk-11.0.19_windows-x64_bin-symbols.tar.gz,windows,x64,jdk,4
2026-09-26T02:14:35+00:00,sapmachine-11.0.19,99977831,False,sapmachine-jdk-11.0.19_macos-aarch64_bin.tar.gz,macos,aarch64,jdk,4513
2026-09-26T02:14:35+00:00,sapmachine-11.0.19,99977831,False,sapmachine-jdk-11.0.19_macos-aarch64_bin.dmg,macos,aarch64,jdk,6158
2026-09-26T02:14:35+00:00,sapmachine-11.0.19,99977831,False,sapmachine-jre-11.0.19_macos-aarch64_bin.tar.gz,macos,aarch64,jre,3593
2026-09-26T02:14:35+00:00,sapmachine-11.0.19,99977831,False,sapmachine-jre-11.0.19_macos-aarch64_bin.dmg,macos,aarch64,jre,3596
2026-09-26T02:14:35+00:00,sapmachine-11.0.19,99977831,False,sapmachine-jdk-11.0.19_macos-aarch64_bin-symbols.tar.gz,macos,aarch64,jdk,2
2026-09-26T02:14:35+00:00,sapmachine-11.0.19,99977831,False,sapmachine-jdk-11.0.19_macos-x64_bin.tar.gz,macos,x64,jdk,4602
2026-09-26T02:14:35+00:00,sapmachine-11.0.19,99977831,False,sapmachine-jdk-11.0.19_macos-x64_bin.dmg,macos,x64,jdk,6333
2026-09-26T02:14:35+00:00,sapmachine-11.0.19,99977831,False,sapmachine-jre-11.0.19_macos-x64_bin.tar.gz,macos,x64,jre,3589
2026-09-26T02:14:35+00:00,sapmachine-11.0.19,99977831,False,sapmachine-jre-11.0.19_macos-x64_bin.dmg,macos,x64,jre,3574
2026-09-26T02:14:35+00:00,sapmachine-11.0.19,99977831,False,sapmachine-jdk-11.0.19_macos-x64_bin-symbols.tar.gz,macos,x64,jdk,3
2026-09-26T02:14:35+00:00,sapmachine-11.0.19,99977831,False,sapmachine-jdk-11.0.19_windows-x64_bin.msi,windows,x64,jdk,4709
2026-09-26T02:14:35+00:00,sapmachine-11.0.19,99977831,False,sapmachine-jre-11.0.19_windows-x64_bin.msi,windows,x64,jre,3925
2026-09-26T02:14:35+00:00,sapmachine-17.0.7,99977377,False,sapmachine-jdk-17.0.7_linux-x64-musl_bin.tar.gz,alpine,x64,jdk,4560
2026-09-26T02:14:35+00:00,sapmachine-17.0.7,99977377,False,sapmachine-jre-17.0.7_linux-x64-musl_bin.tar.gz,alpine,x64,jre,3589
2026-09-26T02:14:35+00:00,sapmachine-17.0.7,99977377,False,sapmachine-jdk-17.0.7_linux-x64-musl_bin-symbols.tar.gz,alpine,x64,jdk,3
2026-09-26T02:14:35+00:00,sapmachine-17.0.7,99977377,False,sapmachine-jdk-17.0.7_linux-x64_bin.tar.gz,linux,x64,jdk,230285
2026-09-26T02:14:35+00:00,sapmachine-17.0.7,99977377,False,sapmachine-jre-17.0.7_linux-x64_bin.tar.gz,linux,x64,jre,62724
2026-09-26T02:14:35+00:00,sapmachine-17.0.7,99977377,False,sapmachine-jdk-17.0.7_linux-x64_bin-symbols.tar.gz,linux,x64,jdk,13
2026-09-26T02:14:35+00:00,sapmachine-17.0.7,99977377,False,sapmachine-jdk-17.0.7_linux-aarch64_bin.tar.gz,linux,aarch64,jdk,4026
2026-09-26T02:14:35+00:00,sapmachine-17.0.7,99977377,False,sapmachine-jre-17.0.7_linux-aarch64_bin.tar.gz,linux,aarch64,jre,3597
2026-09-26T02:14:35+00:00,sapmachine-17.0.7,99977377,False,sapmachine-jdk-17.0.7-1.x86_64.rpm,linux,x64,jdk,3893
2026-09-26T02:14:35+00:00,sapmachine-17.0.7,99977377,False,sapmachine-jdk-17.0.7_linux-aarch64_bin-symbols.tar.gz,linux,aarch64,jdk,4
2026-09-26T02:14:35+00:00,sapmachine-17.0.7,99977377,False,sapmachine-jdk-17.0.7_linux-ppc64le_bin.tar.gz,linux,ppc64,jdk,3673
2026-09-26T02:14:35+00:00,sapmachine-17.0.7,99977377,False,sapmachine-jre-17.0.7_linux-ppc64le_bin.tar.gz,linux,ppc64,jre,3607
2026-09-26T02:14:35+00:00,sapmachine-17.0.7,99977377,False,sapmachine-jdk-17.0.7_linux-ppc64le_bin-symbols.tar.gz,linux,ppc64,jdk,3
2026-09-26T02:14:35+00:00,sapmachine-17.0.7,99977377,False,sapmachine-jdk-17.0.7_windows-x64_bin.zip,windows,x64,jdk,5532
2026-09-26T02:14:35+00:00,sapmachine-17.0.7,99977377,False,sapmachine-jre-17.0.7_windows-x64_bin.zip,windows,x64,jre,3915
2026-09-26T02:14:35+00:00,sapmachine-17.0.7,99977377,False,sapmachine-jdk-17.0.7_windows-x64_bin-symbols.tar.gz,windows,x64,jdk,2
2026-09-26T02:14:35+00:00,sapmachine-17.0.7,99977377,False,sapmachine-jdk-17.0.7_macos-aarch64_bin.tar.gz,macos,aarch64,jdk,5428
2026-09-26T02:14:35+00:00,sapmachine-17.0.7,99977377,False,sapmachine-jdk-17.0.7_macos-aarch64_bin.dmg,macos,aarch64,jdk,7046
2026-09-26T02:14:35+00:00,sapmachine-17.0.7,99977377,False,sapmachine-jre-17.0.7_macos-aarch64_bin.tar.gz,macos,aarch64,jre,3643
2026-09-26T02:14:35+00:00,sapmachine-17.0.7,99977377,False,sapmachine-jre-17.0.7_macos-aarch64_bin.dmg,macos,aarch64,jre,3568
2026-09-26T02:14:35+00:00,sapmachine-17.0.7,99977377,False,sapmachine-jdk-17.0.7_macos-aarch64_bin-symbols.tar.gz,macos,aarch64,jdk,4
2026-09-26T02:14:35+00:00,sapmachine-17.0.7,99977377,False,sapmachine-jdk-17.0.7_macos-x64_bin.tar.gz,macos,x64,jdk,5154
2026-09-26T02:14:35+00:00,sapmachine-17.0.7,99977377,False,sapmachine-jdk-17.0.7_macos-x64_bin.dmg,macos,x64,jdk,7791
2026-09-26T02:14:35+00:00,sapmachine-17.0.7,99977377,False,sapmachine-jre-17.0.7_macos-x64_bin.tar.gz,macos,x64,jre,3578
2026-09-26T02:14:35+00:00,sapmachine-17.0.7,99977377,False,sapmachine-jre-17.0.7_macos-x64_bin.dmg,macos,x64,jre,3639
2026-09-26T02:14:35+00:00,sapmachine-17.0.7,99977377,False,sapmachine-jdk-17.0.7_macos-x64_bin-symbols.tar.gz,macos,x64,jdk,2
2026-09-26T02:14:35+00:00,sapmachine-17.0.7,99977377,False,sapmachine-jdk-17.0.7_windows-x64_bin.msi,windows,x64,jdk,6002
2026-09-26T02:14:35+00:00,sapmachine-17.0.7,99977377,False,sapmachine-jre-17.0.7_windows-x64_bin.msi,windows,x64,jre,4122
2026-09-26T02:14:35+00:00,sapmachine-20.0.1,99976902,False,sapmachine-jdk-20.0.1_linux-x64-musl_bin.tar.gz,alpine,x64,jdk,3637
2026-09-26T02:14:35+00:00,sapmachine-20.0.1,99976902,False,sapmachine-jre-20.0.1_linux-x64-musl_bin.tar.gz,alpine,x64,jre,3543
2026-09-26T02:14:35+00:00,sapmachine-20.0.1,99976902,False,sapmachine-jdk-20.0.1_linux-x64-musl_bin-symbols.tar.gz,alpine,x64,jdk,7
2026-09-26T02:14:35+00:00,sapmachine-20.0.1,99976902,False,sapmachine-jdk-20.0.1_linux-x64_bin.tar.gz,linux,x64,jdk,5123
2026-09-26T02:14:35+00:00,sapmachine-20.0.1,99976902,False,sapmachine-jre-20.0.1_linux-x64_bin.tar.gz,linux,x64,jre,5038
2026-09-26T02:14:35+00:00,sapmachine-20.0.1,99976902,False,sapmachine-jdk-20.0.1_linux-x64_bin-symbols.tar.gz,linux,x64,jdk,7
2026-09-26T02:14:35+00:00,sapmachine-20.0.1,99976902,False,sapmachine-jdk-20.0.1_linux-aarch64_bin.tar.gz,linux,aarch64,jdk,3761
2026-09-26T02:14:35+00:00,sapmachine-20.0.1,99976902,False,sapmachine-jre-20.0.1_linux-aarch64_bin.tar.gz,linux,aarch64,jre,3540
2026-09-26T02:14:35+00:00,sapmachine-20.0.1,99976902,False,sapmachine-jdk-20.0.1_linux-aarch64_bin-symbols.tar.gz,linux,aarch64,jdk,10
2026-09-26T02:14:35+00:00,sapmachine-20.0.1,99976902,False,sapmachine-jdk-20.0.1-1.x86_64.rpm,linux,x64,jdk,3630
2026-09-26T02:14:35+00:00,sapmachine-20.0.1,99976902,False,sapmachine-jdk-20.0.1_macos-aarch64_bin.tar.gz,macos,aarch64,jdk,4502
2026-09-26T02:14:35+00:00,sapmachine-20.0.1,99976902,False,sapmachine-jdk-20.0.1_macos-aarch64_bin.dmg,macos,aarch64,jdk,4345
2026-09-26T02:14:35+00:00,sapmachine-20.0.1,99976902,False,sapmachine-jre-20.0.1_macos-aarch64_bin.tar.gz,macos,aarch64,jre,3609
2026-09-26T02:14:35+00:00,sapmachine-20.0.1,99976902,False,sapmachine-jre-20.0.1_macos-aarch64_bin.dmg,macos,aarch64,jre,3523
2026-09-26T02:14:35+00:00,sapmachine-20.0.1,99976902,False,sapmachine-jdk-20.0.1_macos-aarch64_bin-symbols.tar.gz,macos,aarch64,jdk,10
2026-09-26T02:14:35+00:00,sapmachine-20.0.1,99976902,False,sapmachine-jdk-20.0.1_macos-x64_bin.tar.gz,macos,x64,jdk,4658
2026-09-26T02:14:35+00:00,sapmachine-20.0.1,99976902,False,sapmachine-jdk-20.0.1_macos-x64_bin.dmg,macos,x64,jdk,5222
2026-09-26T02:14:35+00:00,sapmachine-20.0.1,99976902,False,sapmachine-jdk-20.0.1_linux-ppc64le_bin.tar.gz,linux,ppc64,jdk,3656
2026-09-26T02:14:35+00:00,sapmachine-20.0.1,99976902,False,sapmachine-jre-20.0.1_linux-ppc64le_bin.tar.gz,linux,ppc64,jre,3578
2026-09-26T02:14:35+00:00,sapmachine-20.0.1,99976902,False,sapmachine-jre-20.0.1_macos-x64_bin.tar.gz,macos,x64,jre,3664
2026-09-26T02:14:35+00:00,sapmachine-20.0.1,99976902,False,sapmachine-jdk-20.0.1_linux-ppc64le_bin-symbols.tar.gz,linux,ppc64,jdk,10
2026-09-26T02:14:35+00:00,sapmachine-20.0.1,99976902,False,sapmachine-jre-20.0.1_macos-x64_bin.dmg,macos,x64,jre,3640
2026-09-26T02:14:35+00:00,sapmachine-20.0.1,99976902,False,sapmachine-jdk-20.0.1_macos-x64_bin-symbols.tar.gz,macos,x64,jdk,8
2026-09-26T02:14:35+00:00,sapmachine-20.0.1,99976902,False,sapmachine-jdk-20.0.1_windows-x64_bin.zip,windows,x64,jdk,5417
2026-09-26T02:14:35+00:00,sapmachine-20.0.1,99976902,False,sapmachine-jre-20.0.1_windows-x64_bin.zip,windows,x64,jre,3827
2026-09-26T02:14:35+00:00,sapmachine-20.0.1,99976902,False,sapmachine-jdk-20.0.1_windows-x64_bin-symbols.tar.gz,windows,x64,jdk,6
2026-09-26T02:14:35+00:00,sapmachine-20.0.1,99976902,False,sapmachine-jdk-20.0.1_windows-x64_bin.msi,windows,x64,jdk,6705
2026-09-26T02:14:35+00:00,sapmachine-20.0.1,99976902,False,sapmachine-jre-20.0.1_windows-x64_bin.msi,windows,x64,jre,4291
2026-09-26T02:14:35+00:00,sapmachine-20,95999882,False,sapmachine-jdk-20_linux-x64-musl_bin.tar.gz,alpine,x64,jdk,3655
2026-09-26T02:14:35+00:00,sapmachine-20,95999882,False,sapmachine-jre-20_linux-x64-musl_bin.tar.gz,alpine,x64,jre,3603
2026-09-26T02:14:35+00:00,sapmachine-20,95999882,False,sapmachine-jdk-20_linux-x64-musl_bin-symbols.tar.gz,alpine,x64,jdk,7
2026-09-26T02:14:35+00:00,sapmachine-20,95999882,False,sapmachine-jdk-20_linux-x64_bin.tar.gz,linux,x64,jdk,4753
2026-09-26T02:14:35+00:00,sapmachine-20,95999882,False,sapmachine-jre-20_linux-x64_bin.tar.gz,linux,x64,jre,4939
2026-09-26T02:14:35+00:00,sapmachine-20,95999882,False,sapmachine-jdk-20_linux-x64_bin-symbols.tar.gz,linux,x64,jdk,7
2026-09-26T02:14:35+00:00,sapmachine-20,95999882,False,sapmachine-jdk-20-1.x86_64.rpm,linux,x64,jdk,3620
2026-09-26T02:14:35+00:00,sapmachine-20,95999882,False,sapmachine-jdk-20_linux-aarch64_bin.tar.gz,linux,aarch64,jdk,3729
2026-09-26T02:14:35+00:00,sapmachine-20,95999882,False,sapmachine-jre-20_linux-aarch64_bin.tar.gz,linux,aarch64,jre,3605
2026-09-26T02:14:35+00:00,sapmachine-20,95999882,False,sapmachine-jdk-20_linux-aarch64_bin-symbols.tar.gz,linux,aarch64,jdk,10
2026-09-26T02:14:35+00:00,sapmachine-20,95999882,False,sapmachine-jdk-20_linux-ppc64le_bin.tar.gz,linux,ppc64,jdk,3629
2026-09-26T02:14:35+00:00,sapmachine-20,95999882,False,sapmachine-jre-20_linux-ppc64le_bin.tar.gz,linux,ppc64,jre,3584
2026-09-26T02:14:35+00:00,sapmachine-20,95999882,False,sapmachine-jdk-20_linux-ppc64le_bin-symbols.tar.gz,linux,ppc64,jdk,8
2026-09-26T02:14:35+00:00,sapmachine-20,95999882,False,sapmachine-jdk-20_windows-x64_bin.zip,windows,x64,jdk,4735
2026-09-26T02:14:35+00:00,sapmachine-20,95999882,False,sapmachine-jre-20_windows-x64_bin.zip,windows,x64,jre,3705
2026-09-26T02:14:35+00:00,sapmachine-20,95999882,False,sapmachine-jdk-20_windows-x64_bin-symbols.tar.gz,windows,x64,jdk,5
2026-09-26T02:14:35+00:00,sapmachine-20,95999882,False,sapmachine-jdk-20_macos-x64_bin.tar.gz,macos,x64,jdk,4013
2026-09-26T02:14:35+00:00,sapmachine-20,95999882,False,sapmachine-jre-20_macos-x64_bin.tar.gz,macos,x64,jre,3671
2026-09-26T02:14:35+00:00,sapmachine-20,95999882,False,sapmachine-jdk-20_macos-x64_bin-symbols.tar.gz,macos,x64,jdk,30
2026-09-26T02:14:35+00:00,sapmachine-20,95999882,False,sapmachine-jdk-20_macos-x64_bin.dmg,macos,x64,jdk,4149
2026-09-26T02:14:35+00:00,sapmachine-20,95999882,False,sapmachine-jre-20_macos-x64_bin.dmg,macos,x64,jre,3537
2026-09-26T02:14:35+00:00,sapmachine-20,95999882,False,sapmachine-jdk-20_macos-aarch64_bin.tar.gz,macos,aarch64,jdk,4071
2026-09-26T02:14:35+00:00,sapmachine-20,95999882,False,sapmachine-jre-20_macos-aarch64_bin.tar.gz,macos,aarch64,jre,3623
2026-09-26T02:14:35+00:00,sapmachine-20,95999882,False,sapmachine-jdk-20_macos-aarch64_bin-symbols.tar.gz,macos,aarch64,jdk,29
2026-09-26T02:14:35+00:00,sapmachine-20,95999882,False,sapmachine-jdk-20_macos-aarch64_bin.dmg,macos,aarch64,jdk,3803
2026-09-26T02:14:35+00:00,sapmachine-20,95999882,False,sapmachine-jre-20_macos-aarch64_bin.dmg,macos,aarch64,jre,3516
2026-09-26T02:14:35+00:00,sapmachine-20,95999882,False,sapmachine-jdk-20_windows-x64_bin.msi,windows,x64,jdk,4289
2026-09-26T02:14:35+00:00,sapmachine-20,95999882,False,sapmachine-jre-20_windows-x64_bin.msi,windows,x64,jre,3800
2026-09-26T02:14:35+00:00,sapmachine-19.0.2,89316748,False,sapmachine-jdk-19.0.2_linux-x64_bin.tar.gz,linux,x64,jdk,5109
2026-09-26T02:14:35+00:00,sapmachine-19.0.2,89316748,False,sapmachine-jre-19.0.2_linux-x64_bin.tar.gz,linux,x64,jre,5081
2026-09-26T02:14:35+00:00,sapmachine-19.0.2,89316748,False,sapmachine-jdk-19.0.2_linux-x64_bin-symbols.tar.gz,linux,x64,jdk,8
2026-09-26T02:14:35+00:00,sapmachine-19.0.2,89316748,False,sapmachine-jdk-19.0.2-beta_linux-x64-musl_bin.tar.gz,alpine,x64,jdk,3280
2026-09-26T02:14:35+00:00,sapmachine-19.0.2,89316748,False,sapmachine-jre-19.0.2-beta_linux-x64-musl_bin.tar.gz,alpine,x64,jre,3277
2026-09-26T02:14:35+00:00,sapmachine-19.0.2,89316748,False,sapmachine-jdk-19.0.2-beta_linux-x64-musl_bin-symbols.tar.gz,alpine,x64,jdk,8
2026-09-26T02:14:35+00:00,sapmachine-19.0.2,89316748,False,sapmachine-jdk-19.0.2-1.x86_64.rpm,linux,x64,jdk,4806
2026-09-26T02:14:35+00:00,sapmachine-19.0.2,89316748,False,sapmachine-jdk-19.0.2_linux-aarch64_bin.tar.gz,linux,aarch64,jdk,3909
2026-09-26T02:14:35+00:00,sapmachine-19.0.2,89316748,False,sapmachine-jre-19.0.2_linux-aarch64_bin.tar.gz,linux,aarch64,jre,3720
2026-09-26T02:14:35+00:00,sapmachine-19.0.2,89316748,False,sapmachine-jdk-19.0.2_linux-aarch64_bin-symbols.tar.gz,linux,aarch64,jdk,7
2026-09-26T02:14:35+00:00,sapmachine-19.0.2,89316748,False,sapmachine-jdk-19.0.2_windows-x64_bin.zip,windows,x64,jdk,5186
2026-09-26T02:14:35+00:00,sapmachine-19.0.2,89316748,False,sapmachine-jre-19.0.2_windows-x64_bin.zip,windows,x64,jre,3873
2026-09-26T02:14:35+00:00,sapmachine-19.0.2,89316748,False,sapmachine-jdk-19.0.2_windows-x64_bin-symbols.tar.gz,windows,x64,jdk,6
2026-09-26T02:14:35+00:00,sapmachine-19.0.2,89316748,False,sapmachine-jdk-19.0.2_windows-x64_bin.msi,windows,x64,jdk,6382
2026-09-26T02:14:35+00:00,sapmachine-19.0.2,89316748,False,sapmachine-jre-19.0.2_windows-x64_bin.msi,windows,x64,jre,4153
2026-09-26T02:14:35+00:00,sapmachine-19.0.2,89316748,False,sapmachine-jdk-19.0.2_linux-ppc64le_bin.tar.gz,linux,ppc64,jdk,3733
2026-09-26T02:14:35+00:00,sapmachine-19.0.2,89316748,False,sapmachine-jre-19.0.2_linux-ppc64le_bin.tar.gz,linux,ppc64,jre,3731
2026-09-26T02:14:35+00:00,sapmachine-19.0.2,89316748,False,sapmachine-jdk-19.0.2_linux-ppc64le_bin-symbols.tar.gz,linux,ppc64,jdk,7
2026-09-26T02:14:35+00:00,sapmachine-19.0.2,89316748,False,sapmachine-jdk-19.0.2_macos-x64_bin.tar.gz,macos,x64,jdk,4530
2026-09-26T02:14:35+00:00,sapmachine-19.0.2,89316748,False,sapmachine-jre-19.0.2_macos-x64_bin.tar.gz,macos,x64,jre,3716
2026-09-26T02:14:35+00:00,sapmachine-19.0.2,89316748,False,sapmachine-jdk-19.0.2_macos-x64_bin-symbols.tar.gz,macos,x64,jdk,3
2026-09-26T02:14:35+00:00,sapmachine-19.0.2,89316748,False,sapmachine-jdk-19.0.2_macos-x64_bin.dmg,macos,x64,jdk,5079
2026-09-26T02:14:35+00:00,sapmachine-19.0.2,89316748,False,sapmachine-jre-19.0.2_macos-x64_bin.dmg,macos,x64,jre,3630
2026-09-26T02:14:35+00:00,sapmachine-19.0.2,89316748,False,sapmachine-jdk-19.0.2_macos-aarch64_bin.tar.gz,macos,aarch64,jdk,4571
2026-09-26T02:14:35+00:00,sapmachine-19.0.2,89316748,False,sapmachine-jre-19.0.2_macos-aarch64_bin.tar.gz,macos,aarch64,jre,3707
2026-09-26T02:14:35+00:00,sapmachine-19.0.2,89316748,False,sapmachine-jdk-19.0.2_macos-aarch64_bin-symbols.tar.gz,macos,aarch64,jdk,6
2026-09-26T02:14:35+00:00,sapmachine-19.0.2,89316748,False,sapmachine-jdk-19.0.2_macos-aarch64_bin.dmg,macos,aarch64,jdk,4351
2026-09-26T02:14:35+00:00,sapmachine-19.0.2,89316748,False,sapmachine-jre-19.0.2_macos-aarch64_bin.dmg,macos,aarch64,jre,3712
2026-09-26T02:14:35+00:00,sapmachine-17.0.6,89420725,False,sapmachine-jdk-17.0.6_linux-x64_bin.tar.gz,linux,x64,jdk,704863
2026-09-26T02:14:35+00:00,sapmachine-17.0.6,89420725,False,sapmachine-jre-17.0.6_linux-x64_bin.tar.gz,linux,x64,jre,38969
2026-09-26T02:14:35+00:00,sapmachine-17.0.6,89420725,False,sapmachine-jdk-17.0.6_linux-x64_bin-symbols.tar.gz,linux,x64,jdk,2
2026-09-26T02:14:35+00:00,sapmachine-17.0.6,89420725,False,sapmachine-jdk-17.0.6-beta_linux-x64-musl_bin.tar.gz,alpine,x64,jdk,3287
2026-09-26T02:14:35+00:00,sapmachine-17.0.6,89420725,False,sapmachine-jre-17.0.6-beta_linux-x64-musl_bin.tar.gz,alpine,x64,jre,3264
2026-09-26T02:14:35+00:00,sapmachine-17.0.6,89420725,False,sapmachine-jdk-17.0.6-beta_linux-x64-musl_bin-symbols.tar.gz,alpine,x64,jdk,5
2026-09-26T02:14:35+00:00,sapmachine-17.0.6,89420725,False,sapmachine-jdk-17.0.6_linux-aarch64_bin.tar.gz,linux,aarch64,jdk,4215
2026-09-26T02:14:35+00:00,sapmachine-17.0.6,89420725,False,sapmachine-jre-17.0.6_linux-aarch64_bin.tar.gz,linux,aarch64,jre,3803
2026-09-26T02:14:35+00:00,sapmachine-17.0.6,89420725,False,sapmachine-jdk-17.0.6_linux-aarch64_bin-symbols.tar.gz,linux,aarch64,jdk,1
2026-09-26T02:14:35+00:00,sapmachine-17.0.6,89420725,False,sapmachine-jdk-17.0.6-1.x86_64.rpm,linux,x64,jdk,4478
2026-09-26T02:14:35+00:00,sapmachine-17.0.6,89420725,False,sapmachine-jdk-17.0.6_windows-x64_bin.zip,windows,x64,jdk,6131
2026-09-26T02:14:35+00:00,sapmachine-17.0.6,89420725,False,sapmachine-jre-17.0.6_windows-x64_bin.zip,windows,x64,jre,3952
2026-09-26T02:14:35+00:00,sapmachine-17.0.6,89420725,False,sapmachine-jdk-17.0.6_windows-x64_bin-symbols.tar.gz,windows,x64,jdk,3
2026-09-26T02:14:35+00:00,sapmachine-17.0.6,89420725,False,sapmachine-jdk-17.0.6_windows-x64_bin.msi,windows,x64,jdk,6655
2026-09-26T02:14:35+00:00,sapmachine-17.0.6,89420725,False,sapmachine-jre-17.0.6_windows-x64_bin.msi,windows,x64,jre,4408
2026-09-26T02:14:35+00:00,sapmachine-17.0.6,89420725,False,sapmachine-jdk-17.0.6_linux-ppc64le_bin.tar.gz,linux,ppc64,jdk,3786
2026-09-26T02:14:35+00:00,sapmachine-17.0.6,89420725,False,sapmachine-jre-17.0.6_linux-ppc64le_bin.tar.gz,linux,ppc64,jre,3632
2026-09-26T02:14:35+00:00,sapmachine-17.0.6,89420725,False,sapmachine-jdk-17.0.6_linux-ppc64le_bin-symbols.tar.gz,linux,ppc64,jdk,1
2026-09-26T02:14:35+00:00,sapmachine-17.0.6,89420725,False,sapmachine-jdk-17.0.6_macos-x64_bin.tar.gz,macos,x64,jdk,5539
2026-09-26T02:14:35+00:00,sapmachine-17.0.6,89420725,False,sapmachine-jre-17.0.6_macos-x64_bin.tar.gz,macos,x64,jre,3802
2026-09-26T02:14:35+00:00,sapmachine-17.0.6,89420725,False,sapmachine-jdk-17.0.6_macos-x64_bin-symbols.tar.gz,macos,x64,jdk,15
2026-09-26T02:14:35+00:00,sapmachine-17.0.6,89420725,False,sapmachine-jdk-17.0.6_macos-x64_bin.dmg,macos,x64,jdk,9862
2026-09-26T02:14:35+00:00,sapmachine-17.0.6,89420725,False,sapmachine-jre-17.0.6_macos-x64_bin.dmg,macos,x64,jre,3848
2026-09-26T02:14:35+00:00,sapmachine-17.0.6,89420725,False,sapmachine-jdk-17.0.6_macos-aarch64_bin.tar.gz,macos,aarch64,jdk,5462
2026-09-26T02:14:35+00:00,sapmachine-17.0.6,89420725,False,sapmachine-jre-17.0.6_macos-aarch64_bin.tar.gz,macos,aarch64,jre,3783
2026-09-26T02:14:35+00:00,sapmachine-17.0.6,89420725,False,sapmachine-jdk-17.0.6_macos-aarch64_bin-symbols.tar.gz,macos,aarch64,jdk,37
2026-09-26T02:14:35+00:00,sapmachine-17.0.6,89420725,False,sapmachine-jdk-17.0.6_macos-aarch64_bin.dmg,macos,aarch64,jdk,9260
2026-09-26T02:14:35+00:00,sapmachine-17.0.6,89420725,False,sapmachine-jre-17.0.6_macos-aarch64_bin.dmg,macos,aarch64,jre,3728
2026-09-26T02:14:35+00:00,sapmachine-11.0.18,89317781,False,sapmachine-jdk-11.0.18_linux-x64_bin.tar.gz,linux,x64,jdk,90532
2026-09-26T02:14:35+00:00,sapmachine-11.0.18,89317781,False,sapmachine-jre-11.0.18_linux-x64_bin.tar.gz,linux,x64,jre,35822
2026-09-26T02:14:35+00:00,sapmachine-11.0.18,89317781,False,sapmachine-jdk-11.0.18_linux-x64_bin-symbols.tar.gz,linux,x64,jdk,38
2026-09-26T02:14:35+00:00,sapmachine-11.0.18,89317781,False,sapmachine-jdk-11.0.18_linux-aarch64_bin.tar.gz,linux,aarch64,jdk,3875
2026-09-26T02:14:35+00:00,sapmachine-11.0.18,89317781,False,sapmachine-jre-11.0.18_linux-aarch64_bin.tar.gz,linux,aarch64,jre,3669
2026-09-26T02:14:35+00:00,sapmachine-11.0.18,89317781,False,sapmachine-jdk-11.0.18_linux-aarch64_bin-symbols.tar.gz,linux,aarch64,jdk,3
2026-09-26T02:14:35+00:00,sapmachine-11.0.18,89317781,False,sapmachine-jdk-11.0.18-1.x86_64.rpm,linux,x64,jdk,3878
2026-09-26T02:14:35+00:00,sapmachine-11.0.18,89317781,False,sapmachine-jdk-11.0.18_windows-x64_bin.zip,windows,x64,jdk,5728
2026-09-26T02:14:35+00:00,sapmachine-11.0.18,89317781,False,sapmachine-jre-11.0.18_windows-x64_bin.zip,windows,x64,jre,4054
2026-09-26T02:14:35+00:00,sapmachine-11.0.18,89317781,False,sapmachine-jdk-11.0.18_windows-x64_bin-symbols.tar.gz,windows,x64,jdk,4
2026-09-26T02:14:35+00:00,sapmachine-11.0.18,89317781,False,sapmachine-jdk-11.0.18_windows-x64_bin.msi,windows,x64,jdk,5513
2026-09-26T02:14:35+00:00,sapmachine-11.0.18,89317781,False,sapmachine-jre-11.0.18_windows-x64_bin.msi,windows,x64,jre,4152
2026-09-26T02:14:35+00:00,sapmachine-11.0.18,89317781,False,sapmachine-jdk-11.0.18_linux-ppc64le_bin.tar.gz,linux,ppc64,jdk,3686
2026-09-26T02:14:35+00:00,sapmachine-11.0.18,89317781,False,sapmachine-jre-11.0.18_linux-ppc64le_bin.tar.gz,linux,ppc64,jre,3739
2026-09-26T02:14:35+00:00,sapmachine-11.0.18,89317781,False,sapmachine-jdk-11.0.18_linux-ppc64le_bin-symbols.tar.gz,linux,ppc64,jdk,3
2026-09-26T02:14:35+00:00,sapmachine-11.0.18,89317781,False,sapmachine-jdk-11.0.18_macos-x64_bin.tar.gz,macos,x64,jdk,5130
2026-09-26T02:14:35+00:00,sapmachine-11.0.18,89317781,False,sapmachine-jre-11.0.18_macos-x64_bin.tar.gz,macos,x64,jre,3727
2026-09-26T02:14:35+00:00,sapmachine-11.0.18,89317781,False,sapmachine-jdk-11.0.18_macos-x64_bin-symbols.tar.gz,macos,x64,jdk,2
2026-09-26T02:14:35+00:00,sapmachine-11.0.18,89317781,False,sapmachine-jdk-11.0.18_macos-x64_bin.dmg,macos,x64,jdk,6993
2026-09-26T02:14:35+00:00,sapmachine-11.0.18,89317781,False,sapmachine-jre-11.0.18_macos-x64_bin.dmg,macos,x64,jre,3869
2026-09-26T02:14:35+00:00,sapmachine-11.0.18,89317781,False,sapmachine-jdk-11.0.18_macos-aarch64_bin.tar.gz,macos,aarch64,jdk,4820
2026-09-26T02:14:35+00:00,sapmachine-11.0.18,89317781,False,sapmachine-jre-11.0.18_macos-aarch64_bin.tar.gz,macos,aarch64,jre,3756
2026-09-26T02:14:35+00:00,sapmachine-11.0.18,89317781,False,sapmachine-jdk-11.0.18_macos-aarch64_bin-symbols.tar.gz,macos,aarch64,jdk,2
2026-09-26T02:14:35+00:00,sapmachine-11.0.18,89317781,False,sapmachine-jdk-11.0.18_macos-aarch64_bin.dmg,macos,aarch64,jdk,6666
2026-09-26T02:14:35+00:00,sapmachine-11.0.18,89317781,False,sapmachine-jre-11.0.18_macos-aarch64_bin.dmg,macos,aarch64,jre,3821
2026-09-26T02:14:35+00:00,sapmachine-19.0.1,80227193,False,sapmachine-jdk-19.0.1_linux-x64_bin.tar.gz,linux,x64,jdk,5005
2026-09-26T02:14:35+00:00,sapmachine-19.0.1,80227193,False,sapmachine-jre-19.0.1_linux-x64_bin.tar.gz,linux,x64,jre,5336
2026-09-26T02:14:35+00:00,sapmachine-19.0.1,80227193,False,sapmachine-jdk-19.0.1_linux-x64_bin-symbols.tar.gz,linux,x64,jdk,6
2026-09-26T02:14:35+00:00,sapmachine-19.0.1,80227193,False,sapmachine-jdk-19.0.1-beta_linux-x64-musl_bin.tar.gz,alpine,x64,jdk,3357
2026-09-26T02:14:35+00:00,sapmachine-19.0.1,80227193,False,sapmachine-jre-19.0.1-beta_linux-x64-musl_bin.tar.gz,alpine,x64,jre,3366
2026-09-26T02:14:35+00:00,sapmachine-19.0.1,80227193,False,sapmachine-jdk-19.0.1-beta_linux-x64-musl_bin-symbols.tar.gz,alpine,x64,jdk,6
2026-09-26T02:14:35+00:00,sapmachine-19.0.1,80227193,False,sapmachine-jdk-19.0.1_linux-aarch64_bin.tar.gz,linux,aarch64,jdk,3990
2026-09-26T02:14:35+00:00,sapmachine-19.0.1,80227193,False,sapmachine-jre-19.0.1_linux-aarch64_bin.tar.gz,linux,aarch64,jre,3821
2026-09-26T02:14:35+00:00,sapmachine-19.0.1,80227193,False,sapmachine-jdk-19.0.1_linux-aarch64_bin-symbols.tar.gz,linux,aarch64,jdk,5
2026-09-26T02:14:35+00:00,sapmachine-19.0.1,80227193,False,sapmachine-jdk-19.0.1_windows-x64_bin.zip,windows,x64,jdk,5216
2026-09-26T02:14:35+00:00,sapmachine-19.0.1,80227193,False,sapmachine-jre-19.0.1_windows-x64_bin.zip,windows,x64,jre,3983
2026-09-26T02:14:35+00:00,sapmachine-19.0.1,80227193,False,sapmachine-jdk-19.0.1_windows-x64_bin-symbols.tar.gz,windows,x64,jdk,3
2026-09-26T02:14:35+00:00,sapmachine-19.0.1,80227193,False,sapmachine-jdk-19.0.1_windows-x64_bin.msi,windows,x64,jdk,7846
2026-09-26T02:14:35+00:00,sapmachine-19.0.1,80227193,False,sapmachine-jre-19.0.1_windows-x64_bin.msi,windows,x64,jre,4479
2026-09-26T02:14:35+00:00,sapmachine-19.0.1,80227193,False,sapmachine-jdk-19.0.1_linux-ppc64le_bin.tar.gz,linux,ppc64,jdk,3869
2026-09-26T02:14:35+00:00,sapmachine-19.0.1,80227193,False,sapmachine-jre-19.0.1_linux-ppc64le_bin.tar.gz,linux,ppc64,jre,3773
2026-09-26T02:14:35+00:00,sapmachine-19.0.1,80227193,False,sapmachine-jdk-19.0.1_linux-ppc64le_bin-symbols.tar.gz,linux,ppc64,jdk,3
2026-09-26T02:14:35+00:00,sapmachine-19.0.1,80227193,False,sapmachine-jdk-19.0.1-1.x86_64.rpm,linux,x64,jdk,3795
2026-09-26T02:14:35+00:00,sapmachine-19.0.1,80227193,False,sapmachine-jdk-19.0.1_macos-x64_bin.tar.gz,macos,x64,jdk,4720
2026-09-26T02:14:35+00:00,sapmachine-19.0.1,80227193,False,sapmachine-jre-19.0.1_macos-x64_bin.tar.gz,macos,x64,jre,3854
2026-09-26T02:14:35+00:00,sapmachine-19.0.1,80227193,False,sapmachine-jdk-19.0.1_macos-x64_bin-symbols.tar.gz,macos,x64,jdk,4
2026-09-26T02:14:35+00:00,sapmachine-19.0.1,80227193,False,sapmachine-jdk-19.0.1_macos-x64_bin.dmg,macos,x64,jdk,6664
2026-09-26T02:14:35+00:00,sapmachine-19.0.1,80227193,False,sapmachine-jre-19.0.1_macos-x64_bin.dmg,macos,x64,jre,3823
2026-09-26T02:14:35+00:00,sapmachine-19.0.1,80227193,False,sapmachine-jdk-19.0.1_macos-aarch64_bin.tar.gz,macos,aarch64,jdk,4781
2026-09-26T02:14:35+00:00,sapmachine-19.0.1,80227193,False,sapmachine-jre-19.0.1_macos-aarch64_bin.tar.gz,macos,aarch64,jre,3887
2026-09-26T02:14:35+00:00,sapmachine-19.0.1,80227193,False,sapmachine-jdk-19.0.1_macos-aarch64_bin-symbols.tar.gz,macos,aarch64,jdk,6
2026-09-26T02:14:35+00:00,sapmachine-19.0.1,80227193,False,sapmachine-jdk-19.0.1_macos-aarch64_bin.dmg,macos,aarch64,jdk,4802
2026-09-26T02:14:35+00:00,sapmachine-19.0.1,80227193,False,sapmachine-jre-19.0.1_macos-aarch64_bin.dmg,macos,aarch64,jre,3794
2026-09-26T02:14:35+00:00,sapmachine-17.0.5,80227273,False,sapmachine-jdk-17.0.5_linux-x64_bin.tar.gz,linux,x64,jdk,136254
2026-09-26T02:14:35+00:00,sapmachine-17.0.5,80227273,False,sapmachine-jre-17.0.5_linux-x64_bin.tar.gz,linux,x64,jre,144023
2026-09-26T02:14:35+00:00,sapmachine-17.0.5,80227273,False,sapmachine-jdk-17.0.5_linux-x64_bin-symbols.tar.gz,linux,x64,jdk,7
2026-09-26T02:14:35+00:00,sapmachine-17.0.5,80227273,False,sapmachine-jdk-17.0.5-beta_linux-x64-musl_bin.tar.gz,alpine,x64,jdk,3375
2026-09-26T02:14:35+00:00,sapmachine-17.0.5,80227273,False,sapmachine-jre-17.0.5-beta_linux-x64-musl_bin.tar.gz,alpine,x64,jre,3368
2026-09-26T02:14:35+00:00,sapmachine-17.0.5,80227273,False,sapmachine-jdk-17.0.5-beta_linux-x64-musl_bin-symbols.tar.gz,alpine,x64,jdk,5
2026-09-26T02:14:35+00:00,sapmachine-17.0.5,80227273,False,sapmachine-jdk-17.0.5_linux-aarch64_bin.tar.gz,linux,aarch64,jdk,7910
2026-09-26T02:14:35+00:00,sapmachine-17.0.5,80227273,False,sapmachine-jre-17.0.5_linux-aarch64_bin.tar.gz,linux,aarch64,jre,3804
2026-09-26T02:14:35+00:00,sapmachine-17.0.5,80227273,False,sapmachine-jdk-17.0.5_linux-aarch64_bin-symbols.tar.gz,linux,aarch64,jdk,5
2026-09-26T02:14:35+00:00,sapmachine-17.0.5,80227273,False,sapmachine-jdk-17.0.5_windows-x64_bin.zip,windows,x64,jdk,5608
2026-09-26T02:14:35+00:00,sapmachine-17.0.5,80227273,False,sapmachine-jre-17.0.5_windows-x64_bin.zip,windows,x64,jre,4082
2026-09-26T02:14:35+00:00,sapmachine-17.0.5,80227273,False,sapmachine-jdk-17.0.5_windows-x64_bin-symbols.tar.gz,windows,x64,jdk,4
2026-09-26T02:14:35+00:00,sapmachine-17.0.5,80227273,False,sapmachine-jdk-17.0.5_windows-x64_bin.msi,windows,x64,jdk,6366
2026-09-26T02:14:35+00:00,sapmachine-17.0.5,80227273,False,sapmachine-jre-17.0.5_windows-x64_bin.msi,windows,x64,jre,4252
2026-09-26T02:14:35+00:00,sapmachine-17.0.5,80227273,False,sapmachine-jdk-17.0.5_linux-ppc64le_bin.tar.gz,linux,ppc64,jdk,3928
2026-09-26T02:14:35+00:00,sapmachine-17.0.5,80227273,False,sapmachine-jre-17.0.5_linux-ppc64le_bin.tar.gz,linux,ppc64,jre,3751
2026-09-26T02:14:35+00:00,sapmachine-17.0.5,80227273,False,sapmachine-jdk-17.0.5_linux-ppc64le_bin-symbols.tar.gz,linux,ppc64,jdk,4
2026-09-26T02:14:35+00:00,sapmachine-17.0.5,80227273,False,sapmachine-jdk-17.0.5-1.x86_64.rpm,linux,x64,jdk,9027
2026-09-26T02:14:35+00:00,sapmachine-17.0.5,80227273,False,sapmachine-jdk-17.0.5_macos-x64_bin.tar.gz,macos,x64,jdk,5252
2026-09-26T02:14:35+00:00,sapmachine-17.0.5,80227273,False,sapmachine-jre-17.0.5_macos-x64_bin.tar.gz,macos,x64,jre,3833
2026-09-26T02:14:35+00:00,sapmachine-17.0.5,80227273,False,sapmachine-jdk-17.0.5_macos-x64_bin-symbols.tar.gz,macos,x64,jdk,3
2026-09-26T02:14:35+00:00,sapmachine-17.0.5,80227273,False,sapmachine-jdk-17.0.5_macos-x64_bin.dmg,macos,x64,jdk,8891
2026-09-26T02:14:35+00:00,sapmachine-17.0.5,80227273,False,sapmachine-jre-17.0.5_macos-x64_bin.dmg,macos,x64,jre,3781
2026-09-26T02:14:35+00:00,sapmachine-17.0.5,80227273,False,sapmachine-jdk-17.0.5_macos-aarch64_bin.tar.gz,macos,aarch64,jdk,5130
2026-09-26T02:14:35+00:00,sapmachine-17.0.5,80227273,False,sapmachine-jre-17.0.5_macos-aarch64_bin.tar.gz,macos,aarch64,jre,3848
2026-09-26T02:14:35+00:00,sapmachine-17.0.5,80227273,False,sapmachine-jdk-17.0.5_macos-aarch64_bin-symbols.tar.gz,macos,aarch64,jdk,2
2026-09-26T02:14:35+00:00,sapmachine-17.0.5,80227273,False,sapmachine-jdk-17.0.5_macos-aarch64_bin.dmg,macos,aarch64,jdk,8313
2026-09-26T02:14:35+00:00,sapmachine-17.0.5,80227273,False,sapmachine-jre-17.0.5_macos-aarch64_bin.dmg,macos,aarch64,jre,3760
2026-09-26T02:14:35+00:00,sapmachine-11.0.17,80228007,False,sapmachine-jdk-11.0.17_linux-x64_bin.tar.gz,linux,x64,jdk,98930
2026-09-26T02:14:35+00:00,sapmachine-11.0.17,80228007,False,sapmachine-jre-11.0.17_linux-x64_bin.tar.gz,linux,x64,jre,39491
2026-09-26T02:14:35+00:00,sapmachine-11.0.17,80228007,False,sapmachine-jdk-11.0.17_linux-x64_bin-symbols.tar.gz,linux,x64,jdk,1
2026-09-26T02:14:35+00:00,sapmachine-11.0.17,80228007,False,sapmachine-jdk-11.0.17_linux-aarch64_bin.tar.gz,linux,aarch64,jdk,4348
2026-09-26T02:14:35+00:00,sapmachine-11.0.17,80228007,False,sapmachine-jre-11.0.17_linux-aarch64_bin.tar.gz,linux,aarch64,jre,3805
2026-09-26T02:14:35+00:00,sapmachine-11.0.17,80228007,False,sapmachine-jdk-11.0.17_linux-aarch64_bin-symbols.tar.gz,linux,aarch64,jdk,3
2026-09-26T02:14:35+00:00,sapmachine-11.0.17,80228007,False,sapmachine-jdk-11.0.17_windows-x64_bin.zip,windows,x64,jdk,5463
2026-09-26T02:14:35+00:00,sapmachine-11.0.17,80228007,False,sapmachine-jre-11.0.17_windows-x64_bin.zip,windows,x64,jre,4080
2026-09-26T02:14:35+00:00,sapmachine-11.0.17,80228007,False,sapmachine-jdk-11.0.17_windows-x64_bin-symbols.tar.gz,windows,x64,jdk,1
2026-09-26T02:14:35+00:00,sapmachine-11.0.17,80228007,False,sapmachine-jdk-11.0.17_windows-x64_bin.msi,windows,x64,jdk,5575
2026-09-26T02:14:35+00:00,sapmachine-11.0.17,80228007,False,sapmachine-jre-11.0.17_windows-x64_bin.msi,windows,x64,jre,4237
2026-09-26T02:14:35+00:00,sapmachine-11.0.17,80228007,False,sapmachine-jdk-11.0.17_linux-ppc64le_bin.tar.gz,linux,ppc64,jdk,3914
2026-09-26T02:14:35+00:00,sapmachine-11.0.17,80228007,False,sapmachine-jre-11.0.17_linux-ppc64le_bin.tar.gz,linux,ppc64,jre,3754
2026-09-26T02:14:35+00:00,sapmachine-11.0.17,80228007,False,sapmachine-jdk-11.0.17_linux-ppc64le_bin-symbols.tar.gz,linux,ppc64,jdk,1
2026-09-26T02:14:35+00:00,sapmachine-11.0.17,80228007,False,sapmachine-jdk-11.0.17-1.x86_64.rpm,linux,x64,jdk,4462
2026-09-26T02:14:35+00:00,sapmachine-11.0.17,80228007,False,sapmachine-jdk-11.0.17_macos-x64_bin.tar.gz,macos,x64,jdk,5030
2026-09-26T02:14:35+00:00,sapmachine-11.0.17,80228007,False,sapmachine-jre-11.0.17_macos-x64_bin.tar.gz,macos,x64,jre,3833
2026-09-26T02:14:35+00:00,sapmachine-11.0.17,80228007,False,sapmachine-jdk-11.0.17_macos-x64_bin-symbols.tar.gz,macos,x64,jdk,3
2026-09-26T02:14:35+00:00,sapmachine-11.0.17,80228007,False,sapmachine-jdk-11.0.17_macos-x64_bin.dmg,macos,x64,jdk,6986
2026-09-26T02:14:35+00:00,sapmachine-11.0.17,80228007,False,sapmachine-jre-11.0.17_macos-x64_bin.dmg,macos,x64,jre,3809
2026-09-26T02:14:35+00:00,sapmachine-11.0.17,80228007,False,sapmachine-jdk-11.0.17_macos-aarch64_bin.tar.gz,macos,aarch64,jdk,4841
2026-09-26T02:14:35+00:00,sapmachine-11.0.17,80228007,False,sapmachine-jre-11.0.17_macos-aarch64_bin.tar.gz,macos,aarch64,jre,3869
2026-09-26T02:14:35+00:00,sapmachine-11.0.17,80228007,False,sapmachine-jdk-11.0.17_macos-aarch64_bin-symbols.tar.gz,macos,aarch64,jdk,4
2026-09-26T02:14:35+00:00,sapmachine-11.0.17,80228007,False,sapmachine-jdk-11.0.17_macos-aarch64_bin.dmg,macos,aarch64,jdk,6484
2026-09-26T02:14:35+00:00,sapmachine-11.0.17,80228007,False,sapmachine-jre-11.0.17_macos-aarch64_bin.dmg,macos,aarch64,jre,3742
2026-09-26T02:14:35+00:00,sapmachine-19,77507122,False,sapmachine-jdk-19_linux-x64_bin.tar.gz,linux,x64,jdk,4548
2026-09-26T02:14:35+00:00,sapmachine-19,77507122,False,sapmachine-jre-19_linux-x64_bin.tar.gz,linux,x64,jre,5262
2026-09-26T02:14:35+00:00,sapmachine-19,77507122,False,sapmachine-jdk-19_linux-x64_bin-symbols.tar.gz,linux,x64,jdk,9
2026-09-26T02:14:35+00:00,sapmachine-19,77507122,False,sapmachine-jdk-19-beta_linux-x64-musl_bin.tar.gz,alpine,x64,jdk,3550
2026-09-26T02:14:35+00:00,sapmachine-19,77507122,False,sapmachine-jre-19-beta_linux-x64-musl_bin.tar.gz,alpine,x64,jre,3390
2026-09-26T02:14:35+00:00,sapmachine-19,77507122,False,sapmachine-jdk-19-beta_linux-x64-musl_bin-symbols.tar.gz,alpine,x64,jdk,8
2026-09-26T02:14:35+00:00,sapmachine-19,77507122,False,sapmachine-jdk-19_linux-aarch64_bin.tar.gz,linux,aarch64,jdk,4012
2026-09-26T02:14:35+00:00,sapmachine-19,77507122,False,sapmachine-jre-19_linux-aarch64_bin.tar.gz,linux,aarch64,jre,3845
2026-09-26T02:14:35+00:00,sapmachine-19,77507122,False,sapmachine-jdk-19_linux-aarch64_bin-symbols.tar.gz,linux,aarch64,jdk,9
2026-09-26T02:14:35+00:00,sapmachine-19,77507122,False,sapmachine-jdk-19-1.x86_64.rpm,linux,x64,jdk,3786
2026-09-26T02:14:35+00:00,sapmachine-19,77507122,False,sapmachine-jdk-19_windows-x64_bin.zip,windows,x64,jdk,4644
2026-09-26T02:14:35+00:00,sapmachine-19,77507122,False,sapmachine-jre-19_windows-x64_bin.zip,windows,x64,jre,3909
2026-09-26T02:14:35+00:00,sapmachine-19,77507122,False,sapmachine-jdk-19_windows-x64_bin-symbols.tar.gz,windows,x64,jdk,8
2026-09-26T02:14:35+00:00,sapmachine-19,77507122,False,sapmachine-jdk-19_windows-x64_bin.msi,windows,x64,jdk,5491
2026-09-26T02:14:35+00:00,sapmachine-19,77507122,False,sapmachine-jre-19_windows-x64_bin.msi,windows,x64,jre,4135
2026-09-26T02:14:35+00:00,sapmachine-19,77507122,False,sapmachine-jdk-19_linux-ppc64le_bin.tar.gz,linux,ppc64,jdk,3826
2026-09-26T02:14:35+00:00,sapmachine-19,77507122,False,sapmachine-jre-19_linux-ppc64le_bin.tar.gz,linux,ppc64,jre,3827
2026-09-26T02:14:35+00:00,sapmachine-19,77507122,False,sapmachine-jdk-19_linux-ppc64le_bin-symbols.tar.gz,linux,ppc64,jdk,8
2026-09-26T02:14:35+00:00,sapmachine-19,77507122,False,sapmachine-jdk-19_macos-x64_bin.tar.gz,macos,x64,jdk,4426
2026-09-26T02:14:35+00:00,sapmachine-19,77507122,False,sapmachine-jre-19_macos-x64_bin.tar.gz,macos,x64,jre,3841
2026-09-26T02:14:35+00:00,sapmachine-19,77507122,False,sapmachine-jdk-19_macos-x64_bin-symbols.tar.gz,macos,x64,jdk,3
2026-09-26T02:14:35+00:00,sapmachine-19,77507122,False,sapmachine-jdk-19_macos-x64_bin.dmg,macos,x64,jdk,4685
2026-09-26T02:14:35+00:00,sapmachine-19,77507122,False,sapmachine-jre-19_macos-x64_bin.dmg,macos,x64,jre,3763
2026-09-26T02:14:35+00:00,sapmachine-19,77507122,False,sapmachine-jdk-19_macos-aarch64_bin.tar.gz,macos,aarch64,jdk,4428
2026-09-26T02:14:35+00:00,sapmachine-19,77507122,False,sapmachine-jre-19_macos-aarch64_bin.tar.gz,macos,aarch64,jre,3875
2026-09-26T02:14:35+00:00,sapmachine-19,77507122,False,sapmachine-jdk-19_macos-aarch64_bin-symbols.tar.gz,macos,aarch64,jdk,4
2026-09-26T02:14:35+00:00,sapmachine-19,77507122,False,sapmachine-jdk-19_macos-aarch64_bin.dmg,macos,aarch64,jdk,4146
2026-09-26T02:14:35+00:00,sapmachine-19,77507122,False,sapmachine-jre-19_macos-aarch64_bin.dmg,macos,aarch64,jre,3797
2026-09-26T02:14:35+00:00,sapmachine-18.0.2.1,75143311,False,sapmachine-jdk-18.0.2.1_linux-x64_bin.tar.gz,linux,x64,jdk,12997
2026-09-26T02:14:35+00:00,sapmachine-18.0.2.1,75143311,False,sapmachine-jre-18.0.2.1_linux-x64_bin.tar.gz,linux,x64,jre,5490
2026-09-26T02:14:35+00:00,sapmachine-18.0.2.1,75143311,False,sapmachine-jdk-18.0.2.1_linux-x64_bin-symbols.tar.gz,linux,x64,jdk,5
2026-09-26T02:14:35+00:00,sapmachine-18.0.2.1,75143311,False,sapmachine-jdk-18.0.2.1-beta_linux-x64-musl_bin.tar.gz,alpine,x64,jdk,3417
2026-09-26T02:14:35+00:00,sapmachine-18.0.2.1,75143311,False,sapmachine-jre-18.0.2.1-beta_linux-x64-musl_bin.tar.gz,alpine,x64,jre,3421
2026-09-26T02:14:35+00:00,sapmachine-18.0.2.1,75143311,False,sapmachine-jdk-18.0.2.1-beta_linux-x64-musl_bin-symbols.tar.gz,alpine,x64,jdk,5
2026-09-26T02:14:35+00:00,sapmachine-18.0.2.1,75143311,False,sapmachine-jdk-18.0.2.1_linux-aarch64_bin.tar.gz,linux,aarch64,jdk,3980
2026-09-26T02:14:35+00:00,sapmachine-18.0.2.1,75143311,False,sapmachine-jre-18.0.2.1_linux-aarch64_bin.tar.gz,linux,aarch64,jre,3870
2026-09-26T02:14:35+00:00,sapmachine-18.0.2.1,75143311,False,sapmachine-jdk-18.0.2.1_linux-aarch64_bin-symbols.tar.gz,linux,aarch64,jdk,6
2026-09-26T02:14:35+00:00,sapmachine-18.0.2.1,75143311,False,sapmachine-jdk-18.0.2.1-1.x86_64.rpm,linux,x64,jdk,3849
2026-09-26T02:14:35+00:00,sapmachine-18.0.2.1,75143311,False,sapmachine-jdk-18.0.2.1_windows-x64_bin.zip,windows,x64,jdk,4681
2026-09-26T02:14:35+00:00,sapmachine-18.0.2.1,75143311,False,sapmachine-jre-18.0.2.1_windows-x64_bin.zip,windows,x64,jre,3988
2026-09-26T02:14:35+00:00,sapmachine-18.0.2.1,75143311,False,sapmachine-jdk-18.0.2.1_windows-x64_bin-symbols.tar.gz,windows,x64,jdk,3
2026-09-26T02:14:35+00:00,sapmachine-18.0.2.1,75143311,False,sapmachine-jdk-18.0.2.1_windows-x64_bin.msi,windows,x64,jdk,5013
2026-09-26T02:14:35+00:00,sapmachine-18.0.2.1,75143311,False,sapmachine-jre-18.0.2.1_windows-x64_bin.msi,windows,x64,jre,4166
2026-09-26T02:14:35+00:00,sapmachine-18.0.2.1,75143311,False,sapmachine-jdk-18.0.2.1_linux-ppc64le_bin.tar.gz,linux,ppc64,jdk,3810
2026-09-26T02:14:35+00:00,sapmachine-18.0.2.1,75143311,False,sapmachine-jre-18.0.2.1_linux-ppc64le_bin.tar.gz,linux,ppc64,jre,3922
2026-09-26T02:14:35+00:00,sapmachine-18.0.2.1,75143311,False,sapmachine-jdk-18.0.2.1_linux-ppc64le_bin-symbols.tar.gz,linux,ppc64,jdk,5
2026-09-26T02:14:35+00:00,sapmachine-18.0.2.1,75143311,False,sapmachine-jdk-18.0.2.1_macos-x64_bin.tar.gz,macos,x64,jdk,4427
2026-09-26T02:14:35+00:00,sapmachine-18.0.2.1,75143311,False,sapmachine-jre-18.0.2.1_macos-x64_bin.tar.gz,macos,x64,jre,3950
2026-09-26T02:14:35+00:00,sapmachine-18.0.2.1,75143311,False,sapmachine-jdk-18.0.2.1_macos-x64_bin-symbols.tar.gz,macos,x64,jdk,2
2026-09-26T02:14:35+00:00,sapmachine-18.0.2.1,75143311,False,sapmachine-jdk-18.0.2.1_macos-x64_bin.dmg,macos,x64,jdk,4413
2026-09-26T02:14:35+00:00,sapmachine-18.0.2.1,75143311,False,sapmachine-jre-18.0.2.1_macos-x64_bin.dmg,macos,x64,jre,3940
2026-09-26T02:14:35+00:00,sapmachine-18.0.2.1,75143311,False,sapmachine-jdk-18.0.2.1_macos-aarch64_bin.tar.gz,macos,aarch64,jdk,4363
2026-09-26T02:14:35+00:00,sapmachine-18.0.2.1,75143311,False,sapmachine-jre-18.0.2.1_macos-aarch64_bin.tar.gz,macos,aarch64,jre,3943
2026-09-26T02:14:35+00:00,sapmachine-18.0.2.1,75143311,False,sapmachine-jdk-18.0.2.1_macos-aarch64_bin-symbols.tar.gz,macos,aarch64,jdk,4
2026-09-26T02:14:35+00:00,sapmachine-18.0.2.1,75143311,False,sapmachine-jdk-18.0.2.1_macos-aarch64_bin.dmg,macos,aarch64,jdk,4009
2026-09-26T02:14:35+00:00,sapmachine-18.0.2.1,75143311,False,sapmachine-jre-18.0.2.1_macos-aarch64_bin.dmg,macos,aarch64,jre,3846
2026-09-26T02:14:35+00:00,sapmachine-17.0.4.1,75141647,False,sapmachine-jdk-17.0.4.1_linux-x64_bin.tar.gz,linux,x64,jdk,174798
2026-09-26T02:14:35+00:00,sapmachine-17.0.4.1,75141647,False,sapmachine-jre-17.0.4.1_linux-x64_bin.tar.gz,linux,x64,jre,39953
2026-09-26T02:14:35+00:00,sapmachine-17.0.4.1,75141647,False,sapmachine-jdk-17.0.4.1_linux-x64_bin-symbols.tar.gz,linux,x64,jdk,6
2026-09-26T02:14:35+00:00,sapmachine-17.0.4.1,75141647,False,sapmachine-jdk-17.0.4.1-beta_linux-x64-musl_bin.tar.gz,alpine,x64,jdk,3488
2026-09-26T02:14:35+00:00,sapmachine-17.0.4.1,75141647,False,sapmachine-jre-17.0.4.1-beta_linux-x64-musl_bin.tar.gz,alpine,x64,jre,3419
2026-09-26T02:14:35+00:00,sapmachine-17.0.4.1,75141647,False,sapmachine-jdk-17.0.4.1-beta_linux-x64-musl_bin-symbols.tar.gz,alpine,x64,jdk,4
2026-09-26T02:14:35+00:00,sapmachine-17.0.4.1,75141647,False,sapmachine-jdk-17.0.4.1_linux-aarch64_bin.tar.gz,linux,aarch64,jdk,4056
2026-09-26T02:14:35+00:00,sapmachine-17.0.4.1,75141647,False,sapmachine-jre-17.0.4.1_linux-aarch64_bin.tar.gz,linux,aarch64,jre,3921
2026-09-26T02:14:35+00:00,sapmachine-17.0.4.1,75141647,False,sapmachine-jdk-17.0.4.1_linux-aarch64_bin-symbols.tar.gz,linux,aarch64,jdk,4
2026-09-26T02:14:35+00:00,sapmachine-17.0.4.1,75141647,False,sapmachine-jdk-17.0.4.1-1.x86_64.rpm,linux,x64,jdk,3839
2026-09-26T02:14:35+00:00,sapmachine-17.0.4.1,75141647,False,sapmachine-jdk-17.0.4.1_windows-x64_bin.zip,windows,x64,jdk,5098
2026-09-26T02:14:35+00:00,sapmachine-17.0.4.1,75141647,False,sapmachine-jre-17.0.4.1_windows-x64_bin.zip,windows,x64,jre,3977
2026-09-26T02:14:35+00:00,sapmachine-17.0.4.1,75141647,False,sapmachine-jdk-17.0.4.1_windows-x64_bin-symbols.tar.gz,windows,x64,jdk,5
2026-09-26T02:14:35+00:00,sapmachine-17.0.4.1,75141647,False,sapmachine-jdk-17.0.4.1_windows-x64_bin.msi,windows,x64,jdk,4924
2026-09-26T02:14:35+00:00,sapmachine-17.0.4.1,75141647,False,sapmachine-jre-17.0.4.1_windows-x64_bin.msi,windows,x64,jre,4038
2026-09-26T02:14:35+00:00,sapmachine-17.0.4.1,75141647,False,sapmachine-jdk-17.0.4.1_linux-ppc64le_bin.tar.gz,linux,ppc64,jdk,3918
2026-09-26T02:14:35+00:00,sapmachine-17.0.4.1,75141647,False,sapmachine-jre-17.0.4.1_linux-ppc64le_bin.tar.gz,linux,ppc64,jre,3860
2026-09-26T02:14:35+00:00,sapmachine-17.0.4.1,75141647,False,sapmachine-jdk-17.0.4.1_linux-ppc64le_bin-symbols.tar.gz,linux,ppc64,jdk,5
2026-09-26T02:14:35+00:00,sapmachine-17.0.4.1,75141647,False,sapmachine-jdk-17.0.4.1_macos-x64_bin.tar.gz,macos,x64,jdk,4867
2026-09-26T02:14:35+00:00,sapmachine-17.0.4.1,75141647,False,sapmachine-jre-17.0.4.1_macos-x64_bin.tar.gz,macos,x64,jre,3945
2026-09-26T02:14:35+00:00,sapmachine-17.0.4.1,75141647,False,sapmachine-jdk-17.0.4.1_macos-x64_bin-symbols.tar.gz,macos,x64,jdk,2
2026-09-26T02:14:35+00:00,sapmachine-17.0.4.1,75141647,False,sapmachine-jdk-17.0.4.1_macos-x64_bin.dmg,macos,x64,jdk,7538
2026-09-26T02:14:35+00:00,sapmachine-17.0.4.1,75141647,False,sapmachine-jre-17.0.4.1_macos-x64_bin.dmg,macos,x64,jre,3830
2026-09-26T02:14:35+00:00,sapmachine-17.0.4.1,75141647,False,sapmachine-jdk-17.0.4.1_macos-aarch64_bin.tar.gz,macos,aarch64,jdk,4910
2026-09-26T02:14:35+00:00,sapmachine-17.0.4.1,75141647,False,sapmachine-jre-17.0.4.1_macos-aarch64_bin.tar.gz,macos,aarch64,jre,3934
2026-09-26T02:14:35+00:00,sapmachine-17.0.4.1,75141647,False,sapmachine-jdk-17.0.4.1_macos-aarch64_bin-symbols.tar.gz,macos,aarch64,jdk,2
2026-09-26T02:14:35+00:00,sapmachine-17.0.4.1,75141647,False,sapmachine-jdk-17.0.4.1_macos-aarch64_bin.dmg,macos,aarch64,jdk,7172
2026-09-26T02:14:35+00:00,sapmachine-17.0.4.1,75141647,False,sapmachine-jre-17.0.4.1_macos-aarch64_bin.dmg,macos,aarch64,jre,3873
2026-09-26T02:14:35+00:00,sapmachine-11.0.16.1,75103971,False,sapmachine-jdk-11.0.16.1_linux-x64_bin.tar.gz,linux,x64,jdk,45983
2026-09-26T02:14:35+00:00,sapmachine-11.0.16.1,75103971,False,sapmachine-jre-11.0.16.1_linux-x64_bin.tar.gz,linux,x64,jre,22793
2026-09-26T02:14:35+00:00,sapmachine-11.0.16.1,75103971,False,sapmachine-jdk-11.0.16.1_linux-x64_bin-symbols.tar.gz,linux,x64,jdk,12
2026-09-26T02:14:35+00:00,sapmachine-11.0.16.1,75103971,False,sapmachine-jdk-11.0.16.1_linux-aarch64_bin.tar.gz,linux,aarch64,jdk,4082
2026-09-26T02:14:35+00:00,sapmachine-11.0.16.1,75103971,False,sapmachine-jre-11.0.16.1_linux-aarch64_bin.tar.gz,linux,aarch64,jre,3869
2026-09-26T02:14:35+00:00,sapmachine-11.0.16.1,75103971,False,sapmachine-jdk-11.0.16.1_linux-aarch64_bin-symbols.tar.gz,linux,aarch64,jdk,10
2026-09-26T02:14:35+00:00,sapmachine-11.0.16.1,75103971,False,sapmachine-jdk-11.0.16.1-1.x86_64.rpm,linux,x64,jdk,3980
2026-09-26T02:14:35+00:00,sapmachine-11.0.16.1,75103971,False,sapmachine-jdk-11.0.16.1_windows-x64_bin.zip,windows,x64,jdk,5702
2026-09-26T02:14:35+00:00,sapmachine-11.0.16.1,75103971,False,sapmachine-jre-11.0.16.1_windows-x64_bin.zip,windows,x64,jre,4477
2026-09-26T02:14:35+00:00,sapmachine-11.0.16.1,75103971,False,sapmachine-jdk-11.0.16.1_windows-x64_bin-symbols.tar.gz,windows,x64,jdk,10
2026-09-26T02:14:35+00:00,sapmachine-11.0.16.1,75103971,False,sapmachine-jdk-11.0.16.1_windows-x64_bin.msi,windows,x64,jdk,4962
2026-09-26T02:14:35+00:00,sapmachine-11.0.16.1,75103971,False,sapmachine-jre-11.0.16.1_windows-x64_bin.msi,windows,x64,jre,4214
2026-09-26T02:14:35+00:00,sapmachine-11.0.16.1,75103971,False,sapmachine-jdk-11.0.16.1_linux-ppc64le_bin.tar.gz,linux,ppc64,jdk,3929
2026-09-26T02:14:35+00:00,sapmachine-11.0.16.1,75103971,False,sapmachine-jre-11.0.16.1_linux-ppc64le_bin.tar.gz,linux,ppc64,jre,3820
2026-09-26T02:14:35+00:00,sapmachine-11.0.16.1,75103971,False,sapmachine-jdk-11.0.16.1_linux-ppc64le_bin-symbols.tar.gz,linux,ppc64,jdk,8
2026-09-26T02:14:35+00:00,sapmachine-11.0.16.1,75103971,False,sapmachine-jdk-11.0.16.1_macos-x64_bin.tar.gz,macos,x64,jdk,4945
2026-09-26T02:14:35+00:00,sapmachine-11.0.16.1,75103971,False,sapmachine-jre-11.0.16.1_macos-x64_bin.tar.gz,macos,x64,jre,3934
2026-09-26T02:14:35+00:00,sapmachine-11.0.16.1,75103971,False,sapmachine-jdk-11.0.16.1_macos-x64_bin-symbols.tar.gz,macos,x64,jdk,4
2026-09-26T02:14:35+00:00,sapmachine-11.0.16.1,75103971,False,sapmachine-jdk-11.0.16.1_macos-x64_bin.dmg,macos,x64,jdk,6586
2026-09-26T02:14:35+00:00,sapmachine-11.0.16.1,75103971,False,sapmachine-jre-11.0.16.1_macos-x64_bin.dmg,macos,x64,jre,3846
2026-09-26T02:14:35+00:00,sapmachine-11.0.16.1,75103971,False,sapmachine-jdk-11.0.16.1_macos-aarch64_bin.tar.gz,macos,aarch64,jdk,4814
2026-09-26T02:14:35+00:00,sapmachine-11.0.16.1,75103971,False,sapmachine-jre-11.0.16.1_macos-aarch64_bin.tar.gz,macos,aarch64,jre,3918
2026-09-26T02:14:35+00:00,sapmachine-11.0.16.1,75103971,False,sapmachine-jdk-11.0.16.1_macos-aarch64_bin-symbols.tar.gz,macos,aarch64,jdk,4
2026-09-26T02:14:35+00:00,sapmachine-11.0.16.1,75103971,False,sapmachine-jdk-11.0.16.1_macos-aarch64_bin.dmg,macos,aarch64,jdk,6172
2026-09-26T02:14:35+00:00,sapmachine-11.0.16.1,75103971,False,sapmachine-jre-11.0.16.1_macos-aarch64_bin.dmg,macos,aarch64,jre,3927
2026-09-26T02:14:35+00:00,sapmachine-11.0.16,72372178,False,sapmachine-jdk-11.0.16_linux-x64_bin.tar.gz,linux,x64,jdk,22265
2026-09-26T02:14:35+00:00,sapmachine-11.0.16,72372178,False,sapmachine-jre-11.0.16_linux-x64_bin.tar.gz,linux,x64,jre,11206
2026-09-26T02:14:35+00:00,sapmachine-11.0.16,72372178,False,sapmachine-jdk-11.0.16_linux-x64_bin-symbols.tar.gz,linux,x64,jdk,14
2026-09-26T02:14:35+00:00,sapmachine-11.0.16,72372178,False,sapmachine-jdk-11.0.16_linux-aarch64_bin.tar.gz,linux,aarch64,jdk,4099
2026-09-26T02:14:35+00:00,sapmachine-11.0.16,72372178,False,sapmachine-jre-11.0.16_linux-aarch64_bin.tar.gz,linux,aarch64,jre,3880
2026-09-26T02:14:35+00:00,sapmachine-11.0.16,72372178,False,sapmachine-jdk-11.0.16_linux-aarch64_bin-symbols.tar.gz,linux,aarch64,jdk,16
2026-09-26T02:14:35+00:00,sapmachine-11.0.16,72372178,False,sapmachine-jdk-11.0.16-1.x86_64.rpm,linux,x64,jdk,3947
2026-09-26T02:14:35+00:00,sapmachine-11.0.16,72372178,False,sapmachine-jdk-11.0.16_windows-x64_bin.zip,windows,x64,jdk,5203
2026-09-26T02:14:35+00:00,sapmachine-11.0.16,72372178,False,sapmachine-jre-11.0.16_windows-x64_bin.zip,windows,x64,jre,4278
2026-09-26T02:14:35+00:00,sapmachine-11.0.16,72372178,False,sapmachine-jdk-11.0.16_windows-x64_bin-symbols.tar.gz,windows,x64,jdk,8
2026-09-26T02:14:35+00:00,sapmachine-11.0.16,72372178,False,sapmachine-jdk-11.0.16_windows-x64_bin.msi,windows,x64,jdk,41960
2026-09-26T02:14:35+00:00,sapmachine-11.0.16,72372178,False,sapmachine-jre-11.0.16_windows-x64_bin.msi,windows,x64,jre,41223
2026-09-26T02:14:35+00:00,sapmachine-11.0.16,72372178,False,sapmachine-jdk-11.0.16_linux-ppc64le_bin.tar.gz,linux,ppc64,jdk,3897
2026-09-26T02:14:35+00:00,sapmachine-11.0.16,72372178,False,sapmachine-jre-11.0.16_linux-ppc64le_bin.tar.gz,linux,ppc64,jre,3915
2026-09-26T02:14:35+00:00,sapmachine-11.0.16,72372178,False,sapmachine-jdk-11.0.16_linux-ppc64le_bin-symbols.tar.gz,linux,ppc64,jdk,13
2026-09-26T02:14:35+00:00,sapmachine-11.0.16,72372178,False,sapmachine-jdk-11.0.16_macos-x64_bin.tar.gz,macos,x64,jdk,4739
2026-09-26T02:14:35+00:00,sapmachine-11.0.16,72372178,False,sapmachine-jre-11.0.16_macos-x64_bin.tar.gz,macos,x64,jre,4016
2026-09-26T02:14:35+00:00,sapmachine-11.0.16,72372178,False,sapmachine-jdk-11.0.16_macos-x64_bin-symbols.tar.gz,macos,x64,jdk,8
2026-09-26T02:14:35+00:00,sapmachine-11.0.16,72372178,False,sapmachine-jdk-11.0.16_macos-x64_bin.dmg,macos,x64,jdk,5297
2026-09-26T02:14:35+00:00,sapmachine-11.0.16,72372178,False,sapmachine-jre-11.0.16_macos-x64_bin.dmg,macos,x64,jre,3899
2026-09-26T02:14:35+00:00,sapmachine-11.0.16,72372178,False,sapmachine-jdk-11.0.16_macos-aarch64_bin.tar.gz,macos,aarch64,jdk,4543
2026-09-26T02:14:35+00:00,sapmachine-11.0.16,72372178,False,sapmachine-jre-11.0.16_macos-aarch64_bin.tar.gz,macos,aarch64,jre,3954
2026-09-26T02:14:35+00:00,sapmachine-11.0.16,72372178,False,sapmachine-jdk-11.0.16_macos-aarch64_bin-symbols.tar.gz,macos,aarch64,jdk,11
2026-09-26T02:14:35+00:00,sapmachine-11.0.16,72372178,False,sapmachine-jdk-11.0.16_macos-aarch64_bin.dmg,macos,aarch64,jdk,4975
2026-09-26T02:14:35+00:00,sapmachine-11.0.16,72372178,False,sapmachine-jre-11.0.16_macos-aarch64_bin.dmg,macos,aarch64,jre,3888
2026-09-26T02:14:35+00:00,sapmachine-17.0.4,72368981,False,sapmachine-jdk-17.0.4_linux-x64_bin.tar.gz,linux,x64,jdk,5287
2026-09-26T02:14:35+00:00,sapmachine-17.0.4,72368981,False,sapmachine-jre-17.0.4_linux-x64_bin.tar.gz,linux,x64,jre,6605
2026-09-26T02:14:35+00:00,sapmachine-17.0.4,72368981,False,sapmachine-jdk-17.0.4_linux-x64_bin-symbols.tar.gz,linux,x64,jdk,5
2026-09-26T02:14:35+00:00,sapmachine-17.0.4,72368981,False,sapmachine-jdk-17.0.4-beta_linux-x64-musl_bin.tar.gz,alpine,x64,jdk,3491
2026-09-26T02:14:35+00:00,sapmachine-17.0.4,72368981,False,sapmachine-jre-17.0.4-beta_linux-x64-musl_bin.tar.gz,alpine,x64,jre,3445
2026-09-26T02:14:35+00:00,sapmachine-17.0.4,72368981,False,sapmachine-jdk-17.0.4-beta_linux-x64-musl_bin-symbols.tar.gz,alpine,x64,jdk,4
2026-09-26T02:14:35+00:00,sapmachine-17.0.4,72368981,False,sapmachine-jdk-17.0.4_linux-aarch64_bin.tar.gz,linux,aarch64,jdk,4090
2026-09-26T02:14:35+00:00,sapmachine-17.0.4,72368981,False,sapmachine-jre-17.0.4_linux-aarch64_bin.tar.gz,linux,aarch64,jre,3855
2026-09-26T02:14:35+00:00,sapmachine-17.0.4,72368981,False,sapmachine-jdk-17.0.4_linux-aarch64_bin-symbols.tar.gz,linux,aarch64,jdk,4
2026-09-26T02:14:35+00:00,sapmachine-17.0.4,72368981,False,sapmachine-jdk-17.0.4-1.x86_64.rpm,linux,x64,jdk,5758
2026-09-26T02:14:35+00:00,sapmachine-17.0.4,72368981,False,sapmachine-jdk-17.0.4_windows-x64_bin.zip,windows,x64,jdk,4681
2026-09-26T02:14:35+00:00,sapmachine-17.0.4,72368981,False,sapmachine-jre-17.0.4_windows-x64_bin.zip,windows,x64,jre,4054
2026-09-26T02:14:35+00:00,sapmachine-17.0.4,72368981,False,sapmachine-jdk-17.0.4_windows-x64_bin-symbols.tar.gz,windows,x64,jdk,2
2026-09-26T02:14:35+00:00,sapmachine-17.0.4,72368981,False,sapmachine-jdk-17.0.4_windows-x64_bin.msi,windows,x64,jdk,5952
2026-09-26T02:14:35+00:00,sapmachine-17.0.4,72368981,False,sapmachine-jre-17.0.4_windows-x64_bin.msi,windows,x64,jre,41018
2026-09-26T02:14:35+00:00,sapmachine-17.0.4,72368981,False,sapmachine-jdk-17.0.4_linux-ppc64le_bin.tar.gz,linux,ppc64,jdk,3903
2026-09-26T02:14:35+00:00,sapmachine-17.0.4,72368981,False,sapmachine-jre-17.0.4_linux-ppc64le_bin.tar.gz,linux,ppc64,jre,3864
2026-09-26T02:14:35+00:00,sapmachine-17.0.4,72368981,False,sapmachine-jdk-17.0.4_linux-ppc64le_bin-symbols.tar.gz,linux,ppc64,jdk,4
2026-09-26T02:14:35+00:00,sapmachine-17.0.4,72368981,False,sapmachine-jdk-17.0.4_macos-x64_bin.tar.gz,macos,x64,jdk,4544
2026-09-26T02:14:35+00:00,sapmachine-17.0.4,72368981,False,sapmachine-jre-17.0.4_macos-x64_bin.tar.gz,macos,x64,jre,3980
2026-09-26T02:14:35+00:00,sapmachine-17.0.4,72368981,False,sapmachine-jdk-17.0.4_macos-x64_bin-symbols.tar.gz,macos,x64,jdk,2
2026-09-26T02:14:35+00:00,sapmachine-17.0.4,72368981,False,sapmachine-jdk-17.0.4_macos-x64_bin.dmg,macos,x64,jdk,5255
2026-09-26T02:14:35+00:00,sapmachine-17.0.4,72368981,False,sapmachine-jre-17.0.4_macos-x64_bin.dmg,macos,x64,jre,3953
2026-09-26T02:14:35+00:00,sapmachine-17.0.4,72368981,False,sapmachine-jdk-17.0.4_macos-aarch64_bin.tar.gz,macos,aarch64,jdk,4535
2026-09-26T02:14:35+00:00,sapmachine-17.0.4,72368981,False,sapmachine-jre-17.0.4_macos-aarch64_bin.tar.gz,macos,aarch64,jre,3935
2026-09-26T02:14:35+00:00,sapmachine-17.0.4,72368981,False,sapmachine-jdk-17.0.4_macos-aarch64_bin-symbols.tar.gz,macos,aarch64,jdk,2
2026-09-26T02:14:35+00:00,sapmachine-17.0.4,72368981,False,sapmachine-jdk-17.0.4_macos-aarch64_bin.dmg,macos,aarch64,jdk,5180
2026-09-26T02:14:35+00:00,sapmachine-17.0.4,72368981,False,sapmachine-jre-17.0.4_macos-aarch64_bin.dmg,macos,aarch64,jre,3853
2026-09-26T02:14:35+00:00,sapmachine-18.0.2,72370892,False,sapmachine-jdk-18.0.2_linux-x64_bin.tar.gz,linux,x64,jdk,4505
2026-09-26T02:14:35+00:00,sapmachine-18.0.2,72370892,False,sapmachine-jre-18.0.2_linux-x64_bin.tar.gz,linux,x64,jre,5534
2026-09-26T02:14:35+00:00,sapmachine-18.0.2,72370892,False,sapmachine-jdk-18.0.2_linux-x64_bin-symbols.tar.gz,linux,x64,jdk,2
2026-09-26T02:14:35+00:00,sapmachine-18.0.2,72370892,False,sapmachine-jdk-18.0.2-beta_linux-x64-musl_bin.tar.gz,alpine,x64,jdk,3492
2026-09-26T02:14:35+00:00,sapmachine-18.0.2,72370892,False,sapmachine-jre-18.0.2-beta_linux-x64-musl_bin.tar.gz,alpine,x64,jre,3443
2026-09-26T02:14:35+00:00,sapmachine-18.0.2,72370892,False,sapmachine-jdk-18.0.2-beta_linux-x64-musl_bin-symbols.tar.gz,alpine,x64,jdk,2
2026-09-26T02:14:35+00:00,sapmachine-18.0.2,72370892,False,sapmachine-jdk-18.0.2_linux-aarch64_bin.tar.gz,linux,aarch64,jdk,4031
2026-09-26T02:14:35+00:00,sapmachine-18.0.2,72370892,False,sapmachine-jre-18.0.2_linux-aarch64_bin.tar.gz,linux,aarch64,jre,3912
2026-09-26T02:14:35+00:00,sapmachine-18.0.2,72370892,False,sapmachine-jdk-18.0.2_linux-aarch64_bin-symbols.tar.gz,linux,aarch64,jdk,1
2026-09-26T02:14:35+00:00,sapmachine-18.0.2,72370892,False,sapmachine-jdk-18.0.2-1.x86_64.rpm,linux,x64,jdk,3824
2026-09-26T02:14:35+00:00,sapmachine-18.0.2,72370892,False,sapmachine-jdk-18.0.2_windows-x64_bin.zip,windows,x64,jdk,4659
2026-09-26T02:14:35+00:00,sapmachine-18.0.2,72370892,False,sapmachine-jre-18.0.2_windows-x64_bin.zip,windows,x64,jre,4020
2026-09-26T02:14:35+00:00,sapmachine-18.0.2,72370892,False,sapmachine-jdk-18.0.2_windows-x64_bin-symbols.tar.gz,windows,x64,jdk,1
2026-09-26T02:14:35+00:00,sapmachine-18.0.2,72370892,False,sapmachine-jdk-18.0.2_windows-x64_bin.msi,windows,x64,jdk,7036
2026-09-26T02:14:35+00:00,sapmachine-18.0.2,72370892,False,sapmachine-jre-18.0.2_windows-x64_bin.msi,windows,x64,jre,6000
2026-09-26T02:14:35+00:00,sapmachine-18.0.2,72370892,False,sapmachine-jdk-18.0.2_linux-ppc64le_bin.tar.gz,linux,ppc64,jdk,3894
2026-09-26T02:14:35+00:00,sapmachine-18.0.2,72370892,False,sapmachine-jre-18.0.2_linux-ppc64le_bin.tar.gz,linux,ppc64,jre,3882
2026-09-26T02:14:35+00:00,sapmachine-18.0.2,72370892,False,sapmachine-jdk-18.0.2_linux-ppc64le_bin-symbols.tar.gz,linux,ppc64,jdk,1
2026-09-26T02:14:35+00:00,sapmachine-18.0.2,72370892,False,sapmachine-jdk-18.0.2_macos-x64_bin.tar.gz,macos,x64,jdk,4474
2026-09-26T02:14:35+00:00,sapmachine-18.0.2,72370892,False,sapmachine-jre-18.0.2_macos-x64_bin.tar.gz,macos,x64,jre,3995
2026-09-26T02:14:35+00:00,sapmachine-18.0.2,72370892,False,sapmachine-jdk-18.0.2_macos-x64_bin-symbols.tar.gz,macos,x64,jdk,2
2026-09-26T02:14:35+00:00,sapmachine-18.0.2,72370892,False,sapmachine-jdk-18.0.2_macos-x64_bin.dmg,macos,x64,jdk,4617
2026-09-26T02:14:35+00:00,sapmachine-18.0.2,72370892,False,sapmachine-jre-18.0.2_macos-x64_bin.dmg,macos,x64,jre,3880
2026-09-26T02:14:35+00:00,sapmachine-18.0.2,72370892,False,sapmachine-jdk-18.0.2_macos-aarch64_bin.tar.gz,macos,aarch64,jdk,4383
2026-09-26T02:14:35+00:00,sapmachine-18.0.2,72370892,False,sapmachine-jre-18.0.2_macos-aarch64_bin.tar.gz,macos,aarch64,jre,4003
2026-09-26T02:14:35+00:00,sapmachine-18.0.2,72370892,False,sapmachine-jdk-18.0.2_macos-aarch64_bin-symbols.tar.gz,macos,aarch64,jdk,2
2026-09-26T02:14:35+00:00,sapmachine-18.0.2,72370892,False,sapmachine-jdk-18.0.2_macos-aarch64_bin.dmg,macos,aarch64,jdk,4131
2026-09-26T02:14:35+00:00,sapmachine-18.0.2,72370892,False,sapmachine-jre-18.0.2_macos-aarch64_bin.dmg,macos,aarch64,jre,3879
2026-09-26T02:14:35+00:00,sapmachine-18.0.1.1,66160612,False,sapmachine-jdk-18.0.1.1-beta_linux-x64-musl_bin.tar.gz,alpine,x64,jdk,3532
2026-09-26T02:14:35+00:00,sapmachine-18.0.1.1,66160612,False,sapmachine-jre-18.0.1.1-beta_linux-x64-musl_bin.tar.gz,alpine,x64,jre,3533
2026-09-26T02:14:35+00:00,sapmachine-18.0.1.1,66160612,False,sapmachine-jdk-18.0.1.1-beta_linux-x64-musl_bin-symbols.tar.gz,alpine,x64,jdk,4
2026-09-26T02:14:35+00:00,sapmachine-18.0.1.1,66160612,False,sapmachine-jdk-18.0.1.1_linux-x64_bin.tar.gz,linux,x64,jdk,5365
2026-09-26T02:14:35+00:00,sapmachine-18.0.1.1,66160612,False,sapmachine-jre-18.0.1.1_linux-x64_bin.tar.gz,linux,x64,jre,5539
2026-09-26T02:14:35+00:00,sapmachine-18.0.1.1,66160612,False,sapmachine-jdk-18.0.1.1_linux-x64_bin-symbols.tar.gz,linux,x64,jdk,46
2026-09-26T02:14:35+00:00,sapmachine-18.0.1.1,66160612,False,sapmachine-jdk-18.0.1.1-beta_linux-aarch64_bin.tar.gz,linux,aarch64,jdk,3526
2026-09-26T02:14:35+00:00,sapmachine-18.0.1.1,66160612,False,sapmachine-jre-18.0.1.1-beta_linux-aarch64_bin.tar.gz,linux,aarch64,jre,3529
2026-09-26T02:14:35+00:00,sapmachine-18.0.1.1,66160612,False,sapmachine-jdk-18.0.1.1-beta_linux-aarch64_bin-symbols.tar.gz,linux,aarch64,jdk,4
2026-09-26T02:14:35+00:00,sapmachine-18.0.1.1,66160612,False,sapmachine-jdk-18.0.1.1-1.x86_64.rpm,linux,x64,jdk,3946
2026-09-26T02:14:35+00:00,sapmachine-18.0.1.1,66160612,False,sapmachine-jdk-18.0.1.1_windows-x64_bin.zip,windows,x64,jdk,5610
2026-09-26T02:14:35+00:00,sapmachine-18.0.1.1,66160612,False,sapmachine-jre-18.0.1.1_windows-x64_bin.zip,windows,x64,jre,4258
2026-09-26T02:14:35+00:00,sapmachine-18.0.1.1,66160612,False,sapmachine-jdk-18.0.1.1_windows-x64_bin-symbols.tar.gz,windows,x64,jdk,5
2026-09-26T02:14:35+00:00,sapmachine-18.0.1.1,66160612,False,sapmachine-jdk-18.0.1.1_windows-x64_bin.msi,windows,x64,jdk,6802
2026-09-26T02:14:35+00:00,sapmachine-18.0.1.1,66160612,False,sapmachine-jre-18.0.1.1_windows-x64_bin.msi,windows,x64,jre,4534
2026-09-26T02:14:35+00:00,sapmachine-18.0.1.1,66160612,False,sapmachine-jdk-18.0.1.1_linux-ppc64le_bin.tar.gz,linux,ppc64,jdk,4186
2026-09-26T02:14:35+00:00,sapmachine-18.0.1.1,66160612,False,sapmachine-jre-18.0.1.1_linux-ppc64le_bin.tar.gz,linux,ppc64,jre,4048
2026-09-26T02:14:35+00:00,sapmachine-18.0.1.1,66160612,False,sapmachine-jdk-18.0.1.1_linux-ppc64le_bin-symbols.tar.gz,linux,ppc64,jdk,4
2026-09-26T02:14:35+00:00,sapmachine-18.0.1.1,66160612,False,sapmachine-jdk-18.0.1.1_macos-x64_bin.tar.gz,macos,x64,jdk,4960
2026-09-26T02:14:35+00:00,sapmachine-18.0.1.1,66160612,False,sapmachine-jre-18.0.1.1_macos-x64_bin.tar.gz,macos,x64,jre,4056
2026-09-26T02:14:35+00:00,sapmachine-18.0.1.1,66160612,False,sapmachine-jdk-18.0.1.1_macos-x64_bin-symbols.tar.gz,macos,x64,jdk,4
2026-09-26T02:14:35+00:00,sapmachine-18.0.1.1,66160612,False,sapmachine-jdk-18.0.1.1_macos-x64_bin.dmg,macos,x64,jdk,5478
2026-09-26T02:14:35+00:00,sapmachine-18.0.1.1,66160612,False,sapmachine-jre-18.0.1.1_macos-x64_bin.dmg,macos,x64,jre,4084
2026-09-26T02:14:35+00:00,sapmachine-18.0.1.1,66160612,False,sapmachine-jdk-18.0.1.1_macos-aarch64_bin.tar.gz,macos,aarch64,jdk,4877
2026-09-26T02:14:35+00:00,sapmachine-18.0.1.1,66160612,False,sapmachine-jre-18.0.1.1_macos-aarch64_bin.tar.gz,macos,aarch64,jre,4113
2026-09-26T02:14:35+00:00,sapmachine-18.0.1.1,66160612,False,sapmachine-jdk-18.0.1.1_macos-aarch64_bin-symbols.tar.gz,macos,aarch64,jdk,9
2026-09-26T02:14:35+00:00,sapmachine-18.0.1.1,66160612,False,sapmachine-jdk-18.0.1.1_macos-aarch64_bin.dmg,macos,aarch64,jdk,4427
2026-09-26T02:14:35+00:00,sapmachine-18.0.1.1,66160612,False,sapmachine-jre-18.0.1.1_macos-aarch64_bin.dmg,macos,aarch64,jre,4041
2026-09-26T02:14:35+00:00,sapmachine-11.0.15.0.1,65565426,False,sapmachine-jdk-11.0.15.0.1_linux-x64_bin.tar.gz,linux,x64,jdk,59715
2026-09-26T02:14:35+00:00,sapmachine-11.0.15.0.1,65565426,False,sapmachine-jre-11.0.15.0.1_linux-x64_bin.tar.gz,linux,x64,jre,28451
2026-09-26T02:14:35+00:00,sapmachine-11.0.15.0.1,65565426,False,sapmachine-jdk-11.0.15.0.1_linux-x64_bin-symbols.tar.gz,linux,x64,jdk,8
2026-09-26T02:14:35+00:00,sapmachine-11.0.15.0.1,65565426,False,sapmachine-jdk-11.0.15.0.1-beta_linux-aarch64_bin.tar.gz,linux,aarch64,jdk,3690
2026-09-26T02:14:35+00:00,sapmachine-11.0.15.0.1,65565426,False,sapmachine-jre-11.0.15.0.1-beta_linux-aarch64_bin.tar.gz,linux,aarch64,jre,3537
2026-09-26T02:14:35+00:00,sapmachine-11.0.15.0.1,65565426,False,sapmachine-jdk-11.0.15.0.1-beta_linux-aarch64_bin-symbols.tar.gz,linux,aarch64,jdk,14
2026-09-26T02:14:35+00:00,sapmachine-11.0.15.0.1,65565426,False,sapmachine-jdk-11.0.15.0.1-1.x86_64.rpm,linux,x64,jdk,4154
2026-09-26T02:14:35+00:00,sapmachine-11.0.15.0.1,65565426,False,sapmachine-jdk-11.0.15.0.1_windows-x64_bin.zip,windows,x64,jdk,6093
2026-09-26T02:14:35+00:00,sapmachine-11.0.15.0.1,65565426,False,sapmachine-jre-11.0.15.0.1_windows-x64_bin.zip,windows,x64,jre,4405
2026-09-26T02:14:35+00:00,sapmachine-11.0.15.0.1,65565426,False,sapmachine-jdk-11.0.15.0.1_windows-x64_bin-symbols.tar.gz,windows,x64,jdk,13
2026-09-26T02:14:35+00:00,sapmachine-11.0.15.0.1,65565426,False,sapmachine-jdk-11.0.15.0.1_windows-x64_bin.msi,windows,x64,jdk,5942
2026-09-26T02:14:35+00:00,sapmachine-11.0.15.0.1,65565426,False,sapmachine-jre-11.0.15.0.1_windows-x64_bin.msi,windows,x64,jre,4570
2026-09-26T02:14:35+00:00,sapmachine-11.0.15.0.1,65565426,False,sapmachine-jdk-11.0.15.0.1_linux-ppc64le_bin.tar.gz,linux,ppc64,jdk,4048
2026-09-26T02:14:35+00:00,sapmachine-11.0.15.0.1,65565426,False,sapmachine-jre-11.0.15.0.1_linux-ppc64le_bin.tar.gz,linux,ppc64,jre,4071
2026-09-26T02:14:35+00:00,sapmachine-11.0.15.0.1,65565426,False,sapmachine-jdk-11.0.15.0.1_linux-ppc64le_bin-symbols.tar.gz,linux,ppc64,jdk,8
2026-09-26T02:14:35+00:00,sapmachine-11.0.15.0.1,65565426,False,sapmachine-jdk-11.0.15.0.1_osx-x64_bin.tar.gz,macos,x64,jdk,5435
2026-09-26T02:14:35+00:00,sapmachine-11.0.15.0.1,65565426,False,sapmachine-jre-11.0.15.0.1_osx-x64_bin.tar.gz,macos,x64,jre,4105
2026-09-26T02:14:35+00:00,sapmachine-11.0.15.0.1,65565426,False,sapmachine-jdk-11.0.15.0.1_osx-x64_bin-symbols.tar.gz,macos,x64,jdk,4
2026-09-26T02:14:35+00:00,sapmachine-11.0.15.0.1,65565426,False,sapmachine-jdk-11.0.15.0.1_osx-x64_bin.dmg,macos,x64,jdk,7072
2026-09-26T02:14:35+00:00,sapmachine-11.0.15.0.1,65565426,False,sapmachine-jre-11.0.15.0.1_osx-x64_bin.dmg,macos,x64,jre,4227
2026-09-26T02:14:35+00:00,sapmachine-17.0.3.0.1,65560463,False,sapmachine-jdk-17.0.3.0.1_linux-x64_bin.tar.gz,linux,x64,jdk,135963
2026-09-26T02:14:35+00:00,sapmachine-17.0.3.0.1,65560463,False,sapmachine-jre-17.0.3.0.1_linux-x64_bin.tar.gz,linux,x64,jre,9134
2026-09-26T02:14:35+00:00,sapmachine-17.0.3.0.1,65560463,False,sapmachine-jdk-17.0.3.0.1_linux-x64_bin-symbols.tar.gz,linux,x64,jdk,9
2026-09-26T02:14:35+00:00,sapmachine-17.0.3.0.1,65560463,False,sapmachine-jdk-17.0.3.0.1-beta_linux-aarch64_bin.tar.gz,linux,aarch64,jdk,3680
2026-09-26T02:14:35+00:00,sapmachine-17.0.3.0.1,65560463,False,sapmachine-jre-17.0.3.0.1-beta_linux-aarch64_bin.tar.gz,linux,aarch64,jre,3539
2026-09-26T02:14:35+00:00,sapmachine-17.0.3.0.1,65560463,False,sapmachine-jdk-17.0.3.0.1-beta_linux-aarch64_bin-symbols.tar.gz,linux,aarch64,jdk,6
2026-09-26T02:14:35+00:00,sapmachine-17.0.3.0.1,65560463,False,sapmachine-jdk-17.0.3.0.1-1.x86_64.rpm,linux,x64,jdk,3980
2026-09-26T02:14:35+00:00,sapmachine-17.0.3.0.1,65560463,False,sapmachine-jdk-17.0.3.0.1_windows-x64_bin.zip,windows,x64,jdk,5431
2026-09-26T02:14:35+00:00,sapmachine-17.0.3.0.1,65560463,False,sapmachine-jre-17.0.3.0.1_windows-x64_bin.zip,windows,x64,jre,4226
2026-09-26T02:14:35+00:00,sapmachine-17.0.3.0.1,65560463,False,sapmachine-jdk-17.0.3.0.1_windows-x64_bin-symbols.tar.gz,windows,x64,jdk,7
2026-09-26T02:14:35+00:00,sapmachine-17.0.3.0.1,65560463,False,sapmachine-jdk-17.0.3.0.1_windows-x64_bin.msi,windows,x64,jdk,4623
2026-09-26T02:14:35+00:00,sapmachine-17.0.3.0.1,65560463,False,sapmachine-jre-17.0.3.0.1_windows-x64_bin.msi,windows,x64,jre,4171
2026-09-26T02:14:35+00:00,sapmachine-17.0.3.0.1,65560463,False,sapmachine-jdk-17.0.3.0.1_linux-ppc64le_bin.tar.gz,linux,ppc64,jdk,4171
2026-09-26T02:14:35+00:00,sapmachine-17.0.3.0.1,65560463,False,sapmachine-jre-17.0.3.0.1_linux-ppc64le_bin.tar.gz,linux,ppc64,jre,4002
2026-09-26T02:14:35+00:00,sapmachine-17.0.3.0.1,65560463,False,sapmachine-jdk-17.0.3.0.1_linux-ppc64le_bin-symbols.tar.gz,linux,ppc64,jdk,6
2026-09-26T02:14:35+00:00,sapmachine-17.0.3.0.1,65560463,False,sapmachine-jdk-17.0.3.0.1_macos-x64_bin.tar.gz,macos,x64,jdk,4949
2026-09-26T02:14:35+00:00,sapmachine-17.0.3.0.1,65560463,False,sapmachine-jre-17.0.3.0.1_macos-x64_bin.tar.gz,macos,x64,jre,4176
2026-09-26T02:14:35+00:00,sapmachine-17.0.3.0.1,65560463,False,sapmachine-jdk-17.0.3.0.1_macos-x64_bin-symbols.tar.gz,macos,x64,jdk,4
2026-09-26T02:14:35+00:00,sapmachine-17.0.3.0.1,65560463,False,sapmachine-jdk-17.0.3.0.1_macos-x64_bin.dmg,macos,x64,jdk,6542
2026-09-26T02:14:35+00:00,sapmachine-17.0.3.0.1,65560463,False,sapmachine-jre-17.0.3.0.1_macos-x64_bin.dmg,macos,x64,jre,4046
2026-09-26T02:14:35+00:00,sapmachine-17.0.3.0.1,65560463,False,sapmachine-jdk-17.0.3.0.1_macos-aarch64_bin.tar.gz,macos,aarch64,jdk,5018
2026-09-26T02:14:35+00:00,sapmachine-17.0.3.0.1,65560463,False,sapmachine-jre-17.0.3.0.1_macos-aarch64_bin.tar.gz,macos,aarch64,jre,4124
2026-09-26T02:14:35+00:00,sapmachine-17.0.3.0.1,65560463,False,sapmachine-jdk-17.0.3.0.1_macos-aarch64_bin-symbols.tar.gz,macos,aarch64,jdk,4
2026-09-26T02:14:35+00:00,sapmachine-17.0.3.0.1,65560463,False,sapmachine-jdk-17.0.3.0.1_macos-aarch64_bin.dmg,macos,aarch64,jdk,6209
2026-09-26T02:14:35+00:00,sapmachine-17.0.3.0.1,65560463,False,sapmachine-jre-17.0.3.0.1_macos-aarch64_bin.dmg,macos,aarch64,jre,4024
2026-09-26T02:14:35+00:00,sapmachine-17.0.3,64783616,False,sapmachine-jdk-17.0.3_linux-x64_bin.tar.gz,linux,x64,jdk,4705
2026-09-26T02:14:35+00:00,sapmachine-17.0.3,64783616,False,sapmachine-jre-17.0.3_linux-x64_bin.tar.gz,linux,x64,jre,6362
2026-09-26T02:14:35+00:00,sapmachine-17.0.3,64783616,False,sapmachine-jdk-17.0.3_linux-x64_bin-symbols.tar.gz,linux,x64,jdk,6
2026-09-26T02:14:35+00:00,sapmachine-17.0.3,64783616,False,sapmachine-jdk-17.0.3-beta_linux-aarch64_bin.tar.gz,linux,aarch64,jdk,3704
2026-09-26T02:14:35+00:00,sapmachine-17.0.3,64783616,False,sapmachine-jre-17.0.3-beta_linux-aarch64_bin.tar.gz,linux,aarch64,jre,3550
2026-09-26T02:14:35+00:00,sapmachine-17.0.3,64783616,False,sapmachine-jdk-17.0.3-beta_linux-aarch64_bin-symbols.tar.gz,linux,aarch64,jdk,8
2026-09-26T02:14:35+00:00,sapmachine-17.0.3,64783616,False,sapmachine-jdk-17.0.3_windows-x64_bin.zip,windows,x64,jdk,4445
2026-09-26T02:14:35+00:00,sapmachine-17.0.3,64783616,False,sapmachine-jre-17.0.3_windows-x64_bin.zip,windows,x64,jre,4146
2026-09-26T02:14:35+00:00,sapmachine-17.0.3,64783616,False,sapmachine-jdk-17.0.3_windows-x64_bin-symbols.tar.gz,windows,x64,jdk,6
2026-09-26T02:14:35+00:00,sapmachine-17.0.3,64783616,False,sapmachine-jdk-17.0.3_windows-x64_bin.msi,windows,x64,jdk,4236
2026-09-26T02:14:35+00:00,sapmachine-17.0.3,64783616,False,sapmachine-jre-17.0.3_windows-x64_bin.msi,windows,x64,jre,6328
2026-09-26T02:14:35+00:00,sapmachine-17.0.3,64783616,False,sapmachine-jdk-17.0.3_linux-ppc64le_bin.tar.gz,linux,ppc64,jdk,4067
2026-09-26T02:14:35+00:00,sapmachine-17.0.3,64783616,False,sapmachine-jre-17.0.3_linux-ppc64le_bin.tar.gz,linux,ppc64,jre,4055
2026-09-26T02:14:35+00:00,sapmachine-17.0.3,64783616,False,sapmachine-jdk-17.0.3_linux-ppc64le_bin-symbols.tar.gz,linux,ppc64,jdk,6
2026-09-26T02:14:35+00:00,sapmachine-17.0.3,64783616,False,sapmachine-jdk-17.0.3-1.x86_64.rpm,linux,x64,jdk,3927
2026-09-26T02:14:35+00:00,sapmachine-17.0.3,64783616,False,sapmachine-jdk-17.0.3_macos-x64_bin.tar.gz,macos,x64,jdk,4380
2026-09-26T02:14:35+00:00,sapmachine-17.0.3,64783616,False,sapmachine-jre-17.0.3_macos-x64_bin.tar.gz,macos,x64,jre,4115
2026-09-26T02:14:35+00:00,sapmachine-17.0.3,64783616,False,sapmachine-jdk-17.0.3_macos-x64_bin-symbols.tar.gz,macos,x64,jdk,5
2026-09-26T02:14:35+00:00,sapmachine-17.0.3,64783616,False,sapmachine-jdk-17.0.3_macos-x64_bin.dmg,macos,x64,jdk,4466
2026-09-26T02:14:35+00:00,sapmachine-17.0.3,64783616,False,sapmachine-jre-17.0.3_macos-x64_bin.dmg,macos,x64,jre,4081
2026-09-26T02:14:35+00:00,sapmachine-17.0.3,64783616,False,sapmachine-jdk-17.0.3_macos-aarch64_bin.tar.gz,macos,aarch64,jdk,4386
2026-09-26T02:14:35+00:00,sapmachine-17.0.3,64783616,False,sapmachine-jre-17.0.3_macos-aarch64_bin.tar.gz,macos,aarch64,jre,4119
2026-09-26T02:14:35+00:00,sapmachine-17.0.3,64783616,False,sapmachine-jdk-17.0.3_macos-aarch64_bin-symbols.tar.gz,macos,aarch64,jdk,7
2026-09-26T02:14:35+00:00,sapmachine-17.0.3,64783616,False,sapmachine-jdk-17.0.3_macos-aarch64_bin.dmg,macos,aarch64,jdk,4376
2026-09-26T02:14:35+00:00,sapmachine-17.0.3,64783616,False,sapmachine-jre-17.0.3_macos-aarch64_bin.dmg,macos,aarch64,jre,4023
2026-09-26T02:14:35+00:00,sapmachine-18.0.1,64782703,False,sapmachine-jdk-18.0.1_linux-x64_bin.tar.gz,linux,x64,jdk,4699
2026-09-26T02:14:35+00:00,sapmachine-18.0.1,64782703,False,sapmachine-jre-18.0.1_linux-x64_bin.tar.gz,linux,x64,jre,5782
2026-09-26T02:14:35+00:00,sapmachine-18.0.1,64782703,False,sapmachine-jdk-18.0.1_linux-x64_bin-symbols.tar.gz,linux,x64,jdk,4
2026-09-26T02:14:35+00:00,sapmachine-18.0.1,64782703,False,sapmachine-jdk-18.0.1-beta_linux-aarch64_bin.tar.gz,linux,aarch64,jdk,3536
2026-09-26T02:14:35+00:00,sapmachine-18.0.1,64782703,False,sapmachine-jre-18.0.1-beta_linux-aarch64_bin.tar.gz,linux,aarch64,jre,3552
2026-09-26T02:14:35+00:00,sapmachine-18.0.1,64782703,False,sapmachine-jdk-18.0.1-beta_linux-aarch64_bin-symbols.tar.gz,linux,aarch64,jdk,7
2026-09-26T02:14:35+00:00,sapmachine-18.0.1,64782703,False,sapmachine-jdk-18.0.1_windows-x64_bin.zip,windows,x64,jdk,4578
2026-09-26T02:14:35+00:00,sapmachine-18.0.1,64782703,False,sapmachine-jre-18.0.1_windows-x64_bin.zip,windows,x64,jre,4169
2026-09-26T02:14:35+00:00,sapmachine-18.0.1,64782703,False,sapmachine-jdk-18.0.1_windows-x64_bin-symbols.tar.gz,windows,x64,jdk,6
2026-09-26T02:14:35+00:00,sapmachine-18.0.1,64782703,False,sapmachine-jdk-18.0.1_windows-x64_bin.msi,windows,x64,jdk,5175
2026-09-26T02:14:35+00:00,sapmachine-18.0.1,64782703,False,sapmachine-jre-18.0.1_windows-x64_bin.msi,windows,x64,jre,4487
2026-09-26T02:14:35+00:00,sapmachine-18.0.1,64782703,False,sapmachine-jdk-18.0.1_linux-ppc64le_bin.tar.gz,linux,ppc64,jdk,4059
2026-09-26T02:14:35+00:00,sapmachine-18.0.1,64782703,False,sapmachine-jre-18.0.1_linux-ppc64le_bin.tar.gz,linux,ppc64,jre,4062
2026-09-26T02:14:35+00:00,sapmachine-18.0.1,64782703,False,sapmachine-jdk-18.0.1_linux-ppc64le_bin-symbols.tar.gz,linux,ppc64,jdk,6
2026-09-26T02:14:35+00:00,sapmachine-18.0.1,64782703,False,sapmachine-jdk-18.0.1-1.x86_64.rpm,linux,x64,jdk,3941
2026-09-26T02:14:35+00:00,sapmachine-18.0.1,64782703,False,sapmachine-jdk-18.0.1_macos-x64_bin.tar.gz,macos,x64,jdk,4519
2026-09-26T02:14:35+00:00,sapmachine-18.0.1,64782703,False,sapmachine-jre-18.0.1_macos-x64_bin.tar.gz,macos,x64,jre,4158
2026-09-26T02:14:35+00:00,sapmachine-18.0.1,64782703,False,sapmachine-jdk-18.0.1_macos-x64_bin-symbols.tar.gz,macos,x64,jdk,7
2026-09-26T02:14:35+00:00,sapmachine-18.0.1,64782703,False,sapmachine-jdk-18.0.1_macos-x64_bin.dmg,macos,x64,jdk,4429
2026-09-26T02:14:35+00:00,sapmachine-18.0.1,64782703,False,sapmachine-jre-18.0.1_macos-x64_bin.dmg,macos,x64,jre,4066
2026-09-26T02:14:35+00:00,sapmachine-18.0.1,64782703,False,sapmachine-jdk-18.0.1_macos-aarch64_bin.tar.gz,macos,aarch64,jdk,4503
2026-09-26T02:14:35+00:00,sapmachine-18.0.1,64782703,False,sapmachine-jre-18.0.1_macos-aarch64_bin.tar.gz,macos,aarch64,jre,4180
2026-09-26T02:14:35+00:00,sapmachine-18.0.1,64782703,False,sapmachine-jdk-18.0.1_macos-aarch64_bin-symbols.tar.gz,macos,aarch64,jdk,7
2026-09-26T02:14:35+00:00,sapmachine-18.0.1,64782703,False,sapmachine-jdk-18.0.1_macos-aarch64_bin.dmg,macos,aarch64,jdk,4167
2026-09-26T02:14:35+00:00,sapmachine-18.0.1,64782703,False,sapmachine-jre-18.0.1_macos-aarch64_bin.dmg,macos,aarch64,jre,4080
2026-09-26T02:14:35+00:00,sapmachine-11.0.15,64783940,False,sapmachine-jdk-11.0.15_linux-x64_bin.tar.gz,linux,x64,jdk,10638
2026-09-26T02:14:35+00:00,sapmachine-11.0.15,64783940,False,sapmachine-jre-11.0.15_linux-x64_bin.tar.gz,linux,x64,jre,8925
2026-09-26T02:14:35+00:00,sapmachine-11.0.15,64783940,False,sapmachine-jdk-11.0.15_linux-x64_bin-symbols.tar.gz,linux,x64,jdk,6
2026-09-26T02:14:35+00:00,sapmachine-11.0.15,64783940,False,sapmachine-jdk-11.0.15-beta_linux-aarch64_bin.tar.gz,linux,aarch64,jdk,3698
2026-09-26T02:14:35+00:00,sapmachine-11.0.15,64783940,False,sapmachine-jre-11.0.15-beta_linux-aarch64_bin.tar.gz,linux,aarch64,jre,3545
2026-09-26T02:14:35+00:00,sapmachine-11.0.15,64783940,False,sapmachine-jdk-11.0.15-beta_linux-aarch64_bin-symbols.tar.gz,linux,aarch64,jdk,7
2026-09-26T02:14:35+00:00,sapmachine-11.0.15,64783940,False,sapmachine-jdk-11.0.15_windows-x64_bin.zip,windows,x64,jdk,4596
2026-09-26T02:14:35+00:00,sapmachine-11.0.15,64783940,False,sapmachine-jre-11.0.15_windows-x64_bin.zip,windows,x64,jre,4167
2026-09-26T02:14:35+00:00,sapmachine-11.0.15,64783940,False,sapmachine-jdk-11.0.15_windows-x64_bin-symbols.tar.gz,windows,x64,jdk,6
2026-09-26T02:14:35+00:00,sapmachine-11.0.15,64783940,False,sapmachine-jdk-11.0.15_windows-x64_bin.msi,windows,x64,jdk,6602
2026-09-26T02:14:35+00:00,sapmachine-11.0.15,64783940,False,sapmachine-jre-11.0.15_windows-x64_bin.msi,windows,x64,jre,6382
2026-09-26T02:14:35+00:00,sapmachine-11.0.15,64783940,False,sapmachine-jdk-11.0.15_linux-ppc64le_bin.tar.gz,linux,ppc64,jdk,4134
2026-09-26T02:14:35+00:00,sapmachine-11.0.15,64783940,False,sapmachine-jre-11.0.15_linux-ppc64le_bin.tar.gz,linux,ppc64,jre,4155
2026-09-26T02:14:35+00:00,sapmachine-11.0.15,64783940,False,sapmachine-jdk-11.0.15_linux-ppc64le_bin-symbols.tar.gz,linux,ppc64,jdk,6
2026-09-26T02:14:35+00:00,sapmachine-11.0.15,64783940,False,sapmachine-jdk-11.0.15-1.x86_64.rpm,linux,x64,jdk,3961
2026-09-26T02:14:35+00:00,sapmachine-11.0.15,64783940,False,sapmachine-jdk-11.0.15_osx-x64_bin.tar.gz,macos,x64,jdk,4590
2026-09-26T02:14:35+00:00,sapmachine-11.0.15,64783940,False,sapmachine-jre-11.0.15_osx-x64_bin.tar.gz,macos,x64,jre,4130
2026-09-26T02:14:35+00:00,sapmachine-11.0.15,64783940,False,sapmachine-jdk-11.0.15_osx-x64_bin-symbols.tar.gz,macos,x64,jdk,8
2026-09-26T02:14:35+00:00,sapmachine-11.0.15,64783940,False,sapmachine-jdk-11.0.15_osx-x64_bin.dmg,macos,x64,jdk,4519
2026-09-26T02:14:35+00:00,sapmachine-11.0.15,64783940,False,sapmachine-jre-11.0.15_osx-x64_bin.dmg,macos,x64,jre,4052
2026-09-26T02:14:35+00:00,sapmachine-18,62373994,False,sapmachine-jdk-18_linux-x64_bin.tar.gz,linux,x64,jdk,9856
2026-09-26T02:14:35+00:00,sapmachine-18,62373994,False,sapmachine-jre-18_linux-x64_bin.tar.gz,linux,x64,jre,6300
2026-09-26T02:14:35+00:00,sapmachine-18,62373994,False,sapmachine-jdk-18_linux-x64_bin-symbols.tar.gz,linux,x64,jdk,5
2026-09-26T02:14:35+00:00,sapmachine-18,62373994,False,sapmachine-jdk-18-beta_linux-aarch64_bin.tar.gz,linux,aarch64,jdk,3702
2026-09-26T02:14:35+00:00,sapmachine-18,62373994,False,sapmachine-jre-18-beta_linux-aarch64_bin.tar.gz,linux,aarch64,jre,3579
2026-09-26T02:14:35+00:00,sapmachine-18,62373994,False,sapmachine-jdk-18-beta_linux-aarch64_bin-symbols.tar.gz,linux,aarch64,jdk,5
2026-09-26T02:14:35+00:00,sapmachine-18,62373994,False,sapmachine-jdk-18-1.x86_64.rpm,linux,x64,jdk,4010
2026-09-26T02:14:35+00:00,sapmachine-18,62373994,False,sapmachine-jdk-18_windows-x64_bin.zip,windows,x64,jdk,5651
2026-09-26T02:14:35+00:00,sapmachine-18,62373994,False,sapmachine-jre-18_windows-x64_bin.zip,windows,x64,jre,4772
2026-09-26T02:14:35+00:00,sapmachine-18,62373994,False,sapmachine-jdk-18_windows-x64_bin-symbols.tar.gz,windows,x64,jdk,5
2026-09-26T02:14:35+00:00,sapmachine-18,62373994,False,sapmachine-jdk-18_windows-x64_bin.msi,windows,x64,jdk,5630
2026-09-26T02:14:35+00:00,sapmachine-18,62373994,False,sapmachine-jre-18_windows-x64_bin.msi,windows,x64,jre,4520
2026-09-26T02:14:35+00:00,sapmachine-18,62373994,False,sapmachine-jdk-18_linux-ppc64le_bin.tar.gz,linux,ppc64,jdk,4094
2026-09-26T02:14:35+00:00,sapmachine-18,62373994,False,sapmachine-jre-18_linux-ppc64le_bin.tar.gz,linux,ppc64,jre,4133
2026-09-26T02:14:35+00:00,sapmachine-18,62373994,False,sapmachine-jdk-18_linux-ppc64le_bin-symbols.tar.gz,linux,ppc64,jdk,5
2026-09-26T02:14:35+00:00,sapmachine-18,62373994,False,sapmachine-jdk-18_macos-x64_bin.tar.gz,macos,x64,jdk,4946
2026-09-26T02:14:35+00:00,sapmachine-18,62373994,False,sapmachine-jre-18_macos-x64_bin.tar.gz,macos,x64,jre,4181
2026-09-26T02:14:35+00:00,sapmachine-18,62373994,False,sapmachine-jdk-18_macos-x64_bin-symbols.tar.gz,macos,x64,jdk,6
2026-09-26T02:14:35+00:00,sapmachine-18,62373994,False,sapmachine-jdk-18_macos-x64_bin.dmg,macos,x64,jdk,4857
2026-09-26T02:14:35+00:00,sapmachine-18,62373994,False,sapmachine-jre-18_macos-x64_bin.dmg,macos,x64,jre,4207
2026-09-26T02:14:35+00:00,sapmachine-18,62373994,False,sapmachine-jdk-18_macos-aarch64_bin.tar.gz,macos,aarch64,jdk,4729
2026-09-26T02:14:35+00:00,sapmachine-18,62373994,False,sapmachine-jre-18_macos-aarch64_bin.tar.gz,macos,aarch64,jre,4237
2026-09-26T02:14:35+00:00,sapmachine-18,62373994,False,sapmachine-jdk-18_macos-aarch64_bin-symbols.tar.gz,macos,aarch64,jdk,6
2026-09-26T02:14:35+00:00,sapmachine-18,62373994,False,sapmachine-jdk-18_macos-aarch64_bin.dmg,macos,aarch64,jdk,4279
2026-09-26T02:14:35+00:00,sapmachine-18,62373994,False,sapmachine-jre-18_macos-aarch64_bin.dmg,macos,aarch64,jre,4137
2026-09-26T02:14:35+00:00,sapmachine-11.0.14.1,58939848,False,sapmachine-jdk-11.0.14.1-beta_linux-aarch64_bin.tar.gz,linux,aarch64,jdk,3863
2026-09-26T02:14:35+00:00,sapmachine-11.0.14.1,58939848,False,sapmachine-jre-11.0.14.1-beta_linux-aarch64_bin.tar.gz,linux,aarch64,jre,3616
2026-09-26T02:14:35+00:00,sapmachine-11.0.14.1,58939848,False,sapmachine-jdk-11.0.14.1-beta_linux-aarch64_bin-symbols.tar.gz,linux,aarch64,jdk,9
2026-09-26T02:14:35+00:00,sapmachine-11.0.14.1,58939848,False,sapmachine-jdk-11.0.14.1_linux-x64_bin.tar.gz,linux,x64,jdk,68442
2026-09-26T02:14:35+00:00,sapmachine-11.0.14.1,58939848,False,sapmachine-jre-11.0.14.1_linux-x64_bin.tar.gz,linux,x64,jre,20156
2026-09-26T02:14:35+00:00,sapmachine-11.0.14.1,58939848,False,sapmachine-jdk-11.0.14.1_linux-x64_bin-symbols.tar.gz,linux,x64,jdk,10
2026-09-26T02:14:35+00:00,sapmachine-11.0.14.1,58939848,False,sapmachine-jdk-11.0.14.1_windows-x64_bin.zip,windows,x64,jdk,6601
2026-09-26T02:14:35+00:00,sapmachine-11.0.14.1,58939848,False,sapmachine-jre-11.0.14.1_windows-x64_bin.zip,windows,x64,jre,4687
2026-09-26T02:14:35+00:00,sapmachine-11.0.14.1,58939848,False,sapmachine-jdk-11.0.14.1_windows-x64_bin-symbols.tar.gz,windows,x64,jdk,8
2026-09-26T02:14:35+00:00,sapmachine-11.0.14.1,58939848,False,sapmachine-jdk-11.0.14.1_windows-x64_bin.msi,windows,x64,jdk,5669
2026-09-26T02:14:35+00:00,sapmachine-11.0.14.1,58939848,False,sapmachine-jre-11.0.14.1_windows-x64_bin.msi,windows,x64,jre,4725
2026-09-26T02:14:35+00:00,sapmachine-11.0.14.1,58939848,False,sapmachine-jdk-11.0.14.1_linux-ppc64le_bin.tar.gz,linux,ppc64,jdk,4309
2026-09-26T02:14:35+00:00,sapmachine-11.0.14.1,58939848,False,sapmachine-jre-11.0.14.1_linux-ppc64le_bin.tar.gz,linux,ppc64,jre,4169
2026-09-26T02:14:35+00:00,sapmachine-11.0.14.1,58939848,False,sapmachine-jdk-11.0.14.1_linux-ppc64le_bin-symbols.tar.gz,linux,ppc64,jdk,7
2026-09-26T02:14:35+00:00,sapmachine-11.0.14.1,58939848,False,sapmachine-jdk-11.0.14.1-1.x86_64.rpm,linux,x64,jdk,4438
2026-09-26T02:14:35+00:00,sapmachine-11.0.14.1,58939848,False,sapmachine-jdk-11.0.14.1_osx-x64_bin.tar.gz,macos,x64,jdk,5931
2026-09-26T02:14:35+00:00,sapmachine-11.0.14.1,58939848,False,sapmachine-jre-11.0.14.1_osx-x64_bin.tar.gz,macos,x64,jre,4272
2026-09-26T02:14:35+00:00,sapmachine-11.0.14.1,58939848,False,sapmachine-jdk-11.0.14.1_osx-x64_bin-symbols.tar.gz,macos,x64,jdk,5
2026-09-26T02:14:35+00:00,sapmachine-11.0.14.1,58939848,False,sapmachine-jdk-11.0.14.1_osx-x64_bin.dmg,macos,x64,jdk,8149
2026-09-26T02:14:35+00:00,sapmachine-11.0.14.1,58939848,False,sapmachine-jre-11.0.14.1_osx-x64_bin.dmg,macos,x64,jre,4289
2026-09-26T02:14:35+00:00,sapmachine-17.0.2,57405100,False,sapmachine-jdk-17.0.2-beta_linux-aarch64_bin.tar.gz,linux,aarch64,jdk,3941
2026-09-26T02:14:35+00:00,sapmachine-17.0.2,57405100,False,sapmachine-jre-17.0.2-beta_linux-aarch64_bin.tar.gz,linux,aarch64,jre,3641
2026-09-26T02:14:35+00:00,sapmachine-17.0.2,57405100,False,sapmachine-jdk-17.0.2-beta_linux-aarch64_bin-symbols.tar.gz,linux,aarch64,jdk,6
2026-09-26T02:14:35+00:00,sapmachine-17.0.2,57405100,False,sapmachine-jdk-17.0.2_linux-x64_bin.tar.gz,linux,x64,jdk,14288
2026-09-26T02:14:35+00:00,sapmachine-17.0.2,57405100,False,sapmachine-jre-17.0.2_linux-x64_bin.tar.gz,linux,x64,jre,9827
2026-09-26T02:14:35+00:00,sapmachine-17.0.2,57405100,False,sapmachine-jdk-17.0.2_linux-x64_bin-symbols.tar.gz,linux,x64,jdk,8
2026-09-26T02:14:35+00:00,sapmachine-17.0.2,57405100,False,sapmachine-jdk-17.0.2_windows-x64_bin.zip,windows,x64,jdk,20446
2026-09-26T02:14:35+00:00,sapmachine-17.0.2,57405100,False,sapmachine-jre-17.0.2_windows-x64_bin.zip,windows,x64,jre,4954
2026-09-26T02:14:35+00:00,sapmachine-17.0.2,57405100,False,sapmachine-jdk-17.0.2_windows-x64_bin-symbols.tar.gz,windows,x64,jdk,6
2026-09-26T02:14:35+00:00,sapmachine-17.0.2,57405100,False,sapmachine-jdk-17.0.2_windows-x64_bin.msi,windows,x64,jdk,6713
2026-09-26T02:14:35+00:00,sapmachine-17.0.2,57405100,False,sapmachine-jre-17.0.2_windows-x64_bin.msi,windows,x64,jre,5052
2026-09-26T02:14:35+00:00,sapmachine-17.0.2,57405100,False,sapmachine-jdk-17.0.2_macos-x64_bin.tar.gz,macos,x64,jdk,5817
2026-09-26T02:14:35+00:00,sapmachine-17.0.2,57405100,False,sapmachine-jre-17.0.2_macos-x64_bin.tar.gz,macos,x64,jre,4382
2026-09-26T02:14:35+00:00,sapmachine-17.0.2,57405100,False,sapmachine-jdk-17.0.2_macos-x64_bin-symbols.tar.gz,macos,x64,jdk,9
2026-09-26T02:14:35+00:00,sapmachine-17.0.2,57405100,False,sapmachine-jdk-17.0.2_macos-x64_bin.dmg,macos,x64,jdk,9286
2026-09-26T02:14:35+00:00,sapmachine-17.0.2,57405100,False,sapmachine-jre-17.0.2_macos-x64_bin.dmg,macos,x64,jre,4438
2026-09-26T02:14:35+00:00,sapmachine-17.0.2,57405100,False,sapmachine-jdk-17.0.2_macos-aarch64_bin.tar.gz,macos,aarch64,jdk,5830
2026-09-26T02:14:35+00:00,sapmachine-17.0.2,57405100,False,sapmachine-jre-17.0.2_macos-aarch64_bin.tar.gz,macos,aarch64,jre,4396
2026-09-26T02:14:35+00:00,sapmachine-17.0.2,57405100,False,sapmachine-jdk-17.0.2_macos-aarch64_bin-symbols.tar.gz,macos,aarch64,jdk,6
2026-09-26T02:14:35+00:00,sapmachine-17.0.2,57405100,False,sapmachine-jdk-17.0.2_macos-aarch64_bin.dmg,macos,aarch64,jdk,8109
2026-09-26T02:14:35+00:00,sapmachine-17.0.2,57405100,False,sapmachine-jre-17.0.2_macos-aarch64_bin.dmg,macos,aarch64,jre,4383
2026-09-26T02:14:35+00:00,sapmachine-17.0.2,57405100,False,sapmachine-jdk-17.0.2_linux-ppc64le_bin.tar.gz,linux,ppc64,jdk,4454
2026-09-26T02:14:35+00:00,sapmachine-17.0.2,57405100,False,sapmachine-jre-17.0.2_linux-ppc64le_bin.tar.gz,linux,ppc64,jre,4314
2026-09-26T02:14:35+00:00,sapmachine-17.0.2,57405100,False,sapmachine-jdk-17.0.2_linux-ppc64le_bin-symbols.tar.gz,linux,ppc64,jdk,5
2026-09-26T02:14:35+00:00,sapmachine-17.0.2,57405100,False,sapmachine-jdk-17.0.2-1.x86_64.rpm,linux,x64,jdk,17383
2026-09-26T02:14:35+00:00,sapmachine-11.0.14,57403970,False,sapmachine-jdk-11.0.14-beta_linux-aarch64_bin.tar.gz,linux,aarch64,jdk,3848
2026-09-26T02:14:35+00:00,sapmachine-11.0.14,57403970,False,sapmachine-jre-11.0.14-beta_linux-aarch64_bin.tar.gz,linux,aarch64,jre,3637
2026-09-26T02:14:35+00:00,sapmachine-11.0.14,57403970,False,sapmachine-jdk-11.0.14-beta_linux-aarch64_bin-symbols.tar.gz,linux,aarch64,jdk,3
2026-09-26T02:14:35+00:00,sapmachine-11.0.14,57403970,False,sapmachine-jdk-11.0.14_linux-x64_bin.tar.gz,linux,x64,jdk,15956
2026-09-26T02:14:35+00:00,sapmachine-11.0.14,57403970,False,sapmachine-jre-11.0.14_linux-x64_bin.tar.gz,linux,x64,jre,13864
2026-09-26T02:14:35+00:00,sapmachine-11.0.14,57403970,False,sapmachine-jdk-11.0.14_linux-x64_bin-symbols.tar.gz,linux,x64,jdk,6
2026-09-26T02:14:35+00:00,sapmachine-11.0.14,57403970,False,sapmachine-jdk-11.0.14_windows-x64_bin.zip,windows,x64,jdk,5405
2026-09-26T02:14:35+00:00,sapmachine-11.0.14,57403970,False,sapmachine-jre-11.0.14_windows-x64_bin.zip,windows,x64,jre,4632
2026-09-26T02:14:35+00:00,sapmachine-11.0.14,57403970,False,sapmachine-jdk-11.0.14_windows-x64_bin-symbols.tar.gz,windows,x64,jdk,7
2026-09-26T02:14:35+00:00,sapmachine-11.0.14,57403970,False,sapmachine-jdk-11.0.14_windows-x64_bin.msi,windows,x64,jdk,4639
2026-09-26T02:14:35+00:00,sapmachine-11.0.14,57403970,False,sapmachine-jre-11.0.14_windows-x64_bin.msi,windows,x64,jre,4490
2026-09-26T02:14:35+00:00,sapmachine-11.0.14,57403970,False,sapmachine-jdk-11.0.14_linux-ppc64le_bin.tar.gz,linux,ppc64,jdk,4400
2026-09-26T02:14:35+00:00,sapmachine-11.0.14,57403970,False,sapmachine-jre-11.0.14_linux-ppc64le_bin.tar.gz,linux,ppc64,jre,4373
2026-09-26T02:14:35+00:00,sapmachine-11.0.14,57403970,False,sapmachine-jdk-11.0.14_linux-ppc64le_bin-symbols.tar.gz,linux,ppc64,jdk,5
2026-09-26T02:14:35+00:00,sapmachine-11.0.14,57403970,False,sapmachine-jdk-11.0.14_osx-x64_bin.tar.gz,macos,x64,jdk,5043
2026-09-26T02:14:35+00:00,sapmachine-11.0.14,57403970,False,sapmachine-jre-11.0.14_osx-x64_bin.tar.gz,macos,x64,jre,4338
2026-09-26T02:14:35+00:00,sapmachine-11.0.14,57403970,False,sapmachine-jdk-11.0.14_osx-x64_bin-symbols.tar.gz,macos,x64,jdk,7
2026-09-26T02:14:35+00:00,sapmachine-11.0.14,57403970,False,sapmachine-jdk-11.0.14_osx-x64_bin.dmg,macos,x64,jdk,5479
2026-09-26T02:14:35+00:00,sapmachine-11.0.14,57403970,False,sapmachine-jre-11.0.14_osx-x64_bin.dmg,macos,x64,jre,4376
2026-09-26T02:14:35+00:00,sapmachine-11.0.14,57403970,False,sapmachine-jdk-11.0.14-1.x86_64.rpm,linux,x64,jdk,6065
2026-09-26T02:14:35+00:00,sapmachine-17.0.1,51804980,False,sapmachine-jdk-17.0.1_linux-x64_bin.tar.gz,linux,x64,jdk,8240
2026-09-26T02:14:35+00:00,sapmachine-17.0.1,51804980,False,sapmachine-jre-17.0.1_linux-x64_bin.tar.gz,linux,x64,jre,115289
2026-09-26T02:14:35+00:00,sapmachine-17.0.1,51804980,False,sapmachine-jdk-17.0.1_linux-x64_bin-symbols.tar.gz,linux,x64,jdk,4
2026-09-26T02:14:35+00:00,sapmachine-17.0.1,51804980,False,sapmachine-jdk-17.0.1_windows-x64_bin.zip,windows,x64,jdk,10331
2026-09-26T02:14:35+00:00,sapmachine-17.0.1,51804980,False,sapmachine-jre-17.0.1_windows-x64_bin.zip,windows,x64,jre,20632
2026-09-26T02:14:35+00:00,sapmachine-17.0.1,51804980,False,sapmachine-jdk-17.0.1_windows-x64_bin-symbols.tar.gz,windows,x64,jdk,6
2026-09-26T02:14:35+00:00,sapmachine-17.0.1,51804980,False,sapmachine-jdk-17.0.1_windows-x64_bin.msi,windows,x64,jdk,5421
2026-09-26T02:14:35+00:00,sapmachine-17.0.1,51804980,False,sapmachine-jre-17.0.1_windows-x64_bin.msi,windows,x64,jre,4882
2026-09-26T02:14:35+00:00,sapmachine-17.0.1,51804980,False,sapmachine-jdk-17.0.1_linux-ppc64le_bin.tar.gz,linux,ppc64,jdk,4645
2026-09-26T02:14:35+00:00,sapmachine-17.0.1,51804980,False,sapmachine-jre-17.0.1_linux-ppc64le_bin.tar.gz,linux,ppc64,jre,4456
2026-09-26T02:14:35+00:00,sapmachine-17.0.1,51804980,False,sapmachine-jdk-17.0.1_linux-ppc64le_bin-symbols.tar.gz,linux,ppc64,jdk,5
2026-09-26T02:14:35+00:00,sapmachine-17.0.1,51804980,False,sapmachine-jdk-17.0.1-1.x86_64.rpm,linux,x64,jdk,4139
2026-09-26T02:14:35+00:00,sapmachine-17.0.1,51804980,False,sapmachine-jdk-17.0.1-beta_linux-aarch64_bin.tar.gz,linux,aarch64,jdk,3977
2026-09-26T02:14:35+00:00,sapmachine-17.0.1,51804980,False,sapmachine-jre-17.0.1-beta_linux-aarch64_bin.tar.gz,linux,aarch64,jre,3724
2026-09-26T02:14:35+00:00,sapmachine-17.0.1,51804980,False,sapmachine-jdk-17.0.1-beta_linux-aarch64_bin-symbols.tar.gz,linux,aarch64,jdk,5
2026-09-26T02:14:35+00:00,sapmachine-17.0.1,51804980,False,sapmachine-jdk-17.0.1_macos-x64_bin.tar.gz,macos,x64,jdk,5839
2026-09-26T02:14:35+00:00,sapmachine-17.0.1,51804980,False,sapmachine-jre-17.0.1_macos-x64_bin.tar.gz,macos,x64,jre,4981
2026-09-26T02:14:35+00:00,sapmachine-17.0.1,51804980,False,sapmachine-jdk-17.0.1_macos-x64_bin-symbols.tar.gz,macos,x64,jdk,5
2026-09-26T02:14:35+00:00,sapmachine-17.0.1,51804980,False,sapmachine-jdk-17.0.1_macos-x64_bin.dmg,macos,x64,jdk,8773
2026-09-26T02:14:35+00:00,sapmachine-17.0.1,51804980,False,sapmachine-jre-17.0.1_macos-x64_bin.dmg,macos,x64,jre,4586
2026-09-26T02:14:35+00:00,sapmachine-17.0.1,51804980,False,sapmachine-jdk-17.0.1_macos-aarch64_bin.tar.gz,macos,aarch64,jdk,5295
2026-09-26T02:14:35+00:00,sapmachine-17.0.1,51804980,False,sapmachine-jre-17.0.1_macos-aarch64_bin.tar.gz,macos,aarch64,jre,4529
2026-09-26T02:14:35+00:00,sapmachine-17.0.1,51804980,False,sapmachine-jdk-17.0.1_macos-aarch64_bin-symbols.tar.gz,macos,aarch64,jdk,5
2026-09-26T02:14:35+00:00,sapmachine-17.0.1,51804980,False,sapmachine-jdk-17.0.1_macos-aarch64_bin.dmg,macos,aarch64,jdk,7559
2026-09-26T02:14:35+00:00,sapmachine-17.0.1,51804980,False,sapmachine-jre-17.0.1_macos-aarch64_bin.dmg,macos,aarch64,jre,4580
2026-09-26T02:14:35+00:00,sapmachine-11.0.13,51636996,False,sapmachine-jdk-11.0.13-beta_linux-aarch64_bin.tar.gz,linux,aarch64,jdk,3997
2026-09-26T02:14:35+00:00,sapmachine-11.0.13,51636996,False,sapmachine-jre-11.0.13-beta_linux-aarch64_bin.tar.gz,linux,aarch64,jre,3725
2026-09-26T02:14:35+00:00,sapmachine-11.0.13,51636996,False,sapmachine-jdk-11.0.13-beta_linux-aarch64_bin-symbols.tar.gz,linux,aarch64,jdk,3
2026-09-26T02:14:35+00:00,sapmachine-11.0.13,51636996,False,sapmachine-jdk-11.0.13_windows-x64_bin.zip,windows,x64,jdk,8885
2026-09-26T02:14:35+00:00,sapmachine-11.0.13,51636996,False,sapmachine-jre-11.0.13_windows-x64_bin.zip,windows,x64,jre,5775
2026-09-26T02:14:35+00:00,sapmachine-11.0.13,51636996,False,sapmachine-jdk-11.0.13_windows-x64_bin-symbols.tar.gz,windows,x64,jdk,6
2026-09-26T02:14:35+00:00,sapmachine-11.0.13,51636996,False,sapmachine-jdk-11.0.13_windows-x64_bin.msi,windows,x64,jdk,5549
2026-09-26T02:14:35+00:00,sapmachine-11.0.13,51636996,False,sapmachine-jre-11.0.13_windows-x64_bin.msi,windows,x64,jre,4820
2026-09-26T02:14:35+00:00,sapmachine-11.0.13,51636996,False,sapmachine-jdk-11.0.13_linux-ppc64le_bin.tar.gz,linux,ppc64,jdk,4609
2026-09-26T02:14:35+00:00,sapmachine-11.0.13,51636996,False,sapmachine-jre-11.0.13_linux-ppc64le_bin.tar.gz,linux,ppc64,jre,4497
2026-09-26T02:14:35+00:00,sapmachine-11.0.13,51636996,False,sapmachine-jdk-11.0.13_linux-ppc64le_bin-symbols.tar.gz,linux,ppc64,jdk,3
2026-09-26T02:14:35+00:00,sapmachine-11.0.13,51636996,False,sapmachine-jdk-11.0.13_linux-x64_bin.tar.gz,linux,x64,jdk,378659
2026-09-26T02:14:35+00:00,sapmachine-11.0.13,51636996,False,sapmachine-jre-11.0.13_linux-x64_bin.tar.gz,linux,x64,jre,23956
2026-09-26T02:14:35+00:00,sapmachine-11.0.13,51636996,False,sapmachine-jdk-11.0.13_linux-x64_bin-symbols.tar.gz,linux,x64,jdk,3
2026-09-26T02:14:35+00:00,sapmachine-11.0.13,51636996,False,sapmachine-jdk-11.0.13-1.x86_64.rpm,linux,x64,jdk,4300
2026-09-26T02:14:35+00:00,sapmachine-11.0.13,51636996,False,sapmachine-jdk-11.0.13_osx-x64_bin.tar.gz,macos,x64,jdk,6126
2026-09-26T02:14:35+00:00,sapmachine-11.0.13,51636996,False,sapmachine-jdk-11.0.13_osx-x64_bin-symbols.tar.gz,macos,x64,jdk,6
2026-09-26T02:14:35+00:00,sapmachine-11.0.13,51636996,False,sapmachine-jdk-11.0.13_osx-x64_bin.dmg,macos,x64,jdk,8099
2026-09-26T02:14:35+00:00,sapmachine-11.0.13,51636996,False,sapmachine-jre-11.0.13_osx-x64_bin.dmg,macos,x64,jre,4614
2026-09-26T02:14:35+00:00,sapmachine-11.0.13,51636996,False,sapmachine-jre-11.0.13_osx-x64_bin.tar.gz,macos,x64,jre,4508
2026-09-26T02:14:35+00:00,sapmachine-17,49519526,False,sapmachine-jdk-17_macos-x64_bin.tar.gz,macos,x64,jdk,5740
2026-09-26T02:14:35+00:00,sapmachine-17,49519526,False,sapmachine-jre-17_macos-x64_bin.tar.gz,macos,x64,jre,5238
2026-09-26T02:14:35+00:00,sapmachine-17,49519526,False,sapmachine-jdk-17_macos-x64_bin-symbols.tar.gz,macos,x64,jdk,12
2026-09-26T02:14:35+00:00,sapmachine-17,49519526,False,sapmachine-jdk-17_macos-x64_bin.dmg,macos,x64,jdk,6476
2026-09-26T02:14:35+00:00,sapmachine-17,49519526,False,sapmachine-jre-17_macos-x64_bin.dmg,macos,x64,jre,4548
2026-09-26T02:14:35+00:00,sapmachine-17,49519526,False,sapmachine-jdk-17_macos-aarch64_bin.tar.gz,macos,aarch64,jdk,4983
2026-09-26T02:14:35+00:00,sapmachine-17,49519526,False,sapmachine-jre-17_macos-aarch64_bin.tar.gz,macos,aarch64,jre,4599
2026-09-26T02:14:35+00:00,sapmachine-17,49519526,False,sapmachine-jdk-17_macos-aarch64_bin-symbols.tar.gz,macos,aarch64,jdk,16
2026-09-26T02:14:35+00:00,sapmachine-17,49519526,False,sapmachine-jdk-17_macos-aarch64_bin.dmg,macos,aarch64,jdk,5552
2026-09-26T02:14:35+00:00,sapmachine-17,49519526,False,sapmachine-jre-17_macos-aarch64_bin.dmg,macos,aarch64,jre,4546
2026-09-26T02:14:35+00:00,sapmachine-17,49519526,False,sapmachine-jdk-17-beta_linux-aarch64_bin.tar.gz,linux,aarch64,jdk,4174
2026-09-26T02:14:35+00:00,sapmachine-17,49519526,False,sapmachine-jre-17-beta_linux-aarch64_bin.tar.gz,linux,aarch64,jre,3764
2026-09-26T02:14:35+00:00,sapmachine-17,49519526,False,sapmachine-jdk-17-beta_linux-aarch64_bin-symbols.tar.gz,linux,aarch64,jdk,10
2026-09-26T02:14:35+00:00,sapmachine-17,49519526,False,sapmachine-jdk-17_windows-x64_bin.zip,windows,x64,jdk,8473
2026-09-26T02:14:35+00:00,sapmachine-17,49519526,False,sapmachine-jre-17_windows-x64_bin.zip,windows,x64,jre,5644
2026-09-26T02:14:35+00:00,sapmachine-17,49519526,False,sapmachine-jdk-17_windows-x64_bin-symbols.tar.gz,windows,x64,jdk,11
2026-09-26T02:14:35+00:00,sapmachine-17,49519526,False,sapmachine-jdk-17_windows-x64_bin.msi,windows,x64,jdk,5171
2026-09-26T02:14:35+00:00,sapmachine-17,49519526,False,sapmachine-jre-17_windows-x64_bin.msi,windows,x64,jre,9892
2026-09-26T02:14:35+00:00,sapmachine-17,49519526,False,sapmachine-jdk-17_linux-x64_bin.tar.gz,linux,x64,jdk,9029
2026-09-26T02:14:35+00:00,sapmachine-17,49519526,False,sapmachine-jre-17_linux-x64_bin.tar.gz,linux,x64,jre,32362
2026-09-26T02:14:35+00:00,sapmachine-17,49519526,False,sapmachine-jdk-17_linux-x64_bin-symbols.tar.gz,linux,x64,jdk,12
2026-09-26T02:14:35+00:00,sapmachine-17,49519526,False,sapmachine-jdk-17_linux-ppc64le_bin.tar.gz,linux,ppc64,jdk,4555
2026-09-26T02:14:35+00:00,sapmachine-17,49519526,False,sapmachine-jre-17_linux-ppc64le_bin.tar.gz,linux,ppc64,jre,4494
2026-09-26T02:14:35+00:00,sapmachine-17,49519526,False,sapmachine-jdk-17_linux-ppc64le_bin-symbols.tar.gz,linux,ppc64,jdk,9
2026-09-26T02:14:35+00:00,sapmachine-17,49519526,False,sapmachine-jdk-17-1.x86_64.rpm,linux,x64,jdk,4276
2026-09-26T02:14:35+00:00,sapmachine-16.0.2,46612324,False,sapmachine-jdk-16.0.2_linux-x64_bin.tar.gz,linux,x64,jdk,7765
2026-09-26T02:14:35+00:00,sapmachine-16.0.2,46612324,False,sapmachine-jre-16.0.2_linux-x64_bin.tar.gz,linux,x64,jre,9045
2026-09-26T02:14:35+00:00,sapmachine-16.0.2,46612324,False,sapmachine-jdk-16.0.2_linux-x64_bin-symbols.tar.gz,linux,x64,jdk,8
2026-09-26T02:14:35+00:00,sapmachine-16.0.2,46612324,False,sapmachine-jdk-16.0.2-beta_linux-aarch64_bin.tar.gz,linux,aarch64,jdk,4257
2026-09-26T02:14:35+00:00,sapmachine-16.0.2,46612324,False,sapmachine-jre-16.0.2-beta_linux-aarch64_bin.tar.gz,linux,aarch64,jre,3814
2026-09-26T02:14:35+00:00,sapmachine-16.0.2,46612324,False,sapmachine-jdk-16.0.2-beta_linux-aarch64_bin-symbols.tar.gz,linux,aarch64,jdk,8
2026-09-26T02:14:35+00:00,sapmachine-16.0.2,46612324,False,sapmachine-jdk-16.0.2-1.x86_64.rpm,linux,x64,jdk,4235
2026-09-26T02:14:35+00:00,sapmachine-16.0.2,46612324,False,sapmachine-jdk-16.0.2_windows-x64_bin.zip,windows,x64,jdk,6778
2026-09-26T02:14:35+00:00,sapmachine-16.0.2,46612324,False,sapmachine-jre-16.0.2_windows-x64_bin.zip,windows,x64,jre,5469
2026-09-26T02:14:35+00:00,sapmachine-16.0.2,46612324,False,sapmachine-jdk-16.0.2_windows-x64_bin-symbols.tar.gz,windows,x64,jdk,8
2026-09-26T02:14:35+00:00,sapmachine-16.0.2,46612324,False,sapmachine-jdk-16.0.2_windows-x64_bin.msi,windows,x64,jdk,50415
2026-09-26T02:14:35+00:00,sapmachine-16.0.2,46612324,False,sapmachine-jre-16.0.2_windows-x64_bin.msi,windows,x64,jre,50411
2026-09-26T02:14:35+00:00,sapmachine-16.0.2,46612324,False,sapmachine-jdk-16.0.2_linux-ppc64_bin.tar.gz,linux,ppc64,jdk,4452
2026-09-26T02:14:35+00:00,sapmachine-16.0.2,46612324,False,sapmachine-jre-16.0.2_linux-ppc64_bin.tar.gz,linux,ppc64,jre,4467
2026-09-26T02:14:35+00:00,sapmachine-16.0.2,46612324,False,sapmachine-jdk-16.0.2_linux-ppc64_bin-symbols.tar.gz,linux,ppc64,jdk,7
2026-09-26T02:14:35+00:00,sapmachine-16.0.2,46612324,False,sapmachine-jdk-16.0.2_linux-ppc64le_bin.tar.gz,linux,ppc64,jdk,4543
2026-09-26T02:14:35+00:00,sapmachine-16.0.2,46612324,False,sapmachine-jre-16.0.2_linux-ppc64le_bin.tar.gz,linux,ppc64,jre,4491
2026-09-26T02:14:35+00:00,sapmachine-16.0.2,46612324,False,sapmachine-jdk-16.0.2_linux-ppc64le_bin-symbols.tar.gz,linux,ppc64,jdk,6
2026-09-26T02:14:35+00:00,sapmachine-16.0.2,46612324,False,sapmachine-jdk-16.0.2_osx-x64_bin.tar.gz,macos,x64,jdk,6313
2026-09-26T02:14:35+00:00,sapmachine-16.0.2,46612324,False,sapmachine-jre-16.0.2_osx-x64_bin.tar.gz,macos,x64,jre,5338
2026-09-26T02:14:35+00:00,sapmachine-16.0.2,46612324,False,sapmachine-jdk-16.0.2_osx-x64_bin-symbols.tar.gz,macos,x64,jdk,4
2026-09-26T02:14:35+00:00,sapmachine-16.0.2,46612324,False,sapmachine-jdk-16.0.2_osx-x64_bin.dmg,macos,x64,jdk,5092
2026-09-26T02:14:35+00:00,sapmachine-16.0.2,46612324,False,sapmachine-jre-16.0.2_osx-x64_bin.dmg,macos,x64,jre,4585
2026-09-26T02:14:35+00:00,sapmachine-11.0.12,46498867,False,sapmachine-jdk-11.0.12_linux-x64_bin.tar.gz,linux,x64,jdk,327643
2026-09-26T02:14:35+00:00,sapmachine-11.0.12,46498867,False,sapmachine-jre-11.0.12_linux-x64_bin.tar.gz,linux,x64,jre,33806
2026-09-26T02:14:35+00:00,sapmachine-11.0.12,46498867,False,sapmachine-jdk-11.0.12_linux-x64_bin-symbols.tar.gz,linux,x64,jdk,10
2026-09-26T02:14:35+00:00,sapmachine-11.0.12,46498867,False,sapmachine-jdk-11.0.12-beta_linux-aarch64_bin.tar.gz,linux,aarch64,jdk,4220
2026-09-26T02:14:35+00:00,sapmachine-11.0.12,46498867,False,sapmachine-jre-11.0.12-beta_linux-aarch64_bin.tar.gz,linux,aarch64,jre,3822
2026-09-26T02:14:35+00:00,sapmachine-11.0.12,46498867,False,sapmachine-jdk-11.0.12-beta_linux-aarch64_bin-symbols.tar.gz,linux,aarch64,jdk,10
2026-09-26T02:14:35+00:00,sapmachine-11.0.12,46498867,False,sapmachine-jdk-11.0.12_windows-x64_bin.zip,windows,x64,jdk,92579
2026-09-26T02:14:35+00:00,sapmachine-11.0.12,46498867,False,sapmachine-jre-11.0.12_windows-x64_bin.zip,windows,x64,jre,9156
2026-09-26T02:14:35+00:00,sapmachine-11.0.12,46498867,False,sapmachine-jdk-11.0.12_windows-x64_bin-symbols.tar.gz,windows,x64,jdk,11
2026-09-26T02:14:35+00:00,sapmachine-11.0.12,46498867,False,sapmachine-jdk-11.0.12_windows-x64_bin.msi,windows,x64,jdk,5707
2026-09-26T02:14:35+00:00,sapmachine-11.0.12,46498867,False,sapmachine-jre-11.0.12_windows-x64_bin.msi,windows,x64,jre,4919
2026-09-26T02:14:35+00:00,sapmachine-11.0.12,46498867,False,sapmachine-jdk-11.0.12_osx-x64_bin.tar.gz,macos,x64,jdk,5936
2026-09-26T02:14:35+00:00,sapmachine-11.0.12,46498867,False,sapmachine-jre-11.0.12_osx-x64_bin.tar.gz,macos,x64,jre,4539
2026-09-26T02:14:35+00:00,sapmachine-11.0.12,46498867,False,sapmachine-jdk-11.0.12_osx-x64_bin-symbols.tar.gz,macos,x64,jdk,12
2026-09-26T02:14:35+00:00,sapmachine-11.0.12,46498867,False,sapmachine-jdk-11.0.12_osx-x64_bin.dmg,macos,x64,jdk,8931
2026-09-26T02:14:35+00:00,sapmachine-11.0.12,46498867,False,sapmachine-jre-11.0.12_osx-x64_bin.dmg,macos,x64,jre,4591
2026-09-26T02:14:35+00:00,sapmachine-11.0.12,46498867,False,sapmachine-jdk-11.0.12-1.x86_64.rpm,linux,x64,jdk,5544
2026-09-26T02:14:35+00:00,sapmachine-11.0.12,46498867,False,sapmachine-jdk-11.0.12_linux-ppc64_bin.tar.gz,linux,ppc64,jdk,4490
2026-09-26T02:14:35+00:00,sapmachine-11.0.12,46498867,False,sapmachine-jdk-11.0.12_linux-ppc64le_bin.tar.gz,linux,ppc64,jdk,4577
2026-09-26T02:14:35+00:00,sapmachine-11.0.12,46498867,False,sapmachine-jre-11.0.12_linux-ppc64_bin.tar.gz,linux,ppc64,jre,4484
2026-09-26T02:14:35+00:00,sapmachine-11.0.12,46498867,False,sapmachine-jre-11.0.12_linux-ppc64le_bin.tar.gz,linux,ppc64,jre,4449
2026-09-26T02:14:35+00:00,sapmachine-11.0.12,46498867,False,sapmachine-jdk-11.0.12_linux-ppc64le_bin-symbols.tar.gz,linux,ppc64,jdk,8
2026-09-26T02:14:35+00:00,sapmachine-11.0.12,46498867,False,sapmachine-jdk-11.0.12_linux-ppc64_bin-symbols.tar.gz,linux,ppc64,jdk,8
2026-09-26T02:14:35+00:00,sapmachine-16.0.1,41759412,False,sapmachine-jdk-16.0.1_linux-x64_bin.tar.gz,linux,x64,jdk,7505
2026-09-26T02:14:35+00:00,sapmachine-16.0.1,41759412,False,sapmachine-jre-16.0.1_linux-x64_bin.tar.gz,linux,x64,jre,8829
2026-09-26T02:14:35+00:00,sapmachine-16.0.1,41759412,False,sapmachine-jdk-16.0.1_linux-x64_bin-symbols.tar.gz,linux,x64,jdk,10
2026-09-26T02:14:35+00:00,sapmachine-16.0.1,41759412,False,sapmachine-jdk-16.0.1-1.x86_64.rpm,linux,x64,jdk,4359
2026-09-26T02:14:35+00:00,sapmachine-16.0.1,41759412,False,sapmachine-jdk-16.0.1_windows-x64_bin.zip,windows,x64,jdk,7465
2026-09-26T02:14:35+00:00,sapmachine-16.0.1,41759412,False,sapmachine-jre-16.0.1_windows-x64_bin.zip,windows,x64,jre,6129
2026-09-26T02:14:35+00:00,sapmachine-16.0.1,41759412,False,sapmachine-jdk-16.0.1_windows-x64_bin-symbols.tar.gz,windows,x64,jdk,7
2026-09-26T02:14:35+00:00,sapmachine-16.0.1,41759412,False,sapmachine-jdk-16.0.1_windows-x64_bin.msi,windows,x64,jdk,7041
2026-09-26T02:14:35+00:00,sapmachine-16.0.1,41759412,False,sapmachine-jre-16.0.1_windows-x64_bin.msi,windows,x64,jre,7020
2026-09-26T02:14:35+00:00,sapmachine-16.0.1,41759412,False,sapmachine-jdk-16.0.1_linux-ppc64_bin.tar.gz,linux,ppc64,jdk,4578
2026-09-26T02:14:35+00:00,sapmachine-16.0.1,41759412,False,sapmachine-jre-16.0.1_linux-ppc64_bin.tar.gz,linux,ppc64,jre,4511
2026-09-26T02:14:35+00:00,sapmachine-16.0.1,41759412,False,sapmachine-jdk-16.0.1_linux-ppc64_bin-symbols.tar.gz,linux,ppc64,jdk,11
2026-09-26T02:14:35+00:00,sapmachine-16.0.1,41759412,False,sapmachine-jdk-16.0.1_linux-ppc64le_bin.tar.gz,linux,ppc64,jdk,4719
2026-09-26T02:14:35+00:00,sapmachine-16.0.1,41759412,False,sapmachine-jre-16.0.1_linux-ppc64le_bin.tar.gz,linux,ppc64,jre,4657
2026-09-26T02:14:35+00:00,sapmachine-16.0.1,41759412,False,sapmachine-jdk-16.0.1_linux-ppc64le_bin-symbols.tar.gz,linux,ppc64,jdk,7
2026-09-26T02:14:35+00:00,sapmachine-16.0.1,41759412,False,sapmachine-jdk-16.0.1-beta_linux-aarch64_bin.tar.gz,linux,aarch64,jdk,4351
2026-09-26T02:14:35+00:00,sapmachine-16.0.1,41759412,False,sapmachine-jre-16.0.1-beta_linux-aarch64_bin.tar.gz,linux,aarch64,jre,3910
2026-09-26T02:14:35+00:00,sapmachine-16.0.1,41759412,False,sapmachine-jdk-16.0.1-beta_linux-aarch64_bin-symbols.tar.gz,linux,aarch64,jdk,7
2026-09-26T02:14:35+00:00,sapmachine-16.0.1,41759412,False,sapmachine-jdk-16.0.1_osx-x64_bin.tar.gz,macos,x64,jdk,6952
2026-09-26T02:14:35+00:00,sapmachine-16.0.1,41759412,False,sapmachine-jre-16.0.1_osx-x64_bin.tar.gz,macos,x64,jre,6011
2026-09-26T02:14:35+00:00,sapmachine-16.0.1,41759412,False,sapmachine-jdk-16.0.1_osx-x64_bin-symbols.tar.gz,macos,x64,jdk,9
2026-09-26T02:14:35+00:00,sapmachine-16.0.1,41759412,False,sapmachine-jdk-16.0.1_osx-x64_bin.dmg,macos,x64,jdk,5462
2026-09-26T02:14:35+00:00,sapmachine-16.0.1,41759412,False,sapmachine-jre-16.0.1_osx-x64_bin.dmg,macos,x64,jre,4597
2026-09-26T02:14:35+00:00,sapmachine-11.0.11,41730420,False,sapmachine-jdk-11.0.11_linux-x64_bin.tar.gz,linux,x64,jdk,103557
2026-09-26T02:14:35+00:00,sapmachine-11.0.11,41730420,False,sapmachine-jre-11.0.11_linux-x64_bin.tar.gz,linux,x64,jre,31687
2026-09-26T02:14:35+00:00,sapmachine-11.0.11,41730420,False,sapmachine-jdk-11.0.11_linux-x64_bin-symbols.tar.gz,linux,x64,jdk,8
2026-09-26T02:14:35+00:00,sapmachine-11.0.11,41730420,False,sapmachine-jdk-11.0.11-1.x86_64.rpm,linux,x64,jdk,8254
2026-09-26T02:14:35+00:00,sapmachine-11.0.11,41730420,False,sapmachine-jdk-11.0.11_windows-x64_bin.zip,windows,x64,jdk,14573
2026-09-26T02:14:35+00:00,sapmachine-11.0.11,41730420,False,sapmachine-jre-11.0.11_windows-x64_bin.zip,windows,x64,jre,8869
2026-09-26T02:14:35+00:00,sapmachine-11.0.11,41730420,False,sapmachine-jdk-11.0.11_windows-x64_bin-symbols.tar.gz,windows,x64,jdk,13
2026-09-26T02:14:35+00:00,sapmachine-11.0.11,41730420,False,sapmachine-jdk-11.0.11_windows-x64_bin.msi,windows,x64,jdk,14764
2026-09-26T02:14:35+00:00,sapmachine-11.0.11,41730420,False,sapmachine-jre-11.0.11_windows-x64_bin.msi,windows,x64,jre,13865
2026-09-26T02:14:35+00:00,sapmachine-11.0.11,41730420,False,sapmachine-jdk-11.0.11_osx-x64_bin.tar.gz,macos,x64,jdk,5801
2026-09-26T02:14:35+00:00,sapmachine-11.0.11,41730420,False,sapmachine-jre-11.0.11_osx-x64_bin.tar.gz,macos,x64,jre,4662
2026-09-26T02:14:35+00:00,sapmachine-11.0.11,41730420,False,sapmachine-jdk-11.0.11_osx-x64_bin-symbols.tar.gz,macos,x64,jdk,8
2026-09-26T02:14:35+00:00,sapmachine-11.0.11,41730420,False,sapmachine-jdk-11.0.11_osx-x64_bin.dmg,macos,x64,jdk,8880
2026-09-26T02:14:35+00:00,sapmachine-11.0.11,41730420,False,sapmachine-jre-11.0.11_osx-x64_bin.dmg,macos,x64,jre,4676
2026-09-26T02:14:35+00:00,sapmachine-11.0.11,41730420,False,sapmachine-jdk-11.0.11_linux-ppc64_bin.tar.gz,linux,ppc64,jdk,4561
2026-09-26T02:14:35+00:00,sapmachine-11.0.11,41730420,False,sapmachine-jre-11.0.11_linux-ppc64_bin.tar.gz,linux,ppc64,jre,4513
2026-09-26T02:14:35+00:00,sapmachine-11.0.11,41730420,False,sapmachine-jdk-11.0.11_linux-ppc64_bin-symbols.tar.gz,linux,ppc64,jdk,8
2026-09-26T02:14:35+00:00,sapmachine-11.0.11,41730420,False,sapmachine-jdk-11.0.11_linux-ppc64le_bin.tar.gz,linux,ppc64,jdk,4584
2026-09-26T02:14:35+00:00,sapmachine-11.0.11,41730420,False,sapmachine-jre-11.0.11_linux-ppc64le_bin.tar.gz,linux,ppc64,jre,4557
2026-09-26T02:14:35+00:00,sapmachine-11.0.11,41730420,False,sapmachine-jdk-11.0.11_linux-ppc64le_bin-symbols.tar.gz,linux,ppc64,jdk,10
2026-09-26T02:14:35+00:00,sapmachine-11.0.11,41730420,False,sapmachine-jdk-11.0.11-beta_linux-aarch64_bin.tar.gz,linux,aarch64,jdk,4296
2026-09-26T02:14:35+00:00,sapmachine-11.0.11,41730420,False,sapmachine-jre-11.0.11-beta_linux-aarch64_bin.tar.gz,linux,aarch64,jre,3909
2026-09-26T02:14:35+00:00,sapmachine-11.0.11,41730420,False,sapmachine-jdk-11.0.11-beta_linux-aarch64_bin-symbols.tar.gz,linux,aarch64,jdk,17
2026-09-26T02:14:35+00:00,sapmachine-16,39844832,False,sapmachine-jdk-16_linux-x64_bin.tar.gz,linux,x64,jdk,7454
2026-09-26T02:14:35+00:00,sapmachine-16,39844832,False,sapmachine-jre-16_linux-x64_bin.tar.gz,linux,x64,jre,8692
2026-09-26T02:14:35+00:00,sapmachine-16,39844832,False,sapmachine-jdk-16_linux-x64_bin-symbols.tar.gz,linux,x64,jdk,3
2026-09-26T02:14:35+00:00,sapmachine-16,39844832,False,sapmachine-jdk-16-beta_linux-aarch64_bin.tar.gz,linux,aarch64,jdk,4366
2026-09-26T02:14:35+00:00,sapmachine-16,39844832,False,sapmachine-jre-16-beta_linux-aarch64_bin.tar.gz,linux,aarch64,jre,3960
2026-09-26T02:14:35+00:00,sapmachine-16,39844832,False,sapmachine-jdk-16-beta_linux-aarch64_bin-symbols.tar.gz,linux,aarch64,jdk,4
2026-09-26T02:14:35+00:00,sapmachine-16,39844832,False,sapmachine-jdk-16-1.x86_64.rpm,linux,x64,jdk,4396
2026-09-26T02:14:35+00:00,sapmachine-16,39844832,False,sapmachine-jdk-16_windows-x64_bin.zip,windows,x64,jdk,7633
2026-09-26T02:14:35+00:00,sapmachine-16,39844832,False,sapmachine-jre-16_windows-x64_bin.zip,windows,x64,jre,6817
2026-09-26T02:14:35+00:00,sapmachine-16,39844832,False,sapmachine-jdk-16_windows-x64_bin-symbols.tar.gz,windows,x64,jdk,3
2026-09-26T02:14:35+00:00,sapmachine-16,39844832,False,sapmachine-jdk-16_windows-x64_bin.msi,windows,x64,jdk,4769
2026-09-26T02:14:35+00:00,sapmachine-16,39844832,False,sapmachine-jre-16_windows-x64_bin.msi,windows,x64,jre,4591
2026-09-26T02:14:35+00:00,sapmachine-16,39844832,False,sapmachine-jdk-16_linux-ppc64le_bin.tar.gz,linux,ppc64,jdk,4474
2026-09-26T02:14:35+00:00,sapmachine-16,39844832,False,sapmachine-jre-16_linux-ppc64le_bin.tar.gz,linux,ppc64,jre,4497
2026-09-26T02:14:35+00:00,sapmachine-16,39844832,False,sapmachine-jdk-16_linux-ppc64le_bin-symbols.tar.gz,linux,ppc64,jdk,3
2026-09-26T02:14:35+00:00,sapmachine-16,39844832,False,sapmachine-jdk-16_linux-ppc64_bin.tar.gz,linux,ppc64,jdk,4488
2026-09-26T02:14:35+00:00,sapmachine-16,39844832,False,sapmachine-jre-16_linux-ppc64_bin.tar.gz,linux,ppc64,jre,4476
2026-09-26T02:14:35+00:00,sapmachine-16,39844832,False,sapmachine-jdk-16_linux-ppc64_bin-symbols.tar.gz,linux,ppc64,jdk,3
2026-09-26T02:14:35+00:00,sapmachine-16,39844832,False,sapmachine-jdk-16_osx-x64_bin.tar.gz,macos,x64,jdk,7363
2026-09-26T02:14:35+00:00,sapmachine-16,39844832,False,sapmachine-jre-16_osx-x64_bin.tar.gz,macos,x64,jre,2920
2026-09-26T02:14:35+00:00,sapmachine-16,39844832,False,sapmachine-jdk-16_osx-x64_bin-symbols.tar.gz,macos,x64,jdk,4
2026-09-26T02:14:35+00:00,sapmachine-16,39844832,False,sapmachine-jdk-16_osx-x64_bin.dmg,macos,x64,jdk,5132
2026-09-26T02:14:35+00:00,sapmachine-16,39844832,False,sapmachine-jre-16_osx-x64_bin.dmg,macos,x64,jre,4549
2026-09-26T02:14:35+00:00,sapmachine-15.0.2,36751903,False,sapmachine-jdk-15.0.2_linux-x64_bin.tar.gz,linux,x64,jdk,13595
2026-09-26T02:14:35+00:00,sapmachine-15.0.2,36751903,False,sapmachine-jre-15.0.2_linux-x64_bin.tar.gz,linux,x64,jre,13365
2026-09-26T02:14:35+00:00,sapmachine-15.0.2,36751903,False,sapmachine-jdk-15.0.2_linux-x64_bin-symbols.tar.gz,linux,x64,jdk,5
2026-09-26T02:14:35+00:00,sapmachine-15.0.2,36751903,False,sapmachine-jdk-15.0.2-beta_linux-aarch64_bin.tar.gz,linux,aarch64,jdk,4499
2026-09-26T02:14:35+00:00,sapmachine-15.0.2,36751903,False,sapmachine-jre-15.0.2-beta_linux-aarch64_bin.tar.gz,linux,aarch64,jre,4004
2026-09-26T02:14:35+00:00,sapmachine-15.0.2,36751903,False,sapmachine-jdk-15.0.2-beta_linux-aarch64_bin-symbols.tar.gz,linux,aarch64,jdk,6
2026-09-26T02:14:35+00:00,sapmachine-15.0.2,36751903,False,sapmachine-jdk-15.0.2-1.x86_64.rpm,linux,x64,jdk,4414
2026-09-26T02:14:35+00:00,sapmachine-15.0.2,36751903,False,sapmachine-jdk-15.0.2_windows-x64_bin.zip,windows,x64,jdk,13338
2026-09-26T02:14:35+00:00,sapmachine-15.0.2,36751903,False,sapmachine-jre-15.0.2_windows-x64_bin.zip,windows,x64,jre,7966
2026-09-26T02:14:35+00:00,sapmachine-15.0.2,36751903,False,sapmachine-jdk-15.0.2_windows-x64_bin-symbols.tar.gz,windows,x64,jdk,8
2026-09-26T02:14:35+00:00,sapmachine-15.0.2,36751903,False,sapmachine-jdk-15.0.2_windows-x64_bin.msi,windows,x64,jdk,4732
2026-09-26T02:14:35+00:00,sapmachine-15.0.2,36751903,False,sapmachine-jre-15.0.2_windows-x64_bin.msi,windows,x64,jre,4671
2026-09-26T02:14:35+00:00,sapmachine-15.0.2,36751903,False,sapmachine-jdk-15.0.2_linux-ppc64_bin.tar.gz,linux,ppc64,jdk,4524
2026-09-26T02:14:35+00:00,sapmachine-15.0.2,36751903,False,sapmachine-jre-15.0.2_linux-ppc64_bin.tar.gz,linux,ppc64,jre,4477
2026-09-26T02:14:35+00:00,sapmachine-15.0.2,36751903,False,sapmachine-jdk-15.0.2_linux-ppc64_bin-symbols.tar.gz,linux,ppc64,jdk,6
2026-09-26T02:14:35+00:00,sapmachine-15.0.2,36751903,False,sapmachine-jdk-15.0.2_linux-ppc64le_bin.tar.gz,linux,ppc64,jdk,4495
2026-09-26T02:14:35+00:00,sapmachine-15.0.2,36751903,False,sapmachine-jre-15.0.2_linux-ppc64le_bin.tar.gz,linux,ppc64,jre,4502
2026-09-26T02:14:35+00:00,sapmachine-15.0.2,36751903,False,sapmachine-jdk-15.0.2_linux-ppc64le_bin-symbols.tar.gz,linux,ppc64,jdk,5
2026-09-26T02:14:35+00:00,sapmachine-15.0.2,36751903,False,sapmachine-jdk-15.0.2_osx-x64_bin.tar.gz,macos,x64,jdk,13523
2026-09-26T02:14:35+00:00,sapmachine-15.0.2,36751903,False,sapmachine-jre-15.0.2_osx-x64_bin.tar.gz,macos,x64,jre,7785
2026-09-26T02:14:35+00:00,sapmachine-15.0.2,36751903,False,sapmachine-jdk-15.0.2_osx-x64_bin-symbols.tar.gz,macos,x64,jdk,8
2026-09-26T02:14:35+00:00,sapmachine-15.0.2,36751903,False,sapmachine-jdk-15.0.2_osx-x64_bin.dmg,macos,x64,jdk,5482
2026-09-26T02:14:35+00:00,sapmachine-15.0.2,36751903,False,sapmachine-jre-15.0.2_osx-x64_bin.dmg,macos,x64,jre,4533
2026-09-26T02:14:35+00:00,sapmachine-11.0.10,36625952,False,sapmachine-jdk-11.0.10_linux-x64_bin.tar.gz,linux,x64,jdk,105875
2026-09-26T02:14:35+00:00,sapmachine-11.0.10,36625952,False,sapmachine-jre-11.0.10_linux-x64_bin.tar.gz,linux,x64,jre,32932
2026-09-26T02:14:35+00:00,sapmachine-11.0.10,36625952,False,sapmachine-jdk-11.0.10_linux-x64_bin-symbols.tar.gz,linux,x64,jdk,7
2026-09-26T02:14:35+00:00,sapmachine-11.0.10,36625952,False,sapmachine-jdk-11.0.10-beta_linux-aarch64_bin.tar.gz,linux,aarch64,jdk,4809
2026-09-26T02:14:35+00:00,sapmachine-11.0.10,36625952,False,sapmachine-jre-11.0.10-beta_linux-aarch64_bin.tar.gz,linux,aarch64,jre,4005
2026-09-26T02:14:35+00:00,sapmachine-11.0.10,36625952,False,sapmachine-jdk-11.0.10-beta_linux-aarch64_bin-symbols.tar.gz,linux,aarch64,jdk,7
2026-09-26T02:14:35+00:00,sapmachine-11.0.10,36625952,False,sapmachine-jdk-11.0.10-1.x86_64.rpm,linux,x64,jdk,4650
2026-09-26T02:14:35+00:00,sapmachine-11.0.10,36625952,False,sapmachine-jdk-11.0.10_windows-x64_bin.zip,windows,x64,jdk,15371
2026-09-26T02:14:35+00:00,sapmachine-11.0.10,36625952,False,sapmachine-jre-11.0.10_windows-x64_bin.zip,windows,x64,jre,9542
2026-09-26T02:14:35+00:00,sapmachine-11.0.10,36625952,False,sapmachine-jdk-11.0.10_windows-x64_bin-symbols.tar.gz,windows,x64,jdk,7
2026-09-26T02:14:35+00:00,sapmachine-11.0.10,36625952,False,sapmachine-jdk-11.0.10_windows-x64_bin.msi,windows,x64,jdk,6009
2026-09-26T02:14:35+00:00,sapmachine-11.0.10,36625952,False,sapmachine-jre-11.0.10_windows-x64_bin.msi,windows,x64,jre,5317
2026-09-26T02:14:35+00:00,sapmachine-11.0.10,36625952,False,sapmachine-jdk-11.0.10_linux-ppc64_bin.tar.gz,linux,ppc64,jdk,4588
2026-09-26T02:14:35+00:00,sapmachine-11.0.10,36625952,False,sapmachine-jre-11.0.10_linux-ppc64_bin.tar.gz,linux,ppc64,jre,4461
2026-09-26T02:14:35+00:00,sapmachine-11.0.10,36625952,False,sapmachine-jdk-11.0.10_linux-ppc64_bin-symbols.tar.gz,linux,ppc64,jdk,7
2026-09-26T02:14:35+00:00,sapmachine-11.0.10,36625952,False,sapmachine-jdk-11.0.10_linux-ppc64le_bin.tar.gz,linux,ppc64,jdk,4561
2026-09-26T02:14:35+00:00,sapmachine-11.0.10,36625952,False,sapmachine-jre-11.0.10_linux-ppc64le_bin.tar.gz,linux,ppc64,jre,4481
2026-09-26T02:14:35+00:00,sapmachine-11.0.10,36625952,False,sapmachine-jdk-11.0.10_linux-ppc64le_bin-symbols.tar.gz,linux,ppc64,jdk,6
2026-09-26T02:14:35+00:00,sapmachine-11.0.10,36625952,False,sapmachine-jdk-11.0.10_osx-x64_bin.tar.gz,macos,x64,jdk,5998
2026-09-26T02:14:35+00:00,sapmachine-11.0.10,36625952,False,sapmachine-jre-11.0.10_osx-x64_bin.tar.gz,macos,x64,jre,4555
2026-09-26T02:14:35+00:00,sapmachine-11.0.10,36625952,False,sapmachine-jdk-11.0.10_osx-x64_bin-symbols.tar.gz,macos,x64,jdk,9
2026-09-26T02:14:35+00:00,sapmachine-11.0.10,36625952,False,sapmachine-jdk-11.0.10_osx-x64_bin.dmg,macos,x64,jdk,8032
2026-09-26T02:14:35+00:00,sapmachine-11.0.10,36625952,False,sapmachine-jre-11.0.10_osx-x64_bin.dmg,macos,x64,jre,4656
2026-09-26T02:14:35+00:00,sapmachine-11.0.9.1,33496967,False,sapmachine-jdk-11.0.9.1_linux-x64_bin.tar.gz,linux,x64,jdk,83708
2026-09-26T02:14:35+00:00,sapmachine-11.0.9.1,33496967,False,sapmachine-jre-11.0.9.1_linux-x64_bin.tar.gz,linux,x64,jre,6789
2026-09-26T02:14:35+00:00,sapmachine-11.0.9.1,33496967,False,sapmachine-jdk-11.0.9.1_linux-x64_bin-symbols.tar.gz,linux,x64,jdk,4
2026-09-26T02:14:35+00:00,sapmachine-11.0.9.1,33496967,False,sapmachine-jdk-11.0.9.1-beta_linux-aarch64_bin.tar.gz,linux,aarch64,jdk,4545
2026-09-26T02:14:35+00:00,sapmachine-11.0.9.1,33496967,False,sapmachine-jre-11.0.9.1-beta_linux-aarch64_bin.tar.gz,linux,aarch64,jre,4080
2026-09-26T02:14:35+00:00,sapmachine-11.0.9.1,33496967,False,sapmachine-jdk-11.0.9.1-beta_linux-aarch64_bin-symbols.tar.gz,linux,aarch64,jdk,7
2026-09-26T02:14:35+00:00,sapmachine-11.0.9.1,33496967,False,sapmachine-jdk-11.0.9.1_windows-x64_bin.zip,windows,x64,jdk,11206
2026-09-26T02:14:35+00:00,sapmachine-11.0.9.1,33496967,False,sapmachine-jre-11.0.9.1_windows-x64_bin.zip,windows,x64,jre,5801
2026-09-26T02:14:35+00:00,sapmachine-11.0.9.1,33496967,False,sapmachine-jdk-11.0.9.1_windows-x64_bin-symbols.tar.gz,windows,x64,jdk,5
2026-09-26T02:14:35+00:00,sapmachine-11.0.9.1,33496967,False,sapmachine-jdk-11.0.9.1_linux-ppc64_bin.tar.gz,linux,ppc64,jdk,4581
2026-09-26T02:14:35+00:00,sapmachine-11.0.9.1,33496967,False,sapmachine-jre-11.0.9.1_linux-ppc64_bin.tar.gz,linux,ppc64,jre,4634
2026-09-26T02:14:35+00:00,sapmachine-11.0.9.1,33496967,False,sapmachine-jdk-11.0.9.1_linux-ppc64_bin-symbols.tar.gz,linux,ppc64,jdk,4
2026-09-26T02:14:35+00:00,sapmachine-11.0.9.1,33496967,False,sapmachine-jdk-11.0.9.1_linux-ppc64le_bin.tar.gz,linux,ppc64,jdk,4617
2026-09-26T02:14:35+00:00,sapmachine-11.0.9.1,33496967,False,sapmachine-jre-11.0.9.1_linux-ppc64le_bin.tar.gz,linux,ppc64,jre,4532
2026-09-26T02:14:35+00:00,sapmachine-11.0.9.1,33496967,False,sapmachine-jdk-11.0.9.1_linux-ppc64le_bin-symbols.tar.gz,linux,ppc64,jdk,5
2026-09-26T02:14:35+00:00,sapmachine-11.0.9.1,33496967,False,sapmachine-jdk-11.0.9.1-1.x86_64.rpm,linux,x64,jdk,4746
2026-09-26T02:14:35+00:00,sapmachine-11.0.9.1,33496967,False,sapmachine-jdk-11.0.9.1_osx-x64_bin.tar.gz,macos,x64,jdk,6462
2026-09-26T02:14:35+00:00,sapmachine-11.0.9.1,33496967,False,sapmachine-jre-11.0.9.1_osx-x64_bin.tar.gz,macos,x64,jre,4587
2026-09-26T02:14:35+00:00,sapmachine-11.0.9.1,33496967,False,sapmachine-jdk-11.0.9.1_osx-x64_bin-symbols.tar.gz,macos,x64,jdk,14
2026-09-26T02:14:35+00:00,sapmachine-11.0.9.1,33496967,False,sapmachine-jdk-11.0.9.1_osx-x64_bin.dmg,macos,x64,jdk,7602
2026-09-26T02:14:35+00:00,sapmachine-11.0.9.1,33496967,False,sapmachine-jre-11.0.9.1_osx-x64_bin.dmg,macos,x64,jre,4803
2026-09-26T02:14:35+00:00,sapmachine-11.0.9.1,33496967,False,sapmachine-jdk-11.0.9.1_windows-x64_bin.msi,windows,x64,jdk,9086
2026-09-26T02:14:35+00:00,sapmachine-11.0.9.1,33496967,False,sapmachine-jre-11.0.9.1_windows-x64_bin.msi,windows,x64,jre,8309
2026-09-26T02:14:35+00:00,sapmachine-11.0.9,32898755,False,sapmachine-jdk-11.0.9_linux-x64_bin.tar.gz,linux,x64,jdk,57519
2026-09-26T02:14:35+00:00,sapmachine-11.0.9,32898755,False,sapmachine-jre-11.0.9_linux-x64_bin.tar.gz,linux,x64,jre,15879
2026-09-26T02:14:35+00:00,sapmachine-11.0.9,32898755,False,sapmachine-jdk-11.0.9_linux-x64_bin-symbols.tar.gz,linux,x64,jdk,4
2026-09-26T02:14:35+00:00,sapmachine-11.0.9,32898755,False,sapmachine-jdk-11.0.9-beta_linux-aarch64_bin.tar.gz,linux,aarch64,jdk,4086
2026-09-26T02:14:35+00:00,sapmachine-11.0.9,32898755,False,sapmachine-jre-11.0.9-beta_linux-aarch64_bin.tar.gz,linux,aarch64,jre,4095
2026-09-26T02:14:35+00:00,sapmachine-11.0.9,32898755,False,sapmachine-jdk-11.0.9-beta_linux-aarch64_bin-symbols.tar.gz,linux,aarch64,jdk,9
2026-09-26T02:14:35+00:00,sapmachine-11.0.9,32898755,False,sapmachine-jdk-11.0.9_windows-x64_bin.zip,windows,x64,jdk,10202
2026-09-26T02:14:35+00:00,sapmachine-11.0.9,32898755,False,sapmachine-jre-11.0.9_windows-x64_bin.zip,windows,x64,jre,8206
2026-09-26T02:14:35+00:00,sapmachine-11.0.9,32898755,False,sapmachine-jdk-11.0.9_windows-x64_bin-symbols.tar.gz,windows,x64,jdk,4
2026-09-26T02:14:35+00:00,sapmachine-11.0.9,32898755,False,sapmachine-jdk-11.0.9_windows-x64_bin.msi,windows,x64,jdk,5029
2026-09-26T02:14:35+00:00,sapmachine-11.0.9,32898755,False,sapmachine-jre-11.0.9_windows-x64_bin.msi,windows,x64,jre,4702
2026-09-26T02:14:35+00:00,sapmachine-11.0.9,32898755,False,sapmachine-jdk-11.0.9_linux-ppc64_bin.tar.gz,linux,ppc64,jdk,4588
2026-09-26T02:14:35+00:00,sapmachine-11.0.9,32898755,False,sapmachine-jre-11.0.9_linux-ppc64_bin.tar.gz,linux,ppc64,jre,4643
2026-09-26T02:14:35+00:00,sapmachine-11.0.9,32898755,False,sapmachine-jdk-11.0.9_linux-ppc64_bin-symbols.tar.gz,linux,ppc64,jdk,5
2026-09-26T02:14:35+00:00,sapmachine-11.0.9,32898755,False,sapmachine-jdk-11.0.9_linux-ppc64le_bin.tar.gz,linux,ppc64,jdk,4589
2026-09-26T02:14:35+00:00,sapmachine-11.0.9,32898755,False,sapmachine-jre-11.0.9_linux-ppc64le_bin.tar.gz,linux,ppc64,jre,4540
2026-09-26T02:14:35+00:00,sapmachine-11.0.9,32898755,False,sapmachine-jdk-11.0.9_linux-ppc64le_bin-symbols.tar.gz,linux,ppc64,jdk,4
2026-09-26T02:14:35+00:00,sapmachine-11.0.9,32898755,False,sapmachine-jdk-11.0.9_osx-x64_bin.tar.gz,macos,x64,jdk,5372
2026-09-26T02:14:35+00:00,sapmachine-11.0.9,32898755,False,sapmachine-jre-11.0.9_osx-x64_bin.tar.gz,macos,x64,jre,4677
2026-09-26T02:14:35+00:00,sapmachine-11.0.9,32898755,False,sapmachine-jdk-11.0.9_osx-x64_bin-symbols.tar.gz,macos,x64,jdk,6
2026-09-26T02:14:35+00:00,sapmachine-11.0.9,32898755,False,sapmachine-jdk-11.0.9_osx-x64_bin.dmg,macos,x64,jdk,4869
2026-09-26T02:14:35+00:00,sapmachine-11.0.9,32898755,False,sapmachine-jre-11.0.9_osx-x64_bin.dmg,macos,x64,jre,4552
2026-09-26T02:14:35+00:00,sapmachine-11.0.9,32898755,False,sapmachine-jdk-11.0.9-1.x86_64.rpm,linux,x64,jdk,4579
2026-09-26T02:14:35+00:00,sapmachine-15.0.1,32898848,False,sapmachine-jdk-15.0.1_linux-x64_bin.tar.gz,linux,x64,jdk,10382
2026-09-26T02:14:35+00:00,sapmachine-15.0.1,32898848,False,sapmachine-jre-15.0.1_linux-x64_bin.tar.gz,linux,x64,jre,10379
2026-09-26T02:14:35+00:00,sapmachine-15.0.1,32898848,False,sapmachine-jdk-15.0.1_linux-x64_bin-symbols.tar.gz,linux,x64,jdk,4
2026-09-26T02:14:35+00:00,sapmachine-15.0.1,32898848,False,sapmachine-jdk-15.0.1_windows-x64_bin.zip,windows,x64,jdk,10134
2026-09-26T02:14:35+00:00,sapmachine-15.0.1,32898848,False,sapmachine-jre-15.0.1_windows-x64_bin.zip,windows,x64,jre,7969
2026-09-26T02:14:35+00:00,sapmachine-15.0.1,32898848,False,sapmachine-jdk-15.0.1_windows-x64_bin-symbols.tar.gz,windows,x64,jdk,4
2026-09-26T02:14:35+00:00,sapmachine-15.0.1,32898848,False,sapmachine-jdk-15.0.1_windows-x64_bin.msi,windows,x64,jdk,4884
2026-09-26T02:14:35+00:00,sapmachine-15.0.1,32898848,False,sapmachine-jre-15.0.1_windows-x64_bin.msi,windows,x64,jre,4747
2026-09-26T02:14:35+00:00,sapmachine-15.0.1,32898848,False,sapmachine-jdk-15.0.1-beta_linux-aarch64_bin.tar.gz,linux,aarch64,jdk,4698
2026-09-26T02:14:35+00:00,sapmachine-15.0.1,32898848,False,sapmachine-jre-15.0.1-beta_linux-aarch64_bin.tar.gz,linux,aarch64,jre,4090
2026-09-26T02:14:35+00:00,sapmachine-15.0.1,32898848,False,sapmachine-jdk-15.0.1-beta_linux-aarch64_bin-symbols.tar.gz,linux,aarch64,jdk,4
2026-09-26T02:14:35+00:00,sapmachine-15.0.1,32898848,False,sapmachine-jdk-15.0.1_linux-ppc64_bin.tar.gz,linux,ppc64,jdk,4659
2026-09-26T02:14:35+00:00,sapmachine-15.0.1,32898848,False,sapmachine-jre-15.0.1_linux-ppc64_bin.tar.gz,linux,ppc64,jre,4580
2026-09-26T02:14:35+00:00,sapmachine-15.0.1,32898848,False,sapmachine-jdk-15.0.1_linux-ppc64_bin-symbols.tar.gz,linux,ppc64,jdk,5
2026-09-26T02:14:35+00:00,sapmachine-15.0.1,32898848,False,sapmachine-jdk-15.0.1_linux-ppc64le_bin.tar.gz,linux,ppc64,jdk,4610
2026-09-26T02:14:35+00:00,sapmachine-15.0.1,32898848,False,sapmachine-jre-15.0.1_linux-ppc64le_bin.tar.gz,linux,ppc64,jre,4635
2026-09-26T02:14:35+00:00,sapmachine-15.0.1,32898848,False,sapmachine-jdk-15.0.1_linux-ppc64le_bin-symbols.tar.gz,linux,ppc64,jdk,4
2026-09-26T02:14:35+00:00,sapmachine-15.0.1,32898848,False,sapmachine-jdk-15.0.1_osx-x64_bin.tar.gz,macos,x64,jdk,9534
2026-09-26T02:14:35+00:00,sapmachine-15.0.1,32898848,False,sapmachine-jre-15.0.1_osx-x64_bin.tar.gz,macos,x64,jre,7850
2026-09-26T02:14:35+00:00,sapmachine-15.0.1,32898848,False,sapmachine-jdk-15.0.1_osx-x64_bin-symbols.tar.gz,macos,x64,jdk,6
2026-09-26T02:14:35+00:00,sapmachine-15.0.1,32898848,False,sapmachine-jdk-15.0.1_osx-x64_bin.dmg,macos,x64,jdk,5656
2026-09-26T02:14:35+00:00,sapmachine-15.0.1,32898848,False,sapmachine-jre-15.0.1_osx-x64_bin.dmg,macos,x64,jre,4596
2026-09-26T02:14:35+00:00,sapmachine-15.0.1,32898848,False,sapmachine-jdk-15.0.1-1.x86_64.rpm,linux,x64,jdk,4490
2026-09-26T02:14:35+00:00,sapmachine-15,31379215,False,sapmachine-jdk-15_linux-x64_bin.tar.gz,linux,x64,jdk,11382
2026-09-26T02:14:35+00:00,sapmachine-15,31379215,False,sapmachine-jre-15_linux-x64_bin.tar.gz,linux,x64,jre,13074
2026-09-26T02:14:35+00:00,sapmachine-15,31379215,False,sapmachine-jdk-15_linux-x64_bin-symbols.tar.gz,linux,x64,jdk,7
2026-09-26T02:14:35+00:00,sapmachine-15,31379215,False,sapmachine-jdk-15_linux-ppc64_bin.tar.gz,linux,ppc64,jdk,4609
2026-09-26T02:14:35+00:00,sapmachine-15,31379215,False,sapmachine-jre-15_linux-ppc64_bin.tar.gz,linux,ppc64,jre,4619
2026-09-26T02:14:35+00:00,sapmachine-15,31379215,False,sapmachine-jdk-15_linux-ppc64_bin-symbols.tar.gz,linux,ppc64,jdk,5
2026-09-26T02:14:35+00:00,sapmachine-15,31379215,False,sapmachine-jdk-15_windows-x64_bin.zip,windows,x64,jdk,11124
2026-09-26T02:14:35+00:00,sapmachine-15,31379215,False,sapmachine-jre-15_windows-x64_bin.zip,windows,x64,jre,10679
2026-09-26T02:14:35+00:00,sapmachine-15,31379215,False,sapmachine-jdk-15_windows-x64_bin-symbols.tar.gz,windows,x64,jdk,6
2026-09-26T02:14:35+00:00,sapmachine-15,31379215,False,sapmachine-jdk-15_windows-x64_bin.msi,windows,x64,jdk,4748
2026-09-26T02:14:35+00:00,sapmachine-15,31379215,False,sapmachine-jre-15_windows-x64_bin.msi,windows,x64,jre,4617
2026-09-26T02:14:35+00:00,sapmachine-15,31379215,False,sapmachine-jdk-15_linux-ppc64le_bin.tar.gz,linux,ppc64,jdk,4711
2026-09-26T02:14:35+00:00,sapmachine-15,31379215,False,sapmachine-jre-15_linux-ppc64le_bin.tar.gz,linux,ppc64,jre,4668
2026-09-26T02:14:35+00:00,sapmachine-15,31379215,False,sapmachine-jdk-15_linux-ppc64le_bin-symbols.tar.gz,linux,ppc64,jdk,6
2026-09-26T02:14:35+00:00,sapmachine-15,31379215,False,sapmachine-jdk-15-beta_linux-aarch64_bin.tar.gz,linux,aarch64,jdk,4143
2026-09-26T02:14:35+00:00,sapmachine-15,31379215,False,sapmachine-jre-15-beta_linux-aarch64_bin.tar.gz,linux,aarch64,jre,4131
2026-09-26T02:14:35+00:00,sapmachine-15,31379215,False,sapmachine-jdk-15-beta_linux-aarch64_bin-symbols.tar.gz,linux,aarch64,jdk,6
2026-09-26T02:14:35+00:00,sapmachine-15,31379215,False,sapmachine-jdk-15_osx-x64_bin.tar.gz,macos,x64,jdk,11235
2026-09-26T02:14:35+00:00,sapmachine-15,31379215,False,sapmachine-jre-15_osx-x64_bin.tar.gz,macos,x64,jre,11004
2026-09-26T02:14:35+00:00,sapmachine-15,31379215,False,sapmachine-jdk-15_osx-x64_bin-symbols.tar.gz,macos,x64,jdk,8
2026-09-26T02:14:35+00:00,sapmachine-15,31379215,False,sapmachine-jdk-15_osx-x64_bin.dmg,macos,x64,jdk,5119
2026-09-26T02:14:35+00:00,sapmachine-15,31379215,False,sapmachine-jre-15_osx-x64_bin.dmg,macos,x64,jre,4710
2026-09-26T02:14:35+00:00,sapmachine-15,31379215,False,sapmachine-jdk-15-1.x86_64.rpm,linux,x64,jdk,4506
2026-09-26T02:14:35+00:00,sapmachine-11.0.8,28580678,False,sapmachine-jdk-11.0.8_linux-x64_bin.tar.gz,linux,x64,jdk,1889449
2026-09-26T02:14:35+00:00,sapmachine-11.0.8,28580678,False,sapmachine-jre-11.0.8_linux-x64_bin.tar.gz,linux,x64,jre,16438
2026-09-26T02:14:35+00:00,sapmachine-11.0.8,28580678,False,sapmachine-jdk-11.0.8_linux-x64_bin-symbols.tar.gz,linux,x64,jdk,9
2026-09-26T02:14:35+00:00,sapmachine-11.0.8,28580678,False,sapmachine-jdk-11.0.8_windows-x64_bin.zip,windows,x64,jdk,15491
2026-09-26T02:14:35+00:00,sapmachine-11.0.8,28580678,False,sapmachine-jre-11.0.8_windows-x64_bin.zip,windows,x64,jre,8974
2026-09-26T02:14:35+00:00,sapmachine-11.0.8,28580678,False,sapmachine-jdk-11.0.8_windows-x64_bin-symbols.tar.gz,windows,x64,jdk,11
2026-09-26T02:14:35+00:00,sapmachine-11.0.8,28580678,False,sapmachine-jdk-11.0.8_windows-x64_bin.msi,windows,x64,jdk,6016
2026-09-26T02:14:35+00:00,sapmachine-11.0.8,28580678,False,sapmachine-jre-11.0.8_windows-x64_bin.msi,windows,x64,jre,5122
2026-09-26T02:14:35+00:00,sapmachine-11.0.8,28580678,False,sapmachine-jdk-11.0.8_linux-ppc64le_bin.tar.gz,linux,ppc64,jdk,4721
2026-09-26T02:14:35+00:00,sapmachine-11.0.8,28580678,False,sapmachine-jre-11.0.8_linux-ppc64le_bin.tar.gz,linux,ppc64,jre,4691
2026-09-26T02:14:35+00:00,sapmachine-11.0.8,28580678,False,sapmachine-jdk-11.0.8_linux-ppc64le_bin-symbols.tar.gz,linux,ppc64,jdk,6
2026-09-26T02:14:35+00:00,sapmachine-11.0.8,28580678,False,sapmachine-jdk-11.0.8-1.x86_64.rpm,linux,x64,jdk,4739
2026-09-26T02:14:35+00:00,sapmachine-11.0.8,28580678,False,sapmachine-jdk-11.0.8_linux-ppc64_bin.tar.gz,linux,ppc64,jdk,4699
2026-09-26T02:14:35+00:00,sapmachine-11.0.8,28580678,False,sapmachine-jre-11.0.8_linux-ppc64_bin.tar.gz,linux,ppc64,jre,4647
2026-09-26T02:14:35+00:00,sapmachine-11.0.8,28580678,False,sapmachine-jdk-11.0.8_linux-ppc64_bin-symbols.tar.gz,linux,ppc64,jdk,7
2026-09-26T02:14:35+00:00,sapmachine-11.0.8,28580678,False,sapmachine-jdk-11.0.8_osx-x64_bin.tar.gz,macos,x64,jdk,6009
2026-09-26T02:14:35+00:00,sapmachine-11.0.8,28580678,False,sapmachine-jre-11.0.8_osx-x64_bin.tar.gz,macos,x64,jre,4748
2026-09-26T02:14:35+00:00,sapmachine-11.0.8,28580678,False,sapmachine-jdk-11.0.8_osx-x64_bin-symbols.tar.gz,macos,x64,jdk,18
2026-09-26T02:14:35+00:00,sapmachine-11.0.8,28580678,False,sapmachine-jre-11.0.8_osx-x64_bin.dmg,macos,x64,jre,4783
2026-09-26T02:14:35+00:00,sapmachine-11.0.8,28580678,False,sapmachine-jdk-11.0.8_osx-x64_bin.dmg,macos,x64,jdk,7959
2026-09-26T02:14:35+00:00,sapmachine-14.0.2,28622206,False,sapmachine-jdk-14.0.2_linux-x64_bin.tar.gz,linux,x64,jdk,10345
2026-09-26T02:14:35+00:00,sapmachine-14.0.2,28622206,False,sapmachine-jre-14.0.2_linux-x64_bin.tar.gz,linux,x64,jre,10808
2026-09-26T02:14:35+00:00,sapmachine-14.0.2,28622206,False,sapmachine-jdk-14.0.2_linux-x64_bin-symbols.tar.gz,linux,x64,jdk,6
2026-09-26T02:14:35+00:00,sapmachine-14.0.2,28622206,False,sapmachine-jdk-14.0.2_windows-x64_bin.zip,windows,x64,jdk,9949
2026-09-26T02:14:35+00:00,sapmachine-14.0.2,28622206,False,sapmachine-jre-14.0.2_windows-x64_bin.zip,windows,x64,jre,8111
2026-09-26T02:14:35+00:00,sapmachine-14.0.2,28622206,False,sapmachine-jdk-14.0.2_windows-x64_bin-symbols.tar.gz,windows,x64,jdk,6
2026-09-26T02:14:35+00:00,sapmachine-14.0.2,28622206,False,sapmachine-jdk-14.0.2_windows-x64_bin.msi,windows,x64,jdk,4816
2026-09-26T02:14:35+00:00,sapmachine-14.0.2,28622206,False,sapmachine-jre-14.0.2_windows-x64_bin.msi,windows,x64,jre,4693
2026-09-26T02:14:35+00:00,sapmachine-14.0.2,28622206,False,sapmachine-jdk-14.0.2_linux-ppc64_bin.tar.gz,linux,ppc64,jdk,4811
2026-09-26T02:14:35+00:00,sapmachine-14.0.2,28622206,False,sapmachine-jre-14.0.2_linux-ppc64_bin.tar.gz,linux,ppc64,jre,4726
2026-09-26T02:14:35+00:00,sapmachine-14.0.2,28622206,False,sapmachine-jdk-14.0.2_linux-ppc64_bin-symbols.tar.gz,linux,ppc64,jdk,5
2026-09-26T02:14:35+00:00,sapmachine-14.0.2,28622206,False,sapmachine-jdk-14.0.2_linux-ppc64le_bin.tar.gz,linux,ppc64,jdk,4736
2026-09-26T02:14:35+00:00,sapmachine-14.0.2,28622206,False,sapmachine-jre-14.0.2_linux-ppc64le_bin.tar.gz,linux,ppc64,jre,4654
2026-09-26T02:14:35+00:00,sapmachine-14.0.2,28622206,False,sapmachine-jdk-14.0.2_linux-ppc64le_bin-symbols.tar.gz,linux,ppc64,jdk,5
2026-09-26T02:14:35+00:00,sapmachine-14.0.2,28622206,False,sapmachine-jdk-14.0.2_osx-x64_bin.tar.gz,macos,x64,jdk,6461
2026-09-26T02:14:35+00:00,sapmachine-14.0.2,28622206,False,sapmachine-jre-14.0.2_osx-x64_bin.tar.gz,macos,x64,jre,4773
2026-09-26T02:14:35+00:00,sapmachine-14.0.2,28622206,False,sapmachine-jdk-14.0.2_osx-x64_bin-symbols.tar.gz,macos,x64,jdk,10
2026-09-26T02:14:35+00:00,sapmachine-14.0.2,28622206,False,sapmachine-jdk-14.0.2_osx-x64_bin.dmg,macos,x64,jdk,5502
2026-09-26T02:14:35+00:00,sapmachine-14.0.2,28622206,False,sapmachine-jre-14.0.2_osx-x64_bin.dmg,macos,x64,jre,4676
2026-09-26T02:14:35+00:00,sapmachine-14.0.2,28622206,False,sapmachine-jdk-14.0.2-1.x86_64.rpm,linux,x64,jdk,4602
2026-09-26T02:14:35+00:00,sapmachine-14.0.1,25562726,False,sapmachine-jdk-14.0.1_linux-x64_bin.tar.gz,linux,x64,jdk,5277
2026-09-26T02:14:35+00:00,sapmachine-14.0.1,25562726,False,sapmachine-jre-14.0.1_linux-x64_bin.tar.gz,linux,x64,jre,7171
2026-09-26T02:14:35+00:00,sapmachine-14.0.1,25562726,False,sapmachine-jdk-14.0.1_linux-x64_bin-symbols.tar.gz,linux,x64,jdk,9
2026-09-26T02:14:35+00:00,sapmachine-14.0.1,25562726,False,sapmachine-jdk-14.0.1_linux-ppc64le_bin.tar.gz,linux,ppc64,jdk,4752
2026-09-26T02:14:35+00:00,sapmachine-14.0.1,25562726,False,sapmachine-jre-14.0.1_linux-ppc64le_bin.tar.gz,linux,ppc64,jre,4669
2026-09-26T02:14:35+00:00,sapmachine-14.0.1,25562726,False,sapmachine-jdk-14.0.1_linux-ppc64le_bin-symbols.tar.gz,linux,ppc64,jdk,8
2026-09-26T02:14:35+00:00,sapmachine-14.0.1,25562726,False,sapmachine-jdk-14.0.1_linux-ppc64_bin.tar.gz,linux,ppc64,jdk,4746
2026-09-26T02:14:35+00:00,sapmachine-14.0.1,25562726,False,sapmachine-jre-14.0.1_linux-ppc64_bin.tar.gz,linux,ppc64,jre,4717
2026-09-26T02:14:35+00:00,sapmachine-14.0.1,25562726,False,sapmachine-jdk-14.0.1_linux-ppc64_bin-symbols.tar.gz,linux,ppc64,jdk,9
2026-09-26T02:14:35+00:00,sapmachine-14.0.1,25562726,False,sapmachine-jdk-14.0.1-1.x86_64.rpm,linux,x64,jdk,4604
2026-09-26T02:14:35+00:00,sapmachine-14.0.1,25562726,False,sapmachine-jdk-14.0.1_osx-x64_bin.tar.gz,macos,x64,jdk,5009
2026-09-26T02:14:35+00:00,sapmachine-14.0.1,25562726,False,sapmachine-jre-14.0.1_osx-x64_bin.tar.gz,macos,x64,jre,4803
2026-09-26T02:14:35+00:00,sapmachine-14.0.1,25562726,False,sapmachine-jdk-14.0.1_osx-x64_bin-symbols.tar.gz,macos,x64,jdk,13
2026-09-26T02:14:35+00:00,sapmachine-14.0.1,25562726,False,sapmachine-jdk-14.0.1_osx-x64_bin.dmg,macos,x64,jdk,5522
2026-09-26T02:14:35+00:00,sapmachine-14.0.1,25562726,False,sapmachine-jre-14.0.1_osx-x64_bin.dmg,macos,x64,jre,4726
2026-09-26T02:14:35+00:00,sapmachine-14.0.1,25562726,False,sapmachine-jdk-14.0.1_windows-x64_bin.zip,windows,x64,jdk,5222
2026-09-26T02:14:35+00:00,sapmachine-14.0.1,25562726,False,sapmachine-jre-14.0.1_windows-x64_bin.zip,windows,x64,jre,4751
2026-09-26T02:14:35+00:00,sapmachine-14.0.1,25562726,False,sapmachine-jdk-14.0.1_windows-x64_bin-symbols.tar.gz,windows,x64,jdk,9
2026-09-26T02:14:35+00:00,sapmachine-14.0.1,25562726,False,sapmachine-jdk-14.0.1_windows-x64_bin.msi,windows,x64,jdk,4814
2026-09-26T02:14:35+00:00,sapmachine-14.0.1,25562726,False,sapmachine-jre-14.0.1_windows-x64_bin.msi,windows,x64,jre,4793
2026-09-26T02:14:35+00:00,sapmachine-11.0.7,25525566,False,sapmachine-jdk-11.0.7_linux-x64_bin.tar.gz,linux,x64,jdk,708040
2026-09-26T02:14:35+00:00,sapmachine-11.0.7,25525566,False,sapmachine-jre-11.0.7_linux-x64_bin.tar.gz,linux,x64,jre,16560
2026-09-26T02:14:35+00:00,sapmachine-11.0.7,25525566,False,sapmachine-jdk-11.0.7_linux-x64_bin-symbols.tar.gz,linux,x64,jdk,12
2026-09-26T02:14:35+00:00,sapmachine-11.0.7,25525566,False,sapmachine-jdk-11.0.7_linux-ppc64le_bin.tar.gz,linux,ppc64,jdk,4668
2026-09-26T02:14:35+00:00,sapmachine-11.0.7,25525566,False,sapmachine-jre-11.0.7_linux-ppc64le_bin.tar.gz,linux,ppc64,jre,4615
2026-09-26T02:14:35+00:00,sapmachine-11.0.7,25525566,False,sapmachine-jdk-11.0.7_linux-ppc64le_bin-symbols.tar.gz,linux,ppc64,jdk,9
2026-09-26T02:14:35+00:00,sapmachine-11.0.7,25525566,False,sapmachine-jdk-11.0.7_linux-ppc64_bin.tar.gz,linux,ppc64,jdk,4649
2026-09-26T02:14:35+00:00,sapmachine-11.0.7,25525566,False,sapmachine-jre-11.0.7_linux-ppc64_bin.tar.gz,linux,ppc64,jre,4622
2026-09-26T02:14:35+00:00,sapmachine-11.0.7,25525566,False,sapmachine-jdk-11.0.7_linux-ppc64_bin-symbols.tar.gz,linux,ppc64,jdk,9
2026-09-26T02:14:35+00:00,sapmachine-11.0.7,25525566,False,sapmachine-jdk-11.0.7_windows-x64_bin.zip,windows,x64,jdk,9343
2026-09-26T02:14:35+00:00,sapmachine-11.0.7,25525566,False,sapmachine-jre-11.0.7_windows-x64_bin.zip,windows,x64,jre,5230
2026-09-26T02:14:35+00:00,sapmachine-11.0.7,25525566,False,sapmachine-jdk-11.0.7_windows-x64_bin-symbols.tar.gz,windows,x64,jdk,10
2026-09-26T02:14:35+00:00,sapmachine-11.0.7,25525566,False,sapmachine-jdk-11.0.7_windows-x64_bin.msi,windows,x64,jdk,5573
2026-09-26T02:14:35+00:00,sapmachine-11.0.7,25525566,False,sapmachine-jre-11.0.7_windows-x64_bin.msi,windows,x64,jre,4905
2026-09-26T02:14:35+00:00,sapmachine-11.0.7,25525566,False,sapmachine-jdk-11.0.7_osx-x64_bin.tar.gz,macos,x64,jdk,5064
2026-09-26T02:14:35+00:00,sapmachine-11.0.7,25525566,False,sapmachine-jre-11.0.7_osx-x64_bin.tar.gz,macos,x64,jre,4810
2026-09-26T02:14:35+00:00,sapmachine-11.0.7,25525566,False,sapmachine-jdk-11.0.7_osx-x64_bin-symbols.tar.gz,macos,x64,jdk,11
2026-09-26T02:14:35+00:00,sapmachine-11.0.7,25525566,False,sapmachine-jdk-11.0.7_osx-x64_bin.dmg,macos,x64,jdk,7089
2026-09-26T02:14:35+00:00,sapmachine-11.0.7,25525566,False,sapmachine-jre-11.0.7_osx-x64_bin.dmg,macos,x64,jre,4738
2026-09-26T02:14:35+00:00,sapmachine-11.0.7,25525566,False,sapmachine-jdk-11.0.7-1.x86_64.rpm,linux,x64,jdk,4654
2026-09-26T02:14:35+00:00,sapmachine-14,24646923,False,sapmachine-jdk-14_linux-x64_bin.tar.gz,linux,x64,jdk,4829
2026-09-26T02:14:35+00:00,sapmachine-14,24646923,False,sapmachine-jre-14_linux-x64_bin.tar.gz,linux,x64,jre,7118
2026-09-26T02:14:35+00:00,sapmachine-14,24646923,False,sapmachine-jdk-14_linux-x64_bin-symbols.tar.gz,linux,x64,jdk,8
2026-09-26T02:14:35+00:00,sapmachine-14,24646923,False,sapmachine-jdk-14_linux-ppc64le_bin.tar.gz,linux,ppc64,jdk,4640
2026-09-26T02:14:35+00:00,sapmachine-14,24646923,False,sapmachine-jre-14_linux-ppc64le_bin.tar.gz,linux,ppc64,jre,4605
2026-09-26T02:14:35+00:00,sapmachine-14,24646923,False,sapmachine-jdk-14_linux-ppc64le_bin-symbols.tar.gz,linux,ppc64,jdk,10
2026-09-26T02:14:35+00:00,sapmachine-14,24646923,False,sapmachine-jdk-14_windows-x64_bin.zip,windows,x64,jdk,4849
2026-09-26T02:14:35+00:00,sapmachine-14,24646923,False,sapmachine-jre-14_windows-x64_bin.zip,windows,x64,jre,4724
2026-09-26T02:14:35+00:00,sapmachine-14,24646923,False,sapmachine-jdk-14_windows-x64_bin-symbols.tar.gz,windows,x64,jdk,9
2026-09-26T02:14:35+00:00,sapmachine-14,24646923,False,sapmachine-jdk-14_windows-x64_bin.msi,windows,x64,jdk,4770
2026-09-26T02:14:35+00:00,sapmachine-14,24646923,False,sapmachine-jre-14_windows-x64_bin.msi,windows,x64,jre,4755
2026-09-26T02:14:35+00:00,sapmachine-14,24646923,False,sapmachine-jdk-14_linux-ppc64_bin.tar.gz,linux,ppc64,jdk,4641
2026-09-26T02:14:35+00:00,sapmachine-14,24646923,False,sapmachine-jre-14_linux-ppc64_bin.tar.gz,linux,ppc64,jre,4642
2026-09-26T02:14:35+00:00,sapmachine-14,24646923,False,sapmachine-jdk-14_linux-ppc64_bin-symbols.tar.gz,linux,ppc64,jdk,8
2026-09-26T02:14:35+00:00,sapmachine-14,24646923,False,sapmachine-jdk-14_osx-x64_bin.tar.gz,macos,x64,jdk,4714
2026-09-26T02:14:35+00:00,sapmachine-14,24646923,False,sapmachine-jre-14_osx-x64_bin.tar.gz,macos,x64,jre,4642
2026-09-26T02:14:35+00:00,sapmachine-14,24646923,False,sapmachine-jdk-14_osx-x64_bin-symbols.tar.gz,macos,x64,jdk,9
2026-09-26T02:14:35+00:00,sapmachine-14,24646923,False,sapmachine-jdk-14_osx-x64_bin.dmg,macos,x64,jdk,5069
2026-09-26T02:14:35+00:00,sapmachine-14,24646923,False,sapmachine-jre-14_osx-x64_bin.dmg,macos,x64,jre,4722
2026-09-26T02:14:35+00:00,sapmachine-14,24646923,False,sapmachine-jdk-14-1.x86_64.rpm,linux,x64,jdk,4604
2026-09-26T02:14:35+00:00,sapmachine-11.0.6.0.1,23610957,False,sapmachine-jdk-11.0.6.0.1_linux-x64_bin.tar.gz,linux,x64,jdk,10741
2026-09-26T02:14:35+00:00,sapmachine-11.0.6.0.1,23610957,False,sapmachine-jre-11.0.6.0.1_linux-x64_bin.tar.gz,linux,x64,jre,10730
2026-09-26T02:14:35+00:00,sapmachine-11.0.6.0.1,23610957,False,sapmachine-jdk-11.0.6.0.1_linux-x64_bin-symbols.tar.gz,linux,x64,jdk,10
2026-09-26T02:14:35+00:00,sapmachine-11.0.6.0.1,23610957,False,sapmachine-jdk-11.0.6.0.1_linux-ppc64_bin.tar.gz,linux,ppc64,jdk,4716
2026-09-26T02:14:35+00:00,sapmachine-11.0.6.0.1,23610957,False,sapmachine-jre-11.0.6.0.1_linux-ppc64_bin.tar.gz,linux,ppc64,jre,4659
2026-09-26T02:14:35+00:00,sapmachine-11.0.6.0.1,23610957,False,sapmachine-jdk-11.0.6.0.1_linux-ppc64_bin-symbols.tar.gz,linux,ppc64,jdk,10
2026-09-26T02:14:35+00:00,sapmachine-11.0.6.0.1,23610957,False,sapmachine-jdk-11.0.6.0.1_linux-ppc64le_bin.tar.gz,linux,ppc64,jdk,4740
2026-09-26T02:14:35+00:00,sapmachine-11.0.6.0.1,23610957,False,sapmachine-jre-11.0.6.0.1_linux-ppc64le_bin.tar.gz,linux,ppc64,jre,4660
2026-09-26T02:14:35+00:00,sapmachine-11.0.6.0.1,23610957,False,sapmachine-jdk-11.0.6.0.1_linux-ppc64le_bin-symbols.tar.gz,linux,ppc64,jdk,17
2026-09-26T02:14:35+00:00,sapmachine-11.0.6.0.1,23610957,False,sapmachine-jdk-11.0.6.0.1_osx-x64_bin.tar.gz,macos,x64,jdk,4731
2026-09-26T02:14:35+00:00,sapmachine-11.0.6.0.1,23610957,False,sapmachine-jre-11.0.6.0.1_osx-x64_bin.tar.gz,macos,x64,jre,4654
2026-09-26T02:14:35+00:00,sapmachine-11.0.6.0.1,23610957,False,sapmachine-jdk-11.0.6.0.1_osx-x64_bin-symbols.tar.gz,macos,x64,jdk,15
2026-09-26T02:14:35+00:00,sapmachine-11.0.6.0.1,23610957,False,sapmachine-jdk-11.0.6.0.1_osx-x64_bin.dmg,macos,x64,jdk,6945
2026-09-26T02:14:35+00:00,sapmachine-11.0.6.0.1,23610957,False,sapmachine-jre-11.0.6.0.1_osx-x64_bin.dmg,macos,x64,jre,4805
2026-09-26T02:14:35+00:00,sapmachine-11.0.6.0.1,23610957,False,sapmachine-jdk-11.0.6.0.1_windows-x64_bin.zip,windows,x64,jdk,7250
2026-09-26T02:14:35+00:00,sapmachine-11.0.6.0.1,23610957,False,sapmachine-jre-11.0.6.0.1_windows-x64_bin.zip,windows,x64,jre,4978
2026-09-26T02:14:35+00:00,sapmachine-11.0.6.0.1,23610957,False,sapmachine-jdk-11.0.6.0.1_windows-x64_bin-symbols.tar.gz,windows,x64,jdk,15
2026-09-26T02:14:35+00:00,sapmachine-11.0.6.0.1,23610957,False,sapmachine-jdk-11.0.6.0.1_windows-x64_bin.msi,windows,x64,jdk,5171
2026-09-26T02:14:35+00:00,sapmachine-11.0.6.0.1,23610957,False,sapmachine-jre-11.0.6.0.1_windows-x64_bin.msi,windows,x64,jre,4929
2026-09-26T02:14:35+00:00,sapmachine-13.0.2,22893880,False,sapmachine-jdk-13.0.2_linux-x64_bin.tar.gz,linux,x64,jdk,8934
2026-09-26T02:14:35+00:00,sapmachine-13.0.2,22893880,False,sapmachine-jre-13.0.2_linux-x64_bin.tar.gz,linux,x64,jre,10596
2026-09-26T02:14:35+00:00,sapmachine-13.0.2,22893880,False,sapmachine-jdk-13.0.2_linux-x64_bin-symbols.tar.gz,linux,x64,jdk,1570
2026-09-26T02:14:35+00:00,sapmachine-13.0.2,22893880,False,sapmachine-jdk-13.0.2_linux-ppc64le_bin.tar.gz,linux,ppc64,jdk,4888
2026-09-26T02:14:35+00:00,sapmachine-13.0.2,22893880,False,sapmachine-jre-13.0.2_linux-ppc64le_bin.tar.gz,linux,ppc64,jre,4792
2026-09-26T02:14:35+00:00,sapmachine-13.0.2,22893880,False,sapmachine-jdk-13.0.2_linux-ppc64le_bin-symbols.tar.gz,linux,ppc64,jdk,30
2026-09-26T02:14:35+00:00,sapmachine-13.0.2,22893880,False,sapmachine-jdk-13.0.2_linux-ppc64_bin.tar.gz,linux,ppc64,jdk,4898
2026-09-26T02:14:35+00:00,sapmachine-13.0.2,22893880,False,sapmachine-jre-13.0.2_linux-ppc64_bin.tar.gz,linux,ppc64,jre,4845
2026-09-26T02:14:35+00:00,sapmachine-13.0.2,22893880,False,sapmachine-jdk-13.0.2_linux-ppc64_bin-symbols.tar.gz,linux,ppc64,jdk,23
2026-09-26T02:14:35+00:00,sapmachine-13.0.2,22893880,False,sapmachine-jdk-13.0.2-1.x86_64.rpm,linux,x64,jdk,4566
2026-09-26T02:14:35+00:00,sapmachine-13.0.2,22893880,False,sapmachine-jdk-13.0.2_windows-x64_bin.zip,windows,x64,jdk,9746
2026-09-26T02:14:35+00:00,sapmachine-13.0.2,22893880,False,sapmachine-jre-13.0.2_windows-x64_bin.zip,windows,x64,jre,8284
2026-09-26T02:14:35+00:00,sapmachine-13.0.2,22893880,False,sapmachine-jdk-13.0.2_windows-x64_bin-symbols.tar.gz,windows,x64,jdk,22
2026-09-26T02:14:35+00:00,sapmachine-13.0.2,22893880,False,sapmachine-jdk-13.0.2_windows-x64_bin.msi,windows,x64,jdk,6403
2026-09-26T02:14:35+00:00,sapmachine-13.0.2,22893880,False,sapmachine-jre-13.0.2_windows-x64_bin.msi,windows,x64,jre,4893
2026-09-26T02:14:35+00:00,sapmachine-13.0.2,22893880,False,sapmachine-jdk-13.0.2_osx-x64_bin.tar.gz,macos,x64,jdk,6302
2026-09-26T02:14:35+00:00,sapmachine-13.0.2,22893880,False,sapmachine-jre-13.0.2_osx-x64_bin.tar.gz,macos,x64,jre,4827
2026-09-26T02:14:35+00:00,sapmachine-13.0.2,22893880,False,sapmachine-jdk-13.0.2_osx-x64_bin-symbols.tar.gz,macos,x64,jdk,33
2026-09-26T02:14:35+00:00,sapmachine-13.0.2,22893880,False,sapmachine-jdk-13.0.2_osx-x64_bin.dmg,macos,x64,jdk,5586
2026-09-26T02:14:35+00:00,sapmachine-13.0.2,22893880,False,sapmachine-jre-13.0.2_osx-x64_bin.dmg,macos,x64,jre,4875
2026-09-26T02:14:35+00:00,sapmachine-11.0.6,22865328,False,sapmachine-jdk-11.0.6_linux-x64_bin.tar.gz,linux,x64,jdk,16711
2026-09-26T02:14:35+00:00,sapmachine-11.0.6,22865328,False,sapmachine-jre-11.0.6_linux-x64_bin.tar.gz,linux,x64,jre,8291
2026-09-26T02:14:35+00:00,sapmachine-11.0.6,22865328,False,sapmachine-jdk-11.0.6_linux-x64_bin-symbols.tar.gz,linux,x64,jdk,9
2026-09-26T02:14:35+00:00,sapmachine-11.0.6,22865328,False,sapmachine-jdk-11.0.6_linux-ppc64le_bin.tar.gz,linux,ppc64,jdk,4654
2026-09-26T02:14:35+00:00,sapmachine-11.0.6,22865328,False,sapmachine-jre-11.0.6_linux-ppc64le_bin.tar.gz,linux,ppc64,jre,4669
2026-09-26T02:14:35+00:00,sapmachine-11.0.6,22865328,False,sapmachine-jdk-11.0.6_linux-ppc64le_bin-symbols.tar.gz,linux,ppc64,jdk,8
2026-09-26T02:14:35+00:00,sapmachine-11.0.6,22865328,False,sapmachine-jdk-11.0.6_linux-ppc64_bin.tar.gz,linux,ppc64,jdk,4721
2026-09-26T02:14:35+00:00,sapmachine-11.0.6,22865328,False,sapmachine-jre-11.0.6_linux-ppc64_bin.tar.gz,linux,ppc64,jre,4638
2026-09-26T02:14:35+00:00,sapmachine-11.0.6,22865328,False,sapmachine-jdk-11.0.6_linux-ppc64_bin-symbols.tar.gz,linux,ppc64,jdk,8
2026-09-26T02:14:35+00:00,sapmachine-11.0.6,22865328,False,sapmachine-jdk-11.0.6_windows-x64_bin.zip,windows,x64,jdk,6113
2026-09-26T02:14:35+00:00,sapmachine-11.0.6,22865328,False,sapmachine-jre-11.0.6_windows-x64_bin.zip,windows,x64,jre,4834
2026-09-26T02:14:35+00:00,sapmachine-11.0.6,22865328,False,sapmachine-jdk-11.0.6_windows-x64_bin-symbols.tar.gz,windows,x64,jdk,10
2026-09-26T02:14:35+00:00,sapmachine-11.0.6,22865328,False,sapmachine-jdk-11.0.6_windows-x64_bin.msi,windows,x64,jdk,5082
2026-09-26T02:14:35+00:00,sapmachine-11.0.6,22865328,False,sapmachine-jre-11.0.6_windows-x64_bin.msi,windows,x64,jre,4804
2026-09-26T02:14:35+00:00,sapmachine-11.0.6,22865328,False,sapmachine-jdk-11.0.6_osx-x64_bin.tar.gz,macos,x64,jdk,4981
2026-09-26T02:14:35+00:00,sapmachine-11.0.6,22865328,False,sapmachine-jre-11.0.6_osx-x64_bin.tar.gz,macos,x64,jre,4760
2026-09-26T02:14:35+00:00,sapmachine-11.0.6,22865328,False,sapmachine-jdk-11.0.6_osx-x64_bin-symbols.tar.gz,macos,x64,jdk,12
2026-09-26T02:14:35+00:00,sapmachine-11.0.6,22865328,False,sapmachine-jdk-11.0.6_osx-x64_bin.dmg,macos,x64,jdk,6478
2026-09-26T02:14:35+00:00,sapmachine-11.0.6,22865328,False,sapmachine-jre-11.0.6_osx-x64_bin.dmg,macos,x64,jre,4779
2026-09-26T02:14:35+00:00,sapmachine-11.0.6,22865328,False,sapmachine-jdk-11.0.6-1.x86_64.rpm,linux,x64,jdk,4589
2026-09-26T02:14:35+00:00,sapmachine-13.0.1,20769204,False,sapmachine-jdk-13.0.1_linux-x64_bin.tar.gz,linux,x64,jdk,1107
2026-09-26T02:14:35+00:00,sapmachine-13.0.1,20769204,False,sapmachine-jre-13.0.1_linux-x64_bin.tar.gz,linux,x64,jre,3218
2026-09-26T02:14:35+00:00,sapmachine-13.0.1,20769204,False,sapmachine-jdk-13.0.1_osx-x64_bin.tar.gz,macos,x64,jdk,702
2026-09-26T02:14:35+00:00,sapmachine-13.0.1,20769204,False,sapmachine-jre-13.0.1_osx-x64_bin.tar.gz,macos,x64,jre,541
2026-09-26T02:14:35+00:00,sapmachine-13.0.1,20769204,False,sapmachine-jdk-13.0.1_osx-x64_bin.dmg,macos,x64,jdk,1458
2026-09-26T02:14:35+00:00,sapmachine-13.0.1,20769204,False,sapmachine-jre-13.0.1_osx-x64_bin.dmg,macos,x64,jre,639
2026-09-26T02:14:35+00:00,sapmachine-13.0.1,20769204,False,sapmachine-jdk-13.0.1_linux-ppc64_bin.tar.gz,linux,ppc64,jdk,708
2026-09-26T02:14:35+00:00,sapmachine-13.0.1,20769204,False,sapmachine-jre-13.0.1_linux-ppc64_bin.tar.gz,linux,ppc64,jre,522
2026-09-26T02:14:35+00:00,sapmachine-13.0.1,20769204,False,sapmachine-jdk-13.0.1-1.x86_64.rpm,linux,x64,jdk,471
2026-09-26T02:14:35+00:00,sapmachine-13.0.1,20769204,False,sapmachine-jdk-13.0.1_linux-ppc64le_bin.tar.gz,linux,ppc64,jdk,624
2026-09-26T02:14:35+00:00,sapmachine-13.0.1,20769204,False,sapmachine-jre-13.0.1_linux-ppc64le_bin.tar.gz,linux,ppc64,jre,527
2026-09-26T02:14:35+00:00,sapmachine-13.0.1,20769204,False,sapmachine-jdk-13.0.1_windows-x64_bin.zip,windows,x64,jdk,728
2026-09-26T02:14:35+00:00,sapmachine-13.0.1,20769204,False,sapmachine-jre-13.0.1_windows-x64_bin.zip,windows,x64,jre,636
2026-09-26T02:14:35+00:00,sapmachine-13.0.1,20769204,False,sapmachine-jdk-13.0.1_windows-x64_bin.msi,windows,x64,jdk,818
2026-09-26T02:14:35+00:00,sapmachine-13.0.1,20769204,False,sapmachine-jre-13.0.1_windows-x64_bin.msi,windows,x64,jre,661
2026-09-26T02:14:35+00:00,sapmachine-11.0.5,20734889,False,sapmachine-jdk-11.0.5_linux-ppc64_bin.tar.gz,linux,ppc64,jdk,656
2026-09-26T02:14:35+00:00,sapmachine-11.0.5,20734889,False,sapmachine-jre-11.0.5_linux-ppc64_bin.tar.gz,linux,ppc64,jre,470
2026-09-26T02:14:35+00:00,sapmachine-11.0.5,20734889,False,sapmachine-jdk-11.0.5_linux-ppc64le_bin.tar.gz,linux,ppc64,jdk,608
2026-09-26T02:14:35+00:00,sapmachine-11.0.5,20734889,False,sapmachine-jre-11.0.5_linux-ppc64le_bin.tar.gz,linux,ppc64,jre,588
2026-09-26T02:14:35+00:00,sapmachine-11.0.5,20734889,False,sapmachine-jdk-11.0.5_osx-x64_bin.tar.gz,macos,x64,jdk,712
2026-09-26T02:14:35+00:00,sapmachine-11.0.5,20734889,False,sapmachine-jre-11.0.5_osx-x64_bin.tar.gz,macos,x64,jre,561
2026-09-26T02:14:35+00:00,sapmachine-11.0.5,20734889,False,sapmachine-jdk-11.0.5_osx-x64_bin.dmg,macos,x64,jdk,4377
2026-09-26T02:14:35+00:00,sapmachine-11.0.5,20734889,False,sapmachine-jre-11.0.5_osx-x64_bin.dmg,macos,x64,jre,605
2026-09-26T02:14:35+00:00,sapmachine-11.0.5,20734889,False,sapmachine-jdk-11.0.5_linux-x64_bin.tar.gz,linux,x64,jdk,112938
2026-09-26T02:14:35+00:00,sapmachine-11.0.5,20734889,False,sapmachine-jre-11.0.5_linux-x64_bin.tar.gz,linux,x64,jre,16329
2026-09-26T02:14:35+00:00,sapmachine-11.0.5,20734889,False,sapmachine-jdk-11.0.5-1.x86_64.rpm,linux,x64,jdk,762
2026-09-26T02:14:35+00:00,sapmachine-11.0.5,20734889,False,sapmachine-jdk-11.0.5_windows-x64_bin.zip,windows,x64,jdk,1851
2026-09-26T02:14:35+00:00,sapmachine-11.0.5,20734889,False,sapmachine-jre-11.0.5_windows-x64_bin.zip,windows,x64,jre,755
2026-09-26T02:14:35+00:00,sapmachine-11.0.5,20734889,False,sapmachine-jdk-11.0.5_windows-x64_bin.msi,windows,x64,jdk,912
2026-09-26T02:14:35+00:00,sapmachine-11.0.5,20734889,False,sapmachine-jre-11.0.5_windows-x64_bin.msi,windows,x64,jre,705
2026-09-26T02:14:35+00:00,sapmachine-13,20069372,False,sapmachine-jdk-13_linux-x64_bin.tar.gz,linux,x64,jdk,586
2026-09-26T02:14:35+00:00,sapmachine-13,20069372,False,sapmachine-jre-13_linux-x64_bin.tar.gz,linux,x64,jre,3080
2026-09-26T02:14:35+00:00,sapmachine-13,20069372,False,sapmachine-jdk-13_linux-ppc64le_bin.tar.gz,linux,ppc64,jdk,515
2026-09-26T02:14:35+00:00,sapmachine-13,20069372,False,sapmachine-jre-13_linux-ppc64le_bin.tar.gz,linux,ppc64,jre,540
2026-09-26T02:14:35+00:00,sapmachine-13,20069372,False,sapmachine-jdk-13_linux-ppc64_bin.tar.gz,linux,ppc64,jdk,525
2026-09-26T02:14:35+00:00,sapmachine-13,20069372,False,sapmachine-jre-13_linux-ppc64_bin.tar.gz,linux,ppc64,jre,519
2026-09-26T02:14:35+00:00,sapmachine-13,20069372,False,sapmachine-jdk-13_windows-x64_bin.zip,windows,x64,jdk,665
2026-09-26T02:14:35+00:00,sapmachine-13,20069372,False,sapmachine-jre-13_windows-x64_bin.zip,windows,x64,jre,623
2026-09-26T02:14:35+00:00,sapmachine-13,20069372,False,sapmachine-jdk-13_windows-x64_bin.msi,windows,x64,jdk,1059
2026-09-26T02:14:35+00:00,sapmachine-13,20069372,False,sapmachine-jdk-13_osx-x64_bin.tar.gz,macos,x64,jdk,563
2026-09-26T02:14:35+00:00,sapmachine-13,20069372,False,sapmachine-jre-13_osx-x64_bin.tar.gz,macos,x64,jre,496
2026-09-26T02:14:35+00:00,sapmachine-13,20069372,False,sapmachine-jdk-13_osx-x64_bin.dmg,macos,x64,jdk,918
2026-09-26T02:14:35+00:00,sapmachine-13,20069372,False,sapmachine-jre-13_osx-x64_bin.dmg,macos,x64,jre,581
2026-09-26T02:14:35+00:00,sapmachine-13,20069372,False,sapmachine-jdk-13-1.x86_64.rpm,linux,x64,jdk,424
2026-09-26T02:14:35+00:00,sapmachine-12.0.2,18677178,False,sapmachine-jdk-12.0.2_linux-x64_bin.tar.gz,linux,x64,jdk,3572
2026-09-26T02:14:35+00:00,sapmachine-12.0.2,18677178,False,sapmachine-jre-12.0.2_linux-x64_bin.tar.gz,linux,x64,jre,4067
2026-09-26T02:14:35+00:00,sapmachine-12.0.2,18677178,False,sapmachine-jdk-12.0.2_linux-ppc64_bin.tar.gz,linux,ppc64,jdk,714
2026-09-26T02:14:35+00:00,sapmachine-12.0.2,18677178,False,sapmachine-jre-12.0.2_linux-ppc64_bin.tar.gz,linux,ppc64,jre,741
2026-09-26T02:14:35+00:00,sapmachine-12.0.2,18677178,False,sapmachine-jdk-12.0.2_linux-ppc64le_bin.tar.gz,linux,ppc64,jdk,715
2026-09-26T02:14:35+00:00,sapmachine-12.0.2,18677178,False,sapmachine-jre-12.0.2_linux-ppc64le_bin.tar.gz,linux,ppc64,jre,708
2026-09-26T02:14:35+00:00,sapmachine-12.0.2,18677178,False,sapmachine-jdk-12.0.2_osx-x64_bin.tar.gz,macos,x64,jdk,3013
2026-09-26T02:14:35+00:00,sapmachine-12.0.2,18677178,False,sapmachine-jre-12.0.2_osx-x64_bin.tar.gz,macos,x64,jre,715
2026-09-26T02:14:35+00:00,sapmachine-12.0.2,18677178,False,sapmachine-jdk-12.0.2_windows-x64_bin.zip,windows,x64,jdk,3017
2026-09-26T02:14:35+00:00,sapmachine-12.0.2,18677178,False,sapmachine-jre-12.0.2_windows-x64_bin.zip,windows,x64,jre,1217
2026-09-26T02:14:35+00:00,sapmachine-12.0.2,18677178,False,sapmachine-jdk-12.0.2_windows-x64_bin.msi,windows,x64,jdk,935
2026-09-26T02:14:35+00:00,sapmachine-11.0.4,18662772,False,sapmachine-jdk-11.0.4_linux-x64_bin.tar.gz,linux,x64,jdk,54394
2026-09-26T02:14:35+00:00,sapmachine-11.0.4,18662772,False,sapmachine-jre-11.0.4_linux-x64_bin.tar.gz,linux,x64,jre,6182
2026-09-26T02:14:35+00:00,sapmachine-11.0.4,18662772,False,sapmachine-jdk-11.0.4_linux-ppc64le_bin.tar.gz,linux,ppc64,jdk,550
2026-09-26T02:14:35+00:00,sapmachine-11.0.4,18662772,False,sapmachine-jre-11.0.4_linux-ppc64le_bin.tar.gz,linux,ppc64,jre,531
2026-09-26T02:14:35+00:00,sapmachine-11.0.4,18662772,False,sapmachine-jdk-11.0.4_linux-ppc64_bin.tar.gz,linux,ppc64,jdk,569
2026-09-26T02:14:35+00:00,sapmachine-11.0.4,18662772,False,sapmachine-jre-11.0.4_linux-ppc64_bin.tar.gz,linux,ppc64,jre,524
2026-09-26T02:14:35+00:00,sapmachine-11.0.4,18662772,False,sapmachine-jdk-11.0.4_windows-x64_bin.zip,windows,x64,jdk,5003
2026-09-26T02:14:35+00:00,sapmachine-11.0.4,18662772,False,sapmachine-jre-11.0.4_windows-x64_bin.zip,windows,x64,jre,502
2026-09-26T02:14:35+00:00,sapmachine-11.0.4,18662772,False,sapmachine-jdk-11.0.4_windows-x64_bin.msi,windows,x64,jdk,1217
2026-09-26T02:14:35+00:00,sapmachine-11.0.4,18662772,False,sapmachine-jdk-11.0.4_osx-x64_bin.tar.gz,macos,x64,jdk,1305
2026-09-26T02:14:35+00:00,sapmachine-11.0.4,18662772,False,sapmachine-jre-11.0.4_osx-x64_bin.tar.gz,macos,x64,jre,555
2026-09-26T02:14:35+00:00,sapmachine-11.0.4,18662772,False,sapmachine-jdk-11.0.4_osx-x64_bin.dmg,macos,x64,jdk,2090
2026-09-26T02:14:35+00:00,sapmachine-11.0.4,18662772,False,sapmachine-jre-11.0.4_osx-x64_bin.dmg,macos,x64,jre,585
2026-09-26T02:14:35+00:00,sapmachine-11.0.4,18662772,False,sapmachine-jdk-11.0.4-1.x86_64.rpm,linux,x64,jdk,5397
2026-09-26T02:14:35+00:00,sapmachine-11.0.3,16817222,False,sapmachine-jdk-11.0.3_linux-x64_bin.tar.gz,linux,x64,jdk,162532
2026-09-26T02:14:35+00:00,sapmachine-11.0.3,16817222,False,sapmachine-jre-11.0.3_linux-x64_bin.tar.gz,linux,x64,jre,4397
2026-09-26T02:14:35+00:00,sapmachine-11.0.3,16817222,False,sapmachine-jdk-11.0.3_linux-ppc64_bin.tar.gz,linux,ppc64,jdk,575
2026-09-26T02:14:35+00:00,sapmachine-11.0.3,16817222,False,sapmachine-jre-11.0.3_linux-ppc64_bin.tar.gz,linux,ppc64,jre,541
2026-09-26T02:14:35+00:00,sapmachine-11.0.3,16817222,False,sapmachine-jdk-11.0.3_linux-ppc64le_bin.tar.gz,linux,ppc64,jdk,652
2026-09-26T02:14:35+00:00,sapmachine-11.0.3,16817222,False,sapmachine-jre-11.0.3_linux-ppc64le_bin.tar.gz,linux,ppc64,jre,501
2026-09-26T02:14:35+00:00,sapmachine-11.0.3,16817222,False,sapmachine-jdk-11.0.3_osx-x64_bin.tar.gz,macos,x64,jdk,2697
2026-09-26T02:14:35+00:00,sapmachine-11.0.3,16817222,False,sapmachine-jre-11.0.3_osx-x64_bin.tar.gz,macos,x64,jre,624
2026-09-26T02:14:35+00:00,sapmachine-11.0.3,16817222,False,sapmachine-jdk-11.0.3_windows-x64_bin.zip,windows,x64,jdk,3037
2026-09-26T02:14:35+00:00,sapmachine-11.0.3,16817222,False,sapmachine-jre-11.0.3_windows-x64_bin.zip,windows,x64,jre,570
2026-09-26T02:14:35+00:00,sapmachine-11.0.3,16817222,False,sapmachine-jdk-11.0.3_windows-x64_bin.msi,windows,x64,jdk,1104
2026-09-26T02:14:35+00:00,sapmachine-12.0.1,16817523,False,sapmachine-jdk-12.0.1_linux-x64_bin.tar.gz,linux,x64,jdk,191929
2026-09-26T02:14:35+00:00,sapmachine-12.0.1,16817523,False,sapmachine-jre-12.0.1_linux-x64_bin.tar.gz,linux,x64,jre,3244
2026-09-26T02:14:35+00:00,sapmachine-12.0.1,16817523,False,sapmachine-jdk-12.0.1_osx-x64_bin.tar.gz,macos,x64,jdk,1787
2026-09-26T02:14:35+00:00,sapmachine-12.0.1,16817523,False,sapmachine-jre-12.0.1_osx-x64_bin.tar.gz,macos,x64,jre,519
2026-09-26T02:14:35+00:00,sapmachine-12.0.1,16817523,False,sapmachine-jdk-12.0.1_linux-ppc64_bin.tar.gz,linux,ppc64,jdk,595
2026-09-26T02:14:35+00:00,sapmachine-12.0.1,16817523,False,sapmachine-jre-12.0.1_linux-ppc64_bin.tar.gz,linux,ppc64,jre,522
2026-09-26T02:14:35+00:00,sapmachine-12.0.1,16817523,False,sapmachine-jdk-12.0.1_linux-ppc64le_bin.tar.gz,linux,ppc64,jdk,607
2026-09-26T02:14:35+00:00,sapmachine-12.0.1,16817523,False,sapmachine-jre-12.0.1_linux-ppc64le_bin.tar.gz,linux,ppc64,jre,526
2026-09-26T02:14:35+00:00,sapmachine-12.0.1,16817523,False,sapmachine-jdk-12.0.1_windows-x64_bin.zip,windows,x64,jdk,1856
2026-09-26T02:14:35+00:00,sapmachine-12.0.1,16817523,False,sapmachine-jre-12.0.1_windows-x64_bin.zip,windows,x64,jre,487
2026-09-26T02:14:35+00:00,sapmachine-12.0.1,16817523,False,sapmachine-jdk-12.0.1_windows-x64_bin.msi,windows,x64,jdk,695
2026-09-26T02:14:35+00:00,sapmachine-12,16255922,False,sapmachine-jdk-12_linux-x64_bin.tar.gz,linux,x64,jdk,570
2026-09-26T02:14:35+00:00,sapmachine-12,16255922,False,sapmachine-jre-12_linux-x64_bin.tar.gz,linux,x64,jre,3165
2026-09-26T02:14:35+00:00,sapmachine-12,16255922,False,sapmachine-jdk-12_linux-ppc64le_bin.tar.gz,linux,ppc64,jdk,559
2026-09-26T02:14:35+00:00,sapmachine-12,16255922,False,sapmachine-jre-12_linux-ppc64le_bin.tar.gz,linux,ppc64,jre,546
2026-09-26T02:14:35+00:00,sapmachine-12,16255922,False,sapmachine-jdk-12_osx-x64_bin.tar.gz,macos,x64,jdk,678
2026-09-26T02:14:35+00:00,sapmachine-12,16255922,False,sapmachine-jre-12_osx-x64_bin.tar.gz,macos,x64,jre,494
2026-09-26T02:14:35+00:00,sapmachine-12,16255922,False,sapmachine-jdk-12_linux-ppc64_bin.tar.gz,linux,ppc64,jdk,629
2026-09-26T02:14:35+00:00,sapmachine-12,16255922,False,sapmachine-jre-12_linux-ppc64_bin.tar.gz,linux,ppc64,jre,575
2026-09-26T02:14:35+00:00,sapmachine-12,16255922,False,sapmachine-jdk-12_windows-x64_bin.zip,windows,x64,jdk,592
2026-09-26T02:14:35+00:00,sapmachine-12,16255922,False,sapmachine-jre-12_windows-x64_bin.zip,windows,x64,jre,526
2026-09-26T02:14:35+00:00,sapmachine-12,16255922,False,sapmachine-jdk-12_windows-x64_bin.msi,windows,x64,jdk,537
2026-09-26T02:14:35+00:00,sapmachine-11.0.2,15006958,False,sapmachine-jdk-11.0.2_linux-x64_bin.tar.gz,linux,x64,jdk,535774
2026-09-26T02:14:35+00:00,sapmachine-11.0.2,15006958,False,sapmachine-jre-11.0.2_linux-x64_bin.tar.gz,linux,x64,jre,1434345
2026-09-26T02:14:35+00:00,sapmachine-11.0.2,15006958,False,sapmachine-jdk-11.0.2_linux-ppc64le_bin.tar.gz,linux,ppc64,jdk,566
2026-09-26T02:14:35+00:00,sapmachine-11.0.2,15006958,False,sapmachine-jre-11.0.2_linux-ppc64le_bin.tar.gz,linux,ppc64,jre,527
2026-09-26T02:14:35+00:00,sapmachine-11.0.2,15006958,False,sapmachine-jdk-11.0.2_linux-ppc64_bin.tar.gz,linux,ppc64,jdk,623
2026-09-26T02:14:35+00:00,sapmachine-11.0.2,15006958,False,sapmachine-jre-11.0.2_linux-ppc64_bin.tar.gz,linux,ppc64,jre,501
2026-09-26T02:14:35+00:00,sapmachine-11.0.2,15006958,False,sapmachine-jdk-11.0.2_windows-x64_bin.zip,windows,x64,jdk,1574
2026-09-26T02:14:35+00:00,sapmachine-11.0.2,15006958,False,sapmachine-jre-11.0.2_windows-x64_bin.zip,windows,x64,jre,639
2026-09-26T02:14:35+00:00,sapmachine-11.0.2,15006958,False,sapmachine-jdk-11.0.2_osx-x64_bin.tar.gz,macos,x64,jdk,2117
2026-09-26T02:14:35+00:00,sapmachine-11.0.2,15006958,False,sapmachine-jre-11.0.2_osx-x64_bin.tar.gz,macos,x64,jre,581
2026-09-26T02:14:35+00:00,sapmachine-11.0.2,15006958,False,sapmachine-jdk-11.0.2_windows-x64_bin.msi,windows,x64,jdk,706
2026-09-26T02:14:35+00:00,sapmachine10_linux-x64_snapshot-20180123_12_34_01,9347530,True,sapmachine-jdk-10-snapshot.47_linux-x64_bin.tar.gz,linux,x64,jdk,0
2026-09-26T02:14:35+00:00,sapmachine10_linux-x64_snapshot-20180123_12_34_01,9347530,True,sapmachine-jre-10-snapshot.47_linux-x64_bin.tar.gz,linux,x64,jre,0
