timestamp,release_name,release_id,is_prerelease,asset_name,os_name,architecture,java_type,total_downloads
2026-10-09T03:20:19+00:00,sapmachine-28+18,405275155,True,sapmachine-jdk-28-ea.18_linux-x64-musl_bin.tar.gz,alpine,x64,jdk,17
2026-10-09T03:20:19+00:00,sapmachine-28+18,405275155,True,sapmachine-jre-28-ea.18_linux-x64-musl_bin.tar.gz,alpine,x64,jre,16
2026-10-09T03:20:19+00:00,sapmachine-28+18,405275155,True,sapmachine-jdk-28-ea.18_linux-x64-musl_bin-symbols.tar.gz,alpine,x64,jdk,0
2026-10-09T03:20:19+00:00,sapmachine-28+18,405275155,True,sapmachine-jdk-28-ea.18_macos-aarch64_bin.tar.gz,macos,aarch64,jdk,19
2026-10-09T03:20:19+00:00,sapmachine-28+18,405275155,True,sapmachine-jre-28-ea.18_macos-aarch64_bin.tar.gz,macos,aarch64,jre,17
2026-10-09T03:20:19+00:00,sapmachine-28+18,405275155,True,sapmachine-jdk-28-ea.18_macos-aarch64_bin-symbols.tar.gz,macos,aarch64,jdk,0
2026-10-09T03:20:19+00:00,sapmachine-28+18,405275155,True,sapmachine-jdk-28-ea.18_macos-aarch64_bin.dmg,macos,aarch64,jdk,19
2026-10-09T03:20:19+00:00,sapmachine-28+18,405275155,True,sapmachine-jre-28-ea.18_macos-aarch64_bin.dmg,macos,aarch64,jre,17
2026-10-09T03:20:19+00:00,sapmachine-28+18,405275155,True,sapmachine-jdk-28-ea.18_linux-x64_bin.tar.gz,linux,x64,jdk,28
2026-10-09T03:20:19+00:00,sapmachine-28+18,405275155,True,sapmachine-jre-28-ea.18_linux-x64_bin.tar.gz,linux,x64,jre,27
2026-10-09T03:20:19+00:00,sapmachine-28+18,405275155,True,sapmachine-jdk-28-ea.18_linux-x64_bin-symbols.tar.gz,linux,x64,jdk,0
2026-10-09T03:20:19+00:00,sapmachine-28+18,405275155,True,sapmachine-jdk-28-ea.18_linux-ppc64le_bin.tar.gz,linux,ppc64,jdk,26
2026-10-09T03:20:19+00:00,sapmachine-28+18,405275155,True,sapmachine-jre-28-ea.18_linux-ppc64le_bin.tar.gz,linux,ppc64,jre,26
2026-10-09T03:20:19+00:00,sapmachine-28+18,405275155,True,sapmachine-jdk-28-ea.18_linux-ppc64le_bin-symbols.tar.gz,linux,ppc64,jdk,0
2026-10-09T03:20:19+00:00,sapmachine-28+18,405275155,True,sapmachine-jdk-28-ea.18_linux-aarch64_bin.tar.gz,linux,aarch64,jdk,26
2026-10-09T03:20:19+00:00,sapmachine-28+18,405275155,True,sapmachine-jre-28-ea.18_linux-aarch64_bin.tar.gz,linux,aarch64,jre,26
2026-10-09T03:20:19+00:00,sapmachine-28+18,405275155,True,sapmachine-jdk-28-ea.18_linux-aarch64_bin-symbols.tar.gz,linux,aarch64,jdk,0
2026-10-09T03:20:19+00:00,sapmachine-28+18,405275155,True,sapmachine-jdk-28-ea.18_aix-ppc64_bin.tar.gz,aix,ppc64,jdk,15
2026-10-09T03:20:19+00:00,sapmachine-28+18,405275155,True,sapmachine-jre-28-ea.18_aix-ppc64_bin.tar.gz,aix,ppc64,jre,16
2026-10-09T03:20:19+00:00,sapmachine-28+18,405275155,True,sapmachine-jdk-28-ea.18_aix-ppc64_bin-symbols.tar.gz,aix,ppc64,jdk,0
2026-10-09T03:20:19+00:00,sapmachine-28+18,405275155,True,sapmachine-jdk-28-ea.18_windows-x64_bin.zip,windows,x64,jdk,27
2026-10-09T03:20:19+00:00,sapmachine-28+18,405275155,True,sapmachine-jre-28-ea.18_windows-x64_bin.zip,windows,x64,jre,26
2026-10-09T03:20:19+00:00,sapmachine-28+18,405275155,True,sapmachine-jdk-28-ea.18_windows-x64_bin-symbols.tar.gz,windows,x64,jdk,0
2026-10-09T03:20:19+00:00,sapmachine-17.0.21+8,403294500,True,sapmachine-jdk-17.0.21-ea.8_linux-x64_bin.tar.gz,linux,x64,jdk,140
2026-10-09T03:20:19+00:00,sapmachine-17.0.21+8,403294500,True,sapmachine-jre-17.0.21-ea.8_linux-x64_bin.tar.gz,linux,x64,jre,24
2026-10-09T03:20:19+00:00,sapmachine-17.0.21+8,403294500,True,sapmachine-jdk-17.0.21-ea.8_linux-x64_bin-symbols.tar.gz,linux,x64,jdk,1
2026-10-09T03:20:19+00:00,sapmachine-17.0.21+8,403294500,True,sapmachine-jdk-17.0.21-ea.8_macos-aarch64_bin.tar.gz,macos,aarch64,jdk,335
2026-10-09T03:20:19+00:00,sapmachine-17.0.21+8,403294500,True,sapmachine-jre-17.0.21-ea.8_macos-aarch64_bin.tar.gz,macos,aarch64,jre,26
2026-10-09T03:20:19+00:00,sapmachine-17.0.21+8,403294500,True,sapmachine-jdk-17.0.21-ea.8_macos-aarch64_bin-symbols.tar.gz,macos,aarch64,jdk,2
2026-10-09T03:20:19+00:00,sapmachine-17.0.21+8,403294500,True,sapmachine-jdk-17.0.21-ea.8_macos-aarch64_bin.dmg,macos,aarch64,jdk,25
2026-10-09T03:20:19+00:00,sapmachine-17.0.21+8,403294500,True,sapmachine-jre-17.0.21-ea.8_macos-aarch64_bin.dmg,macos,aarch64,jre,23
2026-10-09T03:20:19+00:00,sapmachine-17.0.21+8,403294500,True,sapmachine-jdk-17.0.21-ea.8_windows-x64_bin.zip,windows,x64,jdk,132
2026-10-09T03:20:19+00:00,sapmachine-17.0.21+8,403294500,True,sapmachine-jre-17.0.21-ea.8_windows-x64_bin.zip,windows,x64,jre,20
2026-10-09T03:20:19+00:00,sapmachine-17.0.21+8,403294500,True,sapmachine-jdk-17.0.21-ea.8_windows-x64_bin-symbols.tar.gz,windows,x64,jdk,0
2026-10-09T03:20:19+00:00,sapmachine-21.0.13+8,403293334,True,sapmachine-jdk-21.0.13-ea.8_linux-x64-musl_bin.tar.gz,alpine,x64,jdk,27
2026-10-09T03:20:19+00:00,sapmachine-21.0.13+8,403293334,True,sapmachine-jre-21.0.13-ea.8_linux-x64-musl_bin.tar.gz,alpine,x64,jre,27
2026-10-09T03:20:19+00:00,sapmachine-21.0.13+8,403293334,True,sapmachine-jdk-21.0.13-ea.8_linux-x64-musl_bin-symbols.tar.gz,alpine,x64,jdk,1
2026-10-09T03:20:19+00:00,sapmachine-21.0.13+8,403293334,True,sapmachine-jdk-21.0.13-ea.8_linux-x64_bin.tar.gz,linux,x64,jdk,155
2026-10-09T03:20:19+00:00,sapmachine-21.0.13+8,403293334,True,sapmachine-jre-21.0.13-ea.8_linux-x64_bin.tar.gz,linux,x64,jre,39
2026-10-09T03:20:19+00:00,sapmachine-21.0.13+8,403293334,True,sapmachine-jdk-21.0.13-ea.8_linux-x64_bin-symbols.tar.gz,linux,x64,jdk,0
2026-10-09T03:20:19+00:00,sapmachine-21.0.13+8,403293334,True,sapmachine-jdk-21.0.13-ea.8_linux-ppc64le_bin.tar.gz,linux,ppc64,jdk,38
2026-10-09T03:20:19+00:00,sapmachine-21.0.13+8,403293334,True,sapmachine-jre-21.0.13-ea.8_linux-ppc64le_bin.tar.gz,linux,ppc64,jre,39
2026-10-09T03:20:19+00:00,sapmachine-21.0.13+8,403293334,True,sapmachine-jdk-21.0.13-ea.8_linux-ppc64le_bin-symbols.tar.gz,linux,ppc64,jdk,0
2026-10-09T03:20:19+00:00,sapmachine-21.0.13+8,403293334,True,sapmachine-jdk-21.0.13-ea.8_linux-aarch64_bin.tar.gz,linux,aarch64,jdk,37
2026-10-09T03:20:19+00:00,sapmachine-21.0.13+8,403293334,True,sapmachine-jre-21.0.13-ea.8_linux-aarch64_bin.tar.gz,linux,aarch64,jre,36
2026-10-09T03:20:19+00:00,sapmachine-21.0.13+8,403293334,True,sapmachine-jdk-21.0.13-ea.8_linux-aarch64_bin-symbols.tar.gz,linux,aarch64,jdk,0
2026-10-09T03:20:19+00:00,sapmachine-21.0.13+8,403293334,True,sapmachine-jdk-21.0.13-ea.8_macos-aarch64_bin.tar.gz,macos,aarch64,jdk,226
2026-10-09T03:20:19+00:00,sapmachine-21.0.13+8,403293334,True,sapmachine-jre-21.0.13-ea.8_macos-aarch64_bin.tar.gz,macos,aarch64,jre,33
2026-10-09T03:20:19+00:00,sapmachine-21.0.13+8,403293334,True,sapmachine-jdk-21.0.13-ea.8_macos-aarch64_bin-symbols.tar.gz,macos,aarch64,jdk,0
2026-10-09T03:20:19+00:00,sapmachine-21.0.13+8,403293334,True,sapmachine-jdk-21.0.13-ea.8_macos-aarch64_bin.dmg,macos,aarch64,jdk,27
2026-10-09T03:20:19+00:00,sapmachine-21.0.13+8,403293334,True,sapmachine-jre-21.0.13-ea.8_macos-aarch64_bin.dmg,macos,aarch64,jre,27
2026-10-09T03:20:19+00:00,sapmachine-21.0.13+8,403293334,True,sapmachine-jdk-21.0.13-ea.8_macos-x64_bin.tar.gz,macos,x64,jdk,25
2026-10-09T03:20:19+00:00,sapmachine-21.0.13+8,403293334,True,sapmachine-jre-21.0.13-ea.8_macos-x64_bin.tar.gz,macos,x64,jre,26
2026-10-09T03:20:19+00:00,sapmachine-21.0.13+8,403293334,True,sapmachine-jdk-21.0.13-ea.8_macos-x64_bin-symbols.tar.gz,macos,x64,jdk,0
2026-10-09T03:20:19+00:00,sapmachine-21.0.13+8,403293334,True,sapmachine-jdk-21.0.13-ea.8_macos-x64_bin.dmg,macos,x64,jdk,25
2026-10-09T03:20:19+00:00,sapmachine-21.0.13+8,403293334,True,sapmachine-jre-21.0.13-ea.8_macos-x64_bin.dmg,macos,x64,jre,26
2026-10-09T03:20:19+00:00,sapmachine-21.0.13+8,403293334,True,sapmachine-jdk-21.0.13-ea.8_aix-ppc64_bin.tar.gz,aix,ppc64,jdk,26
2026-10-09T03:20:19+00:00,sapmachine-21.0.13+8,403293334,True,sapmachine-jre-21.0.13-ea.8_aix-ppc64_bin.tar.gz,aix,ppc64,jre,25
2026-10-09T03:20:19+00:00,sapmachine-21.0.13+8,403293334,True,sapmachine-jdk-21.0.13-ea.8_aix-ppc64_bin-symbols.tar.gz,aix,ppc64,jdk,0
2026-10-09T03:20:19+00:00,sapmachine-21.0.13+8,403293334,True,sapmachine-jdk-21.0.13-ea.8_windows-x64_bin.zip,windows,x64,jdk,150
2026-10-09T03:20:19+00:00,sapmachine-21.0.13+8,403293334,True,sapmachine-jre-21.0.13-ea.8_windows-x64_bin.zip,windows,x64,jre,37
2026-10-09T03:20:19+00:00,sapmachine-21.0.13+8,403293334,True,sapmachine-jdk-21.0.13-ea.8_windows-x64_bin-symbols.tar.gz,windows,x64,jdk,0
2026-10-09T03:20:19+00:00,sapmachine-28+17,398748475,True,sapmachine-jdk-28-ea.17_linux-x64-musl_bin.tar.gz,alpine,x64,jdk,34
2026-10-09T03:20:19+00:00,sapmachine-28+17,398748475,True,sapmachine-jre-28-ea.17_linux-x64-musl_bin.tar.gz,alpine,x64,jre,33
2026-10-09T03:20:19+00:00,sapmachine-28+17,398748475,True,sapmachine-jdk-28-ea.17_linux-x64-musl_bin-symbols.tar.gz,alpine,x64,jdk,0
2026-10-09T03:20:19+00:00,sapmachine-28+17,398748475,True,sapmachine-jdk-28-ea.17_macos-aarch64_bin.tar.gz,macos,aarch64,jdk,35
2026-10-09T03:20:19+00:00,sapmachine-28+17,398748475,True,sapmachine-jre-28-ea.17_macos-aarch64_bin.tar.gz,macos,aarch64,jre,35
2026-10-09T03:20:19+00:00,sapmachine-28+17,398748475,True,sapmachine-jdk-28-ea.17_macos-aarch64_bin-symbols.tar.gz,macos,aarch64,jdk,0
2026-10-09T03:20:19+00:00,sapmachine-28+17,398748475,True,sapmachine-jdk-28-ea.17_macos-aarch64_bin.dmg,macos,aarch64,jdk,39
2026-10-09T03:20:19+00:00,sapmachine-28+17,398748475,True,sapmachine-jre-28-ea.17_macos-aarch64_bin.dmg,macos,aarch64,jre,34
2026-10-09T03:20:19+00:00,sapmachine-28+17,398748475,True,sapmachine-jdk-28-ea.17_linux-x64_bin.tar.gz,linux,x64,jdk,41
2026-10-09T03:20:19+00:00,sapmachine-28+17,398748475,True,sapmachine-jre-28-ea.17_linux-x64_bin.tar.gz,linux,x64,jre,36
2026-10-09T03:20:19+00:00,sapmachine-28+17,398748475,True,sapmachine-jdk-28-ea.17_linux-x64_bin-symbols.tar.gz,linux,x64,jdk,0
2026-10-09T03:20:19+00:00,sapmachine-28+17,398748475,True,sapmachine-jdk-28-ea.17_linux-ppc64le_bin.tar.gz,linux,ppc64,jdk,35
2026-10-09T03:20:19+00:00,sapmachine-28+17,398748475,True,sapmachine-jre-28-ea.17_linux-ppc64le_bin.tar.gz,linux,ppc64,jre,35
2026-10-09T03:20:19+00:00,sapmachine-28+17,398748475,True,sapmachine-jdk-28-ea.17_linux-ppc64le_bin-symbols.tar.gz,linux,ppc64,jdk,0
2026-10-09T03:20:19+00:00,sapmachine-28+17,398748475,True,sapmachine-jdk-28-ea.17_linux-aarch64_bin.tar.gz,linux,aarch64,jdk,34
2026-10-09T03:20:19+00:00,sapmachine-28+17,398748475,True,sapmachine-jre-28-ea.17_linux-aarch64_bin.tar.gz,linux,aarch64,jre,35
2026-10-09T03:20:19+00:00,sapmachine-28+17,398748475,True,sapmachine-jdk-28-ea.17_linux-aarch64_bin-symbols.tar.gz,linux,aarch64,jdk,0
2026-10-09T03:20:19+00:00,sapmachine-28+17,398748475,True,sapmachine-jdk-28-ea.17_aix-ppc64_bin.tar.gz,aix,ppc64,jdk,32
2026-10-09T03:20:19+00:00,sapmachine-28+17,398748475,True,sapmachine-jre-28-ea.17_aix-ppc64_bin.tar.gz,aix,ppc64,jre,33
2026-10-09T03:20:19+00:00,sapmachine-28+17,398748475,True,sapmachine-jdk-28-ea.17_aix-ppc64_bin-symbols.tar.gz,aix,ppc64,jdk,0
2026-10-09T03:20:19+00:00,sapmachine-28+17,398748475,True,sapmachine-jdk-28-ea.17_windows-x64_bin.zip,windows,x64,jdk,37
2026-10-09T03:20:19+00:00,sapmachine-28+17,398748475,True,sapmachine-jre-28-ea.17_windows-x64_bin.zip,windows,x64,jre,35
2026-10-09T03:20:19+00:00,sapmachine-28+17,398748475,True,sapmachine-jdk-28-ea.17_windows-x64_bin-symbols.tar.gz,windows,x64,jdk,0
2026-10-09T03:20:19+00:00,sapmachine-27.0.1+1,396578333,True,sapmachine-jdk-27.0.1-ea.1_linux-x64-musl_bin.tar.gz,alpine,x64,jdk,36
2026-10-09T03:20:19+00:00,sapmachine-27.0.1+1,396578333,True,sapmachine-jre-27.0.1-ea.1_linux-x64-musl_bin.tar.gz,alpine,x64,jre,38
2026-10-09T03:20:19+00:00,sapmachine-27.0.1+1,396578333,True,sapmachine-jdk-27.0.1-ea.1_linux-x64-musl_bin-symbols.tar.gz,alpine,x64,jdk,2
2026-10-09T03:20:19+00:00,sapmachine-27.0.1+1,396578333,True,sapmachine-jdk-27.0.1-ea.1_linux-x64_bin.tar.gz,linux,x64,jdk,52
2026-10-09T03:20:19+00:00,sapmachine-27.0.1+1,396578333,True,sapmachine-jre-27.0.1-ea.1_linux-x64_bin.tar.gz,linux,x64,jre,46
2026-10-09T03:20:19+00:00,sapmachine-27.0.1+1,396578333,True,sapmachine-jdk-27.0.1-ea.1_linux-x64_bin-symbols.tar.gz,linux,x64,jdk,0
2026-10-09T03:20:19+00:00,sapmachine-27.0.1+1,396578333,True,sapmachine-jdk-27.0.1-ea.1_macos-aarch64_bin.tar.gz,macos,aarch64,jdk,42
2026-10-09T03:20:19+00:00,sapmachine-27.0.1+1,396578333,True,sapmachine-jre-27.0.1-ea.1_macos-aarch64_bin.tar.gz,macos,aarch64,jre,40
2026-10-09T03:20:19+00:00,sapmachine-27.0.1+1,396578333,True,sapmachine-jdk-27.0.1-ea.1_macos-aarch64_bin-symbols.tar.gz,macos,aarch64,jdk,0
2026-10-09T03:20:19+00:00,sapmachine-27.0.1+1,396578333,True,sapmachine-jdk-27.0.1-ea.1_macos-aarch64_bin.dmg,macos,aarch64,jdk,41
2026-10-09T03:20:19+00:00,sapmachine-27.0.1+1,396578333,True,sapmachine-jre-27.0.1-ea.1_macos-aarch64_bin.dmg,macos,aarch64,jre,38
2026-10-09T03:20:19+00:00,sapmachine-27.0.1+1,396578333,True,sapmachine-jdk-27.0.1-ea.1_linux-ppc64le_bin.tar.gz,linux,ppc64,jdk,45
2026-10-09T03:20:19+00:00,sapmachine-27.0.1+1,396578333,True,sapmachine-jre-27.0.1-ea.1_linux-ppc64le_bin.tar.gz,linux,ppc64,jre,48
2026-10-09T03:20:19+00:00,sapmachine-27.0.1+1,396578333,True,sapmachine-jdk-27.0.1-ea.1_linux-ppc64le_bin-symbols.tar.gz,linux,ppc64,jdk,0
2026-10-09T03:20:19+00:00,sapmachine-27.0.1+1,396578333,True,sapmachine-jdk-27.0.1-ea.1_aix-ppc64_bin.tar.gz,aix,ppc64,jdk,38
2026-10-09T03:20:19+00:00,sapmachine-27.0.1+1,396578333,True,sapmachine-jre-27.0.1-ea.1_aix-ppc64_bin.tar.gz,aix,ppc64,jre,36
2026-10-09T03:20:19+00:00,sapmachine-27.0.1+1,396578333,True,sapmachine-jdk-27.0.1-ea.1_aix-ppc64_bin-symbols.tar.gz,aix,ppc64,jdk,0
2026-10-09T03:20:19+00:00,sapmachine-27.0.1+1,396578333,True,sapmachine-jdk-27.0.1-ea.1_linux-aarch64_bin.tar.gz,linux,aarch64,jdk,45
2026-10-09T03:20:19+00:00,sapmachine-27.0.1+1,396578333,True,sapmachine-jre-27.0.1-ea.1_linux-aarch64_bin.tar.gz,linux,aarch64,jre,47
2026-10-09T03:20:19+00:00,sapmachine-27.0.1+1,396578333,True,sapmachine-jdk-27.0.1-ea.1_linux-aarch64_bin-symbols.tar.gz,linux,aarch64,jdk,0
2026-10-09T03:20:19+00:00,sapmachine-27.0.1+1,396578333,True,sapmachine-jdk-27.0.1-ea.1_windows-x64_bin.zip,windows,x64,jdk,49
2026-10-09T03:20:19+00:00,sapmachine-27.0.1+1,396578333,True,sapmachine-jre-27.0.1-ea.1_windows-x64_bin.zip,windows,x64,jre,48
2026-10-09T03:20:19+00:00,sapmachine-27.0.1+1,396578333,True,sapmachine-jdk-27.0.1-ea.1_windows-x64_bin-symbols.tar.gz,windows,x64,jdk,0
2026-10-09T03:20:19+00:00,sapmachine-17.0.21+7,393403739,True,sapmachine-jdk-17.0.21-ea.7_linux-x64-musl_bin.tar.gz,alpine,x64,jdk,32
2026-10-09T03:20:19+00:00,sapmachine-17.0.21+7,393403739,True,sapmachine-jre-17.0.21-ea.7_linux-x64-musl_bin.tar.gz,alpine,x64,jre,33
2026-10-09T03:20:19+00:00,sapmachine-17.0.21+7,393403739,True,sapmachine-jdk-17.0.21-ea.7_linux-x64-musl_bin-symbols.tar.gz,alpine,x64,jdk,1
2026-10-09T03:20:19+00:00,sapmachine-17.0.21+7,393403739,True,sapmachine-jdk-17.0.21-ea.7_linux-x64_bin.tar.gz,linux,x64,jdk,424
2026-10-09T03:20:19+00:00,sapmachine-17.0.21+7,393403739,True,sapmachine-jre-17.0.21-ea.7_linux-x64_bin.tar.gz,linux,x64,jre,34
2026-10-09T03:20:19+00:00,sapmachine-17.0.21+7,393403739,True,sapmachine-jdk-17.0.21-ea.7_linux-x64_bin-symbols.tar.gz,linux,x64,jdk,1
2026-10-09T03:20:19+00:00,sapmachine-17.0.21+7,393403739,True,sapmachine-jdk-17.0.21-ea.7_macos-aarch64_bin.tar.gz,macos,aarch64,jdk,871
2026-10-09T03:20:19+00:00,sapmachine-17.0.21+7,393403739,True,sapmachine-jre-17.0.21-ea.7_macos-aarch64_bin.tar.gz,macos,aarch64,jre,37
2026-10-09T03:20:19+00:00,sapmachine-17.0.21+7,393403739,True,sapmachine-jdk-17.0.21-ea.7_macos-aarch64_bin-symbols.tar.gz,macos,aarch64,jdk,1
2026-10-09T03:20:19+00:00,sapmachine-17.0.21+7,393403739,True,sapmachine-jdk-17.0.21-ea.7_macos-aarch64_bin.dmg,macos,aarch64,jdk,38
2026-10-09T03:20:19+00:00,sapmachine-17.0.21+7,393403739,True,sapmachine-jre-17.0.21-ea.7_macos-aarch64_bin.dmg,macos,aarch64,jre,32
2026-10-09T03:20:19+00:00,sapmachine-17.0.21+7,393403739,True,sapmachine-jdk-17.0.21-ea.7_linux-aarch64_bin.tar.gz,linux,aarch64,jdk,31
2026-10-09T03:20:19+00:00,sapmachine-17.0.21+7,393403739,True,sapmachine-jre-17.0.21-ea.7_linux-aarch64_bin.tar.gz,linux,aarch64,jre,31
2026-10-09T03:20:19+00:00,sapmachine-17.0.21+7,393403739,True,sapmachine-jdk-17.0.21-ea.7_linux-aarch64_bin-symbols.tar.gz,linux,aarch64,jdk,0
2026-10-09T03:20:19+00:00,sapmachine-17.0.21+7,393403739,True,sapmachine-jdk-17.0.21-ea.7_macos-x64_bin.tar.gz,macos,x64,jdk,38
2026-10-09T03:20:19+00:00,sapmachine-17.0.21+7,393403739,True,sapmachine-jre-17.0.21-ea.7_macos-x64_bin.tar.gz,macos,x64,jre,31
2026-10-09T03:20:19+00:00,sapmachine-17.0.21+7,393403739,True,sapmachine-jdk-17.0.21-ea.7_macos-x64_bin-symbols.tar.gz,macos,x64,jdk,0
2026-10-09T03:20:19+00:00,sapmachine-17.0.21+7,393403739,True,sapmachine-jdk-17.0.21-ea.7_macos-x64_bin.dmg,macos,x64,jdk,30
2026-10-09T03:20:19+00:00,sapmachine-17.0.21+7,393403739,True,sapmachine-jre-17.0.21-ea.7_macos-x64_bin.dmg,macos,x64,jre,30
2026-10-09T03:20:19+00:00,sapmachine-17.0.21+7,393403739,True,sapmachine-jdk-17.0.21-ea.7_windows-x64_bin.zip,windows,x64,jdk,400
2026-10-09T03:20:19+00:00,sapmachine-17.0.21+7,393403739,True,sapmachine-jre-17.0.21-ea.7_windows-x64_bin.zip,windows,x64,jre,31
2026-10-09T03:20:19+00:00,sapmachine-17.0.21+7,393403739,True,sapmachine-jdk-17.0.21-ea.7_windows-x64_bin-symbols.tar.gz,windows,x64,jdk,0
2026-10-09T03:20:19+00:00,sapmachine-17.0.21+7,393403739,True,sapmachine-jdk-17.0.21-ea.7_linux-ppc64le_bin.tar.gz,linux,ppc64,jdk,30
2026-10-09T03:20:19+00:00,sapmachine-17.0.21+7,393403739,True,sapmachine-jre-17.0.21-ea.7_linux-ppc64le_bin.tar.gz,linux,ppc64,jre,31
2026-10-09T03:20:19+00:00,sapmachine-17.0.21+7,393403739,True,sapmachine-jdk-17.0.21-ea.7_linux-ppc64le_bin-symbols.tar.gz,linux,ppc64,jdk,0
2026-10-09T03:20:19+00:00,sapmachine-21.0.13+7,393400323,True,sapmachine-jdk-21.0.13-ea.7_macos-aarch64_bin.tar.gz,macos,aarch64,jdk,476
2026-10-09T03:20:19+00:00,sapmachine-21.0.13+7,393400323,True,sapmachine-jre-21.0.13-ea.7_macos-aarch64_bin.tar.gz,macos,aarch64,jre,46
2026-10-09T03:20:19+00:00,sapmachine-21.0.13+7,393400323,True,sapmachine-jdk-21.0.13-ea.7_macos-aarch64_bin-symbols.tar.gz,macos,aarch64,jdk,1
2026-10-09T03:20:19+00:00,sapmachine-21.0.13+7,393400323,True,sapmachine-jdk-21.0.13-ea.7_macos-aarch64_bin.dmg,macos,aarch64,jdk,46
2026-10-09T03:20:19+00:00,sapmachine-21.0.13+7,393400323,True,sapmachine-jre-21.0.13-ea.7_macos-aarch64_bin.dmg,macos,aarch64,jre,43
2026-10-09T03:20:19+00:00,sapmachine-21.0.13+7,393400323,True,sapmachine-jdk-21.0.13-ea.7_linux-x64-musl_bin.tar.gz,alpine,x64,jdk,43
2026-10-09T03:20:19+00:00,sapmachine-21.0.13+7,393400323,True,sapmachine-jre-21.0.13-ea.7_linux-x64-musl_bin.tar.gz,alpine,x64,jre,41
2026-10-09T03:20:19+00:00,sapmachine-21.0.13+7,393400323,True,sapmachine-jdk-21.0.13-ea.7_linux-x64-musl_bin-symbols.tar.gz,alpine,x64,jdk,1
2026-10-09T03:20:19+00:00,sapmachine-21.0.13+7,393400323,True,sapmachine-jdk-21.0.13-ea.7_aix-ppc64_bin.tar.gz,aix,ppc64,jdk,40
2026-10-09T03:20:19+00:00,sapmachine-21.0.13+7,393400323,True,sapmachine-jre-21.0.13-ea.7_aix-ppc64_bin.tar.gz,aix,ppc64,jre,40
2026-10-09T03:20:19+00:00,sapmachine-21.0.13+7,393400323,True,sapmachine-jdk-21.0.13-ea.7_aix-ppc64_bin-symbols.tar.gz,aix,ppc64,jdk,1
2026-10-09T03:20:19+00:00,sapmachine-21.0.13+7,393400323,True,sapmachine-jdk-21.0.13-ea.7_linux-x64_bin.tar.gz,linux,x64,jdk,460
2026-10-09T03:20:19+00:00,sapmachine-21.0.13+7,393400323,True,sapmachine-jre-21.0.13-ea.7_linux-x64_bin.tar.gz,linux,x64,jre,48
2026-10-09T03:20:19+00:00,sapmachine-21.0.13+7,393400323,True,sapmachine-jdk-21.0.13-ea.7_linux-x64_bin-symbols.tar.gz,linux,x64,jdk,0
2026-10-09T03:20:19+00:00,sapmachine-21.0.13+7,393400323,True,sapmachine-jdk-21.0.13-ea.7_macos-x64_bin.tar.gz,macos,x64,jdk,40
2026-10-09T03:20:19+00:00,sapmachine-21.0.13+7,393400323,True,sapmachine-jre-21.0.13-ea.7_macos-x64_bin.tar.gz,macos,x64,jre,39
2026-10-09T03:20:19+00:00,sapmachine-21.0.13+7,393400323,True,sapmachine-jdk-21.0.13-ea.7_macos-x64_bin-symbols.tar.gz,macos,x64,jdk,0
2026-10-09T03:20:19+00:00,sapmachine-21.0.13+7,393400323,True,sapmachine-jdk-21.0.13-ea.7_macos-x64_bin.dmg,macos,x64,jdk,39
2026-10-09T03:20:19+00:00,sapmachine-21.0.13+7,393400323,True,sapmachine-jre-21.0.13-ea.7_macos-x64_bin.dmg,macos,x64,jre,38
2026-10-09T03:20:19+00:00,sapmachine-21.0.13+7,393400323,True,sapmachine-jdk-21.0.13-ea.7_linux-aarch64_bin.tar.gz,linux,aarch64,jdk,39
2026-10-09T03:20:19+00:00,sapmachine-21.0.13+7,393400323,True,sapmachine-jre-21.0.13-ea.7_linux-aarch64_bin.tar.gz,linux,aarch64,jre,40
2026-10-09T03:20:19+00:00,sapmachine-21.0.13+7,393400323,True,sapmachine-jdk-21.0.13-ea.7_linux-aarch64_bin-symbols.tar.gz,linux,aarch64,jdk,0
2026-10-09T03:20:19+00:00,sapmachine-21.0.13+7,393400323,True,sapmachine-jdk-21.0.13-ea.7_windows-x64_bin.zip,windows,x64,jdk,406
2026-10-09T03:20:19+00:00,sapmachine-21.0.13+7,393400323,True,sapmachine-jre-21.0.13-ea.7_windows-x64_bin.zip,windows,x64,jre,40
2026-10-09T03:20:19+00:00,sapmachine-21.0.13+7,393400323,True,sapmachine-jdk-21.0.13-ea.7_windows-x64_bin-symbols.tar.gz,windows,x64,jdk,0
2026-10-09T03:20:19+00:00,sapmachine-25.0.5+7,393395411,True,sapmachine-jdk-25.0.5-ea.7_aix-ppc64_bin.tar.gz,aix,ppc64,jdk,41
2026-10-09T03:20:19+00:00,sapmachine-25.0.5+7,393395411,True,sapmachine-jre-25.0.5-ea.7_aix-ppc64_bin.tar.gz,aix,ppc64,jre,41
2026-10-09T03:20:19+00:00,sapmachine-25.0.5+7,393395411,True,sapmachine-jdk-25.0.5-ea.7_aix-ppc64_bin-symbols.tar.gz,aix,ppc64,jdk,1
2026-10-09T03:20:19+00:00,sapmachine-25.0.5+7,393395411,True,sapmachine-jdk-25.0.5-ea.7_linux-x64_bin.tar.gz,linux,x64,jdk,82
2026-10-09T03:20:19+00:00,sapmachine-25.0.5+7,393395411,True,sapmachine-jre-25.0.5-ea.7_linux-x64_bin.tar.gz,linux,x64,jre,54
2026-10-09T03:20:19+00:00,sapmachine-25.0.5+7,393395411,True,sapmachine-jdk-25.0.5-ea.7_linux-x64_bin-symbols.tar.gz,linux,x64,jdk,1
2026-10-09T03:20:19+00:00,sapmachine-25.0.5+7,393395411,True,sapmachine-jdk-25.0.5-ea.7_linux-x64-musl_bin.tar.gz,alpine,x64,jdk,42
2026-10-09T03:20:19+00:00,sapmachine-25.0.5+7,393395411,True,sapmachine-jre-25.0.5-ea.7_linux-x64-musl_bin.tar.gz,alpine,x64,jre,40
2026-10-09T03:20:19+00:00,sapmachine-25.0.5+7,393395411,True,sapmachine-jdk-25.0.5-ea.7_linux-x64-musl_bin-symbols.tar.gz,alpine,x64,jdk,0
2026-10-09T03:20:19+00:00,sapmachine-25.0.5+7,393395411,True,sapmachine-jdk-25.0.5-ea.7_macos-aarch64_bin.tar.gz,macos,aarch64,jdk,102
2026-10-09T03:20:19+00:00,sapmachine-25.0.5+7,393395411,True,sapmachine-jre-25.0.5-ea.7_macos-aarch64_bin.tar.gz,macos,aarch64,jre,41
2026-10-09T03:20:19+00:00,sapmachine-25.0.5+7,393395411,True,sapmachine-jdk-25.0.5-ea.7_macos-aarch64_bin-symbols.tar.gz,macos,aarch64,jdk,2
2026-10-09T03:20:19+00:00,sapmachine-25.0.5+7,393395411,True,sapmachine-jdk-25.0.5-ea.7_macos-aarch64_bin.dmg,macos,aarch64,jdk,41
2026-10-09T03:20:19+00:00,sapmachine-25.0.5+7,393395411,True,sapmachine-jre-25.0.5-ea.7_macos-aarch64_bin.dmg,macos,aarch64,jre,40
2026-10-09T03:20:19+00:00,sapmachine-25.0.5+7,393395411,True,sapmachine-jdk-25.0.5-ea.7_linux-aarch64_bin.tar.gz,linux,aarch64,jdk,54
2026-10-09T03:20:19+00:00,sapmachine-25.0.5+7,393395411,True,sapmachine-jre-25.0.5-ea.7_linux-aarch64_bin.tar.gz,linux,aarch64,jre,50
2026-10-09T03:20:19+00:00,sapmachine-25.0.5+7,393395411,True,sapmachine-jdk-25.0.5-ea.7_linux-aarch64_bin-symbols.tar.gz,linux,aarch64,jdk,0
2026-10-09T03:20:19+00:00,sapmachine-25.0.5+7,393395411,True,sapmachine-jdk-25.0.5-ea.7_windows-x64_bin.zip,windows,x64,jdk,52
2026-10-09T03:20:19+00:00,sapmachine-25.0.5+7,393395411,True,sapmachine-jre-25.0.5-ea.7_windows-x64_bin.zip,windows,x64,jre,51
2026-10-09T03:20:19+00:00,sapmachine-25.0.5+7,393395411,True,sapmachine-jdk-25.0.5-ea.7_windows-x64_bin-symbols.tar.gz,windows,x64,jdk,0
2026-10-09T03:20:19+00:00,sapmachine-25.0.5+7,393395411,True,sapmachine-jdk-25.0.5-ea.7_linux-ppc64le_bin.tar.gz,linux,ppc64,jdk,50
2026-10-09T03:20:19+00:00,sapmachine-25.0.5+7,393395411,True,sapmachine-jre-25.0.5-ea.7_linux-ppc64le_bin.tar.gz,linux,ppc64,jre,49
2026-10-09T03:20:19+00:00,sapmachine-25.0.5+7,393395411,True,sapmachine-jdk-25.0.5-ea.7_linux-ppc64le_bin-symbols.tar.gz,linux,ppc64,jdk,0
2026-10-09T03:20:19+00:00,sapmachine-28+16,393394323,True,sapmachine-jdk-28-ea.16_macos-aarch64_bin.tar.gz,macos,aarch64,jdk,44
2026-10-09T03:20:19+00:00,sapmachine-28+16,393394323,True,sapmachine-jre-28-ea.16_macos-aarch64_bin.tar.gz,macos,aarch64,jre,43
2026-10-09T03:20:19+00:00,sapmachine-28+16,393394323,True,sapmachine-jdk-28-ea.16_macos-aarch64_bin-symbols.tar.gz,macos,aarch64,jdk,1
2026-10-09T03:20:19+00:00,sapmachine-28+16,393394323,True,sapmachine-jdk-28-ea.16_macos-aarch64_bin.dmg,macos,aarch64,jdk,44
2026-10-09T03:20:19+00:00,sapmachine-28+16,393394323,True,sapmachine-jre-28-ea.16_macos-aarch64_bin.dmg,macos,aarch64,jre,42
2026-10-09T03:20:19+00:00,sapmachine-28+16,393394323,True,sapmachine-jdk-28-ea.16_linux-x64-musl_bin.tar.gz,alpine,x64,jdk,42
2026-10-09T03:20:19+00:00,sapmachine-28+16,393394323,True,sapmachine-jre-28-ea.16_linux-x64-musl_bin.tar.gz,alpine,x64,jre,42
2026-10-09T03:20:19+00:00,sapmachine-28+16,393394323,True,sapmachine-jdk-28-ea.16_linux-x64-musl_bin-symbols.tar.gz,alpine,x64,jdk,1
2026-10-09T03:20:19+00:00,sapmachine-28+16,393394323,True,sapmachine-jdk-28-ea.16_linux-x64_bin.tar.gz,linux,x64,jdk,58
2026-10-09T03:20:19+00:00,sapmachine-28+16,393394323,True,sapmachine-jre-28-ea.16_linux-x64_bin.tar.gz,linux,x64,jre,41
2026-10-09T03:20:19+00:00,sapmachine-28+16,393394323,True,sapmachine-jdk-28-ea.16_linux-x64_bin-symbols.tar.gz,linux,x64,jdk,0
2026-10-09T03:20:19+00:00,sapmachine-28+16,393394323,True,sapmachine-jdk-28-ea.16_aix-ppc64_bin.tar.gz,aix,ppc64,jdk,40
2026-10-09T03:20:19+00:00,sapmachine-28+16,393394323,True,sapmachine-jre-28-ea.16_aix-ppc64_bin.tar.gz,aix,ppc64,jre,40
2026-10-09T03:20:19+00:00,sapmachine-28+16,393394323,True,sapmachine-jdk-28-ea.16_aix-ppc64_bin-symbols.tar.gz,aix,ppc64,jdk,0
2026-10-09T03:20:19+00:00,sapmachine-28+16,393394323,True,sapmachine-jdk-28-ea.16_linux-aarch64_bin.tar.gz,linux,aarch64,jdk,42
2026-10-09T03:20:19+00:00,sapmachine-28+16,393394323,True,sapmachine-jre-28-ea.16_linux-aarch64_bin.tar.gz,linux,aarch64,jre,41
2026-10-09T03:20:19+00:00,sapmachine-28+16,393394323,True,sapmachine-jdk-28-ea.16_linux-aarch64_bin-symbols.tar.gz,linux,aarch64,jdk,0
2026-10-09T03:20:19+00:00,sapmachine-28+16,393394323,True,sapmachine-jdk-28-ea.16_windows-x64_bin.zip,windows,x64,jdk,44
2026-10-09T03:20:19+00:00,sapmachine-28+16,393394323,True,sapmachine-jre-28-ea.16_windows-x64_bin.zip,windows,x64,jre,40
2026-10-09T03:20:19+00:00,sapmachine-28+16,393394323,True,sapmachine-jdk-28-ea.16_windows-x64_bin-symbols.tar.gz,windows,x64,jdk,0
2026-10-09T03:20:19+00:00,sapmachine-28+16,393394323,True,sapmachine-jdk-28-ea.16_linux-ppc64le_bin.tar.gz,linux,ppc64,jdk,39
2026-10-09T03:20:19+00:00,sapmachine-28+16,393394323,True,sapmachine-jre-28-ea.16_linux-ppc64le_bin.tar.gz,linux,ppc64,jre,39
2026-10-09T03:20:19+00:00,sapmachine-28+16,393394323,True,sapmachine-jdk-28-ea.16_linux-ppc64le_bin-symbols.tar.gz,linux,ppc64,jdk,0
2026-10-09T03:20:19+00:00,sapmachine-21.0.13+6,391159599,True,sapmachine-jdk-21.0.13-ea.6_aix-ppc64_bin.tar.gz,aix,ppc64,jdk,46
2026-10-09T03:20:19+00:00,sapmachine-21.0.13+6,391159599,True,sapmachine-jre-21.0.13-ea.6_aix-ppc64_bin.tar.gz,aix,ppc64,jre,45
2026-10-09T03:20:19+00:00,sapmachine-21.0.13+6,391159599,True,sapmachine-jdk-21.0.13-ea.6_aix-ppc64_bin-symbols.tar.gz,aix,ppc64,jdk,2
2026-10-09T03:20:19+00:00,sapmachine-21.0.13+6,391159599,True,sapmachine-jdk-21.0.13-ea.6_linux-x64-musl_bin.tar.gz,alpine,x64,jdk,46
2026-10-09T03:20:19+00:00,sapmachine-21.0.13+6,391159599,True,sapmachine-jre-21.0.13-ea.6_linux-x64-musl_bin.tar.gz,alpine,x64,jre,46
2026-10-09T03:20:19+00:00,sapmachine-21.0.13+6,391159599,True,sapmachine-jdk-21.0.13-ea.6_linux-x64-musl_bin-symbols.tar.gz,alpine,x64,jdk,2
2026-10-09T03:20:19+00:00,sapmachine-21.0.13+6,391159599,True,sapmachine-jdk-21.0.13-ea.6_linux-x64_bin.tar.gz,linux,x64,jdk,179
2026-10-09T03:20:19+00:00,sapmachine-21.0.13+6,391159599,True,sapmachine-jre-21.0.13-ea.6_linux-x64_bin.tar.gz,linux,x64,jre,49
2026-10-09T03:20:19+00:00,sapmachine-21.0.13+6,391159599,True,sapmachine-jdk-21.0.13-ea.6_linux-x64_bin-symbols.tar.gz,linux,x64,jdk,1
2026-10-09T03:20:19+00:00,sapmachine-21.0.13+6,391159599,True,sapmachine-jdk-21.0.13-ea.6_macos-aarch64_bin.tar.gz,macos,aarch64,jdk,239
2026-10-09T03:20:19+00:00,sapmachine-21.0.13+6,391159599,True,sapmachine-jre-21.0.13-ea.6_macos-aarch64_bin.tar.gz,macos,aarch64,jre,51
2026-10-09T03:20:19+00:00,sapmachine-21.0.13+6,391159599,True,sapmachine-jdk-21.0.13-ea.6_macos-aarch64_bin-symbols.tar.gz,macos,aarch64,jdk,1
2026-10-09T03:20:19+00:00,sapmachine-21.0.13+6,391159599,True,sapmachine-jdk-21.0.13-ea.6_macos-aarch64_bin.dmg,macos,aarch64,jdk,47
2026-10-09T03:20:19+00:00,sapmachine-21.0.13+6,391159599,True,sapmachine-jre-21.0.13-ea.6_macos-aarch64_bin.dmg,macos,aarch64,jre,45
2026-10-09T03:20:19+00:00,sapmachine-21.0.13+6,391159599,True,sapmachine-jdk-21.0.13-ea.6_linux-ppc64le_bin.tar.gz,linux,ppc64,jdk,45
2026-10-09T03:20:19+00:00,sapmachine-21.0.13+6,391159599,True,sapmachine-jre-21.0.13-ea.6_linux-ppc64le_bin.tar.gz,linux,ppc64,jre,44
2026-10-09T03:20:19+00:00,sapmachine-21.0.13+6,391159599,True,sapmachine-jdk-21.0.13-ea.6_linux-ppc64le_bin-symbols.tar.gz,linux,ppc64,jdk,1
2026-10-09T03:20:19+00:00,sapmachine-21.0.13+6,391159599,True,sapmachine-jdk-21.0.13-ea.6_macos-x64_bin.tar.gz,macos,x64,jdk,44
2026-10-09T03:20:19+00:00,sapmachine-21.0.13+6,391159599,True,sapmachine-jre-21.0.13-ea.6_macos-x64_bin.tar.gz,macos,x64,jre,43
2026-10-09T03:20:19+00:00,sapmachine-21.0.13+6,391159599,True,sapmachine-jdk-21.0.13-ea.6_macos-x64_bin-symbols.tar.gz,macos,x64,jdk,1
2026-10-09T03:20:19+00:00,sapmachine-21.0.13+6,391159599,True,sapmachine-jdk-21.0.13-ea.6_macos-x64_bin.dmg,macos,x64,jdk,44
2026-10-09T03:20:19+00:00,sapmachine-21.0.13+6,391159599,True,sapmachine-jre-21.0.13-ea.6_macos-x64_bin.dmg,macos,x64,jre,43
2026-10-09T03:20:19+00:00,sapmachine-21.0.13+6,391159599,True,sapmachine-jdk-21.0.13-ea.6_linux-aarch64_bin.tar.gz,linux,aarch64,jdk,44
2026-10-09T03:20:19+00:00,sapmachine-21.0.13+6,391159599,True,sapmachine-jre-21.0.13-ea.6_linux-aarch64_bin.tar.gz,linux,aarch64,jre,45
2026-10-09T03:20:19+00:00,sapmachine-21.0.13+6,391159599,True,sapmachine-jdk-21.0.13-ea.6_linux-aarch64_bin-symbols.tar.gz,linux,aarch64,jdk,1
2026-10-09T03:20:19+00:00,sapmachine-21.0.13+6,391159599,True,sapmachine-jdk-21.0.13-ea.6_windows-x64_bin.zip,windows,x64,jdk,158
2026-10-09T03:20:19+00:00,sapmachine-21.0.13+6,391159599,True,sapmachine-jre-21.0.13-ea.6_windows-x64_bin.zip,windows,x64,jre,48
2026-10-09T03:20:19+00:00,sapmachine-21.0.13+6,391159599,True,sapmachine-jdk-21.0.13-ea.6_windows-x64_bin-symbols.tar.gz,windows,x64,jdk,1
2026-10-09T03:20:19+00:00,sapmachine-25.0.5+6,391155473,True,sapmachine-jdk-25.0.5-ea.6_linux-x64-musl_bin.tar.gz,alpine,x64,jdk,48
2026-10-09T03:20:19+00:00,sapmachine-25.0.5+6,391155473,True,sapmachine-jre-25.0.5-ea.6_linux-x64-musl_bin.tar.gz,alpine,x64,jre,45
2026-10-09T03:20:19+00:00,sapmachine-25.0.5+6,391155473,True,sapmachine-jdk-25.0.5-ea.6_linux-x64-musl_bin-symbols.tar.gz,alpine,x64,jdk,1
2026-10-09T03:20:19+00:00,sapmachine-25.0.5+6,391155473,True,sapmachine-jdk-25.0.5-ea.6_linux-ppc64le_bin.tar.gz,linux,ppc64,jdk,45
2026-10-09T03:20:19+00:00,sapmachine-25.0.5+6,391155473,True,sapmachine-jre-25.0.5-ea.6_linux-ppc64le_bin.tar.gz,linux,ppc64,jre,46
2026-10-09T03:20:19+00:00,sapmachine-25.0.5+6,391155473,True,sapmachine-jdk-25.0.5-ea.6_linux-ppc64le_bin-symbols.tar.gz,linux,ppc64,jdk,1
2026-10-09T03:20:19+00:00,sapmachine-25.0.5+6,391155473,True,sapmachine-jdk-25.0.5-ea.6_macos-aarch64_bin.tar.gz,macos,aarch64,jdk,104
2026-10-09T03:20:19+00:00,sapmachine-25.0.5+6,391155473,True,sapmachine-jre-25.0.5-ea.6_macos-aarch64_bin.tar.gz,macos,aarch64,jre,46
2026-10-09T03:20:19+00:00,sapmachine-25.0.5+6,391155473,True,sapmachine-jdk-25.0.5-ea.6_macos-aarch64_bin-symbols.tar.gz,macos,aarch64,jdk,1
2026-10-09T03:20:19+00:00,sapmachine-25.0.5+6,391155473,True,sapmachine-jdk-25.0.5-ea.6_macos-aarch64_bin.dmg,macos,aarch64,jdk,47
2026-10-09T03:20:19+00:00,sapmachine-25.0.5+6,391155473,True,sapmachine-jre-25.0.5-ea.6_macos-aarch64_bin.dmg,macos,aarch64,jre,46
2026-10-09T03:20:19+00:00,sapmachine-25.0.5+6,391155473,True,sapmachine-jdk-25.0.5-ea.6_linux-x64_bin.tar.gz,linux,x64,jdk,58
2026-10-09T03:20:19+00:00,sapmachine-25.0.5+6,391155473,True,sapmachine-jre-25.0.5-ea.6_linux-x64_bin.tar.gz,linux,x64,jre,47
2026-10-09T03:20:19+00:00,sapmachine-25.0.5+6,391155473,True,sapmachine-jdk-25.0.5-ea.6_linux-x64_bin-symbols.tar.gz,linux,x64,jdk,1
2026-10-09T03:20:19+00:00,sapmachine-25.0.5+6,391155473,True,sapmachine-jdk-25.0.5-ea.6_linux-aarch64_bin.tar.gz,linux,aarch64,jdk,44
2026-10-09T03:20:19+00:00,sapmachine-25.0.5+6,391155473,True,sapmachine-jre-25.0.5-ea.6_linux-aarch64_bin.tar.gz,linux,aarch64,jre,45
2026-10-09T03:20:19+00:00,sapmachine-25.0.5+6,391155473,True,sapmachine-jdk-25.0.5-ea.6_linux-aarch64_bin-symbols.tar.gz,linux,aarch64,jdk,1
2026-10-09T03:20:19+00:00,sapmachine-25.0.5+6,391155473,True,sapmachine-jdk-25.0.5-ea.6_windows-x64_bin.zip,windows,x64,jdk,45
2026-10-09T03:20:19+00:00,sapmachine-25.0.5+6,391155473,True,sapmachine-jre-25.0.5-ea.6_windows-x64_bin.zip,windows,x64,jre,44
2026-10-09T03:20:19+00:00,sapmachine-25.0.5+6,391155473,True,sapmachine-jdk-25.0.5-ea.6_windows-x64_bin-symbols.tar.gz,windows,x64,jdk,1
2026-10-09T03:20:19+00:00,sapmachine-25.0.5+6,391155473,True,sapmachine-jdk-25.0.5-ea.6_aix-ppc64_bin.tar.gz,aix,ppc64,jdk,44
2026-10-09T03:20:19+00:00,sapmachine-25.0.5+6,391155473,True,sapmachine-jre-25.0.5-ea.6_aix-ppc64_bin.tar.gz,aix,ppc64,jre,44
2026-10-09T03:20:19+00:00,sapmachine-25.0.5+6,391155473,True,sapmachine-jdk-25.0.5-ea.6_aix-ppc64_bin-symbols.tar.gz,aix,ppc64,jdk,1
2026-10-09T03:20:19+00:00,sapmachine-17.0.21+6,390380351,True,sapmachine-jdk-17.0.21-ea.6_linux-x64-musl_bin.tar.gz,alpine,x64,jdk,40
2026-10-09T03:20:19+00:00,sapmachine-17.0.21+6,390380351,True,sapmachine-jre-17.0.21-ea.6_linux-x64-musl_bin.tar.gz,alpine,x64,jre,40
2026-10-09T03:20:19+00:00,sapmachine-17.0.21+6,390380351,True,sapmachine-jdk-17.0.21-ea.6_linux-x64-musl_bin-symbols.tar.gz,alpine,x64,jdk,2
2026-10-09T03:20:19+00:00,sapmachine-17.0.21+6,390380351,True,sapmachine-jdk-17.0.21-ea.6_macos-aarch64_bin.tar.gz,macos,aarch64,jdk,431
2026-10-09T03:20:19+00:00,sapmachine-17.0.21+6,390380351,True,sapmachine-jre-17.0.21-ea.6_macos-aarch64_bin.tar.gz,macos,aarch64,jre,45
2026-10-09T03:20:19+00:00,sapmachine-17.0.21+6,390380351,True,sapmachine-jdk-17.0.21-ea.6_macos-aarch64_bin-symbols.tar.gz,macos,aarch64,jdk,2
2026-10-09T03:20:19+00:00,sapmachine-17.0.21+6,390380351,True,sapmachine-jdk-17.0.21-ea.6_macos-aarch64_bin.dmg,macos,aarch64,jdk,42
2026-10-09T03:20:19+00:00,sapmachine-17.0.21+6,390380351,True,sapmachine-jre-17.0.21-ea.6_macos-aarch64_bin.dmg,macos,aarch64,jre,43
2026-10-09T03:20:19+00:00,sapmachine-17.0.21+6,390380351,True,sapmachine-jdk-17.0.21-ea.6_linux-x64_bin.tar.gz,linux,x64,jdk,193
2026-10-09T03:20:19+00:00,sapmachine-17.0.21+6,390380351,True,sapmachine-jre-17.0.21-ea.6_linux-x64_bin.tar.gz,linux,x64,jre,43
2026-10-09T03:20:19+00:00,sapmachine-17.0.21+6,390380351,True,sapmachine-jdk-17.0.21-ea.6_linux-x64_bin-symbols.tar.gz,linux,x64,jdk,1
2026-10-09T03:20:19+00:00,sapmachine-17.0.21+6,390380351,True,sapmachine-jdk-17.0.21-ea.6_linux-ppc64le_bin.tar.gz,linux,ppc64,jdk,37
2026-10-09T03:20:19+00:00,sapmachine-17.0.21+6,390380351,True,sapmachine-jre-17.0.21-ea.6_linux-ppc64le_bin.tar.gz,linux,ppc64,jre,37
2026-10-09T03:20:19+00:00,sapmachine-17.0.21+6,390380351,True,sapmachine-jdk-17.0.21-ea.6_linux-ppc64le_bin-symbols.tar.gz,linux,ppc64,jdk,1
2026-10-09T03:20:19+00:00,sapmachine-17.0.21+6,390380351,True,sapmachine-jdk-17.0.21-ea.6_linux-aarch64_bin.tar.gz,linux,aarch64,jdk,40
2026-10-09T03:20:19+00:00,sapmachine-17.0.21+6,390380351,True,sapmachine-jre-17.0.21-ea.6_linux-aarch64_bin.tar.gz,linux,aarch64,jre,38
2026-10-09T03:20:19+00:00,sapmachine-17.0.21+6,390380351,True,sapmachine-jdk-17.0.21-ea.6_linux-aarch64_bin-symbols.tar.gz,linux,aarch64,jdk,1
2026-10-09T03:20:19+00:00,sapmachine-17.0.21+6,390380351,True,sapmachine-jdk-17.0.21-ea.6_macos-x64_bin.tar.gz,macos,x64,jdk,39
2026-10-09T03:20:19+00:00,sapmachine-17.0.21+6,390380351,True,sapmachine-jre-17.0.21-ea.6_macos-x64_bin.tar.gz,macos,x64,jre,38
2026-10-09T03:20:19+00:00,sapmachine-17.0.21+6,390380351,True,sapmachine-jdk-17.0.21-ea.6_macos-x64_bin-symbols.tar.gz,macos,x64,jdk,1
2026-10-09T03:20:19+00:00,sapmachine-17.0.21+6,390380351,True,sapmachine-jdk-17.0.21-ea.6_macos-x64_bin.dmg,macos,x64,jdk,38
2026-10-09T03:20:19+00:00,sapmachine-17.0.21+6,390380351,True,sapmachine-jre-17.0.21-ea.6_macos-x64_bin.dmg,macos,x64,jre,39
2026-10-09T03:20:19+00:00,sapmachine-17.0.21+6,390380351,True,sapmachine-jdk-17.0.21-ea.6_windows-x64_bin.zip,windows,x64,jdk,182
2026-10-09T03:20:19+00:00,sapmachine-17.0.21+6,390380351,True,sapmachine-jre-17.0.21-ea.6_windows-x64_bin.zip,windows,x64,jre,39
2026-10-09T03:20:19+00:00,sapmachine-17.0.21+6,390380351,True,sapmachine-jdk-17.0.21-ea.6_windows-x64_bin-symbols.tar.gz,windows,x64,jdk,1
2026-10-09T03:20:19+00:00,sapmachine-28+15,390373829,True,sapmachine-jdk-28-ea.15_linux-x64-musl_bin.tar.gz,alpine,x64,jdk,49
2026-10-09T03:20:19+00:00,sapmachine-28+15,390373829,True,sapmachine-jre-28-ea.15_linux-x64-musl_bin.tar.gz,alpine,x64,jre,50
2026-10-09T03:20:19+00:00,sapmachine-28+15,390373829,True,sapmachine-jdk-28-ea.15_linux-x64-musl_bin-symbols.tar.gz,alpine,x64,jdk,2
2026-10-09T03:20:19+00:00,sapmachine-28+15,390373829,True,sapmachine-jdk-28-ea.15_linux-x64_bin.tar.gz,linux,x64,jdk,54
2026-10-09T03:20:19+00:00,sapmachine-28+15,390373829,True,sapmachine-jre-28-ea.15_linux-x64_bin.tar.gz,linux,x64,jre,48
2026-10-09T03:20:19+00:00,sapmachine-28+15,390373829,True,sapmachine-jdk-28-ea.15_linux-x64_bin-symbols.tar.gz,linux,x64,jdk,2
2026-10-09T03:20:19+00:00,sapmachine-28+15,390373829,True,sapmachine-jdk-28-ea.15_linux-ppc64le_bin.tar.gz,linux,ppc64,jdk,46
2026-10-09T03:20:19+00:00,sapmachine-28+15,390373829,True,sapmachine-jre-28-ea.15_linux-ppc64le_bin.tar.gz,linux,ppc64,jre,46
2026-10-09T03:20:19+00:00,sapmachine-28+15,390373829,True,sapmachine-jdk-28-ea.15_linux-ppc64le_bin-symbols.tar.gz,linux,ppc64,jdk,1
2026-10-09T03:20:19+00:00,sapmachine-28+15,390373829,True,sapmachine-jdk-28-ea.15_linux-aarch64_bin.tar.gz,linux,aarch64,jdk,47
2026-10-09T03:20:19+00:00,sapmachine-28+15,390373829,True,sapmachine-jre-28-ea.15_linux-aarch64_bin.tar.gz,linux,aarch64,jre,47
2026-10-09T03:20:19+00:00,sapmachine-28+15,390373829,True,sapmachine-jdk-28-ea.15_linux-aarch64_bin-symbols.tar.gz,linux,aarch64,jdk,1
2026-10-09T03:20:19+00:00,sapmachine-28+15,390373829,True,sapmachine-jdk-28-ea.15_aix-ppc64_bin.tar.gz,aix,ppc64,jdk,46
2026-10-09T03:20:19+00:00,sapmachine-28+15,390373829,True,sapmachine-jre-28-ea.15_aix-ppc64_bin.tar.gz,aix,ppc64,jre,45
2026-10-09T03:20:19+00:00,sapmachine-28+15,390373829,True,sapmachine-jdk-28-ea.15_aix-ppc64_bin-symbols.tar.gz,aix,ppc64,jdk,1
2026-10-09T03:20:19+00:00,sapmachine-28+15,390373829,True,sapmachine-jdk-28-ea.15_windows-x64_bin.zip,windows,x64,jdk,51
2026-10-09T03:20:19+00:00,sapmachine-28+15,390373829,True,sapmachine-jre-28-ea.15_windows-x64_bin.zip,windows,x64,jre,49
2026-10-09T03:20:19+00:00,sapmachine-28+15,390373829,True,sapmachine-jdk-28-ea.15_windows-x64_bin-symbols.tar.gz,windows,x64,jdk,1
2026-10-09T03:20:19+00:00,sapmachine-28+15,390373829,True,sapmachine-jdk-28-ea.15_macos-aarch64_bin.tar.gz,macos,aarch64,jdk,48
2026-10-09T03:20:19+00:00,sapmachine-28+15,390373829,True,sapmachine-jre-28-ea.15_macos-aarch64_bin.tar.gz,macos,aarch64,jre,47
2026-10-09T03:20:19+00:00,sapmachine-28+15,390373829,True,sapmachine-jdk-28-ea.15_macos-aarch64_bin-symbols.tar.gz,macos,aarch64,jdk,1
2026-10-09T03:20:19+00:00,sapmachine-28+15,390373829,True,sapmachine-jdk-28-ea.15_macos-aarch64_bin.dmg,macos,aarch64,jdk,49
2026-10-09T03:20:19+00:00,sapmachine-28+15,390373829,True,sapmachine-jre-28-ea.15_macos-aarch64_bin.dmg,macos,aarch64,jre,46
2026-10-09T03:20:19+00:00,sapmachine-27,388994246,False,sapmachine-jdk-27_aix-ppc64_bin-symbols.tar.gz,aix,ppc64,jdk,4
2026-10-09T03:20:19+00:00,sapmachine-27,388994246,False,sapmachine-jdk-27_aix-ppc64_bin.tar.gz,aix,ppc64,jdk,105
2026-10-09T03:20:19+00:00,sapmachine-27,388994246,False,sapmachine-jdk-27_linux-aarch64_bin-symbols.tar.gz,linux,aarch64,jdk,5
2026-10-09T03:20:19+00:00,sapmachine-27,388994246,False,sapmachine-jdk-27_linux-aarch64_bin.tar.gz,linux,aarch64,jdk,172
2026-10-09T03:20:19+00:00,sapmachine-27,388994246,False,sapmachine-jdk-27_linux-ppc64le_bin-symbols.tar.gz,linux,ppc64,jdk,1
2026-10-09T03:20:19+00:00,sapmachine-27,388994246,False,sapmachine-jdk-27_linux-ppc64le_bin.tar.gz,linux,ppc64,jdk,110
2026-10-09T03:20:19+00:00,sapmachine-27,388994246,False,sapmachine-jdk-27_linux-x64-musl_bin-symbols.tar.gz,alpine,x64,jdk,1
2026-10-09T03:20:19+00:00,sapmachine-27,388994246,False,sapmachine-jdk-27_linux-x64-musl_bin.tar.gz,alpine,x64,jdk,101
2026-10-09T03:20:19+00:00,sapmachine-27,388994246,False,sapmachine-jdk-27_linux-x64_bin-symbols.tar.gz,linux,x64,jdk,2
2026-10-09T03:20:19+00:00,sapmachine-27,388994246,False,sapmachine-jdk-27_linux-x64_bin.tar.gz,linux,x64,jdk,1752
2026-10-09T03:20:19+00:00,sapmachine-27,388994246,False,sapmachine-jdk-27_macos-aarch64_bin-symbols.tar.gz,macos,aarch64,jdk,1
2026-10-09T03:20:19+00:00,sapmachine-27,388994246,False,sapmachine-jdk-27_macos-aarch64_bin.dmg,macos,aarch64,jdk,850
2026-10-09T03:20:19+00:00,sapmachine-27,388994246,False,sapmachine-jdk-27_macos-aarch64_bin.tar.gz,macos,aarch64,jdk,420
2026-10-09T03:20:19+00:00,sapmachine-27,388994246,False,sapmachine-jdk-27_windows-x64_bin-symbols.tar.gz,windows,x64,jdk,1
2026-10-09T03:20:19+00:00,sapmachine-27,388994246,False,sapmachine-jdk-27_windows-x64_bin.msi,windows,x64,jdk,157
2026-10-09T03:20:19+00:00,sapmachine-27,388994246,False,sapmachine-jdk-27_windows-x64_bin.zip,windows,x64,jdk,490
2026-10-09T03:20:19+00:00,sapmachine-27,388994246,False,sapmachine-jre-27_aix-ppc64_bin.tar.gz,aix,ppc64,jre,65
2026-10-09T03:20:19+00:00,sapmachine-27,388994246,False,sapmachine-jre-27_linux-aarch64_bin.tar.gz,linux,aarch64,jre,112
2026-10-09T03:20:19+00:00,sapmachine-27,388994246,False,sapmachine-jre-27_linux-ppc64le_bin.tar.gz,linux,ppc64,jre,72
2026-10-09T03:20:19+00:00,sapmachine-27,388994246,False,sapmachine-jre-27_linux-x64-musl_bin.tar.gz,alpine,x64,jre,68
2026-10-09T03:20:19+00:00,sapmachine-27,388994246,False,sapmachine-jre-27_linux-x64_bin.tar.gz,linux,x64,jre,139
2026-10-09T03:20:19+00:00,sapmachine-27,388994246,False,sapmachine-jre-27_macos-aarch64_bin.dmg,macos,aarch64,jre,66
2026-10-09T03:20:19+00:00,sapmachine-27,388994246,False,sapmachine-jre-27_macos-aarch64_bin.tar.gz,macos,aarch64,jre,86
2026-10-09T03:20:19+00:00,sapmachine-27,388994246,False,sapmachine-jre-27_windows-x64_bin.msi,windows,x64,jre,96
2026-10-09T03:20:19+00:00,sapmachine-27,388994246,False,sapmachine-jre-27_windows-x64_bin.zip,windows,x64,jre,77
2026-10-09T03:20:19+00:00,sapmachine-17.0.21+5,384393701,True,sapmachine-jdk-17.0.21-ea.5_linux-x64_bin.tar.gz,linux,x64,jdk,340
2026-10-09T03:20:19+00:00,sapmachine-17.0.21+5,384393701,True,sapmachine-jre-17.0.21-ea.5_linux-x64_bin.tar.gz,linux,x64,jre,49
2026-10-09T03:20:19+00:00,sapmachine-17.0.21+5,384393701,True,sapmachine-jdk-17.0.21-ea.5_linux-x64_bin-symbols.tar.gz,linux,x64,jdk,2
2026-10-09T03:20:19+00:00,sapmachine-17.0.21+5,384393701,True,sapmachine-jdk-17.0.21-ea.5_linux-x64-musl_bin.tar.gz,alpine,x64,jdk,49
2026-10-09T03:20:19+00:00,sapmachine-17.0.21+5,384393701,True,sapmachine-jre-17.0.21-ea.5_linux-x64-musl_bin.tar.gz,alpine,x64,jre,51
2026-10-09T03:20:19+00:00,sapmachine-17.0.21+5,384393701,True,sapmachine-jdk-17.0.21-ea.5_linux-x64-musl_bin-symbols.tar.gz,alpine,x64,jdk,2
2026-10-09T03:20:19+00:00,sapmachine-17.0.21+5,384393701,True,sapmachine-jdk-17.0.21-ea.5_macos-aarch64_bin.tar.gz,macos,aarch64,jdk,572
2026-10-09T03:20:19+00:00,sapmachine-17.0.21+5,384393701,True,sapmachine-jre-17.0.21-ea.5_macos-aarch64_bin.tar.gz,macos,aarch64,jre,52
2026-10-09T03:20:19+00:00,sapmachine-17.0.21+5,384393701,True,sapmachine-jdk-17.0.21-ea.5_macos-aarch64_bin-symbols.tar.gz,macos,aarch64,jdk,1
2026-10-09T03:20:19+00:00,sapmachine-17.0.21+5,384393701,True,sapmachine-jdk-17.0.21-ea.5_macos-aarch64_bin.dmg,macos,aarch64,jdk,50
2026-10-09T03:20:19+00:00,sapmachine-17.0.21+5,384393701,True,sapmachine-jre-17.0.21-ea.5_macos-aarch64_bin.dmg,macos,aarch64,jre,50
2026-10-09T03:20:19+00:00,sapmachine-17.0.21+5,384393701,True,sapmachine-jdk-17.0.21-ea.5_linux-aarch64_bin.tar.gz,linux,aarch64,jdk,45
2026-10-09T03:20:19+00:00,sapmachine-17.0.21+5,384393701,True,sapmachine-jre-17.0.21-ea.5_linux-aarch64_bin.tar.gz,linux,aarch64,jre,49
2026-10-09T03:20:19+00:00,sapmachine-17.0.21+5,384393701,True,sapmachine-jdk-17.0.21-ea.5_linux-aarch64_bin-symbols.tar.gz,linux,aarch64,jdk,1
2026-10-09T03:20:19+00:00,sapmachine-17.0.21+5,384393701,True,sapmachine-jdk-17.0.21-ea.5_linux-ppc64le_bin.tar.gz,linux,ppc64,jdk,48
2026-10-09T03:20:19+00:00,sapmachine-17.0.21+5,384393701,True,sapmachine-jre-17.0.21-ea.5_linux-ppc64le_bin.tar.gz,linux,ppc64,jre,47
2026-10-09T03:20:19+00:00,sapmachine-17.0.21+5,384393701,True,sapmachine-jdk-17.0.21-ea.5_linux-ppc64le_bin-symbols.tar.gz,linux,ppc64,jdk,1
2026-10-09T03:20:19+00:00,sapmachine-17.0.21+5,384393701,True,sapmachine-jdk-17.0.21-ea.5_windows-x64_bin.zip,windows,x64,jdk,333
2026-10-09T03:20:19+00:00,sapmachine-17.0.21+5,384393701,True,sapmachine-jre-17.0.21-ea.5_windows-x64_bin.zip,windows,x64,jre,46
2026-10-09T03:20:19+00:00,sapmachine-17.0.21+5,384393701,True,sapmachine-jdk-17.0.21-ea.5_windows-x64_bin-symbols.tar.gz,windows,x64,jdk,2
2026-10-09T03:20:19+00:00,sapmachine-17.0.21+5,384393701,True,sapmachine-jdk-17.0.21-ea.5_macos-x64_bin.tar.gz,macos,x64,jdk,45
2026-10-09T03:20:19+00:00,sapmachine-17.0.21+5,384393701,True,sapmachine-jre-17.0.21-ea.5_macos-x64_bin.tar.gz,macos,x64,jre,47
2026-10-09T03:20:19+00:00,sapmachine-17.0.21+5,384393701,True,sapmachine-jdk-17.0.21-ea.5_macos-x64_bin-symbols.tar.gz,macos,x64,jdk,1
2026-10-09T03:20:19+00:00,sapmachine-17.0.21+5,384393701,True,sapmachine-jdk-17.0.21-ea.5_macos-x64_bin.dmg,macos,x64,jdk,49
2026-10-09T03:20:19+00:00,sapmachine-17.0.21+5,384393701,True,sapmachine-jre-17.0.21-ea.5_macos-x64_bin.dmg,macos,x64,jre,48
2026-10-09T03:20:19+00:00,sapmachine-21.0.13+5,384389960,True,sapmachine-jdk-21.0.13-ea.5_linux-x64-musl_bin.tar.gz,alpine,x64,jdk,55
2026-10-09T03:20:19+00:00,sapmachine-21.0.13+5,384389960,True,sapmachine-jre-21.0.13-ea.5_linux-x64-musl_bin.tar.gz,alpine,x64,jre,56
2026-10-09T03:20:19+00:00,sapmachine-21.0.13+5,384389960,True,sapmachine-jdk-21.0.13-ea.5_linux-x64-musl_bin-symbols.tar.gz,alpine,x64,jdk,2
2026-10-09T03:20:19+00:00,sapmachine-21.0.13+5,384389960,True,sapmachine-jdk-21.0.13-ea.5_aix-ppc64_bin.tar.gz,aix,ppc64,jdk,56
2026-10-09T03:20:19+00:00,sapmachine-21.0.13+5,384389960,True,sapmachine-jre-21.0.13-ea.5_aix-ppc64_bin.tar.gz,aix,ppc64,jre,56
2026-10-09T03:20:19+00:00,sapmachine-21.0.13+5,384389960,True,sapmachine-jdk-21.0.13-ea.5_aix-ppc64_bin-symbols.tar.gz,aix,ppc64,jdk,2
2026-10-09T03:20:19+00:00,sapmachine-21.0.13+5,384389960,True,sapmachine-jdk-21.0.13-ea.5_linux-x64_bin.tar.gz,linux,x64,jdk,403
2026-10-09T03:20:19+00:00,sapmachine-21.0.13+5,384389960,True,sapmachine-jre-21.0.13-ea.5_linux-x64_bin.tar.gz,linux,x64,jre,69
2026-10-09T03:20:19+00:00,sapmachine-21.0.13+5,384389960,True,sapmachine-jdk-21.0.13-ea.5_linux-x64_bin-symbols.tar.gz,linux,x64,jdk,1
2026-10-09T03:20:19+00:00,sapmachine-21.0.13+5,384389960,True,sapmachine-jdk-21.0.13-ea.5_linux-ppc64le_bin.tar.gz,linux,ppc64,jdk,54
2026-10-09T03:20:19+00:00,sapmachine-21.0.13+5,384389960,True,sapmachine-jre-21.0.13-ea.5_linux-ppc64le_bin.tar.gz,linux,ppc64,jre,56
2026-10-09T03:20:19+00:00,sapmachine-21.0.13+5,384389960,True,sapmachine-jdk-21.0.13-ea.5_linux-ppc64le_bin-symbols.tar.gz,linux,ppc64,jdk,1
2026-10-09T03:20:19+00:00,sapmachine-21.0.13+5,384389960,True,sapmachine-jdk-21.0.13-ea.5_linux-aarch64_bin.tar.gz,linux,aarch64,jdk,54
2026-10-09T03:20:19+00:00,sapmachine-21.0.13+5,384389960,True,sapmachine-jre-21.0.13-ea.5_linux-aarch64_bin.tar.gz,linux,aarch64,jre,56
2026-10-09T03:20:19+00:00,sapmachine-21.0.13+5,384389960,True,sapmachine-jdk-21.0.13-ea.5_linux-aarch64_bin-symbols.tar.gz,linux,aarch64,jdk,1
2026-10-09T03:20:19+00:00,sapmachine-21.0.13+5,384389960,True,sapmachine-jdk-21.0.13-ea.5_macos-aarch64_bin.tar.gz,macos,aarch64,jdk,501
2026-10-09T03:20:19+00:00,sapmachine-21.0.13+5,384389960,True,sapmachine-jre-21.0.13-ea.5_macos-aarch64_bin.tar.gz,macos,aarch64,jre,59
2026-10-09T03:20:19+00:00,sapmachine-21.0.13+5,384389960,True,sapmachine-jdk-21.0.13-ea.5_macos-aarch64_bin-symbols.tar.gz,macos,aarch64,jdk,1
2026-10-09T03:20:19+00:00,sapmachine-21.0.13+5,384389960,True,sapmachine-jdk-21.0.13-ea.5_macos-aarch64_bin.dmg,macos,aarch64,jdk,61
2026-10-09T03:20:19+00:00,sapmachine-21.0.13+5,384389960,True,sapmachine-jre-21.0.13-ea.5_macos-aarch64_bin.dmg,macos,aarch64,jre,56
2026-10-09T03:20:19+00:00,sapmachine-21.0.13+5,384389960,True,sapmachine-jdk-21.0.13-ea.5_macos-x64_bin.tar.gz,macos,x64,jdk,53
2026-10-09T03:20:19+00:00,sapmachine-21.0.13+5,384389960,True,sapmachine-jre-21.0.13-ea.5_macos-x64_bin.tar.gz,macos,x64,jre,54
2026-10-09T03:20:19+00:00,sapmachine-21.0.13+5,384389960,True,sapmachine-jdk-21.0.13-ea.5_macos-x64_bin-symbols.tar.gz,macos,x64,jdk,2
2026-10-09T03:20:19+00:00,sapmachine-21.0.13+5,384389960,True,sapmachine-jdk-21.0.13-ea.5_macos-x64_bin.dmg,macos,x64,jdk,55
2026-10-09T03:20:19+00:00,sapmachine-21.0.13+5,384389960,True,sapmachine-jre-21.0.13-ea.5_macos-x64_bin.dmg,macos,x64,jre,56
2026-10-09T03:20:19+00:00,sapmachine-21.0.13+5,384389960,True,sapmachine-jdk-21.0.13-ea.5_windows-x64_bin.zip,windows,x64,jdk,360
2026-10-09T03:20:19+00:00,sapmachine-21.0.13+5,384389960,True,sapmachine-jre-21.0.13-ea.5_windows-x64_bin.zip,windows,x64,jre,56
2026-10-09T03:20:19+00:00,sapmachine-21.0.13+5,384389960,True,sapmachine-jdk-21.0.13-ea.5_windows-x64_bin-symbols.tar.gz,windows,x64,jdk,1
2026-10-09T03:20:19+00:00,sapmachine-28+14,384389777,True,sapmachine-jdk-28-ea.14_linux-x64-musl_bin.tar.gz,alpine,x64,jdk,57
2026-10-09T03:20:19+00:00,sapmachine-28+14,384389777,True,sapmachine-jre-28-ea.14_linux-x64-musl_bin.tar.gz,alpine,x64,jre,58
2026-10-09T03:20:19+00:00,sapmachine-28+14,384389777,True,sapmachine-jdk-28-ea.14_linux-x64-musl_bin-symbols.tar.gz,alpine,x64,jdk,3
2026-10-09T03:20:19+00:00,sapmachine-28+14,384389777,True,sapmachine-jdk-28-ea.14_macos-aarch64_bin.tar.gz,macos,aarch64,jdk,56
2026-10-09T03:20:19+00:00,sapmachine-28+14,384389777,True,sapmachine-jre-28-ea.14_macos-aarch64_bin.tar.gz,macos,aarch64,jre,56
2026-10-09T03:20:19+00:00,sapmachine-28+14,384389777,True,sapmachine-jdk-28-ea.14_macos-aarch64_bin-symbols.tar.gz,macos,aarch64,jdk,1
2026-10-09T03:20:19+00:00,sapmachine-28+14,384389777,True,sapmachine-jdk-28-ea.14_macos-aarch64_bin.dmg,macos,aarch64,jdk,61
2026-10-09T03:20:19+00:00,sapmachine-28+14,384389777,True,sapmachine-jre-28-ea.14_macos-aarch64_bin.dmg,macos,aarch64,jre,58
2026-10-09T03:20:19+00:00,sapmachine-28+14,384389777,True,sapmachine-jdk-28-ea.14_linux-x64_bin.tar.gz,linux,x64,jdk,58
2026-10-09T03:20:19+00:00,sapmachine-28+14,384389777,True,sapmachine-jre-28-ea.14_linux-x64_bin.tar.gz,linux,x64,jre,57
2026-10-09T03:20:19+00:00,sapmachine-28+14,384389777,True,sapmachine-jdk-28-ea.14_linux-x64_bin-symbols.tar.gz,linux,x64,jdk,1
2026-10-09T03:20:19+00:00,sapmachine-28+14,384389777,True,sapmachine-jdk-28-ea.14_linux-aarch64_bin.tar.gz,linux,aarch64,jdk,57
2026-10-09T03:20:19+00:00,sapmachine-28+14,384389777,True,sapmachine-jre-28-ea.14_linux-aarch64_bin.tar.gz,linux,aarch64,jre,56
2026-10-09T03:20:19+00:00,sapmachine-28+14,384389777,True,sapmachine-jdk-28-ea.14_linux-aarch64_bin-symbols.tar.gz,linux,aarch64,jdk,1
2026-10-09T03:20:19+00:00,sapmachine-28+14,384389777,True,sapmachine-jdk-28-ea.14_linux-ppc64le_bin.tar.gz,linux,ppc64,jdk,56
2026-10-09T03:20:19+00:00,sapmachine-28+14,384389777,True,sapmachine-jre-28-ea.14_linux-ppc64le_bin.tar.gz,linux,ppc64,jre,56
2026-10-09T03:20:19+00:00,sapmachine-28+14,384389777,True,sapmachine-jdk-28-ea.14_linux-ppc64le_bin-symbols.tar.gz,linux,ppc64,jdk,1
2026-10-09T03:20:19+00:00,sapmachine-28+14,384389777,True,sapmachine-jdk-28-ea.14_aix-ppc64_bin.tar.gz,aix,ppc64,jdk,55
2026-10-09T03:20:19+00:00,sapmachine-28+14,384389777,True,sapmachine-jre-28-ea.14_aix-ppc64_bin.tar.gz,aix,ppc64,jre,54
2026-10-09T03:20:19+00:00,sapmachine-28+14,384389777,True,sapmachine-jdk-28-ea.14_aix-ppc64_bin-symbols.tar.gz,aix,ppc64,jdk,1
2026-10-09T03:20:19+00:00,sapmachine-28+14,384389777,True,sapmachine-jdk-28-ea.14_windows-x64_bin.zip,windows,x64,jdk,65
2026-10-09T03:20:19+00:00,sapmachine-28+14,384389777,True,sapmachine-jre-28-ea.14_windows-x64_bin.zip,windows,x64,jre,60
2026-10-09T03:20:19+00:00,sapmachine-28+14,384389777,True,sapmachine-jdk-28-ea.14_windows-x64_bin-symbols.tar.gz,windows,x64,jdk,1
2026-10-09T03:20:19+00:00,sapmachine-25.0.5+5,383777589,True,sapmachine-jdk-25.0.5-ea.5_linux-x64-musl_bin.tar.gz,alpine,x64,jdk,58
2026-10-09T03:20:19+00:00,sapmachine-25.0.5+5,383777589,True,sapmachine-jre-25.0.5-ea.5_linux-x64-musl_bin.tar.gz,alpine,x64,jre,60
2026-10-09T03:20:19+00:00,sapmachine-25.0.5+5,383777589,True,sapmachine-jdk-25.0.5-ea.5_linux-x64-musl_bin-symbols.tar.gz,alpine,x64,jdk,4
2026-10-09T03:20:19+00:00,sapmachine-25.0.5+5,383777589,True,sapmachine-jdk-25.0.5-ea.5_linux-x64_bin.tar.gz,linux,x64,jdk,72
2026-10-09T03:20:19+00:00,sapmachine-25.0.5+5,383777589,True,sapmachine-jre-25.0.5-ea.5_linux-x64_bin.tar.gz,linux,x64,jre,59
2026-10-09T03:20:19+00:00,sapmachine-25.0.5+5,383777589,True,sapmachine-jdk-25.0.5-ea.5_linux-x64_bin-symbols.tar.gz,linux,x64,jdk,4
2026-10-09T03:20:19+00:00,sapmachine-25.0.5+5,383777589,True,sapmachine-jdk-25.0.5-ea.5_aix-ppc64_bin.tar.gz,aix,ppc64,jdk,56
2026-10-09T03:20:19+00:00,sapmachine-25.0.5+5,383777589,True,sapmachine-jre-25.0.5-ea.5_aix-ppc64_bin.tar.gz,aix,ppc64,jre,57
2026-10-09T03:20:19+00:00,sapmachine-25.0.5+5,383777589,True,sapmachine-jdk-25.0.5-ea.5_aix-ppc64_bin-symbols.tar.gz,aix,ppc64,jdk,1
2026-10-09T03:20:19+00:00,sapmachine-25.0.5+5,383777589,True,sapmachine-jdk-25.0.5-ea.5_linux-ppc64le_bin.tar.gz,linux,ppc64,jdk,56
2026-10-09T03:20:19+00:00,sapmachine-25.0.5+5,383777589,True,sapmachine-jre-25.0.5-ea.5_linux-ppc64le_bin.tar.gz,linux,ppc64,jre,55
2026-10-09T03:20:19+00:00,sapmachine-25.0.5+5,383777589,True,sapmachine-jdk-25.0.5-ea.5_linux-ppc64le_bin-symbols.tar.gz,linux,ppc64,jdk,1
2026-10-09T03:20:19+00:00,sapmachine-25.0.5+5,383777589,True,sapmachine-jdk-25.0.5-ea.5_linux-aarch64_bin.tar.gz,linux,aarch64,jdk,56
2026-10-09T03:20:19+00:00,sapmachine-25.0.5+5,383777589,True,sapmachine-jre-25.0.5-ea.5_linux-aarch64_bin.tar.gz,linux,aarch64,jre,57
2026-10-09T03:20:19+00:00,sapmachine-25.0.5+5,383777589,True,sapmachine-jdk-25.0.5-ea.5_linux-aarch64_bin-symbols.tar.gz,linux,aarch64,jdk,1
2026-10-09T03:20:19+00:00,sapmachine-25.0.5+5,383777589,True,sapmachine-jdk-25.0.5-ea.5_macos-aarch64_bin.tar.gz,macos,aarch64,jdk,76
2026-10-09T03:20:19+00:00,sapmachine-25.0.5+5,383777589,True,sapmachine-jre-25.0.5-ea.5_macos-aarch64_bin.tar.gz,macos,aarch64,jre,58
2026-10-09T03:20:19+00:00,sapmachine-25.0.5+5,383777589,True,sapmachine-jdk-25.0.5-ea.5_macos-aarch64_bin-symbols.tar.gz,macos,aarch64,jdk,1
2026-10-09T03:20:19+00:00,sapmachine-25.0.5+5,383777589,True,sapmachine-jdk-25.0.5-ea.5_macos-aarch64_bin.dmg,macos,aarch64,jdk,63
2026-10-09T03:20:19+00:00,sapmachine-25.0.5+5,383777589,True,sapmachine-jre-25.0.5-ea.5_macos-aarch64_bin.dmg,macos,aarch64,jre,57
2026-10-09T03:20:19+00:00,sapmachine-25.0.5+5,383777589,True,sapmachine-jdk-25.0.5-ea.5_windows-x64_bin.zip,windows,x64,jdk,63
2026-10-09T03:20:19+00:00,sapmachine-25.0.5+5,383777589,True,sapmachine-jre-25.0.5-ea.5_windows-x64_bin.zip,windows,x64,jre,57
2026-10-09T03:20:19+00:00,sapmachine-25.0.5+5,383777589,True,sapmachine-jdk-25.0.5-ea.5_windows-x64_bin-symbols.tar.gz,windows,x64,jdk,1
2026-10-09T03:20:19+00:00,sapmachine-28+13,382721864,True,sapmachine-jdk-28-ea.13_linux-x64-musl_bin.tar.gz,alpine,x64,jdk,63
2026-10-09T03:20:19+00:00,sapmachine-28+13,382721864,True,sapmachine-jre-28-ea.13_linux-x64-musl_bin.tar.gz,alpine,x64,jre,62
2026-10-09T03:20:19+00:00,sapmachine-28+13,382721864,True,sapmachine-jdk-28-ea.13_linux-x64-musl_bin-symbols.tar.gz,alpine,x64,jdk,4
2026-10-09T03:20:19+00:00,sapmachine-28+13,382721864,True,sapmachine-jdk-28-ea.13_linux-x64_bin.tar.gz,linux,x64,jdk,64
2026-10-09T03:20:19+00:00,sapmachine-28+13,382721864,True,sapmachine-jre-28-ea.13_linux-x64_bin.tar.gz,linux,x64,jre,62
2026-10-09T03:20:19+00:00,sapmachine-28+13,382721864,True,sapmachine-jdk-28-ea.13_linux-x64_bin-symbols.tar.gz,linux,x64,jdk,6
2026-10-09T03:20:19+00:00,sapmachine-28+13,382721864,True,sapmachine-jdk-28-ea.13_macos-aarch64_bin.tar.gz,macos,aarch64,jdk,61
2026-10-09T03:20:19+00:00,sapmachine-28+13,382721864,True,sapmachine-jre-28-ea.13_macos-aarch64_bin.tar.gz,macos,aarch64,jre,62
2026-10-09T03:20:19+00:00,sapmachine-28+13,382721864,True,sapmachine-jdk-28-ea.13_macos-aarch64_bin-symbols.tar.gz,macos,aarch64,jdk,4
2026-10-09T03:20:19+00:00,sapmachine-28+13,382721864,True,sapmachine-jdk-28-ea.13_macos-aarch64_bin.dmg,macos,aarch64,jdk,64
2026-10-09T03:20:19+00:00,sapmachine-28+13,382721864,True,sapmachine-jre-28-ea.13_macos-aarch64_bin.dmg,macos,aarch64,jre,62
2026-10-09T03:20:19+00:00,sapmachine-28+13,382721864,True,sapmachine-jdk-28-ea.13_linux-ppc64le_bin.tar.gz,linux,ppc64,jdk,61
2026-10-09T03:20:19+00:00,sapmachine-28+13,382721864,True,sapmachine-jre-28-ea.13_linux-ppc64le_bin.tar.gz,linux,ppc64,jre,60
2026-10-09T03:20:19+00:00,sapmachine-28+13,382721864,True,sapmachine-jdk-28-ea.13_linux-ppc64le_bin-symbols.tar.gz,linux,ppc64,jdk,3
2026-10-09T03:20:19+00:00,sapmachine-28+13,382721864,True,sapmachine-jdk-28-ea.13_aix-ppc64_bin.tar.gz,aix,ppc64,jdk,61
2026-10-09T03:20:19+00:00,sapmachine-28+13,382721864,True,sapmachine-jre-28-ea.13_aix-ppc64_bin.tar.gz,aix,ppc64,jre,62
2026-10-09T03:20:19+00:00,sapmachine-28+13,382721864,True,sapmachine-jdk-28-ea.13_aix-ppc64_bin-symbols.tar.gz,aix,ppc64,jdk,3
2026-10-09T03:20:19+00:00,sapmachine-28+13,382721864,True,sapmachine-jdk-28-ea.13_linux-aarch64_bin.tar.gz,linux,aarch64,jdk,64
2026-10-09T03:20:19+00:00,sapmachine-28+13,382721864,True,sapmachine-jre-28-ea.13_linux-aarch64_bin.tar.gz,linux,aarch64,jre,61
2026-10-09T03:20:19+00:00,sapmachine-28+13,382721864,True,sapmachine-jdk-28-ea.13_linux-aarch64_bin-symbols.tar.gz,linux,aarch64,jdk,3
2026-10-09T03:20:19+00:00,sapmachine-28+13,382721864,True,sapmachine-jdk-28-ea.13_windows-x64_bin.zip,windows,x64,jdk,64
2026-10-09T03:20:19+00:00,sapmachine-28+13,382721864,True,sapmachine-jre-28-ea.13_windows-x64_bin.zip,windows,x64,jre,64
2026-10-09T03:20:19+00:00,sapmachine-28+13,382721864,True,sapmachine-jdk-28-ea.13_windows-x64_bin-symbols.tar.gz,windows,x64,jdk,4
2026-10-09T03:20:19+00:00,sapmachine-17.0.21+4,382421693,True,sapmachine-jdk-17.0.21-ea.4_linux-x64-musl_bin.tar.gz,alpine,x64,jdk,57
2026-10-09T03:20:19+00:00,sapmachine-17.0.21+4,382421693,True,sapmachine-jre-17.0.21-ea.4_linux-x64-musl_bin.tar.gz,alpine,x64,jre,57
2026-10-09T03:20:19+00:00,sapmachine-17.0.21+4,382421693,True,sapmachine-jdk-17.0.21-ea.4_linux-x64-musl_bin-symbols.tar.gz,alpine,x64,jdk,5
2026-10-09T03:20:19+00:00,sapmachine-17.0.21+4,382421693,True,sapmachine-jdk-17.0.21-ea.4_macos-aarch64_bin.tar.gz,macos,aarch64,jdk,385
2026-10-09T03:20:19+00:00,sapmachine-17.0.21+4,382421693,True,sapmachine-jre-17.0.21-ea.4_macos-aarch64_bin.tar.gz,macos,aarch64,jre,62
2026-10-09T03:20:19+00:00,sapmachine-17.0.21+4,382421693,True,sapmachine-jdk-17.0.21-ea.4_macos-aarch64_bin-symbols.tar.gz,macos,aarch64,jdk,4
2026-10-09T03:20:19+00:00,sapmachine-17.0.21+4,382421693,True,sapmachine-jdk-17.0.21-ea.4_macos-aarch64_bin.dmg,macos,aarch64,jdk,59
2026-10-09T03:20:19+00:00,sapmachine-17.0.21+4,382421693,True,sapmachine-jre-17.0.21-ea.4_macos-aarch64_bin.dmg,macos,aarch64,jre,58
2026-10-09T03:20:19+00:00,sapmachine-17.0.21+4,382421693,True,sapmachine-jdk-17.0.21-ea.4_linux-x64_bin.tar.gz,linux,x64,jdk,199
2026-10-09T03:20:19+00:00,sapmachine-17.0.21+4,382421693,True,sapmachine-jre-17.0.21-ea.4_linux-x64_bin.tar.gz,linux,x64,jre,54
2026-10-09T03:20:19+00:00,sapmachine-17.0.21+4,382421693,True,sapmachine-jdk-17.0.21-ea.4_linux-x64_bin-symbols.tar.gz,linux,x64,jdk,4
2026-10-09T03:20:19+00:00,sapmachine-17.0.21+4,382421693,True,sapmachine-jdk-17.0.21-ea.4_linux-ppc64le_bin.tar.gz,linux,ppc64,jdk,54
2026-10-09T03:20:19+00:00,sapmachine-17.0.21+4,382421693,True,sapmachine-jre-17.0.21-ea.4_linux-ppc64le_bin.tar.gz,linux,ppc64,jre,56
2026-10-09T03:20:19+00:00,sapmachine-17.0.21+4,382421693,True,sapmachine-jdk-17.0.21-ea.4_linux-ppc64le_bin-symbols.tar.gz,linux,ppc64,jdk,4
2026-10-09T03:20:19+00:00,sapmachine-17.0.21+4,382421693,True,sapmachine-jdk-17.0.21-ea.4_linux-aarch64_bin.tar.gz,linux,aarch64,jdk,57
2026-10-09T03:20:19+00:00,sapmachine-17.0.21+4,382421693,True,sapmachine-jre-17.0.21-ea.4_linux-aarch64_bin.tar.gz,linux,aarch64,jre,55
2026-10-09T03:20:19+00:00,sapmachine-17.0.21+4,382421693,True,sapmachine-jdk-17.0.21-ea.4_linux-aarch64_bin-symbols.tar.gz,linux,aarch64,jdk,3
2026-10-09T03:20:19+00:00,sapmachine-17.0.21+4,382421693,True,sapmachine-jdk-17.0.21-ea.4_windows-x64_bin.zip,windows,x64,jdk,197
2026-10-09T03:20:19+00:00,sapmachine-17.0.21+4,382421693,True,sapmachine-jre-17.0.21-ea.4_windows-x64_bin.zip,windows,x64,jre,54
2026-10-09T03:20:19+00:00,sapmachine-17.0.21+4,382421693,True,sapmachine-jdk-17.0.21-ea.4_windows-x64_bin-symbols.tar.gz,windows,x64,jdk,3
2026-10-09T03:20:19+00:00,sapmachine-17.0.21+4,382421693,True,sapmachine-jdk-17.0.21-ea.4_macos-x64_bin.tar.gz,macos,x64,jdk,55
2026-10-09T03:20:19+00:00,sapmachine-17.0.21+4,382421693,True,sapmachine-jre-17.0.21-ea.4_macos-x64_bin.tar.gz,macos,x64,jre,55
2026-10-09T03:20:19+00:00,sapmachine-17.0.21+4,382421693,True,sapmachine-jdk-17.0.21-ea.4_macos-x64_bin-symbols.tar.gz,macos,x64,jdk,3
2026-10-09T03:20:19+00:00,sapmachine-17.0.21+4,382421693,True,sapmachine-jdk-17.0.21-ea.4_macos-x64_bin.dmg,macos,x64,jdk,55
2026-10-09T03:20:19+00:00,sapmachine-17.0.21+4,382421693,True,sapmachine-jre-17.0.21-ea.4_macos-x64_bin.dmg,macos,x64,jre,53
2026-10-09T03:20:19+00:00,sapmachine-21.0.13+4,382421849,True,sapmachine-jdk-21.0.13-ea.4_linux-x64-musl_bin.tar.gz,alpine,x64,jdk,67
2026-10-09T03:20:19+00:00,sapmachine-21.0.13+4,382421849,True,sapmachine-jre-21.0.13-ea.4_linux-x64-musl_bin.tar.gz,alpine,x64,jre,66
2026-10-09T03:20:19+00:00,sapmachine-21.0.13+4,382421849,True,sapmachine-jdk-21.0.13-ea.4_linux-x64-musl_bin-symbols.tar.gz,alpine,x64,jdk,6
2026-10-09T03:20:19+00:00,sapmachine-21.0.13+4,382421849,True,sapmachine-jdk-21.0.13-ea.4_linux-x64_bin.tar.gz,linux,x64,jdk,212
2026-10-09T03:20:19+00:00,sapmachine-21.0.13+4,382421849,True,sapmachine-jre-21.0.13-ea.4_linux-x64_bin.tar.gz,linux,x64,jre,67
2026-10-09T03:20:19+00:00,sapmachine-21.0.13+4,382421849,True,sapmachine-jdk-21.0.13-ea.4_linux-x64_bin-symbols.tar.gz,linux,x64,jdk,6
2026-10-09T03:20:19+00:00,sapmachine-21.0.13+4,382421849,True,sapmachine-jdk-21.0.13-ea.4_macos-aarch64_bin.tar.gz,macos,aarch64,jdk,302
2026-10-09T03:20:19+00:00,sapmachine-21.0.13+4,382421849,True,sapmachine-jre-21.0.13-ea.4_macos-aarch64_bin.tar.gz,macos,aarch64,jre,68
2026-10-09T03:20:19+00:00,sapmachine-21.0.13+4,382421849,True,sapmachine-jdk-21.0.13-ea.4_macos-aarch64_bin-symbols.tar.gz,macos,aarch64,jdk,4
2026-10-09T03:20:19+00:00,sapmachine-21.0.13+4,382421849,True,sapmachine-jdk-21.0.13-ea.4_macos-aarch64_bin.dmg,macos,aarch64,jdk,65
2026-10-09T03:20:19+00:00,sapmachine-21.0.13+4,382421849,True,sapmachine-jre-21.0.13-ea.4_macos-aarch64_bin.dmg,macos,aarch64,jre,64
2026-10-09T03:20:19+00:00,sapmachine-21.0.13+4,382421849,True,sapmachine-jdk-21.0.13-ea.4_linux-ppc64le_bin.tar.gz,linux,ppc64,jdk,63
2026-10-09T03:20:19+00:00,sapmachine-21.0.13+4,382421849,True,sapmachine-jre-21.0.13-ea.4_linux-ppc64le_bin.tar.gz,linux,ppc64,jre,65
2026-10-09T03:20:19+00:00,sapmachine-21.0.13+4,382421849,True,sapmachine-jdk-21.0.13-ea.4_linux-ppc64le_bin-symbols.tar.gz,linux,ppc64,jdk,3
2026-10-09T03:20:19+00:00,sapmachine-21.0.13+4,382421849,True,sapmachine-jdk-21.0.13-ea.4_linux-aarch64_bin.tar.gz,linux,aarch64,jdk,66
2026-10-09T03:20:19+00:00,sapmachine-21.0.13+4,382421849,True,sapmachine-jre-21.0.13-ea.4_linux-aarch64_bin.tar.gz,linux,aarch64,jre,65
2026-10-09T03:20:19+00:00,sapmachine-21.0.13+4,382421849,True,sapmachine-jdk-21.0.13-ea.4_linux-aarch64_bin-symbols.tar.gz,linux,aarch64,jdk,3
2026-10-09T03:20:19+00:00,sapmachine-21.0.13+4,382421849,True,sapmachine-jdk-21.0.13-ea.4_windows-x64_bin.zip,windows,x64,jdk,209
2026-10-09T03:20:19+00:00,sapmachine-21.0.13+4,382421849,True,sapmachine-jre-21.0.13-ea.4_windows-x64_bin.zip,windows,x64,jre,62
2026-10-09T03:20:19+00:00,sapmachine-21.0.13+4,382421849,True,sapmachine-jdk-21.0.13-ea.4_windows-x64_bin-symbols.tar.gz,windows,x64,jdk,4
2026-10-09T03:20:19+00:00,sapmachine-21.0.13+4,382421849,True,sapmachine-jdk-21.0.13-ea.4_macos-x64_bin.tar.gz,macos,x64,jdk,63
2026-10-09T03:20:19+00:00,sapmachine-21.0.13+4,382421849,True,sapmachine-jre-21.0.13-ea.4_macos-x64_bin.tar.gz,macos,x64,jre,62
2026-10-09T03:20:19+00:00,sapmachine-21.0.13+4,382421849,True,sapmachine-jdk-21.0.13-ea.4_macos-x64_bin-symbols.tar.gz,macos,x64,jdk,4
2026-10-09T03:20:19+00:00,sapmachine-21.0.13+4,382421849,True,sapmachine-jdk-21.0.13-ea.4_macos-x64_bin.dmg,macos,x64,jdk,62
2026-10-09T03:20:19+00:00,sapmachine-21.0.13+4,382421849,True,sapmachine-jre-21.0.13-ea.4_macos-x64_bin.dmg,macos,x64,jre,63
2026-10-09T03:20:19+00:00,sapmachine-21.0.13+4,382421849,True,sapmachine-jdk-21.0.13-ea.4_aix-ppc64_bin.tar.gz,aix,ppc64,jdk,62
2026-10-09T03:20:19+00:00,sapmachine-21.0.13+4,382421849,True,sapmachine-jre-21.0.13-ea.4_aix-ppc64_bin.tar.gz,aix,ppc64,jre,63
2026-10-09T03:20:19+00:00,sapmachine-21.0.13+4,382421849,True,sapmachine-jdk-21.0.13-ea.4_aix-ppc64_bin-symbols.tar.gz,aix,ppc64,jdk,3
2026-10-09T03:20:19+00:00,sapmachine-28+12,381855867,True,sapmachine-jdk-28-ea.12_linux-x64-musl_bin.tar.gz,alpine,x64,jdk,62
2026-10-09T03:20:19+00:00,sapmachine-28+12,381855867,True,sapmachine-jre-28-ea.12_linux-x64-musl_bin.tar.gz,alpine,x64,jre,63
2026-10-09T03:20:19+00:00,sapmachine-28+12,381855867,True,sapmachine-jdk-28-ea.12_linux-x64-musl_bin-symbols.tar.gz,alpine,x64,jdk,2
2026-10-09T03:20:19+00:00,sapmachine-28+12,381855867,True,sapmachine-jdk-28-ea.12_linux-x64_bin.tar.gz,linux,x64,jdk,63
2026-10-09T03:20:19+00:00,sapmachine-28+12,381855867,True,sapmachine-jre-28-ea.12_linux-x64_bin.tar.gz,linux,x64,jre,62
2026-10-09T03:20:19+00:00,sapmachine-28+12,381855867,True,sapmachine-jdk-28-ea.12_linux-x64_bin-symbols.tar.gz,linux,x64,jdk,2
2026-10-09T03:20:19+00:00,sapmachine-28+12,381855867,True,sapmachine-jdk-28-ea.12_macos-aarch64_bin.tar.gz,macos,aarch64,jdk,62
2026-10-09T03:20:19+00:00,sapmachine-28+12,381855867,True,sapmachine-jre-28-ea.12_macos-aarch64_bin.tar.gz,macos,aarch64,jre,62
2026-10-09T03:20:19+00:00,sapmachine-28+12,381855867,True,sapmachine-jdk-28-ea.12_macos-aarch64_bin-symbols.tar.gz,macos,aarch64,jdk,3
2026-10-09T03:20:19+00:00,sapmachine-28+12,381855867,True,sapmachine-jdk-28-ea.12_macos-aarch64_bin.dmg,macos,aarch64,jdk,69
2026-10-09T03:20:19+00:00,sapmachine-28+12,381855867,True,sapmachine-jre-28-ea.12_macos-aarch64_bin.dmg,macos,aarch64,jre,63
2026-10-09T03:20:19+00:00,sapmachine-28+12,381855867,True,sapmachine-jdk-28-ea.12_linux-ppc64le_bin.tar.gz,linux,ppc64,jdk,62
2026-10-09T03:20:19+00:00,sapmachine-28+12,381855867,True,sapmachine-jre-28-ea.12_linux-ppc64le_bin.tar.gz,linux,ppc64,jre,61
2026-10-09T03:20:19+00:00,sapmachine-28+12,381855867,True,sapmachine-jdk-28-ea.12_linux-ppc64le_bin-symbols.tar.gz,linux,ppc64,jdk,3
2026-10-09T03:20:19+00:00,sapmachine-28+12,381855867,True,sapmachine-jdk-28-ea.12_linux-aarch64_bin.tar.gz,linux,aarch64,jdk,63
2026-10-09T03:20:19+00:00,sapmachine-28+12,381855867,True,sapmachine-jre-28-ea.12_linux-aarch64_bin.tar.gz,linux,aarch64,jre,65
2026-10-09T03:20:19+00:00,sapmachine-28+12,381855867,True,sapmachine-jdk-28-ea.12_linux-aarch64_bin-symbols.tar.gz,linux,aarch64,jdk,2
2026-10-09T03:20:19+00:00,sapmachine-28+12,381855867,True,sapmachine-jdk-28-ea.12_aix-ppc64_bin.tar.gz,aix,ppc64,jdk,62
2026-10-09T03:20:19+00:00,sapmachine-28+12,381855867,True,sapmachine-jre-28-ea.12_aix-ppc64_bin.tar.gz,aix,ppc64,jre,62
2026-10-09T03:20:19+00:00,sapmachine-28+12,381855867,True,sapmachine-jdk-28-ea.12_aix-ppc64_bin-symbols.tar.gz,aix,ppc64,jdk,2
2026-10-09T03:20:19+00:00,sapmachine-28+12,381855867,True,sapmachine-jdk-28-ea.12_windows-x64_bin.zip,windows,x64,jdk,62
2026-10-09T03:20:19+00:00,sapmachine-28+12,381855867,True,sapmachine-jre-28-ea.12_windows-x64_bin.zip,windows,x64,jre,62
2026-10-09T03:20:19+00:00,sapmachine-28+12,381855867,True,sapmachine-jdk-28-ea.12_windows-x64_bin-symbols.tar.gz,windows,x64,jdk,2
2026-10-09T03:20:19+00:00,sapmachine-25.0.5+4,381197640,True,sapmachine-jdk-25.0.5-ea.4_linux-x64-musl_bin.tar.gz,alpine,x64,jdk,62
2026-10-09T03:20:19+00:00,sapmachine-25.0.5+4,381197640,True,sapmachine-jre-25.0.5-ea.4_linux-x64-musl_bin.tar.gz,alpine,x64,jre,62
2026-10-09T03:20:19+00:00,sapmachine-25.0.5+4,381197640,True,sapmachine-jdk-25.0.5-ea.4_linux-x64-musl_bin-symbols.tar.gz,alpine,x64,jdk,2
2026-10-09T03:20:19+00:00,sapmachine-25.0.5+4,381197640,True,sapmachine-jdk-25.0.5-ea.4_aix-ppc64_bin.tar.gz,aix,ppc64,jdk,62
2026-10-09T03:20:19+00:00,sapmachine-25.0.5+4,381197640,True,sapmachine-jre-25.0.5-ea.4_aix-ppc64_bin.tar.gz,aix,ppc64,jre,62
2026-10-09T03:20:19+00:00,sapmachine-25.0.5+4,381197640,True,sapmachine-jdk-25.0.5-ea.4_aix-ppc64_bin-symbols.tar.gz,aix,ppc64,jdk,2
2026-10-09T03:20:19+00:00,sapmachine-25.0.5+4,381197640,True,sapmachine-jdk-25.0.5-ea.4_macos-aarch64_bin.tar.gz,macos,aarch64,jdk,84
2026-10-09T03:20:19+00:00,sapmachine-25.0.5+4,381197640,True,sapmachine-jre-25.0.5-ea.4_macos-aarch64_bin.tar.gz,macos,aarch64,jre,63
2026-10-09T03:20:19+00:00,sapmachine-25.0.5+4,381197640,True,sapmachine-jdk-25.0.5-ea.4_macos-aarch64_bin-symbols.tar.gz,macos,aarch64,jdk,1
2026-10-09T03:20:19+00:00,sapmachine-25.0.5+4,381197640,True,sapmachine-jdk-25.0.5-ea.4_macos-aarch64_bin.dmg,macos,aarch64,jdk,64
2026-10-09T03:20:19+00:00,sapmachine-25.0.5+4,381197640,True,sapmachine-jre-25.0.5-ea.4_macos-aarch64_bin.dmg,macos,aarch64,jre,65
2026-10-09T03:20:19+00:00,sapmachine-25.0.5+4,381197640,True,sapmachine-jdk-25.0.5-ea.4_windows-x64_bin.zip,windows,x64,jdk,63
2026-10-09T03:20:19+00:00,sapmachine-25.0.5+4,381197640,True,sapmachine-jre-25.0.5-ea.4_windows-x64_bin.zip,windows,x64,jre,64
2026-10-09T03:20:19+00:00,sapmachine-25.0.5+4,381197640,True,sapmachine-jdk-25.0.5-ea.4_windows-x64_bin-symbols.tar.gz,windows,x64,jdk,2
2026-10-09T03:20:19+00:00,sapmachine-25.0.5+4,381197640,True,sapmachine-jdk-25.0.5-ea.4_linux-aarch64_bin.tar.gz,linux,aarch64,jdk,66
2026-10-09T03:20:19+00:00,sapmachine-25.0.5+4,381197640,True,sapmachine-jre-25.0.5-ea.4_linux-aarch64_bin.tar.gz,linux,aarch64,jre,63
2026-10-09T03:20:19+00:00,sapmachine-25.0.5+4,381197640,True,sapmachine-jdk-25.0.5-ea.4_linux-aarch64_bin-symbols.tar.gz,linux,aarch64,jdk,2
2026-10-09T03:20:19+00:00,sapmachine-25.0.5+4,381197640,True,sapmachine-jdk-25.0.5-ea.4_linux-x64_bin.tar.gz,linux,x64,jdk,68
2026-10-09T03:20:19+00:00,sapmachine-25.0.5+4,381197640,True,sapmachine-jre-25.0.5-ea.4_linux-x64_bin.tar.gz,linux,x64,jre,63
2026-10-09T03:20:19+00:00,sapmachine-25.0.5+4,381197640,True,sapmachine-jdk-25.0.5-ea.4_linux-x64_bin-symbols.tar.gz,linux,x64,jdk,1
2026-10-09T03:20:19+00:00,sapmachine-25.0.5+4,381197640,True,sapmachine-jdk-25.0.5-ea.4_linux-ppc64le_bin.tar.gz,linux,ppc64,jdk,68
2026-10-09T03:20:19+00:00,sapmachine-25.0.5+4,381197640,True,sapmachine-jre-25.0.5-ea.4_linux-ppc64le_bin.tar.gz,linux,ppc64,jre,63
2026-10-09T03:20:19+00:00,sapmachine-25.0.5+4,381197640,True,sapmachine-jdk-25.0.5-ea.4_linux-ppc64le_bin-symbols.tar.gz,linux,ppc64,jdk,2
2026-10-09T03:20:19+00:00,sapmachine-17.0.21+3,376093539,True,sapmachine-jdk-17.0.21-ea.3_linux-x64-musl_bin.tar.gz,alpine,x64,jdk,73
2026-10-09T03:20:19+00:00,sapmachine-17.0.21+3,376093539,True,sapmachine-jre-17.0.21-ea.3_linux-x64-musl_bin.tar.gz,alpine,x64,jre,70
2026-10-09T03:20:19+00:00,sapmachine-17.0.21+3,376093539,True,sapmachine-jdk-17.0.21-ea.3_linux-x64-musl_bin-symbols.tar.gz,alpine,x64,jdk,2
2026-10-09T03:20:19+00:00,sapmachine-17.0.21+3,376093539,True,sapmachine-jdk-17.0.21-ea.3_linux-x64_bin.tar.gz,linux,x64,jdk,462
2026-10-09T03:20:19+00:00,sapmachine-17.0.21+3,376093539,True,sapmachine-jre-17.0.21-ea.3_linux-x64_bin.tar.gz,linux,x64,jre,69
2026-10-09T03:20:19+00:00,sapmachine-17.0.21+3,376093539,True,sapmachine-jdk-17.0.21-ea.3_linux-x64_bin-symbols.tar.gz,linux,x64,jdk,3
2026-10-09T03:20:19+00:00,sapmachine-17.0.21+3,376093539,True,sapmachine-jdk-17.0.21-ea.3_linux-ppc64le_bin.tar.gz,linux,ppc64,jdk,72
2026-10-09T03:20:19+00:00,sapmachine-17.0.21+3,376093539,True,sapmachine-jre-17.0.21-ea.3_linux-ppc64le_bin.tar.gz,linux,ppc64,jre,71
2026-10-09T03:20:19+00:00,sapmachine-17.0.21+3,376093539,True,sapmachine-jdk-17.0.21-ea.3_linux-ppc64le_bin-symbols.tar.gz,linux,ppc64,jdk,1
2026-10-09T03:20:19+00:00,sapmachine-17.0.21+3,376093539,True,sapmachine-jdk-17.0.21-ea.3_linux-aarch64_bin.tar.gz,linux,aarch64,jdk,74
2026-10-09T03:20:19+00:00,sapmachine-17.0.21+3,376093539,True,sapmachine-jre-17.0.21-ea.3_linux-aarch64_bin.tar.gz,linux,aarch64,jre,68
2026-10-09T03:20:19+00:00,sapmachine-17.0.21+3,376093539,True,sapmachine-jdk-17.0.21-ea.3_linux-aarch64_bin-symbols.tar.gz,linux,aarch64,jdk,1
2026-10-09T03:20:19+00:00,sapmachine-17.0.21+3,376093539,True,sapmachine-jdk-17.0.21-ea.3_windows-x64_bin.zip,windows,x64,jdk,393
2026-10-09T03:20:19+00:00,sapmachine-17.0.21+3,376093539,True,sapmachine-jre-17.0.21-ea.3_windows-x64_bin.zip,windows,x64,jre,77
2026-10-09T03:20:19+00:00,sapmachine-17.0.21+3,376093539,True,sapmachine-jdk-17.0.21-ea.3_windows-x64_bin-symbols.tar.gz,windows,x64,jdk,1
2026-10-09T03:20:19+00:00,sapmachine-17.0.21+3,376093539,True,sapmachine-jdk-17.0.21-ea.3_macos-x64_bin.tar.gz,macos,x64,jdk,66
2026-10-09T03:20:19+00:00,sapmachine-17.0.21+3,376093539,True,sapmachine-jre-17.0.21-ea.3_macos-x64_bin.tar.gz,macos,x64,jre,70
2026-10-09T03:20:19+00:00,sapmachine-17.0.21+3,376093539,True,sapmachine-jdk-17.0.21-ea.3_macos-x64_bin-symbols.tar.gz,macos,x64,jdk,2
2026-10-09T03:20:19+00:00,sapmachine-17.0.21+3,376093539,True,sapmachine-jdk-17.0.21-ea.3_macos-x64_bin.dmg,macos,x64,jdk,71
2026-10-09T03:20:19+00:00,sapmachine-17.0.21+3,376093539,True,sapmachine-jre-17.0.21-ea.3_macos-x64_bin.dmg,macos,x64,jre,70
2026-10-09T03:20:19+00:00,sapmachine-17.0.21+3,376093539,True,sapmachine-jdk-17.0.21-ea.3_macos-aarch64_bin.tar.gz,macos,aarch64,jdk,766
2026-10-09T03:20:19+00:00,sapmachine-17.0.21+3,376093539,True,sapmachine-jre-17.0.21-ea.3_macos-aarch64_bin.tar.gz,macos,aarch64,jre,68
2026-10-09T03:20:19+00:00,sapmachine-17.0.21+3,376093539,True,sapmachine-jdk-17.0.21-ea.3_macos-aarch64_bin-symbols.tar.gz,macos,aarch64,jdk,2
2026-10-09T03:20:19+00:00,sapmachine-17.0.21+3,376093539,True,sapmachine-jdk-17.0.21-ea.3_macos-aarch64_bin.dmg,macos,aarch64,jdk,75
2026-10-09T03:20:19+00:00,sapmachine-17.0.21+3,376093539,True,sapmachine-jre-17.0.21-ea.3_macos-aarch64_bin.dmg,macos,aarch64,jre,76
2026-10-09T03:20:19+00:00,sapmachine-21.0.13+3,376089838,True,sapmachine-jdk-21.0.13-ea.3_linux-x64_bin.tar.gz,linux,x64,jdk,406
2026-10-09T03:20:19+00:00,sapmachine-21.0.13+3,376089838,True,sapmachine-jre-21.0.13-ea.3_linux-x64_bin.tar.gz,linux,x64,jre,80
2026-10-09T03:20:19+00:00,sapmachine-21.0.13+3,376089838,True,sapmachine-jdk-21.0.13-ea.3_linux-x64_bin-symbols.tar.gz,linux,x64,jdk,2
2026-10-09T03:20:19+00:00,sapmachine-21.0.13+3,376089838,True,sapmachine-jdk-21.0.13-ea.3_aix-ppc64_bin.tar.gz,aix,ppc64,jdk,86
2026-10-09T03:20:19+00:00,sapmachine-21.0.13+3,376089838,True,sapmachine-jre-21.0.13-ea.3_aix-ppc64_bin.tar.gz,aix,ppc64,jre,78
2026-10-09T03:20:19+00:00,sapmachine-21.0.13+3,376089838,True,sapmachine-jdk-21.0.13-ea.3_aix-ppc64_bin-symbols.tar.gz,aix,ppc64,jdk,2
2026-10-09T03:20:19+00:00,sapmachine-21.0.13+3,376089838,True,sapmachine-jdk-21.0.13-ea.3_linux-x64-musl_bin.tar.gz,alpine,x64,jdk,77
2026-10-09T03:20:19+00:00,sapmachine-21.0.13+3,376089838,True,sapmachine-jre-21.0.13-ea.3_linux-x64-musl_bin.tar.gz,alpine,x64,jre,77
2026-10-09T03:20:19+00:00,sapmachine-21.0.13+3,376089838,True,sapmachine-jdk-21.0.13-ea.3_linux-x64-musl_bin-symbols.tar.gz,alpine,x64,jdk,1
2026-10-09T03:20:19+00:00,sapmachine-21.0.13+3,376089838,True,sapmachine-jdk-21.0.13-ea.3_linux-ppc64le_bin.tar.gz,linux,ppc64,jdk,76
2026-10-09T03:20:19+00:00,sapmachine-21.0.13+3,376089838,True,sapmachine-jre-21.0.13-ea.3_linux-ppc64le_bin.tar.gz,linux,ppc64,jre,79
2026-10-09T03:20:19+00:00,sapmachine-21.0.13+3,376089838,True,sapmachine-jdk-21.0.13-ea.3_linux-ppc64le_bin-symbols.tar.gz,linux,ppc64,jdk,1
2026-10-09T03:20:19+00:00,sapmachine-21.0.13+3,376089838,True,sapmachine-jdk-21.0.13-ea.3_linux-aarch64_bin.tar.gz,linux,aarch64,jdk,78
2026-10-09T03:20:19+00:00,sapmachine-21.0.13+3,376089838,True,sapmachine-jre-21.0.13-ea.3_linux-aarch64_bin.tar.gz,linux,aarch64,jre,75
2026-10-09T03:20:19+00:00,sapmachine-21.0.13+3,376089838,True,sapmachine-jdk-21.0.13-ea.3_linux-aarch64_bin-symbols.tar.gz,linux,aarch64,jdk,1
2026-10-09T03:20:19+00:00,sapmachine-21.0.13+3,376089838,True,sapmachine-jdk-21.0.13-ea.3_macos-x64_bin.tar.gz,macos,x64,jdk,80
2026-10-09T03:20:19+00:00,sapmachine-21.0.13+3,376089838,True,sapmachine-jre-21.0.13-ea.3_macos-x64_bin.tar.gz,macos,x64,jre,77
2026-10-09T03:20:19+00:00,sapmachine-21.0.13+3,376089838,True,sapmachine-jdk-21.0.13-ea.3_macos-x64_bin-symbols.tar.gz,macos,x64,jdk,2
2026-10-09T03:20:19+00:00,sapmachine-21.0.13+3,376089838,True,sapmachine-jdk-21.0.13-ea.3_macos-x64_bin.dmg,macos,x64,jdk,78
2026-10-09T03:20:19+00:00,sapmachine-21.0.13+3,376089838,True,sapmachine-jre-21.0.13-ea.3_macos-x64_bin.dmg,macos,x64,jre,75
2026-10-09T03:20:19+00:00,sapmachine-21.0.13+3,376089838,True,sapmachine-jdk-21.0.13-ea.3_windows-x64_bin.zip,windows,x64,jdk,399
2026-10-09T03:20:19+00:00,sapmachine-21.0.13+3,376089838,True,sapmachine-jre-21.0.13-ea.3_windows-x64_bin.zip,windows,x64,jre,77
2026-10-09T03:20:19+00:00,sapmachine-21.0.13+3,376089838,True,sapmachine-jdk-21.0.13-ea.3_windows-x64_bin-symbols.tar.gz,windows,x64,jdk,1
2026-10-09T03:20:19+00:00,sapmachine-21.0.13+3,376089838,True,sapmachine-jdk-21.0.13-ea.3_macos-aarch64_bin.tar.gz,macos,aarch64,jdk,530
2026-10-09T03:20:19+00:00,sapmachine-21.0.13+3,376089838,True,sapmachine-jre-21.0.13-ea.3_macos-aarch64_bin.tar.gz,macos,aarch64,jre,81
2026-10-09T03:20:19+00:00,sapmachine-21.0.13+3,376089838,True,sapmachine-jdk-21.0.13-ea.3_macos-aarch64_bin-symbols.tar.gz,macos,aarch64,jdk,2
2026-10-09T03:20:19+00:00,sapmachine-21.0.13+3,376089838,True,sapmachine-jdk-21.0.13-ea.3_macos-aarch64_bin.dmg,macos,aarch64,jdk,79
2026-10-09T03:20:19+00:00,sapmachine-21.0.13+3,376089838,True,sapmachine-jre-21.0.13-ea.3_macos-aarch64_bin.dmg,macos,aarch64,jre,77
2026-10-09T03:20:19+00:00,sapmachine-27+35,376088749,True,sapmachine-jdk-27-ea.35_linux-x64-musl_bin.tar.gz,alpine,x64,jdk,80
2026-10-09T03:20:19+00:00,sapmachine-27+35,376088749,True,sapmachine-jre-27-ea.35_linux-x64-musl_bin.tar.gz,alpine,x64,jre,80
2026-10-09T03:20:19+00:00,sapmachine-27+35,376088749,True,sapmachine-jdk-27-ea.35_linux-x64-musl_bin-symbols.tar.gz,alpine,x64,jdk,2
2026-10-09T03:20:19+00:00,sapmachine-27+35,376088749,True,sapmachine-jdk-27-ea.35_linux-x64_bin.tar.gz,linux,x64,jdk,95
2026-10-09T03:20:19+00:00,sapmachine-27+35,376088749,True,sapmachine-jre-27-ea.35_linux-x64_bin.tar.gz,linux,x64,jre,80
2026-10-09T03:20:19+00:00,sapmachine-27+35,376088749,True,sapmachine-jdk-27-ea.35_linux-x64_bin-symbols.tar.gz,linux,x64,jdk,2
2026-10-09T03:20:19+00:00,sapmachine-27+35,376088749,True,sapmachine-jdk-27-ea.35_linux-aarch64_bin.tar.gz,linux,aarch64,jdk,86
2026-10-09T03:20:19+00:00,sapmachine-27+35,376088749,True,sapmachine-jre-27-ea.35_linux-aarch64_bin.tar.gz,linux,aarch64,jre,79
2026-10-09T03:20:19+00:00,sapmachine-27+35,376088749,True,sapmachine-jdk-27-ea.35_linux-aarch64_bin-symbols.tar.gz,linux,aarch64,jdk,1
2026-10-09T03:20:19+00:00,sapmachine-27+35,376088749,True,sapmachine-jdk-27-ea.35_linux-ppc64le_bin.tar.gz,linux,ppc64,jdk,81
2026-10-09T03:20:19+00:00,sapmachine-27+35,376088749,True,sapmachine-jre-27-ea.35_linux-ppc64le_bin.tar.gz,linux,ppc64,jre,86
2026-10-09T03:20:19+00:00,sapmachine-27+35,376088749,True,sapmachine-jdk-27-ea.35_linux-ppc64le_bin-symbols.tar.gz,linux,ppc64,jdk,1
2026-10-09T03:20:19+00:00,sapmachine-27+35,376088749,True,sapmachine-jdk-27-ea.35_aix-ppc64_bin.tar.gz,aix,ppc64,jdk,79
2026-10-09T03:20:19+00:00,sapmachine-27+35,376088749,True,sapmachine-jre-27-ea.35_aix-ppc64_bin.tar.gz,aix,ppc64,jre,78
2026-10-09T03:20:19+00:00,sapmachine-27+35,376088749,True,sapmachine-jdk-27-ea.35_aix-ppc64_bin-symbols.tar.gz,aix,ppc64,jdk,1
2026-10-09T03:20:19+00:00,sapmachine-27+35,376088749,True,sapmachine-jdk-27-ea.35_macos-aarch64_bin.tar.gz,macos,aarch64,jdk,85
2026-10-09T03:20:19+00:00,sapmachine-27+35,376088749,True,sapmachine-jre-27-ea.35_macos-aarch64_bin.tar.gz,macos,aarch64,jre,83
2026-10-09T03:20:19+00:00,sapmachine-27+35,376088749,True,sapmachine-jdk-27-ea.35_macos-aarch64_bin-symbols.tar.gz,macos,aarch64,jdk,1
2026-10-09T03:20:19+00:00,sapmachine-27+35,376088749,True,sapmachine-jdk-27-ea.35_macos-aarch64_bin.dmg,macos,aarch64,jdk,84
2026-10-09T03:20:19+00:00,sapmachine-27+35,376088749,True,sapmachine-jre-27-ea.35_macos-aarch64_bin.dmg,macos,aarch64,jre,79
2026-10-09T03:20:19+00:00,sapmachine-27+35,376088749,True,sapmachine-jdk-27-ea.35_windows-x64_bin.zip,windows,x64,jdk,84
2026-10-09T03:20:19+00:00,sapmachine-27+35,376088749,True,sapmachine-jre-27-ea.35_windows-x64_bin.zip,windows,x64,jre,78
2026-10-09T03:20:19+00:00,sapmachine-27+35,376088749,True,sapmachine-jdk-27-ea.35_windows-x64_bin-symbols.tar.gz,windows,x64,jdk,1
2026-10-09T03:20:19+00:00,sapmachine-25.0.5+3,375384200,True,sapmachine-jdk-25.0.5-ea.3_linux-x64-musl_bin.tar.gz,alpine,x64,jdk,82
2026-10-09T03:20:19+00:00,sapmachine-25.0.5+3,375384200,True,sapmachine-jre-25.0.5-ea.3_linux-x64-musl_bin.tar.gz,alpine,x64,jre,76
2026-10-09T03:20:19+00:00,sapmachine-25.0.5+3,375384200,True,sapmachine-jdk-25.0.5-ea.3_linux-x64-musl_bin-symbols.tar.gz,alpine,x64,jdk,3
2026-10-09T03:20:19+00:00,sapmachine-25.0.5+3,375384200,True,sapmachine-jdk-25.0.5-ea.3_linux-x64_bin.tar.gz,linux,x64,jdk,88
2026-10-09T03:20:19+00:00,sapmachine-25.0.5+3,375384200,True,sapmachine-jre-25.0.5-ea.3_linux-x64_bin.tar.gz,linux,x64,jre,82
2026-10-09T03:20:19+00:00,sapmachine-25.0.5+3,375384200,True,sapmachine-jdk-25.0.5-ea.3_linux-x64_bin-symbols.tar.gz,linux,x64,jdk,2
2026-10-09T03:20:19+00:00,sapmachine-25.0.5+3,375384200,True,sapmachine-jdk-25.0.5-ea.3_linux-ppc64le_bin.tar.gz,linux,ppc64,jdk,81
2026-10-09T03:20:19+00:00,sapmachine-25.0.5+3,375384200,True,sapmachine-jre-25.0.5-ea.3_linux-ppc64le_bin.tar.gz,linux,ppc64,jre,80
2026-10-09T03:20:19+00:00,sapmachine-25.0.5+3,375384200,True,sapmachine-jdk-25.0.5-ea.3_linux-ppc64le_bin-symbols.tar.gz,linux,ppc64,jdk,2
2026-10-09T03:20:19+00:00,sapmachine-25.0.5+3,375384200,True,sapmachine-jdk-25.0.5-ea.3_linux-aarch64_bin.tar.gz,linux,aarch64,jdk,81
2026-10-09T03:20:19+00:00,sapmachine-25.0.5+3,375384200,True,sapmachine-jre-25.0.5-ea.3_linux-aarch64_bin.tar.gz,linux,aarch64,jre,81
2026-10-09T03:20:19+00:00,sapmachine-25.0.5+3,375384200,True,sapmachine-jdk-25.0.5-ea.3_linux-aarch64_bin-symbols.tar.gz,linux,aarch64,jdk,1
2026-10-09T03:20:19+00:00,sapmachine-25.0.5+3,375384200,True,sapmachine-jdk-25.0.5-ea.3_aix-ppc64_bin.tar.gz,aix,ppc64,jdk,78
2026-10-09T03:20:19+00:00,sapmachine-25.0.5+3,375384200,True,sapmachine-jre-25.0.5-ea.3_aix-ppc64_bin.tar.gz,aix,ppc64,jre,78
2026-10-09T03:20:19+00:00,sapmachine-25.0.5+3,375384200,True,sapmachine-jdk-25.0.5-ea.3_aix-ppc64_bin-symbols.tar.gz,aix,ppc64,jdk,1
2026-10-09T03:20:19+00:00,sapmachine-25.0.5+3,375384200,True,sapmachine-jdk-25.0.5-ea.3_macos-aarch64_bin.tar.gz,macos,aarch64,jdk,95
2026-10-09T03:20:19+00:00,sapmachine-25.0.5+3,375384200,True,sapmachine-jre-25.0.5-ea.3_macos-aarch64_bin.tar.gz,macos,aarch64,jre,78
2026-10-09T03:20:19+00:00,sapmachine-25.0.5+3,375384200,True,sapmachine-jdk-25.0.5-ea.3_macos-aarch64_bin-symbols.tar.gz,macos,aarch64,jdk,1
2026-10-09T03:20:19+00:00,sapmachine-25.0.5+3,375384200,True,sapmachine-jdk-25.0.5-ea.3_macos-aarch64_bin.dmg,macos,aarch64,jdk,78
2026-10-09T03:20:19+00:00,sapmachine-25.0.5+3,375384200,True,sapmachine-jre-25.0.5-ea.3_macos-aarch64_bin.dmg,macos,aarch64,jre,77
2026-10-09T03:20:19+00:00,sapmachine-25.0.5+3,375384200,True,sapmachine-jdk-25.0.5-ea.3_windows-x64_bin.zip,windows,x64,jdk,83
2026-10-09T03:20:19+00:00,sapmachine-25.0.5+3,375384200,True,sapmachine-jre-25.0.5-ea.3_windows-x64_bin.zip,windows,x64,jre,82
2026-10-09T03:20:19+00:00,sapmachine-25.0.5+3,375384200,True,sapmachine-jdk-25.0.5-ea.3_windows-x64_bin-symbols.tar.gz,windows,x64,jdk,1
2026-10-09T03:20:19+00:00,sapmachine-17.0.21+2,370777100,True,sapmachine-jdk-17.0.21-ea.2_linux-x64-musl_bin.tar.gz,alpine,x64,jdk,67
2026-10-09T03:20:19+00:00,sapmachine-17.0.21+2,370777100,True,sapmachine-jre-17.0.21-ea.2_linux-x64-musl_bin.tar.gz,alpine,x64,jre,66
2026-10-09T03:20:19+00:00,sapmachine-17.0.21+2,370777100,True,sapmachine-jdk-17.0.21-ea.2_linux-x64-musl_bin-symbols.tar.gz,alpine,x64,jdk,1
2026-10-09T03:20:19+00:00,sapmachine-17.0.21+2,370777100,True,sapmachine-jdk-17.0.21-ea.2_linux-x64_bin.tar.gz,linux,x64,jdk,384
2026-10-09T03:20:19+00:00,sapmachine-17.0.21+2,370777100,True,sapmachine-jre-17.0.21-ea.2_linux-x64_bin.tar.gz,linux,x64,jre,76
2026-10-09T03:20:19+00:00,sapmachine-17.0.21+2,370777100,True,sapmachine-jdk-17.0.21-ea.2_linux-x64_bin-symbols.tar.gz,linux,x64,jdk,1
2026-10-09T03:20:19+00:00,sapmachine-17.0.21+2,370777100,True,sapmachine-jdk-17.0.21-ea.2_macos-aarch64_bin.tar.gz,macos,aarch64,jdk,697
2026-10-09T03:20:19+00:00,sapmachine-17.0.21+2,370777100,True,sapmachine-jre-17.0.21-ea.2_macos-aarch64_bin.tar.gz,macos,aarch64,jre,75
2026-10-09T03:20:19+00:00,sapmachine-17.0.21+2,370777100,True,sapmachine-jdk-17.0.21-ea.2_macos-aarch64_bin-symbols.tar.gz,macos,aarch64,jdk,1
2026-10-09T03:20:19+00:00,sapmachine-17.0.21+2,370777100,True,sapmachine-jdk-17.0.21-ea.2_macos-aarch64_bin.dmg,macos,aarch64,jdk,76
2026-10-09T03:20:19+00:00,sapmachine-17.0.21+2,370777100,True,sapmachine-jre-17.0.21-ea.2_macos-aarch64_bin.dmg,macos,aarch64,jre,69
2026-10-09T03:20:19+00:00,sapmachine-17.0.21+2,370777100,True,sapmachine-jdk-17.0.21-ea.2_linux-ppc64le_bin.tar.gz,linux,ppc64,jdk,74
2026-10-09T03:20:19+00:00,sapmachine-17.0.21+2,370777100,True,sapmachine-jre-17.0.21-ea.2_linux-ppc64le_bin.tar.gz,linux,ppc64,jre,73
2026-10-09T03:20:19+00:00,sapmachine-17.0.21+2,370777100,True,sapmachine-jdk-17.0.21-ea.2_linux-ppc64le_bin-symbols.tar.gz,linux,ppc64,jdk,1
2026-10-09T03:20:19+00:00,sapmachine-17.0.21+2,370777100,True,sapmachine-jdk-17.0.21-ea.2_linux-aarch64_bin.tar.gz,linux,aarch64,jdk,76
2026-10-09T03:20:19+00:00,sapmachine-17.0.21+2,370777100,True,sapmachine-jre-17.0.21-ea.2_linux-aarch64_bin.tar.gz,linux,aarch64,jre,73
2026-10-09T03:20:19+00:00,sapmachine-17.0.21+2,370777100,True,sapmachine-jdk-17.0.21-ea.2_linux-aarch64_bin-symbols.tar.gz,linux,aarch64,jdk,1
2026-10-09T03:20:19+00:00,sapmachine-17.0.21+2,370777100,True,sapmachine-jdk-17.0.21-ea.2_windows-x64_bin.zip,windows,x64,jdk,376
2026-10-09T03:20:19+00:00,sapmachine-17.0.21+2,370777100,True,sapmachine-jre-17.0.21-ea.2_windows-x64_bin.zip,windows,x64,jre,69
2026-10-09T03:20:19+00:00,sapmachine-17.0.21+2,370777100,True,sapmachine-jdk-17.0.21-ea.2_windows-x64_bin-symbols.tar.gz,windows,x64,jdk,1
2026-10-09T03:20:19+00:00,sapmachine-17.0.21+2,370777100,True,sapmachine-jdk-17.0.21-ea.2_macos-x64_bin.tar.gz,macos,x64,jdk,72
2026-10-09T03:20:19+00:00,sapmachine-17.0.21+2,370777100,True,sapmachine-jre-17.0.21-ea.2_macos-x64_bin.tar.gz,macos,x64,jre,69
2026-10-09T03:20:19+00:00,sapmachine-17.0.21+2,370777100,True,sapmachine-jdk-17.0.21-ea.2_macos-x64_bin-symbols.tar.gz,macos,x64,jdk,1
2026-10-09T03:20:19+00:00,sapmachine-17.0.21+2,370777100,True,sapmachine-jdk-17.0.21-ea.2_macos-x64_bin.dmg,macos,x64,jdk,69
2026-10-09T03:20:19+00:00,sapmachine-17.0.21+2,370777100,True,sapmachine-jre-17.0.21-ea.2_macos-x64_bin.dmg,macos,x64,jre,65
2026-10-09T03:20:19+00:00,sapmachine-21.0.13+2,370772499,True,sapmachine-jdk-21.0.13-ea.2_linux-x64-musl_bin.tar.gz,alpine,x64,jdk,80
2026-10-09T03:20:19+00:00,sapmachine-21.0.13+2,370772499,True,sapmachine-jre-21.0.13-ea.2_linux-x64-musl_bin.tar.gz,alpine,x64,jre,77
2026-10-09T03:20:19+00:00,sapmachine-21.0.13+2,370772499,True,sapmachine-jdk-21.0.13-ea.2_linux-x64-musl_bin-symbols.tar.gz,alpine,x64,jdk,1
2026-10-09T03:20:19+00:00,sapmachine-21.0.13+2,370772499,True,sapmachine-jdk-21.0.13-ea.2_linux-x64_bin.tar.gz,linux,x64,jdk,390
2026-10-09T03:20:19+00:00,sapmachine-21.0.13+2,370772499,True,sapmachine-jre-21.0.13-ea.2_linux-x64_bin.tar.gz,linux,x64,jre,77
2026-10-09T03:20:19+00:00,sapmachine-21.0.13+2,370772499,True,sapmachine-jdk-21.0.13-ea.2_linux-x64_bin-symbols.tar.gz,linux,x64,jdk,1
2026-10-09T03:20:19+00:00,sapmachine-21.0.13+2,370772499,True,sapmachine-jdk-21.0.13-ea.2_aix-ppc64_bin.tar.gz,aix,ppc64,jdk,81
2026-10-09T03:20:19+00:00,sapmachine-21.0.13+2,370772499,True,sapmachine-jre-21.0.13-ea.2_aix-ppc64_bin.tar.gz,aix,ppc64,jre,78
2026-10-09T03:20:19+00:00,sapmachine-21.0.13+2,370772499,True,sapmachine-jdk-21.0.13-ea.2_aix-ppc64_bin-symbols.tar.gz,aix,ppc64,jdk,1
2026-10-09T03:20:19+00:00,sapmachine-21.0.13+2,370772499,True,sapmachine-jdk-21.0.13-ea.2_macos-aarch64_bin.tar.gz,macos,aarch64,jdk,470
2026-10-09T03:20:19+00:00,sapmachine-21.0.13+2,370772499,True,sapmachine-jre-21.0.13-ea.2_macos-aarch64_bin.tar.gz,macos,aarch64,jre,81
2026-10-09T03:20:19+00:00,sapmachine-21.0.13+2,370772499,True,sapmachine-jdk-21.0.13-ea.2_macos-aarch64_bin-symbols.tar.gz,macos,aarch64,jdk,1
2026-10-09T03:20:19+00:00,sapmachine-21.0.13+2,370772499,True,sapmachine-jdk-21.0.13-ea.2_macos-aarch64_bin.dmg,macos,aarch64,jdk,82
2026-10-09T03:20:19+00:00,sapmachine-21.0.13+2,370772499,True,sapmachine-jre-21.0.13-ea.2_macos-aarch64_bin.dmg,macos,aarch64,jre,80
2026-10-09T03:20:19+00:00,sapmachine-21.0.13+2,370772499,True,sapmachine-jdk-21.0.13-ea.2_linux-ppc64le_bin.tar.gz,linux,ppc64,jdk,79
2026-10-09T03:20:19+00:00,sapmachine-21.0.13+2,370772499,True,sapmachine-jre-21.0.13-ea.2_linux-ppc64le_bin.tar.gz,linux,ppc64,jre,82
2026-10-09T03:20:19+00:00,sapmachine-21.0.13+2,370772499,True,sapmachine-jdk-21.0.13-ea.2_linux-ppc64le_bin-symbols.tar.gz,linux,ppc64,jdk,1
2026-10-09T03:20:19+00:00,sapmachine-21.0.13+2,370772499,True,sapmachine-jdk-21.0.13-ea.2_linux-aarch64_bin.tar.gz,linux,aarch64,jdk,78
2026-10-09T03:20:19+00:00,sapmachine-21.0.13+2,370772499,True,sapmachine-jre-21.0.13-ea.2_linux-aarch64_bin.tar.gz,linux,aarch64,jre,81
2026-10-09T03:20:19+00:00,sapmachine-21.0.13+2,370772499,True,sapmachine-jdk-21.0.13-ea.2_linux-aarch64_bin-symbols.tar.gz,linux,aarch64,jdk,1
2026-10-09T03:20:19+00:00,sapmachine-21.0.13+2,370772499,True,sapmachine-jdk-21.0.13-ea.2_macos-x64_bin.tar.gz,macos,x64,jdk,77
2026-10-09T03:20:19+00:00,sapmachine-21.0.13+2,370772499,True,sapmachine-jre-21.0.13-ea.2_macos-x64_bin.tar.gz,macos,x64,jre,75
2026-10-09T03:20:19+00:00,sapmachine-21.0.13+2,370772499,True,sapmachine-jdk-21.0.13-ea.2_macos-x64_bin-symbols.tar.gz,macos,x64,jdk,1
2026-10-09T03:20:19+00:00,sapmachine-21.0.13+2,370772499,True,sapmachine-jdk-21.0.13-ea.2_macos-x64_bin.dmg,macos,x64,jdk,76
2026-10-09T03:20:19+00:00,sapmachine-21.0.13+2,370772499,True,sapmachine-jre-21.0.13-ea.2_macos-x64_bin.dmg,macos,x64,jre,76
2026-10-09T03:20:19+00:00,sapmachine-21.0.13+2,370772499,True,sapmachine-jdk-21.0.13-ea.2_windows-x64_bin.zip,windows,x64,jdk,399
2026-10-09T03:20:19+00:00,sapmachine-21.0.13+2,370772499,True,sapmachine-jre-21.0.13-ea.2_windows-x64_bin.zip,windows,x64,jre,81
2026-10-09T03:20:19+00:00,sapmachine-21.0.13+2,370772499,True,sapmachine-jdk-21.0.13-ea.2_windows-x64_bin-symbols.tar.gz,windows,x64,jdk,1
2026-10-09T03:20:19+00:00,sapmachine-25.0.5+2,370767000,True,sapmachine-jdk-25.0.5-ea.2_linux-x64-musl_bin.tar.gz,alpine,x64,jdk,80
2026-10-09T03:20:19+00:00,sapmachine-25.0.5+2,370767000,True,sapmachine-jre-25.0.5-ea.2_linux-x64-musl_bin.tar.gz,alpine,x64,jre,79
2026-10-09T03:20:19+00:00,sapmachine-25.0.5+2,370767000,True,sapmachine-jdk-25.0.5-ea.2_linux-x64-musl_bin-symbols.tar.gz,alpine,x64,jdk,2
2026-10-09T03:20:19+00:00,sapmachine-25.0.5+2,370767000,True,sapmachine-jdk-25.0.5-ea.2_linux-x64_bin.tar.gz,linux,x64,jdk,79
2026-10-09T03:20:19+00:00,sapmachine-25.0.5+2,370767000,True,sapmachine-jre-25.0.5-ea.2_linux-x64_bin.tar.gz,linux,x64,jre,80
2026-10-09T03:20:19+00:00,sapmachine-25.0.5+2,370767000,True,sapmachine-jdk-25.0.5-ea.2_linux-x64_bin-symbols.tar.gz,linux,x64,jdk,1
2026-10-09T03:20:19+00:00,sapmachine-25.0.5+2,370767000,True,sapmachine-jdk-25.0.5-ea.2_aix-ppc64_bin.tar.gz,aix,ppc64,jdk,79
2026-10-09T03:20:19+00:00,sapmachine-25.0.5+2,370767000,True,sapmachine-jre-25.0.5-ea.2_aix-ppc64_bin.tar.gz,aix,ppc64,jre,75
2026-10-09T03:20:19+00:00,sapmachine-25.0.5+2,370767000,True,sapmachine-jdk-25.0.5-ea.2_aix-ppc64_bin-symbols.tar.gz,aix,ppc64,jdk,1
2026-10-09T03:20:19+00:00,sapmachine-25.0.5+2,370767000,True,sapmachine-jdk-25.0.5-ea.2_macos-aarch64_bin.tar.gz,macos,aarch64,jdk,112
2026-10-09T03:20:19+00:00,sapmachine-25.0.5+2,370767000,True,sapmachine-jre-25.0.5-ea.2_macos-aarch64_bin.tar.gz,macos,aarch64,jre,78
2026-10-09T03:20:19+00:00,sapmachine-25.0.5+2,370767000,True,sapmachine-jdk-25.0.5-ea.2_macos-aarch64_bin-symbols.tar.gz,macos,aarch64,jdk,3
2026-10-09T03:20:19+00:00,sapmachine-25.0.5+2,370767000,True,sapmachine-jdk-25.0.5-ea.2_macos-aarch64_bin.dmg,macos,aarch64,jdk,79
2026-10-09T03:20:19+00:00,sapmachine-25.0.5+2,370767000,True,sapmachine-jre-25.0.5-ea.2_macos-aarch64_bin.dmg,macos,aarch64,jre,81
2026-10-09T03:20:19+00:00,sapmachine-25.0.5+2,370767000,True,sapmachine-jdk-25.0.5-ea.2_linux-ppc64le_bin.tar.gz,linux,ppc64,jdk,82
2026-10-09T03:20:19+00:00,sapmachine-25.0.5+2,370767000,True,sapmachine-jre-25.0.5-ea.2_linux-ppc64le_bin.tar.gz,linux,ppc64,jre,79
2026-10-09T03:20:19+00:00,sapmachine-25.0.5+2,370767000,True,sapmachine-jdk-25.0.5-ea.2_linux-ppc64le_bin-symbols.tar.gz,linux,ppc64,jdk,1
2026-10-09T03:20:19+00:00,sapmachine-25.0.5+2,370767000,True,sapmachine-jdk-25.0.5-ea.2_linux-aarch64_bin.tar.gz,linux,aarch64,jdk,81
2026-10-09T03:20:19+00:00,sapmachine-25.0.5+2,370767000,True,sapmachine-jre-25.0.5-ea.2_linux-aarch64_bin.tar.gz,linux,aarch64,jre,82
2026-10-09T03:20:19+00:00,sapmachine-25.0.5+2,370767000,True,sapmachine-jdk-25.0.5-ea.2_linux-aarch64_bin-symbols.tar.gz,linux,aarch64,jdk,1
2026-10-09T03:20:19+00:00,sapmachine-25.0.5+2,370767000,True,sapmachine-jdk-25.0.5-ea.2_windows-x64_bin.zip,windows,x64,jdk,81
2026-10-09T03:20:19+00:00,sapmachine-25.0.5+2,370767000,True,sapmachine-jre-25.0.5-ea.2_windows-x64_bin.zip,windows,x64,jre,82
2026-10-09T03:20:19+00:00,sapmachine-25.0.5+2,370767000,True,sapmachine-jdk-25.0.5-ea.2_windows-x64_bin-symbols.tar.gz,windows,x64,jdk,1
2026-10-09T03:20:19+00:00,sapmachine-28+11,370765788,True,sapmachine-jdk-28-ea.11_linux-x64_bin.tar.gz,linux,x64,jdk,84
2026-10-09T03:20:19+00:00,sapmachine-28+11,370765788,True,sapmachine-jre-28-ea.11_linux-x64_bin.tar.gz,linux,x64,jre,82
2026-10-09T03:20:19+00:00,sapmachine-28+11,370765788,True,sapmachine-jdk-28-ea.11_linux-x64_bin-symbols.tar.gz,linux,x64,jdk,2
2026-10-09T03:20:19+00:00,sapmachine-28+11,370765788,True,sapmachine-jdk-28-ea.11_linux-x64-musl_bin.tar.gz,alpine,x64,jdk,83
2026-10-09T03:20:19+00:00,sapmachine-28+11,370765788,True,sapmachine-jre-28-ea.11_linux-x64-musl_bin.tar.gz,alpine,x64,jre,80
2026-10-09T03:20:19+00:00,sapmachine-28+11,370765788,True,sapmachine-jdk-28-ea.11_linux-x64-musl_bin-symbols.tar.gz,alpine,x64,jdk,2
2026-10-09T03:20:19+00:00,sapmachine-28+11,370765788,True,sapmachine-jdk-28-ea.11_aix-ppc64_bin.tar.gz,aix,ppc64,jdk,82
2026-10-09T03:20:19+00:00,sapmachine-28+11,370765788,True,sapmachine-jre-28-ea.11_aix-ppc64_bin.tar.gz,aix,ppc64,jre,77
2026-10-09T03:20:19+00:00,sapmachine-28+11,370765788,True,sapmachine-jdk-28-ea.11_aix-ppc64_bin-symbols.tar.gz,aix,ppc64,jdk,1
2026-10-09T03:20:19+00:00,sapmachine-28+11,370765788,True,sapmachine-jdk-28-ea.11_macos-aarch64_bin.tar.gz,macos,aarch64,jdk,82
2026-10-09T03:20:19+00:00,sapmachine-28+11,370765788,True,sapmachine-jre-28-ea.11_macos-aarch64_bin.tar.gz,macos,aarch64,jre,83
2026-10-09T03:20:19+00:00,sapmachine-28+11,370765788,True,sapmachine-jdk-28-ea.11_macos-aarch64_bin-symbols.tar.gz,macos,aarch64,jdk,1
2026-10-09T03:20:19+00:00,sapmachine-28+11,370765788,True,sapmachine-jdk-28-ea.11_macos-aarch64_bin.dmg,macos,aarch64,jdk,87
2026-10-09T03:20:19+00:00,sapmachine-28+11,370765788,True,sapmachine-jre-28-ea.11_macos-aarch64_bin.dmg,macos,aarch64,jre,85
2026-10-09T03:20:19+00:00,sapmachine-28+11,370765788,True,sapmachine-jdk-28-ea.11_linux-ppc64le_bin.tar.gz,linux,ppc64,jdk,79
2026-10-09T03:20:19+00:00,sapmachine-28+11,370765788,True,sapmachine-jre-28-ea.11_linux-ppc64le_bin.tar.gz,linux,ppc64,jre,78
2026-10-09T03:20:19+00:00,sapmachine-28+11,370765788,True,sapmachine-jdk-28-ea.11_linux-ppc64le_bin-symbols.tar.gz,linux,ppc64,jdk,1
2026-10-09T03:20:19+00:00,sapmachine-28+11,370765788,True,sapmachine-jdk-28-ea.11_linux-aarch64_bin.tar.gz,linux,aarch64,jdk,81
2026-10-09T03:20:19+00:00,sapmachine-28+11,370765788,True,sapmachine-jre-28-ea.11_linux-aarch64_bin.tar.gz,linux,aarch64,jre,77
2026-10-09T03:20:19+00:00,sapmachine-28+11,370765788,True,sapmachine-jdk-28-ea.11_linux-aarch64_bin-symbols.tar.gz,linux,aarch64,jdk,1
2026-10-09T03:20:19+00:00,sapmachine-28+11,370765788,True,sapmachine-jdk-28-ea.11_windows-x64_bin.zip,windows,x64,jdk,80
2026-10-09T03:20:19+00:00,sapmachine-28+11,370765788,True,sapmachine-jre-28-ea.11_windows-x64_bin.zip,windows,x64,jre,83
2026-10-09T03:20:19+00:00,sapmachine-28+11,370765788,True,sapmachine-jdk-28-ea.11_windows-x64_bin-symbols.tar.gz,windows,x64,jdk,1
2026-10-09T03:20:19+00:00,sapmachine-17.0.20.1,372686560,False,sapmachine-17.0.20.1-sbom-linux-aarch64.json,linux,aarch64,,57
2026-10-09T03:20:19+00:00,sapmachine-17.0.20.1,372686560,False,sapmachine-17.0.20.1-sbom-linux-ppc64le.json,linux,ppc64,,57
2026-10-09T03:20:19+00:00,sapmachine-17.0.20.1,372686560,False,sapmachine-17.0.20.1-sbom-linux-x64-musl.json,alpine,x64,,57
2026-10-09T03:20:19+00:00,sapmachine-17.0.20.1,372686560,False,sapmachine-17.0.20.1-sbom-linux-x64.json,linux,x64,,58
2026-10-09T03:20:19+00:00,sapmachine-17.0.20.1,372686560,False,sapmachine-17.0.20.1-sbom-macos-aarch64.json,macos,aarch64,,57
2026-10-09T03:20:19+00:00,sapmachine-17.0.20.1,372686560,False,sapmachine-17.0.20.1-sbom-macos-x64.json,macos,x64,,58
2026-10-09T03:20:19+00:00,sapmachine-17.0.20.1,372686560,False,sapmachine-17.0.20.1-sbom-windows-x64.json,windows,x64,,58
2026-10-09T03:20:19+00:00,sapmachine-17.0.20.1,372686560,False,sapmachine-jdk-17.0.20.1_linux-aarch64_bin-symbols.tar.gz,linux,aarch64,jdk,4
2026-10-09T03:20:19+00:00,sapmachine-17.0.20.1,372686560,False,sapmachine-jdk-17.0.20.1_linux-aarch64_bin.tar.gz,linux,aarch64,jdk,387
2026-10-09T03:20:19+00:00,sapmachine-17.0.20.1,372686560,False,sapmachine-jdk-17.0.20.1_linux-ppc64le_bin-symbols.tar.gz,linux,ppc64,jdk,4
2026-10-09T03:20:19+00:00,sapmachine-17.0.20.1,372686560,False,sapmachine-jdk-17.0.20.1_linux-ppc64le_bin.tar.gz,linux,ppc64,jdk,110
2026-10-09T03:20:19+00:00,sapmachine-17.0.20.1,372686560,False,sapmachine-jdk-17.0.20.1_linux-x64-musl_bin-symbols.tar.gz,alpine,x64,jdk,4
2026-10-09T03:20:19+00:00,sapmachine-17.0.20.1,372686560,False,sapmachine-jdk-17.0.20.1_linux-x64-musl_bin.tar.gz,alpine,x64,jdk,2206
2026-10-09T03:20:19+00:00,sapmachine-17.0.20.1,372686560,False,sapmachine-jdk-17.0.20.1_linux-x64_bin-symbols.tar.gz,linux,x64,jdk,4
2026-10-09T03:20:19+00:00,sapmachine-17.0.20.1,372686560,False,sapmachine-jdk-17.0.20.1_linux-x64_bin.tar.gz,linux,x64,jdk,42178
2026-10-09T03:20:19+00:00,sapmachine-17.0.20.1,372686560,False,sapmachine-jdk-17.0.20.1_macos-aarch64_bin-symbols.tar.gz,macos,aarch64,jdk,4
2026-10-09T03:20:19+00:00,sapmachine-17.0.20.1,372686560,False,sapmachine-jdk-17.0.20.1_macos-aarch64_bin.dmg,macos,aarch64,jdk,831
2026-10-09T03:20:19+00:00,sapmachine-17.0.20.1,372686560,False,sapmachine-jdk-17.0.20.1_macos-aarch64_bin.tar.gz,macos,aarch64,jdk,18721
2026-10-09T03:20:19+00:00,sapmachine-17.0.20.1,372686560,False,sapmachine-jdk-17.0.20.1_macos-x64_bin-symbols.tar.gz,macos,x64,jdk,4
2026-10-09T03:20:19+00:00,sapmachine-17.0.20.1,372686560,False,sapmachine-jdk-17.0.20.1_macos-x64_bin.dmg,macos,x64,jdk,357
2026-10-09T03:20:19+00:00,sapmachine-17.0.20.1,372686560,False,sapmachine-jdk-17.0.20.1_macos-x64_bin.tar.gz,macos,x64,jdk,2737
2026-10-09T03:20:19+00:00,sapmachine-17.0.20.1,372686560,False,sapmachine-jdk-17.0.20.1_windows-x64_bin-symbols.tar.gz,windows,x64,jdk,5
2026-10-09T03:20:19+00:00,sapmachine-17.0.20.1,372686560,False,sapmachine-jdk-17.0.20.1_windows-x64_bin.msi,windows,x64,jdk,1409
2026-10-09T03:20:19+00:00,sapmachine-17.0.20.1,372686560,False,sapmachine-jdk-17.0.20.1_windows-x64_bin.zip,windows,x64,jdk,4949
2026-10-09T03:20:19+00:00,sapmachine-17.0.20.1,372686560,False,sapmachine-jre-17.0.20.1_linux-aarch64_bin.tar.gz,linux,aarch64,jre,251
2026-10-09T03:20:19+00:00,sapmachine-17.0.20.1,372686560,False,sapmachine-jre-17.0.20.1_linux-ppc64le_bin.tar.gz,linux,ppc64,jre,88
2026-10-09T03:20:19+00:00,sapmachine-17.0.20.1,372686560,False,sapmachine-jre-17.0.20.1_linux-x64-musl_bin.tar.gz,alpine,x64,jre,115
2026-10-09T03:20:19+00:00,sapmachine-17.0.20.1,372686560,False,sapmachine-jre-17.0.20.1_linux-x64_bin.tar.gz,linux,x64,jre,28883
2026-10-09T03:20:19+00:00,sapmachine-17.0.20.1,372686560,False,sapmachine-jre-17.0.20.1_macos-aarch64_bin.dmg,macos,aarch64,jre,93
2026-10-09T03:20:19+00:00,sapmachine-17.0.20.1,372686560,False,sapmachine-jre-17.0.20.1_macos-aarch64_bin.tar.gz,macos,aarch64,jre,1355
2026-10-09T03:20:19+00:00,sapmachine-17.0.20.1,372686560,False,sapmachine-jre-17.0.20.1_macos-x64_bin.dmg,macos,x64,jre,88
2026-10-09T03:20:19+00:00,sapmachine-17.0.20.1,372686560,False,sapmachine-jre-17.0.20.1_macos-x64_bin.tar.gz,macos,x64,jre,1692
2026-10-09T03:20:19+00:00,sapmachine-17.0.20.1,372686560,False,sapmachine-jre-17.0.20.1_windows-x64_bin.msi,windows,x64,jre,2114
2026-10-09T03:20:19+00:00,sapmachine-17.0.20.1,372686560,False,sapmachine-jre-17.0.20.1_windows-x64_bin.zip,windows,x64,jre,1757
2026-10-09T03:20:19+00:00,sapmachine-21.0.12.1,372718652,False,sapmachine-21.0.12.1-sbom-aix-ppc64.json,aix,ppc64,,56
2026-10-09T03:20:19+00:00,sapmachine-21.0.12.1,372718652,False,sapmachine-21.0.12.1-sbom-linux-aarch64.json,linux,aarch64,,56
2026-10-09T03:20:19+00:00,sapmachine-21.0.12.1,372718652,False,sapmachine-21.0.12.1-sbom-linux-ppc64le.json,linux,ppc64,,56
2026-10-09T03:20:19+00:00,sapmachine-21.0.12.1,372718652,False,sapmachine-21.0.12.1-sbom-linux-x64-musl.json,alpine,x64,,56
2026-10-09T03:20:19+00:00,sapmachine-21.0.12.1,372718652,False,sapmachine-21.0.12.1-sbom-linux-x64.json,linux,x64,,57
2026-10-09T03:20:19+00:00,sapmachine-21.0.12.1,372718652,False,sapmachine-21.0.12.1-sbom-macos-aarch64.json,macos,aarch64,,57
2026-10-09T03:20:19+00:00,sapmachine-21.0.12.1,372718652,False,sapmachine-21.0.12.1-sbom-windows-x64.json,windows,x64,,56
2026-10-09T03:20:19+00:00,sapmachine-21.0.12.1,372718652,False,sapmachine-jdk-21.0.12.1_aix-ppc64_bin-symbols.tar.gz,aix,ppc64,jdk,3
2026-10-09T03:20:19+00:00,sapmachine-21.0.12.1,372718652,False,sapmachine-jdk-21.0.12.1_aix-ppc64_bin.tar.gz,aix,ppc64,jdk,177
2026-10-09T03:20:19+00:00,sapmachine-21.0.12.1,372718652,False,sapmachine-jdk-21.0.12.1_linux-aarch64_bin-symbols.tar.gz,linux,aarch64,jdk,3
2026-10-09T03:20:19+00:00,sapmachine-21.0.12.1,372718652,False,sapmachine-jdk-21.0.12.1_linux-aarch64_bin.tar.gz,linux,aarch64,jdk,4129
2026-10-09T03:20:19+00:00,sapmachine-21.0.12.1,372718652,False,sapmachine-jdk-21.0.12.1_linux-ppc64le_bin-symbols.tar.gz,linux,ppc64,jdk,3
2026-10-09T03:20:19+00:00,sapmachine-21.0.12.1,372718652,False,sapmachine-jdk-21.0.12.1_linux-ppc64le_bin.tar.gz,linux,ppc64,jdk,141
2026-10-09T03:20:19+00:00,sapmachine-21.0.12.1,372718652,False,sapmachine-jdk-21.0.12.1_linux-x64-musl_bin-symbols.tar.gz,alpine,x64,jdk,3
2026-10-09T03:20:19+00:00,sapmachine-21.0.12.1,372718652,False,sapmachine-jdk-21.0.12.1_linux-x64-musl_bin.tar.gz,alpine,x64,jdk,2193
2026-10-09T03:20:19+00:00,sapmachine-21.0.12.1,372718652,False,sapmachine-jdk-21.0.12.1_linux-x64_bin-symbols.tar.gz,linux,x64,jdk,3
2026-10-09T03:20:19+00:00,sapmachine-21.0.12.1,372718652,False,sapmachine-jdk-21.0.12.1_linux-x64_bin.tar.gz,linux,x64,jdk,124574
2026-10-09T03:20:19+00:00,sapmachine-21.0.12.1,372718652,False,sapmachine-jdk-21.0.12.1_macos-aarch64_bin-symbols.tar.gz,macos,aarch64,jdk,3
2026-10-09T03:20:19+00:00,sapmachine-21.0.12.1,372718652,False,sapmachine-jdk-21.0.12.1_macos-aarch64_bin.dmg,macos,aarch64,jdk,1409
2026-10-09T03:20:19+00:00,sapmachine-21.0.12.1,372718652,False,sapmachine-jdk-21.0.12.1_macos-aarch64_bin.tar.gz,macos,aarch64,jdk,33421
2026-10-09T03:20:19+00:00,sapmachine-21.0.12.1,372718652,False,sapmachine-jdk-21.0.12.1_macos-x64_bin-symbols.tar.gz,macos,x64,jdk,4
2026-10-09T03:20:19+00:00,sapmachine-21.0.12.1,372718652,False,sapmachine-jdk-21.0.12.1_macos-x64_bin.dmg,macos,x64,jdk,598
2026-10-09T03:20:19+00:00,sapmachine-21.0.12.1,372718652,False,sapmachine-jdk-21.0.12.1_macos-x64_bin.tar.gz,macos,x64,jdk,3058
2026-10-09T03:20:19+00:00,sapmachine-21.0.12.1,372718652,False,sapmachine-jdk-21.0.12.1_windows-x64_bin-symbols.tar.gz,windows,x64,jdk,4
2026-10-09T03:20:19+00:00,sapmachine-21.0.12.1,372718652,False,sapmachine-jdk-21.0.12.1_windows-x64_bin.msi,windows,x64,jdk,1760
2026-10-09T03:20:19+00:00,sapmachine-21.0.12.1,372718652,False,sapmachine-jdk-21.0.12.1_windows-x64_bin.zip,windows,x64,jdk,3674
2026-10-09T03:20:19+00:00,sapmachine-21.0.12.1,372718652,False,sapmachine-jre-21.0.12.1_aix-ppc64_bin.tar.gz,aix,ppc64,jre,101
2026-10-09T03:20:19+00:00,sapmachine-21.0.12.1,372718652,False,sapmachine-jre-21.0.12.1_linux-aarch64_bin.tar.gz,linux,aarch64,jre,279
2026-10-09T03:20:19+00:00,sapmachine-21.0.12.1,372718652,False,sapmachine-jre-21.0.12.1_linux-ppc64le_bin.tar.gz,linux,ppc64,jre,106
2026-10-09T03:20:19+00:00,sapmachine-21.0.12.1,372718652,False,sapmachine-jre-21.0.12.1_linux-x64-musl_bin.tar.gz,alpine,x64,jre,157
2026-10-09T03:20:19+00:00,sapmachine-21.0.12.1,372718652,False,sapmachine-jre-21.0.12.1_linux-x64_bin.tar.gz,linux,x64,jre,59835
2026-10-09T03:20:19+00:00,sapmachine-21.0.12.1,372718652,False,sapmachine-jre-21.0.12.1_macos-aarch64_bin.dmg,macos,aarch64,jre,117
2026-10-09T03:20:19+00:00,sapmachine-21.0.12.1,372718652,False,sapmachine-jre-21.0.12.1_macos-aarch64_bin.tar.gz,macos,aarch64,jre,707
2026-10-09T03:20:19+00:00,sapmachine-21.0.12.1,372718652,False,sapmachine-jre-21.0.12.1_macos-x64_bin.dmg,macos,x64,jre,93
2026-10-09T03:20:19+00:00,sapmachine-21.0.12.1,372718652,False,sapmachine-jre-21.0.12.1_macos-x64_bin.tar.gz,macos,x64,jre,462
2026-10-09T03:20:19+00:00,sapmachine-21.0.12.1,372718652,False,sapmachine-jre-21.0.12.1_windows-x64_bin.msi,windows,x64,jre,714
2026-10-09T03:20:19+00:00,sapmachine-21.0.12.1,372718652,False,sapmachine-jre-21.0.12.1_windows-x64_bin.zip,windows,x64,jre,502
2026-10-09T03:20:19+00:00,sapmachine-25.0.4.1,372726787,False,sapmachine-25.0.4.1-sbom-aix-ppc64.json,aix,ppc64,,57
2026-10-09T03:20:19+00:00,sapmachine-25.0.4.1,372726787,False,sapmachine-25.0.4.1-sbom-linux-aarch64.json,linux,aarch64,,58
2026-10-09T03:20:19+00:00,sapmachine-25.0.4.1,372726787,False,sapmachine-25.0.4.1-sbom-linux-ppc64le.json,linux,ppc64,,57
2026-10-09T03:20:19+00:00,sapmachine-25.0.4.1,372726787,False,sapmachine-25.0.4.1-sbom-linux-x64-musl.json,alpine,x64,,58
2026-10-09T03:20:19+00:00,sapmachine-25.0.4.1,372726787,False,sapmachine-25.0.4.1-sbom-linux-x64.json,linux,x64,,58
2026-10-09T03:20:19+00:00,sapmachine-25.0.4.1,372726787,False,sapmachine-25.0.4.1-sbom-macos-aarch64.json,macos,aarch64,,57
2026-10-09T03:20:19+00:00,sapmachine-25.0.4.1,372726787,False,sapmachine-25.0.4.1-sbom-windows-x64.json,windows,x64,,57
2026-10-09T03:20:19+00:00,sapmachine-25.0.4.1,372726787,False,sapmachine-jdk-25.0.4.1_aix-ppc64_bin-symbols.tar.gz,aix,ppc64,jdk,4
2026-10-09T03:20:19+00:00,sapmachine-25.0.4.1,372726787,False,sapmachine-jdk-25.0.4.1_aix-ppc64_bin.tar.gz,aix,ppc64,jdk,216
2026-10-09T03:20:19+00:00,sapmachine-25.0.4.1,372726787,False,sapmachine-jdk-25.0.4.1_linux-aarch64_bin-symbols.tar.gz,linux,aarch64,jdk,5
2026-10-09T03:20:19+00:00,sapmachine-25.0.4.1,372726787,False,sapmachine-jdk-25.0.4.1_linux-aarch64_bin.tar.gz,linux,aarch64,jdk,408
2026-10-09T03:20:19+00:00,sapmachine-25.0.4.1,372726787,False,sapmachine-jdk-25.0.4.1_linux-ppc64le_bin-symbols.tar.gz,linux,ppc64,jdk,5
2026-10-09T03:20:19+00:00,sapmachine-25.0.4.1,372726787,False,sapmachine-jdk-25.0.4.1_linux-ppc64le_bin.tar.gz,linux,ppc64,jdk,151
2026-10-09T03:20:19+00:00,sapmachine-25.0.4.1,372726787,False,sapmachine-jdk-25.0.4.1_linux-x64-musl_bin-symbols.tar.gz,alpine,x64,jdk,5
2026-10-09T03:20:19+00:00,sapmachine-25.0.4.1,372726787,False,sapmachine-jdk-25.0.4.1_linux-x64-musl_bin.tar.gz,alpine,x64,jdk,152
2026-10-09T03:20:19+00:00,sapmachine-25.0.4.1,372726787,False,sapmachine-jdk-25.0.4.1_linux-x64_bin-symbols.tar.gz,linux,x64,jdk,5
2026-10-09T03:20:19+00:00,sapmachine-25.0.4.1,372726787,False,sapmachine-jdk-25.0.4.1_linux-x64_bin.tar.gz,linux,x64,jdk,94964
2026-10-09T03:20:19+00:00,sapmachine-25.0.4.1,372726787,False,sapmachine-jdk-25.0.4.1_macos-aarch64_bin-symbols.tar.gz,macos,aarch64,jdk,5
2026-10-09T03:20:19+00:00,sapmachine-25.0.4.1,372726787,False,sapmachine-jdk-25.0.4.1_macos-aarch64_bin.dmg,macos,aarch64,jdk,942
2026-10-09T03:20:19+00:00,sapmachine-25.0.4.1,372726787,False,sapmachine-jdk-25.0.4.1_macos-aarch64_bin.tar.gz,macos,aarch64,jdk,27560
2026-10-09T03:20:19+00:00,sapmachine-25.0.4.1,372726787,False,sapmachine-jdk-25.0.4.1_windows-x64_bin-symbols.tar.gz,windows,x64,jdk,6
2026-10-09T03:20:19+00:00,sapmachine-25.0.4.1,372726787,False,sapmachine-jdk-25.0.4.1_windows-x64_bin.msi,windows,x64,jdk,2118
2026-10-09T03:20:19+00:00,sapmachine-25.0.4.1,372726787,False,sapmachine-jdk-25.0.4.1_windows-x64_bin.zip,windows,x64,jdk,2007
2026-10-09T03:20:19+00:00,sapmachine-25.0.4.1,372726787,False,sapmachine-jre-25.0.4.1_aix-ppc64_bin.tar.gz,aix,ppc64,jre,99
2026-10-09T03:20:19+00:00,sapmachine-25.0.4.1,372726787,False,sapmachine-jre-25.0.4.1_linux-aarch64_bin.tar.gz,linux,aarch64,jre,246
2026-10-09T03:20:19+00:00,sapmachine-25.0.4.1,372726787,False,sapmachine-jre-25.0.4.1_linux-ppc64le_bin.tar.gz,linux,ppc64,jre,106
2026-10-09T03:20:19+00:00,sapmachine-25.0.4.1,372726787,False,sapmachine-jre-25.0.4.1_linux-x64-musl_bin.tar.gz,alpine,x64,jre,108
2026-10-09T03:20:19+00:00,sapmachine-25.0.4.1,372726787,False,sapmachine-jre-25.0.4.1_linux-x64_bin.tar.gz,linux,x64,jre,23533
2026-10-09T03:20:19+00:00,sapmachine-25.0.4.1,372726787,False,sapmachine-jre-25.0.4.1_macos-aarch64_bin.dmg,macos,aarch64,jre,115
2026-10-09T03:20:19+00:00,sapmachine-25.0.4.1,372726787,False,sapmachine-jre-25.0.4.1_macos-aarch64_bin.tar.gz,macos,aarch64,jre,258
2026-10-09T03:20:19+00:00,sapmachine-25.0.4.1,372726787,False,sapmachine-jre-25.0.4.1_windows-x64_bin.msi,windows,x64,jre,475
2026-10-09T03:20:19+00:00,sapmachine-25.0.4.1,372726787,False,sapmachine-jre-25.0.4.1_windows-x64_bin.zip,windows,x64,jre,253
2026-10-09T03:20:19+00:00,sapmachine-26.0.2.1,372737378,False,sapmachine-jdk-26.0.2.1_aix-ppc64_bin-symbols.tar.gz,aix,ppc64,jdk,7
2026-10-09T03:20:19+00:00,sapmachine-26.0.2.1,372737378,False,sapmachine-jdk-26.0.2.1_aix-ppc64_bin.tar.gz,aix,ppc64,jdk,124
2026-10-09T03:20:19+00:00,sapmachine-26.0.2.1,372737378,False,sapmachine-jdk-26.0.2.1_linux-aarch64_bin-symbols.tar.gz,linux,aarch64,jdk,5
2026-10-09T03:20:19+00:00,sapmachine-26.0.2.1,372737378,False,sapmachine-jdk-26.0.2.1_linux-aarch64_bin.tar.gz,linux,aarch64,jdk,171
2026-10-09T03:20:19+00:00,sapmachine-26.0.2.1,372737378,False,sapmachine-jdk-26.0.2.1_linux-ppc64le_bin-symbols.tar.gz,linux,ppc64,jdk,5
2026-10-09T03:20:19+00:00,sapmachine-26.0.2.1,372737378,False,sapmachine-jdk-26.0.2.1_linux-ppc64le_bin.tar.gz,linux,ppc64,jdk,119
2026-10-09T03:20:19+00:00,sapmachine-26.0.2.1,372737378,False,sapmachine-jdk-26.0.2.1_linux-x64-musl_bin-symbols.tar.gz,alpine,x64,jdk,4
2026-10-09T03:20:19+00:00,sapmachine-26.0.2.1,372737378,False,sapmachine-jdk-26.0.2.1_linux-x64-musl_bin.tar.gz,alpine,x64,jdk,112
2026-10-09T03:20:19+00:00,sapmachine-26.0.2.1,372737378,False,sapmachine-jdk-26.0.2.1_linux-x64_bin-symbols.tar.gz,linux,x64,jdk,4
2026-10-09T03:20:19+00:00,sapmachine-26.0.2.1,372737378,False,sapmachine-jdk-26.0.2.1_linux-x64_bin.tar.gz,linux,x64,jdk,1439
2026-10-09T03:20:19+00:00,sapmachine-26.0.2.1,372737378,False,sapmachine-jdk-26.0.2.1_macos-aarch64_bin-symbols.tar.gz,macos,aarch64,jdk,4
2026-10-09T03:20:19+00:00,sapmachine-26.0.2.1,372737378,False,sapmachine-jdk-26.0.2.1_macos-aarch64_bin.dmg,macos,aarch64,jdk,1152
2026-10-09T03:20:19+00:00,sapmachine-26.0.2.1,372737378,False,sapmachine-jdk-26.0.2.1_macos-aarch64_bin.tar.gz,macos,aarch64,jdk,1725
2026-10-09T03:20:19+00:00,sapmachine-26.0.2.1,372737378,False,sapmachine-jdk-26.0.2.1_windows-x64_bin-symbols.tar.gz,windows,x64,jdk,3
2026-10-09T03:20:19+00:00,sapmachine-26.0.2.1,372737378,False,sapmachine-jdk-26.0.2.1_windows-x64_bin.msi,windows,x64,jdk,590
2026-10-09T03:20:19+00:00,sapmachine-26.0.2.1,372737378,False,sapmachine-jdk-26.0.2.1_windows-x64_bin.zip,windows,x64,jdk,569
2026-10-09T03:20:19+00:00,sapmachine-26.0.2.1,372737378,False,sapmachine-jre-26.0.2.1_aix-ppc64_bin.tar.gz,aix,ppc64,jre,71
2026-10-09T03:20:19+00:00,sapmachine-26.0.2.1,372737378,False,sapmachine-jre-26.0.2.1_linux-aarch64_bin.tar.gz,linux,aarch64,jre,121
2026-10-09T03:20:19+00:00,sapmachine-26.0.2.1,372737378,False,sapmachine-jre-26.0.2.1_linux-ppc64le_bin.tar.gz,linux,ppc64,jre,79
2026-10-09T03:20:19+00:00,sapmachine-26.0.2.1,372737378,False,sapmachine-jre-26.0.2.1_linux-x64-musl_bin.tar.gz,alpine,x64,jre,74
2026-10-09T03:20:19+00:00,sapmachine-26.0.2.1,372737378,False,sapmachine-jre-26.0.2.1_linux-x64_bin.tar.gz,linux,x64,jre,177
2026-10-09T03:20:19+00:00,sapmachine-26.0.2.1,372737378,False,sapmachine-jre-26.0.2.1_macos-aarch64_bin.dmg,macos,aarch64,jre,81
2026-10-09T03:20:19+00:00,sapmachine-26.0.2.1,372737378,False,sapmachine-jre-26.0.2.1_macos-aarch64_bin.tar.gz,macos,aarch64,jre,214
2026-10-09T03:20:19+00:00,sapmachine-26.0.2.1,372737378,False,sapmachine-jre-26.0.2.1_windows-x64_bin.msi,windows,x64,jre,300
2026-10-09T03:20:19+00:00,sapmachine-26.0.2.1,372737378,False,sapmachine-jre-26.0.2.1_windows-x64_bin.zip,windows,x64,jre,95
2026-10-09T03:20:19+00:00,sapmachine-21.0.13+1,369673274,True,sapmachine-jdk-21.0.13-ea.1_linux-x64-musl_bin.tar.gz,alpine,x64,jdk,84
2026-10-09T03:20:19+00:00,sapmachine-21.0.13+1,369673274,True,sapmachine-jre-21.0.13-ea.1_linux-x64-musl_bin.tar.gz,alpine,x64,jre,83
2026-10-09T03:20:19+00:00,sapmachine-21.0.13+1,369673274,True,sapmachine-jdk-21.0.13-ea.1_linux-x64-musl_bin-symbols.tar.gz,alpine,x64,jdk,2
2026-10-09T03:20:19+00:00,sapmachine-21.0.13+1,369673274,True,sapmachine-jdk-21.0.13-ea.1_macos-aarch64_bin.tar.gz,macos,aarch64,jdk,161
2026-10-09T03:20:19+00:00,sapmachine-21.0.13+1,369673274,True,sapmachine-jre-21.0.13-ea.1_macos-aarch64_bin.tar.gz,macos,aarch64,jre,90
2026-10-09T03:20:19+00:00,sapmachine-21.0.13+1,369673274,True,sapmachine-jdk-21.0.13-ea.1_macos-aarch64_bin-symbols.tar.gz,macos,aarch64,jdk,2
2026-10-09T03:20:19+00:00,sapmachine-21.0.13+1,369673274,True,sapmachine-jdk-21.0.13-ea.1_macos-aarch64_bin.dmg,macos,aarch64,jdk,83
2026-10-09T03:20:19+00:00,sapmachine-21.0.13+1,369673274,True,sapmachine-jre-21.0.13-ea.1_macos-aarch64_bin.dmg,macos,aarch64,jre,85
2026-10-09T03:20:19+00:00,sapmachine-21.0.13+1,369673274,True,sapmachine-jdk-21.0.13-ea.1_linux-x64_bin.tar.gz,linux,x64,jdk,113
2026-10-09T03:20:19+00:00,sapmachine-21.0.13+1,369673274,True,sapmachine-jre-21.0.13-ea.1_linux-x64_bin.tar.gz,linux,x64,jre,85
2026-10-09T03:20:19+00:00,sapmachine-21.0.13+1,369673274,True,sapmachine-jdk-21.0.13-ea.1_linux-x64_bin-symbols.tar.gz,linux,x64,jdk,1
2026-10-09T03:20:19+00:00,sapmachine-21.0.13+1,369673274,True,sapmachine-jdk-21.0.13-ea.1_aix-ppc64_bin.tar.gz,aix,ppc64,jdk,83
2026-10-09T03:20:19+00:00,sapmachine-21.0.13+1,369673274,True,sapmachine-jre-21.0.13-ea.1_aix-ppc64_bin.tar.gz,aix,ppc64,jre,81
2026-10-09T03:20:19+00:00,sapmachine-21.0.13+1,369673274,True,sapmachine-jdk-21.0.13-ea.1_aix-ppc64_bin-symbols.tar.gz,aix,ppc64,jdk,1
2026-10-09T03:20:19+00:00,sapmachine-21.0.13+1,369673274,True,sapmachine-jdk-21.0.13-ea.1_linux-ppc64le_bin.tar.gz,linux,ppc64,jdk,85
2026-10-09T03:20:19+00:00,sapmachine-21.0.13+1,369673274,True,sapmachine-jre-21.0.13-ea.1_linux-ppc64le_bin.tar.gz,linux,ppc64,jre,83
2026-10-09T03:20:19+00:00,sapmachine-21.0.13+1,369673274,True,sapmachine-jdk-21.0.13-ea.1_linux-ppc64le_bin-symbols.tar.gz,linux,ppc64,jdk,1
2026-10-09T03:20:19+00:00,sapmachine-21.0.13+1,369673274,True,sapmachine-jdk-21.0.13-ea.1_macos-x64_bin.tar.gz,macos,x64,jdk,80
2026-10-09T03:20:19+00:00,sapmachine-21.0.13+1,369673274,True,sapmachine-jre-21.0.13-ea.1_macos-x64_bin.tar.gz,macos,x64,jre,83
2026-10-09T03:20:19+00:00,sapmachine-21.0.13+1,369673274,True,sapmachine-jdk-21.0.13-ea.1_macos-x64_bin-symbols.tar.gz,macos,x64,jdk,1
2026-10-09T03:20:19+00:00,sapmachine-21.0.13+1,369673274,True,sapmachine-jdk-21.0.13-ea.1_macos-x64_bin.dmg,macos,x64,jdk,82
2026-10-09T03:20:19+00:00,sapmachine-21.0.13+1,369673274,True,sapmachine-jre-21.0.13-ea.1_macos-x64_bin.dmg,macos,x64,jre,79
2026-10-09T03:20:19+00:00,sapmachine-21.0.13+1,369673274,True,sapmachine-jdk-21.0.13-ea.1_linux-aarch64_bin.tar.gz,linux,aarch64,jdk,87
2026-10-09T03:20:19+00:00,sapmachine-21.0.13+1,369673274,True,sapmachine-jre-21.0.13-ea.1_linux-aarch64_bin.tar.gz,linux,aarch64,jre,85
2026-10-09T03:20:19+00:00,sapmachine-21.0.13+1,369673274,True,sapmachine-jdk-21.0.13-ea.1_linux-aarch64_bin-symbols.tar.gz,linux,aarch64,jdk,1
2026-10-09T03:20:19+00:00,sapmachine-21.0.13+1,369673274,True,sapmachine-jdk-21.0.13-ea.1_windows-x64_bin.zip,windows,x64,jdk,116
2026-10-09T03:20:19+00:00,sapmachine-21.0.13+1,369673274,True,sapmachine-jre-21.0.13-ea.1_windows-x64_bin.zip,windows,x64,jre,86
2026-10-09T03:20:19+00:00,sapmachine-21.0.13+1,369673274,True,sapmachine-jdk-21.0.13-ea.1_windows-x64_bin-symbols.tar.gz,windows,x64,jdk,1
2026-10-09T03:20:19+00:00,sapmachine-25.0.5+1,369669143,True,sapmachine-jdk-25.0.5-ea.1_linux-x64-musl_bin.tar.gz,alpine,x64,jdk,81
2026-10-09T03:20:19+00:00,sapmachine-25.0.5+1,369669143,True,sapmachine-jre-25.0.5-ea.1_linux-x64-musl_bin.tar.gz,alpine,x64,jre,81
2026-10-09T03:20:19+00:00,sapmachine-25.0.5+1,369669143,True,sapmachine-jdk-25.0.5-ea.1_linux-x64-musl_bin-symbols.tar.gz,alpine,x64,jdk,2
2026-10-09T03:20:19+00:00,sapmachine-25.0.5+1,369669143,True,sapmachine-jdk-25.0.5-ea.1_linux-x64_bin.tar.gz,linux,x64,jdk,88
2026-10-09T03:20:19+00:00,sapmachine-25.0.5+1,369669143,True,sapmachine-jre-25.0.5-ea.1_linux-x64_bin.tar.gz,linux,x64,jre,82
2026-10-09T03:20:19+00:00,sapmachine-25.0.5+1,369669143,True,sapmachine-jdk-25.0.5-ea.1_linux-x64_bin-symbols.tar.gz,linux,x64,jdk,1
2026-10-09T03:20:19+00:00,sapmachine-25.0.5+1,369669143,True,sapmachine-jdk-25.0.5-ea.1_macos-aarch64_bin.tar.gz,macos,aarch64,jdk,103
2026-10-09T03:20:19+00:00,sapmachine-25.0.5+1,369669143,True,sapmachine-jre-25.0.5-ea.1_macos-aarch64_bin.tar.gz,macos,aarch64,jre,85
2026-10-09T03:20:19+00:00,sapmachine-25.0.5+1,369669143,True,sapmachine-jdk-25.0.5-ea.1_macos-aarch64_bin-symbols.tar.gz,macos,aarch64,jdk,2
2026-10-09T03:20:19+00:00,sapmachine-25.0.5+1,369669143,True,sapmachine-jdk-25.0.5-ea.1_macos-aarch64_bin.dmg,macos,aarch64,jdk,86
2026-10-09T03:20:19+00:00,sapmachine-25.0.5+1,369669143,True,sapmachine-jre-25.0.5-ea.1_macos-aarch64_bin.dmg,macos,aarch64,jre,86
2026-10-09T03:20:19+00:00,sapmachine-25.0.5+1,369669143,True,sapmachine-jdk-25.0.5-ea.1_linux-aarch64_bin.tar.gz,linux,aarch64,jdk,82
2026-10-09T03:20:19+00:00,sapmachine-25.0.5+1,369669143,True,sapmachine-jre-25.0.5-ea.1_linux-aarch64_bin.tar.gz,linux,aarch64,jre,84
2026-10-09T03:20:19+00:00,sapmachine-25.0.5+1,369669143,True,sapmachine-jdk-25.0.5-ea.1_linux-aarch64_bin-symbols.tar.gz,linux,aarch64,jdk,1
2026-10-09T03:20:19+00:00,sapmachine-25.0.5+1,369669143,True,sapmachine-jdk-25.0.5-ea.1_linux-ppc64le_bin.tar.gz,linux,ppc64,jdk,86
2026-10-09T03:20:19+00:00,sapmachine-25.0.5+1,369669143,True,sapmachine-jre-25.0.5-ea.1_linux-ppc64le_bin.tar.gz,linux,ppc64,jre,84
2026-10-09T03:20:19+00:00,sapmachine-25.0.5+1,369669143,True,sapmachine-jdk-25.0.5-ea.1_linux-ppc64le_bin-symbols.tar.gz,linux,ppc64,jdk,1
2026-10-09T03:20:19+00:00,sapmachine-25.0.5+1,369669143,True,sapmachine-jdk-25.0.5-ea.1_aix-ppc64_bin.tar.gz,aix,ppc64,jdk,81
2026-10-09T03:20:19+00:00,sapmachine-25.0.5+1,369669143,True,sapmachine-jre-25.0.5-ea.1_aix-ppc64_bin.tar.gz,aix,ppc64,jre,83
2026-10-09T03:20:19+00:00,sapmachine-25.0.5+1,369669143,True,sapmachine-jdk-25.0.5-ea.1_aix-ppc64_bin-symbols.tar.gz,aix,ppc64,jdk,3
2026-10-09T03:20:19+00:00,sapmachine-25.0.5+1,369669143,True,sapmachine-jdk-25.0.5-ea.1_windows-x64_bin.zip,windows,x64,jdk,85
2026-10-09T03:20:19+00:00,sapmachine-25.0.5+1,369669143,True,sapmachine-jre-25.0.5-ea.1_windows-x64_bin.zip,windows,x64,jre,83
2026-10-09T03:20:19+00:00,sapmachine-25.0.5+1,369669143,True,sapmachine-jdk-25.0.5-ea.1_windows-x64_bin-symbols.tar.gz,windows,x64,jdk,1
2026-10-09T03:20:19+00:00,sapmachine-28+10,368940347,True,sapmachine-jdk-28-ea.10_linux-x64-musl_bin.tar.gz,alpine,x64,jdk,86
2026-10-09T03:20:19+00:00,sapmachine-28+10,368940347,True,sapmachine-jre-28-ea.10_linux-x64-musl_bin.tar.gz,alpine,x64,jre,82
2026-10-09T03:20:19+00:00,sapmachine-28+10,368940347,True,sapmachine-jdk-28-ea.10_linux-x64-musl_bin-symbols.tar.gz,alpine,x64,jdk,2
2026-10-09T03:20:19+00:00,sapmachine-28+10,368940347,True,sapmachine-jdk-28-ea.10_macos-aarch64_bin.tar.gz,macos,aarch64,jdk,86
2026-10-09T03:20:19+00:00,sapmachine-28+10,368940347,True,sapmachine-jre-28-ea.10_macos-aarch64_bin.tar.gz,macos,aarch64,jre,88
2026-10-09T03:20:19+00:00,sapmachine-28+10,368940347,True,sapmachine-jdk-28-ea.10_macos-aarch64_bin-symbols.tar.gz,macos,aarch64,jdk,2
2026-10-09T03:20:19+00:00,sapmachine-28+10,368940347,True,sapmachine-jdk-28-ea.10_macos-aarch64_bin.dmg,macos,aarch64,jdk,85
2026-10-09T03:20:19+00:00,sapmachine-28+10,368940347,True,sapmachine-jre-28-ea.10_macos-aarch64_bin.dmg,macos,aarch64,jre,87
2026-10-09T03:20:19+00:00,sapmachine-28+10,368940347,True,sapmachine-jdk-28-ea.10_linux-x64_bin.tar.gz,linux,x64,jdk,92
2026-10-09T03:20:19+00:00,sapmachine-28+10,368940347,True,sapmachine-jre-28-ea.10_linux-x64_bin.tar.gz,linux,x64,jre,87
2026-10-09T03:20:19+00:00,sapmachine-28+10,368940347,True,sapmachine-jdk-28-ea.10_linux-x64_bin-symbols.tar.gz,linux,x64,jdk,2
2026-10-09T03:20:19+00:00,sapmachine-28+10,368940347,True,sapmachine-jdk-28-ea.10_linux-ppc64le_bin.tar.gz,linux,ppc64,jdk,85
2026-10-09T03:20:19+00:00,sapmachine-28+10,368940347,True,sapmachine-jre-28-ea.10_linux-ppc64le_bin.tar.gz,linux,ppc64,jre,85
2026-10-09T03:20:19+00:00,sapmachine-28+10,368940347,True,sapmachine-jdk-28-ea.10_linux-ppc64le_bin-symbols.tar.gz,linux,ppc64,jdk,1
2026-10-09T03:20:19+00:00,sapmachine-28+10,368940347,True,sapmachine-jdk-28-ea.10_linux-aarch64_bin.tar.gz,linux,aarch64,jdk,84
2026-10-09T03:20:19+00:00,sapmachine-28+10,368940347,True,sapmachine-jre-28-ea.10_linux-aarch64_bin.tar.gz,linux,aarch64,jre,88
2026-10-09T03:20:19+00:00,sapmachine-28+10,368940347,True,sapmachine-jdk-28-ea.10_linux-aarch64_bin-symbols.tar.gz,linux,aarch64,jdk,1
2026-10-09T03:20:19+00:00,sapmachine-28+10,368940347,True,sapmachine-jdk-28-ea.10_aix-ppc64_bin.tar.gz,aix,ppc64,jdk,83
2026-10-09T03:20:19+00:00,sapmachine-28+10,368940347,True,sapmachine-jre-28-ea.10_aix-ppc64_bin.tar.gz,aix,ppc64,jre,84
2026-10-09T03:20:19+00:00,sapmachine-28+10,368940347,True,sapmachine-jdk-28-ea.10_aix-ppc64_bin-symbols.tar.gz,aix,ppc64,jdk,1
2026-10-09T03:20:19+00:00,sapmachine-28+10,368940347,True,sapmachine-jdk-28-ea.10_windows-x64_bin.zip,windows,x64,jdk,81
2026-10-09T03:20:19+00:00,sapmachine-28+10,368940347,True,sapmachine-jre-28-ea.10_windows-x64_bin.zip,windows,x64,jre,84
2026-10-09T03:20:19+00:00,sapmachine-28+10,368940347,True,sapmachine-jdk-28-ea.10_windows-x64_bin-symbols.tar.gz,windows,x64,jdk,1
2026-10-09T03:20:19+00:00,sapmachine-17.0.21+1,367347641,True,sapmachine-jdk-17.0.21-ea.1_linux-x64-musl_bin.tar.gz,alpine,x64,jdk,79
2026-10-09T03:20:19+00:00,sapmachine-17.0.21+1,367347641,True,sapmachine-jre-17.0.21-ea.1_linux-x64-musl_bin.tar.gz,alpine,x64,jre,81
2026-10-09T03:20:19+00:00,sapmachine-17.0.21+1,367347641,True,sapmachine-jdk-17.0.21-ea.1_linux-x64-musl_bin-symbols.tar.gz,alpine,x64,jdk,1
2026-10-09T03:20:19+00:00,sapmachine-17.0.21+1,367347641,True,sapmachine-jdk-17.0.21-ea.1_linux-x64_bin.tar.gz,linux,x64,jdk,198
2026-10-09T03:20:19+00:00,sapmachine-17.0.21+1,367347641,True,sapmachine-jre-17.0.21-ea.1_linux-x64_bin.tar.gz,linux,x64,jre,84
2026-10-09T03:20:19+00:00,sapmachine-17.0.21+1,367347641,True,sapmachine-jdk-17.0.21-ea.1_linux-x64_bin-symbols.tar.gz,linux,x64,jdk,1
2026-10-09T03:20:19+00:00,sapmachine-17.0.21+1,367347641,True,sapmachine-jdk-17.0.21-ea.1_linux-ppc64le_bin.tar.gz,linux,ppc64,jdk,80
2026-10-09T03:20:19+00:00,sapmachine-17.0.21+1,367347641,True,sapmachine-jre-17.0.21-ea.1_linux-ppc64le_bin.tar.gz,linux,ppc64,jre,84
2026-10-09T03:20:19+00:00,sapmachine-17.0.21+1,367347641,True,sapmachine-jdk-17.0.21-ea.1_linux-ppc64le_bin-symbols.tar.gz,linux,ppc64,jdk,1
2026-10-09T03:20:19+00:00,sapmachine-17.0.21+1,367347641,True,sapmachine-jdk-17.0.21-ea.1_linux-aarch64_bin.tar.gz,linux,aarch64,jdk,82
2026-10-09T03:20:19+00:00,sapmachine-17.0.21+1,367347641,True,sapmachine-jre-17.0.21-ea.1_linux-aarch64_bin.tar.gz,linux,aarch64,jre,84
2026-10-09T03:20:19+00:00,sapmachine-17.0.21+1,367347641,True,sapmachine-jdk-17.0.21-ea.1_linux-aarch64_bin-symbols.tar.gz,linux,aarch64,jdk,1
2026-10-09T03:20:19+00:00,sapmachine-17.0.21+1,367347641,True,sapmachine-jdk-17.0.21-ea.1_macos-x64_bin.tar.gz,macos,x64,jdk,82
2026-10-09T03:20:19+00:00,sapmachine-17.0.21+1,367347641,True,sapmachine-jre-17.0.21-ea.1_macos-x64_bin.tar.gz,macos,x64,jre,81
2026-10-09T03:20:19+00:00,sapmachine-17.0.21+1,367347641,True,sapmachine-jdk-17.0.21-ea.1_macos-x64_bin-symbols.tar.gz,macos,x64,jdk,1
2026-10-09T03:20:19+00:00,sapmachine-17.0.21+1,367347641,True,sapmachine-jdk-17.0.21-ea.1_macos-x64_bin.dmg,macos,x64,jdk,85
2026-10-09T03:20:19+00:00,sapmachine-17.0.21+1,367347641,True,sapmachine-jre-17.0.21-ea.1_macos-x64_bin.dmg,macos,x64,jre,76
2026-10-09T03:20:19+00:00,sapmachine-17.0.21+1,367347641,True,sapmachine-jdk-17.0.21-ea.1_macos-aarch64_bin.tar.gz,macos,aarch64,jdk,474
2026-10-09T03:20:19+00:00,sapmachine-17.0.21+1,367347641,True,sapmachine-jre-17.0.21-ea.1_macos-aarch64_bin.tar.gz,macos,aarch64,jre,80
2026-10-09T03:20:19+00:00,sapmachine-17.0.21+1,367347641,True,sapmachine-jdk-17.0.21-ea.1_macos-aarch64_bin-symbols.tar.gz,macos,aarch64,jdk,1
2026-10-09T03:20:19+00:00,sapmachine-17.0.21+1,367347641,True,sapmachine-jdk-17.0.21-ea.1_macos-aarch64_bin.dmg,macos,aarch64,jdk,83
2026-10-09T03:20:19+00:00,sapmachine-17.0.21+1,367347641,True,sapmachine-jre-17.0.21-ea.1_macos-aarch64_bin.dmg,macos,aarch64,jre,86
2026-10-09T03:20:19+00:00,sapmachine-17.0.21+1,367347641,True,sapmachine-jdk-17.0.21-ea.1_windows-x64_bin.zip,windows,x64,jdk,183
2026-10-09T03:20:19+00:00,sapmachine-17.0.21+1,367347641,True,sapmachine-jre-17.0.21-ea.1_windows-x64_bin.zip,windows,x64,jre,85
2026-10-09T03:20:19+00:00,sapmachine-17.0.21+1,367347641,True,sapmachine-jdk-17.0.21-ea.1_windows-x64_bin-symbols.tar.gz,windows,x64,jdk,1
2026-10-09T03:20:19+00:00,sapmachine-27+33,364570882,True,sapmachine-jdk-27-ea.33_linux-x64-musl_bin.tar.gz,alpine,x64,jdk,97
2026-10-09T03:20:19+00:00,sapmachine-27+33,364570882,True,sapmachine-jre-27-ea.33_linux-x64-musl_bin.tar.gz,alpine,x64,jre,98
2026-10-09T03:20:19+00:00,sapmachine-27+33,364570882,True,sapmachine-jdk-27-ea.33_linux-x64-musl_bin-symbols.tar.gz,alpine,x64,jdk,4
2026-10-09T03:20:19+00:00,sapmachine-27+33,364570882,True,sapmachine-jdk-27-ea.33_aix-ppc64_bin.tar.gz,aix,ppc64,jdk,94
2026-10-09T03:20:19+00:00,sapmachine-27+33,364570882,True,sapmachine-jre-27-ea.33_aix-ppc64_bin.tar.gz,aix,ppc64,jre,97
2026-10-09T03:20:19+00:00,sapmachine-27+33,364570882,True,sapmachine-jdk-27-ea.33_aix-ppc64_bin-symbols.tar.gz,aix,ppc64,jdk,3
2026-10-09T03:20:19+00:00,sapmachine-27+33,364570882,True,sapmachine-jdk-27-ea.33_linux-x64_bin.tar.gz,linux,x64,jdk,125
2026-10-09T03:20:19+00:00,sapmachine-27+33,364570882,True,sapmachine-jre-27-ea.33_linux-x64_bin.tar.gz,linux,x64,jre,100
2026-10-09T03:20:19+00:00,sapmachine-27+33,364570882,True,sapmachine-jdk-27-ea.33_linux-x64_bin-symbols.tar.gz,linux,x64,jdk,3
2026-10-09T03:20:19+00:00,sapmachine-27+33,364570882,True,sapmachine-jdk-27-ea.33_linux-ppc64le_bin.tar.gz,linux,ppc64,jdk,98
2026-10-09T03:20:19+00:00,sapmachine-27+33,364570882,True,sapmachine-jre-27-ea.33_linux-ppc64le_bin.tar.gz,linux,ppc64,jre,96
2026-10-09T03:20:19+00:00,sapmachine-27+33,364570882,True,sapmachine-jdk-27-ea.33_linux-ppc64le_bin-symbols.tar.gz,linux,ppc64,jdk,3
2026-10-09T03:20:19+00:00,sapmachine-27+33,364570882,True,sapmachine-jdk-27-ea.33_linux-aarch64_bin.tar.gz,linux,aarch64,jdk,100
2026-10-09T03:20:19+00:00,sapmachine-27+33,364570882,True,sapmachine-jre-27-ea.33_linux-aarch64_bin.tar.gz,linux,aarch64,jre,100
2026-10-09T03:20:19+00:00,sapmachine-27+33,364570882,True,sapmachine-jdk-27-ea.33_linux-aarch64_bin-symbols.tar.gz,linux,aarch64,jdk,3
2026-10-09T03:20:19+00:00,sapmachine-27+33,364570882,True,sapmachine-jdk-27-ea.33_macos-aarch64_bin.tar.gz,macos,aarch64,jdk,99
2026-10-09T03:20:19+00:00,sapmachine-27+33,364570882,True,sapmachine-jre-27-ea.33_macos-aarch64_bin.tar.gz,macos,aarch64,jre,98
2026-10-09T03:20:19+00:00,sapmachine-27+33,364570882,True,sapmachine-jdk-27-ea.33_macos-aarch64_bin-symbols.tar.gz,macos,aarch64,jdk,3
2026-10-09T03:20:19+00:00,sapmachine-27+33,364570882,True,sapmachine-jdk-27-ea.33_macos-aarch64_bin.dmg,macos,aarch64,jdk,98
2026-10-09T03:20:19+00:00,sapmachine-27+33,364570882,True,sapmachine-jre-27-ea.33_macos-aarch64_bin.dmg,macos,aarch64,jre,94
2026-10-09T03:20:19+00:00,sapmachine-27+33,364570882,True,sapmachine-jdk-27-ea.33_windows-x64_bin.zip,windows,x64,jdk,97
2026-10-09T03:20:19+00:00,sapmachine-27+33,364570882,True,sapmachine-jre-27-ea.33_windows-x64_bin.zip,windows,x64,jre,98
2026-10-09T03:20:19+00:00,sapmachine-27+33,364570882,True,sapmachine-jdk-27-ea.33_windows-x64_bin-symbols.tar.gz,windows,x64,jdk,3
2026-10-09T03:20:19+00:00,sapmachine-28+9,364570758,True,sapmachine-jdk-28-ea.9_linux-x64-musl_bin.tar.gz,alpine,x64,jdk,95
2026-10-09T03:20:19+00:00,sapmachine-28+9,364570758,True,sapmachine-jre-28-ea.9_linux-x64-musl_bin.tar.gz,alpine,x64,jre,93
2026-10-09T03:20:19+00:00,sapmachine-28+9,364570758,True,sapmachine-jdk-28-ea.9_linux-x64-musl_bin-symbols.tar.gz,alpine,x64,jdk,4
2026-10-09T03:20:19+00:00,sapmachine-28+9,364570758,True,sapmachine-jdk-28-ea.9_linux-x64_bin.tar.gz,linux,x64,jdk,97
2026-10-09T03:20:19+00:00,sapmachine-28+9,364570758,True,sapmachine-jre-28-ea.9_linux-x64_bin.tar.gz,linux,x64,jre,98
2026-10-09T03:20:19+00:00,sapmachine-28+9,364570758,True,sapmachine-jdk-28-ea.9_linux-x64_bin-symbols.tar.gz,linux,x64,jdk,4
2026-10-09T03:20:19+00:00,sapmachine-28+9,364570758,True,sapmachine-jdk-28-ea.9_macos-aarch64_bin.tar.gz,macos,aarch64,jdk,97
2026-10-09T03:20:19+00:00,sapmachine-28+9,364570758,True,sapmachine-jre-28-ea.9_macos-aarch64_bin.tar.gz,macos,aarch64,jre,100
2026-10-09T03:20:19+00:00,sapmachine-28+9,364570758,True,sapmachine-jdk-28-ea.9_macos-aarch64_bin-symbols.tar.gz,macos,aarch64,jdk,3
2026-10-09T03:20:19+00:00,sapmachine-28+9,364570758,True,sapmachine-jdk-28-ea.9_macos-aarch64_bin.dmg,macos,aarch64,jdk,98
2026-10-09T03:20:19+00:00,sapmachine-28+9,364570758,True,sapmachine-jre-28-ea.9_macos-aarch64_bin.dmg,macos,aarch64,jre,95
2026-10-09T03:20:19+00:00,sapmachine-28+9,364570758,True,sapmachine-jdk-28-ea.9_linux-aarch64_bin.tar.gz,linux,aarch64,jdk,97
2026-10-09T03:20:19+00:00,sapmachine-28+9,364570758,True,sapmachine-jre-28-ea.9_linux-aarch64_bin.tar.gz,linux,aarch64,jre,98
2026-10-09T03:20:19+00:00,sapmachine-28+9,364570758,True,sapmachine-jdk-28-ea.9_linux-aarch64_bin-symbols.tar.gz,linux,aarch64,jdk,3
2026-10-09T03:20:19+00:00,sapmachine-28+9,364570758,True,sapmachine-jdk-28-ea.9_linux-ppc64le_bin.tar.gz,linux,ppc64,jdk,97
2026-10-09T03:20:19+00:00,sapmachine-28+9,364570758,True,sapmachine-jre-28-ea.9_linux-ppc64le_bin.tar.gz,linux,ppc64,jre,96
2026-10-09T03:20:19+00:00,sapmachine-28+9,364570758,True,sapmachine-jdk-28-ea.9_linux-ppc64le_bin-symbols.tar.gz,linux,ppc64,jdk,3
2026-10-09T03:20:19+00:00,sapmachine-28+9,364570758,True,sapmachine-jdk-28-ea.9_aix-ppc64_bin.tar.gz,aix,ppc64,jdk,95
2026-10-09T03:20:19+00:00,sapmachine-28+9,364570758,True,sapmachine-jre-28-ea.9_aix-ppc64_bin.tar.gz,aix,ppc64,jre,96
2026-10-09T03:20:19+00:00,sapmachine-28+9,364570758,True,sapmachine-jdk-28-ea.9_aix-ppc64_bin-symbols.tar.gz,aix,ppc64,jdk,4
2026-10-09T03:20:19+00:00,sapmachine-28+9,364570758,True,sapmachine-jdk-28-ea.9_windows-x64_bin.zip,windows,x64,jdk,90
2026-10-09T03:20:19+00:00,sapmachine-28+9,364570758,True,sapmachine-jre-28-ea.9_windows-x64_bin.zip,windows,x64,jre,94
2026-10-09T03:20:19+00:00,sapmachine-28+9,364570758,True,sapmachine-jdk-28-ea.9_windows-x64_bin-symbols.tar.gz,windows,x64,jdk,3
2026-10-09T03:20:19+00:00,sapmachine-27+32,361458805,True,sapmachine-jdk-27-ea.32_linux-x64-musl_bin.tar.gz,alpine,x64,jdk,101
2026-10-09T03:20:19+00:00,sapmachine-27+32,361458805,True,sapmachine-jre-27-ea.32_linux-x64-musl_bin.tar.gz,alpine,x64,jre,103
2026-10-09T03:20:19+00:00,sapmachine-27+32,361458805,True,sapmachine-jdk-27-ea.32_linux-x64-musl_bin-symbols.tar.gz,alpine,x64,jdk,2
2026-10-09T03:20:19+00:00,sapmachine-27+32,361458805,True,sapmachine-jdk-27-ea.32_aix-ppc64_bin.tar.gz,aix,ppc64,jdk,99
2026-10-09T03:20:19+00:00,sapmachine-27+32,361458805,True,sapmachine-jre-27-ea.32_aix-ppc64_bin.tar.gz,aix,ppc64,jre,104
2026-10-09T03:20:19+00:00,sapmachine-27+32,361458805,True,sapmachine-jdk-27-ea.32_aix-ppc64_bin-symbols.tar.gz,aix,ppc64,jdk,1
2026-10-09T03:20:19+00:00,sapmachine-27+32,361458805,True,sapmachine-jdk-27-ea.32_linux-x64_bin.tar.gz,linux,x64,jdk,106
2026-10-09T03:20:19+00:00,sapmachine-27+32,361458805,True,sapmachine-jre-27-ea.32_linux-x64_bin.tar.gz,linux,x64,jre,103
2026-10-09T03:20:19+00:00,sapmachine-27+32,361458805,True,sapmachine-jdk-27-ea.32_linux-x64_bin-symbols.tar.gz,linux,x64,jdk,1
2026-10-09T03:20:19+00:00,sapmachine-27+32,361458805,True,sapmachine-jdk-27-ea.32_linux-aarch64_bin.tar.gz,linux,aarch64,jdk,105
2026-10-09T03:20:19+00:00,sapmachine-27+32,361458805,True,sapmachine-jre-27-ea.32_linux-aarch64_bin.tar.gz,linux,aarch64,jre,101
2026-10-09T03:20:19+00:00,sapmachine-27+32,361458805,True,sapmachine-jdk-27-ea.32_linux-aarch64_bin-symbols.tar.gz,linux,aarch64,jdk,1
2026-10-09T03:20:19+00:00,sapmachine-27+32,361458805,True,sapmachine-jdk-27-ea.32_macos-aarch64_bin.tar.gz,macos,aarch64,jdk,106
2026-10-09T03:20:19+00:00,sapmachine-27+32,361458805,True,sapmachine-jre-27-ea.32_macos-aarch64_bin.tar.gz,macos,aarch64,jre,103
2026-10-09T03:20:19+00:00,sapmachine-27+32,361458805,True,sapmachine-jdk-27-ea.32_macos-aarch64_bin-symbols.tar.gz,macos,aarch64,jdk,1
2026-10-09T03:20:19+00:00,sapmachine-27+32,361458805,True,sapmachine-jdk-27-ea.32_macos-aarch64_bin.dmg,macos,aarch64,jdk,105
2026-10-09T03:20:19+00:00,sapmachine-27+32,361458805,True,sapmachine-jre-27-ea.32_macos-aarch64_bin.dmg,macos,aarch64,jre,101
2026-10-09T03:20:19+00:00,sapmachine-27+32,361458805,True,sapmachine-jdk-27-ea.32_linux-ppc64le_bin.tar.gz,linux,ppc64,jdk,101
2026-10-09T03:20:19+00:00,sapmachine-27+32,361458805,True,sapmachine-jre-27-ea.32_linux-ppc64le_bin.tar.gz,linux,ppc64,jre,103
2026-10-09T03:20:19+00:00,sapmachine-27+32,361458805,True,sapmachine-jdk-27-ea.32_linux-ppc64le_bin-symbols.tar.gz,linux,ppc64,jdk,1
2026-10-09T03:20:19+00:00,sapmachine-27+32,361458805,True,sapmachine-jdk-27-ea.32_windows-x64_bin.zip,windows,x64,jdk,105
2026-10-09T03:20:19+00:00,sapmachine-27+32,361458805,True,sapmachine-jre-27-ea.32_windows-x64_bin.zip,windows,x64,jre,100
2026-10-09T03:20:19+00:00,sapmachine-27+32,361458805,True,sapmachine-jdk-27-ea.32_windows-x64_bin-symbols.tar.gz,windows,x64,jdk,1
2026-10-09T03:20:19+00:00,sapmachine-28+8,361458945,True,sapmachine-jdk-28-ea.8_linux-x64-musl_bin.tar.gz,alpine,x64,jdk,105
2026-10-09T03:20:19+00:00,sapmachine-28+8,361458945,True,sapmachine-jre-28-ea.8_linux-x64-musl_bin.tar.gz,alpine,x64,jre,98
2026-10-09T03:20:19+00:00,sapmachine-28+8,361458945,True,sapmachine-jdk-28-ea.8_linux-x64-musl_bin-symbols.tar.gz,alpine,x64,jdk,2
2026-10-09T03:20:19+00:00,sapmachine-28+8,361458945,True,sapmachine-jdk-28-ea.8_linux-x64_bin.tar.gz,linux,x64,jdk,103
2026-10-09T03:20:19+00:00,sapmachine-28+8,361458945,True,sapmachine-jre-28-ea.8_linux-x64_bin.tar.gz,linux,x64,jre,103
2026-10-09T03:20:19+00:00,sapmachine-28+8,361458945,True,sapmachine-jdk-28-ea.8_linux-x64_bin-symbols.tar.gz,linux,x64,jdk,1
2026-10-09T03:20:19+00:00,sapmachine-28+8,361458945,True,sapmachine-jdk-28-ea.8_macos-aarch64_bin.tar.gz,macos,aarch64,jdk,97
2026-10-09T03:20:19+00:00,sapmachine-28+8,361458945,True,sapmachine-jre-28-ea.8_macos-aarch64_bin.tar.gz,macos,aarch64,jre,96
2026-10-09T03:20:19+00:00,sapmachine-28+8,361458945,True,sapmachine-jdk-28-ea.8_macos-aarch64_bin-symbols.tar.gz,macos,aarch64,jdk,1
2026-10-09T03:20:19+00:00,sapmachine-28+8,361458945,True,sapmachine-jdk-28-ea.8_macos-aarch64_bin.dmg,macos,aarch64,jdk,100
2026-10-09T03:20:19+00:00,sapmachine-28+8,361458945,True,sapmachine-jre-28-ea.8_macos-aarch64_bin.dmg,macos,aarch64,jre,96
2026-10-09T03:20:19+00:00,sapmachine-28+8,361458945,True,sapmachine-jdk-28-ea.8_linux-aarch64_bin.tar.gz,linux,aarch64,jdk,103
2026-10-09T03:20:19+00:00,sapmachine-28+8,361458945,True,sapmachine-jre-28-ea.8_linux-aarch64_bin.tar.gz,linux,aarch64,jre,102
2026-10-09T03:20:19+00:00,sapmachine-28+8,361458945,True,sapmachine-jdk-28-ea.8_linux-aarch64_bin-symbols.tar.gz,linux,aarch64,jdk,1
2026-10-09T03:20:19+00:00,sapmachine-28+8,361458945,True,sapmachine-jdk-28-ea.8_linux-ppc64le_bin.tar.gz,linux,ppc64,jdk,98
2026-10-09T03:20:19+00:00,sapmachine-28+8,361458945,True,sapmachine-jre-28-ea.8_linux-ppc64le_bin.tar.gz,linux,ppc64,jre,102
2026-10-09T03:20:19+00:00,sapmachine-28+8,361458945,True,sapmachine-jdk-28-ea.8_linux-ppc64le_bin-symbols.tar.gz,linux,ppc64,jdk,1
2026-10-09T03:20:19+00:00,sapmachine-28+8,361458945,True,sapmachine-jdk-28-ea.8_aix-ppc64_bin.tar.gz,aix,ppc64,jdk,99
2026-10-09T03:20:19+00:00,sapmachine-28+8,361458945,True,sapmachine-jre-28-ea.8_aix-ppc64_bin.tar.gz,aix,ppc64,jre,99
2026-10-09T03:20:19+00:00,sapmachine-28+8,361458945,True,sapmachine-jdk-28-ea.8_aix-ppc64_bin-symbols.tar.gz,aix,ppc64,jdk,1
2026-10-09T03:20:19+00:00,sapmachine-28+8,361458945,True,sapmachine-jdk-28-ea.8_windows-x64_bin.zip,windows,x64,jdk,105
2026-10-09T03:20:19+00:00,sapmachine-28+8,361458945,True,sapmachine-jre-28-ea.8_windows-x64_bin.zip,windows,x64,jre,102
2026-10-09T03:20:19+00:00,sapmachine-28+8,361458945,True,sapmachine-jdk-28-ea.8_windows-x64_bin-symbols.tar.gz,windows,x64,jdk,1
2026-10-09T03:20:19+00:00,sapmachine-27+31,357067002,True,sapmachine-jdk-27-ea.31_linux-x64_bin.tar.gz,linux,x64,jdk,123
2026-10-09T03:20:19+00:00,sapmachine-27+31,357067002,True,sapmachine-jre-27-ea.31_linux-x64_bin.tar.gz,linux,x64,jre,120
2026-10-09T03:20:19+00:00,sapmachine-27+31,357067002,True,sapmachine-jdk-27-ea.31_linux-x64_bin-symbols.tar.gz,linux,x64,jdk,2
2026-10-09T03:20:19+00:00,sapmachine-27+31,357067002,True,sapmachine-jdk-27-ea.31_aix-ppc64_bin.tar.gz,aix,ppc64,jdk,120
2026-10-09T03:20:19+00:00,sapmachine-27+31,357067002,True,sapmachine-jre-27-ea.31_aix-ppc64_bin.tar.gz,aix,ppc64,jre,117
2026-10-09T03:20:19+00:00,sapmachine-27+31,357067002,True,sapmachine-jdk-27-ea.31_aix-ppc64_bin-symbols.tar.gz,aix,ppc64,jdk,2
2026-10-09T03:20:19+00:00,sapmachine-27+31,357067002,True,sapmachine-jdk-27-ea.31_linux-x64-musl_bin.tar.gz,alpine,x64,jdk,119
2026-10-09T03:20:19+00:00,sapmachine-27+31,357067002,True,sapmachine-jre-27-ea.31_linux-x64-musl_bin.tar.gz,alpine,x64,jre,119
2026-10-09T03:20:19+00:00,sapmachine-27+31,357067002,True,sapmachine-jdk-27-ea.31_linux-x64-musl_bin-symbols.tar.gz,alpine,x64,jdk,1
2026-10-09T03:20:19+00:00,sapmachine-27+31,357067002,True,sapmachine-jdk-27-ea.31_linux-ppc64le_bin.tar.gz,linux,ppc64,jdk,121
2026-10-09T03:20:19+00:00,sapmachine-27+31,357067002,True,sapmachine-jre-27-ea.31_linux-ppc64le_bin.tar.gz,linux,ppc64,jre,122
2026-10-09T03:20:19+00:00,sapmachine-27+31,357067002,True,sapmachine-jdk-27-ea.31_linux-ppc64le_bin-symbols.tar.gz,linux,ppc64,jdk,1
2026-10-09T03:20:19+00:00,sapmachine-27+31,357067002,True,sapmachine-jdk-27-ea.31_macos-aarch64_bin.tar.gz,macos,aarch64,jdk,125
2026-10-09T03:20:19+00:00,sapmachine-27+31,357067002,True,sapmachine-jre-27-ea.31_macos-aarch64_bin.tar.gz,macos,aarch64,jre,122
2026-10-09T03:20:19+00:00,sapmachine-27+31,357067002,True,sapmachine-jdk-27-ea.31_macos-aarch64_bin-symbols.tar.gz,macos,aarch64,jdk,1
2026-10-09T03:20:19+00:00,sapmachine-27+31,357067002,True,sapmachine-jdk-27-ea.31_macos-aarch64_bin.dmg,macos,aarch64,jdk,124
2026-10-09T03:20:19+00:00,sapmachine-27+31,357067002,True,sapmachine-jre-27-ea.31_macos-aarch64_bin.dmg,macos,aarch64,jre,120
2026-10-09T03:20:19+00:00,sapmachine-27+31,357067002,True,sapmachine-jdk-27-ea.31_linux-aarch64_bin.tar.gz,linux,aarch64,jdk,121
2026-10-09T03:20:19+00:00,sapmachine-27+31,357067002,True,sapmachine-jre-27-ea.31_linux-aarch64_bin.tar.gz,linux,aarch64,jre,120
2026-10-09T03:20:19+00:00,sapmachine-27+31,357067002,True,sapmachine-jdk-27-ea.31_linux-aarch64_bin-symbols.tar.gz,linux,aarch64,jdk,1
2026-10-09T03:20:19+00:00,sapmachine-27+31,357067002,True,sapmachine-jdk-27-ea.31_windows-x64_bin.zip,windows,x64,jdk,117
2026-10-09T03:20:19+00:00,sapmachine-27+31,357067002,True,sapmachine-jre-27-ea.31_windows-x64_bin.zip,windows,x64,jre,119
2026-10-09T03:20:19+00:00,sapmachine-27+31,357067002,True,sapmachine-jdk-27-ea.31_windows-x64_bin-symbols.tar.gz,windows,x64,jdk,1
2026-10-09T03:20:19+00:00,sapmachine-28+7,357065760,True,sapmachine-jdk-28-ea.7_linux-x64-musl_bin.tar.gz,alpine,x64,jdk,113
2026-10-09T03:20:19+00:00,sapmachine-28+7,357065760,True,sapmachine-jre-28-ea.7_linux-x64-musl_bin.tar.gz,alpine,x64,jre,111
2026-10-09T03:20:19+00:00,sapmachine-28+7,357065760,True,sapmachine-jdk-28-ea.7_linux-x64-musl_bin-symbols.tar.gz,alpine,x64,jdk,2
2026-10-09T03:20:19+00:00,sapmachine-28+7,357065760,True,sapmachine-jdk-28-ea.7_linux-x64_bin.tar.gz,linux,x64,jdk,121
2026-10-09T03:20:19+00:00,sapmachine-28+7,357065760,True,sapmachine-jre-28-ea.7_linux-x64_bin.tar.gz,linux,x64,jre,118
2026-10-09T03:20:19+00:00,sapmachine-28+7,357065760,True,sapmachine-jdk-28-ea.7_linux-x64_bin-symbols.tar.gz,linux,x64,jdk,1
2026-10-09T03:20:19+00:00,sapmachine-28+7,357065760,True,sapmachine-jdk-28-ea.7_macos-aarch64_bin.tar.gz,macos,aarch64,jdk,111
2026-10-09T03:20:19+00:00,sapmachine-28+7,357065760,True,sapmachine-jre-28-ea.7_macos-aarch64_bin.tar.gz,macos,aarch64,jre,109
2026-10-09T03:20:19+00:00,sapmachine-28+7,357065760,True,sapmachine-jdk-28-ea.7_macos-aarch64_bin-symbols.tar.gz,macos,aarch64,jdk,1
2026-10-09T03:20:19+00:00,sapmachine-28+7,357065760,True,sapmachine-jdk-28-ea.7_macos-aarch64_bin.dmg,macos,aarch64,jdk,112
2026-10-09T03:20:19+00:00,sapmachine-28+7,357065760,True,sapmachine-jre-28-ea.7_macos-aarch64_bin.dmg,macos,aarch64,jre,111
2026-10-09T03:20:19+00:00,sapmachine-28+7,357065760,True,sapmachine-jdk-28-ea.7_linux-aarch64_bin.tar.gz,linux,aarch64,jdk,118
2026-10-09T03:20:19+00:00,sapmachine-28+7,357065760,True,sapmachine-jre-28-ea.7_linux-aarch64_bin.tar.gz,linux,aarch64,jre,118
2026-10-09T03:20:19+00:00,sapmachine-28+7,357065760,True,sapmachine-jdk-28-ea.7_linux-aarch64_bin-symbols.tar.gz,linux,aarch64,jdk,1
2026-10-09T03:20:19+00:00,sapmachine-28+7,357065760,True,sapmachine-jdk-28-ea.7_linux-ppc64le_bin.tar.gz,linux,ppc64,jdk,117
2026-10-09T03:20:19+00:00,sapmachine-28+7,357065760,True,sapmachine-jre-28-ea.7_linux-ppc64le_bin.tar.gz,linux,ppc64,jre,116
2026-10-09T03:20:19+00:00,sapmachine-28+7,357065760,True,sapmachine-jdk-28-ea.7_linux-ppc64le_bin-symbols.tar.gz,linux,ppc64,jdk,1
2026-10-09T03:20:19+00:00,sapmachine-28+7,357065760,True,sapmachine-jdk-28-ea.7_aix-ppc64_bin.tar.gz,aix,ppc64,jdk,109
2026-10-09T03:20:19+00:00,sapmachine-28+7,357065760,True,sapmachine-jre-28-ea.7_aix-ppc64_bin.tar.gz,aix,ppc64,jre,105
2026-10-09T03:20:19+00:00,sapmachine-28+7,357065760,True,sapmachine-jdk-28-ea.7_aix-ppc64_bin-symbols.tar.gz,aix,ppc64,jdk,1
2026-10-09T03:20:19+00:00,sapmachine-28+7,357065760,True,sapmachine-jdk-28-ea.7_windows-x64_bin.zip,windows,x64,jdk,115
2026-10-09T03:20:19+00:00,sapmachine-28+7,357065760,True,sapmachine-jre-28-ea.7_windows-x64_bin.zip,windows,x64,jre,115
2026-10-09T03:20:19+00:00,sapmachine-28+7,357065760,True,sapmachine-jdk-28-ea.7_windows-x64_bin-symbols.tar.gz,windows,x64,jdk,1
2026-10-09T03:20:19+00:00,sapmachine-17.0.20+8,357843096,True,sapmachine-jdk-17.0.20-ea.8_linux-x64-musl_bin.tar.gz,alpine,x64,jdk,104
2026-10-09T03:20:19+00:00,sapmachine-17.0.20+8,357843096,True,sapmachine-jre-17.0.20-ea.8_linux-x64-musl_bin.tar.gz,alpine,x64,jre,104
2026-10-09T03:20:19+00:00,sapmachine-17.0.20+8,357843096,True,sapmachine-jdk-17.0.20-ea.8_linux-x64-musl_bin-symbols.tar.gz,alpine,x64,jdk,2
2026-10-09T03:20:19+00:00,sapmachine-17.0.20+8,357843096,True,sapmachine-jdk-17.0.20-ea.8_linux-ppc64le_bin.tar.gz,linux,ppc64,jdk,101
2026-10-09T03:20:19+00:00,sapmachine-17.0.20+8,357843096,True,sapmachine-jre-17.0.20-ea.8_linux-ppc64le_bin.tar.gz,linux,ppc64,jre,103
2026-10-09T03:20:19+00:00,sapmachine-17.0.20+8,357843096,True,sapmachine-jdk-17.0.20-ea.8_linux-ppc64le_bin-symbols.tar.gz,linux,ppc64,jdk,1
2026-10-09T03:20:19+00:00,sapmachine-17.0.20+8,357843096,True,sapmachine-jdk-17.0.20-ea.8_macos-aarch64_bin.tar.gz,macos,aarch64,jdk,3486
2026-10-09T03:20:19+00:00,sapmachine-17.0.20+8,357843096,True,sapmachine-jre-17.0.20-ea.8_macos-aarch64_bin.tar.gz,macos,aarch64,jre,314
2026-10-09T03:20:19+00:00,sapmachine-17.0.20+8,357843096,True,sapmachine-jdk-17.0.20-ea.8_macos-aarch64_bin-symbols.tar.gz,macos,aarch64,jdk,1
2026-10-09T03:20:19+00:00,sapmachine-17.0.20+8,357843096,True,sapmachine-jdk-17.0.20-ea.8_macos-aarch64_bin.dmg,macos,aarch64,jdk,105
2026-10-09T03:20:19+00:00,sapmachine-17.0.20+8,357843096,True,sapmachine-jre-17.0.20-ea.8_macos-aarch64_bin.dmg,macos,aarch64,jre,100
2026-10-09T03:20:19+00:00,sapmachine-17.0.20+8,357843096,True,sapmachine-jdk-17.0.20-ea.8_linux-x64_bin.tar.gz,linux,x64,jdk,899
2026-10-09T03:20:19+00:00,sapmachine-17.0.20+8,357843096,True,sapmachine-jre-17.0.20-ea.8_linux-x64_bin.tar.gz,linux,x64,jre,101
2026-10-09T03:20:19+00:00,sapmachine-17.0.20+8,357843096,True,sapmachine-jdk-17.0.20-ea.8_linux-x64_bin-symbols.tar.gz,linux,x64,jdk,1
2026-10-09T03:20:19+00:00,sapmachine-17.0.20+8,357843096,True,sapmachine-jdk-17.0.20-ea.8_linux-aarch64_bin.tar.gz,linux,aarch64,jdk,103
2026-10-09T03:20:19+00:00,sapmachine-17.0.20+8,357843096,True,sapmachine-jre-17.0.20-ea.8_linux-aarch64_bin.tar.gz,linux,aarch64,jre,102
2026-10-09T03:20:19+00:00,sapmachine-17.0.20+8,357843096,True,sapmachine-jdk-17.0.20-ea.8_linux-aarch64_bin-symbols.tar.gz,linux,aarch64,jdk,1
2026-10-09T03:20:19+00:00,sapmachine-17.0.20+8,357843096,True,sapmachine-jdk-17.0.20-ea.8_macos-x64_bin.tar.gz,macos,x64,jdk,105
2026-10-09T03:20:19+00:00,sapmachine-17.0.20+8,357843096,True,sapmachine-jre-17.0.20-ea.8_macos-x64_bin.tar.gz,macos,x64,jre,109
2026-10-09T03:20:19+00:00,sapmachine-17.0.20+8,357843096,True,sapmachine-jdk-17.0.20-ea.8_macos-x64_bin-symbols.tar.gz,macos,x64,jdk,1
2026-10-09T03:20:19+00:00,sapmachine-17.0.20+8,357843096,True,sapmachine-jdk-17.0.20-ea.8_macos-x64_bin.dmg,macos,x64,jdk,105
2026-10-09T03:20:19+00:00,sapmachine-17.0.20+8,357843096,True,sapmachine-jre-17.0.20-ea.8_macos-x64_bin.dmg,macos,x64,jre,104
2026-10-09T03:20:19+00:00,sapmachine-17.0.20+8,357843096,True,sapmachine-jdk-17.0.20-ea.8_windows-x64_bin.zip,windows,x64,jdk,886
2026-10-09T03:20:19+00:00,sapmachine-17.0.20+8,357843096,True,sapmachine-jre-17.0.20-ea.8_windows-x64_bin.zip,windows,x64,jre,104
2026-10-09T03:20:19+00:00,sapmachine-17.0.20+8,357843096,True,sapmachine-jdk-17.0.20-ea.8_windows-x64_bin-symbols.tar.gz,windows,x64,jdk,1
2026-10-09T03:20:19+00:00,sapmachine-17.0.20,357795553,False,sapmachine-17.0.20-sbom-linux-aarch64.json,linux,aarch64,,85
2026-10-09T03:20:19+00:00,sapmachine-17.0.20,357795553,False,sapmachine-17.0.20-sbom-linux-ppc64le.json,linux,ppc64,,84
2026-10-09T03:20:19+00:00,sapmachine-17.0.20,357795553,False,sapmachine-17.0.20-sbom-linux-x64-musl.json,alpine,x64,,84
2026-10-09T03:20:19+00:00,sapmachine-17.0.20,357795553,False,sapmachine-17.0.20-sbom-linux-x64.json,linux,x64,,85
2026-10-09T03:20:19+00:00,sapmachine-17.0.20,357795553,False,sapmachine-17.0.20-sbom-macos-aarch64.json,macos,aarch64,,85
2026-10-09T03:20:19+00:00,sapmachine-17.0.20,357795553,False,sapmachine-17.0.20-sbom-macos-x64.json,macos,x64,,84
2026-10-09T03:20:19+00:00,sapmachine-17.0.20,357795553,False,sapmachine-17.0.20-sbom-windows-x64.json,windows,x64,,84
2026-10-09T03:20:19+00:00,sapmachine-17.0.20,357795553,False,sapmachine-jdk-17.0.20_linux-aarch64_bin-symbols.tar.gz,linux,aarch64,jdk,2
2026-10-09T03:20:19+00:00,sapmachine-17.0.20,357795553,False,sapmachine-jdk-17.0.20_linux-aarch64_bin.tar.gz,linux,aarch64,jdk,406
2026-10-09T03:20:19+00:00,sapmachine-17.0.20,357795553,False,sapmachine-jdk-17.0.20_linux-ppc64le_bin-symbols.tar.gz,linux,ppc64,jdk,2
2026-10-09T03:20:19+00:00,sapmachine-17.0.20,357795553,False,sapmachine-jdk-17.0.20_linux-ppc64le_bin.tar.gz,linux,ppc64,jdk,143
2026-10-09T03:20:19+00:00,sapmachine-17.0.20,357795553,False,sapmachine-jdk-17.0.20_linux-x64-musl_bin-symbols.tar.gz,alpine,x64,jdk,2
2026-10-09T03:20:19+00:00,sapmachine-17.0.20,357795553,False,sapmachine-jdk-17.0.20_linux-x64-musl_bin.tar.gz,alpine,x64,jdk,1519
2026-10-09T03:20:19+00:00,sapmachine-17.0.20,357795553,False,sapmachine-jdk-17.0.20_linux-x64_bin-symbols.tar.gz,linux,x64,jdk,2
2026-10-09T03:20:19+00:00,sapmachine-17.0.20,357795553,False,sapmachine-jdk-17.0.20_linux-x64_bin.tar.gz,linux,x64,jdk,25529
2026-10-09T03:20:19+00:00,sapmachine-17.0.20,357795553,False,sapmachine-jdk-17.0.20_macos-aarch64_bin-symbols.tar.gz,macos,aarch64,jdk,2
2026-10-09T03:20:19+00:00,sapmachine-17.0.20,357795553,False,sapmachine-jdk-17.0.20_macos-aarch64_bin.dmg,macos,aarch64,jdk,536
2026-10-09T03:20:19+00:00,sapmachine-17.0.20,357795553,False,sapmachine-jdk-17.0.20_macos-aarch64_bin.tar.gz,macos,aarch64,jdk,16829
2026-10-09T03:20:19+00:00,sapmachine-17.0.20,357795553,False,sapmachine-jdk-17.0.20_macos-x64_bin-symbols.tar.gz,macos,x64,jdk,2
2026-10-09T03:20:19+00:00,sapmachine-17.0.20,357795553,False,sapmachine-jdk-17.0.20_macos-x64_bin.dmg,macos,x64,jdk,328
2026-10-09T03:20:19+00:00,sapmachine-17.0.20,357795553,False,sapmachine-jdk-17.0.20_macos-x64_bin.tar.gz,macos,x64,jdk,1748
2026-10-09T03:20:19+00:00,sapmachine-17.0.20,357795553,False,sapmachine-jdk-17.0.20_windows-x64_bin-symbols.tar.gz,windows,x64,jdk,2
2026-10-09T03:20:19+00:00,sapmachine-17.0.20,357795553,False,sapmachine-jdk-17.0.20_windows-x64_bin.msi,windows,x64,jdk,738
2026-10-09T03:20:19+00:00,sapmachine-17.0.20,357795553,False,sapmachine-jdk-17.0.20_windows-x64_bin.zip,windows,x64,jdk,3015
2026-10-09T03:20:19+00:00,sapmachine-17.0.20,357795553,False,sapmachine-jre-17.0.20_linux-aarch64_bin.tar.gz,linux,aarch64,jre,374
2026-10-09T03:20:19+00:00,sapmachine-17.0.20,357795553,False,sapmachine-jre-17.0.20_linux-ppc64le_bin.tar.gz,linux,ppc64,jre,115
2026-10-09T03:20:19+00:00,sapmachine-17.0.20,357795553,False,sapmachine-jre-17.0.20_linux-x64-musl_bin.tar.gz,alpine,x64,jre,116
2026-10-09T03:20:19+00:00,sapmachine-17.0.20,357795553,False,sapmachine-jre-17.0.20_linux-x64_bin.tar.gz,linux,x64,jre,20870
2026-10-09T03:20:19+00:00,sapmachine-17.0.20,357795553,False,sapmachine-jre-17.0.20_macos-aarch64_bin.dmg,macos,aarch64,jre,116
2026-10-09T03:20:19+00:00,sapmachine-17.0.20,357795553,False,sapmachine-jre-17.0.20_macos-aarch64_bin.tar.gz,macos,aarch64,jre,720
2026-10-09T03:20:19+00:00,sapmachine-17.0.20,357795553,False,sapmachine-jre-17.0.20_macos-x64_bin.dmg,macos,x64,jre,110
2026-10-09T03:20:19+00:00,sapmachine-17.0.20,357795553,False,sapmachine-jre-17.0.20_macos-x64_bin.tar.gz,macos,x64,jre,1064
2026-10-09T03:20:19+00:00,sapmachine-17.0.20,357795553,False,sapmachine-jre-17.0.20_windows-x64_bin.msi,windows,x64,jre,1314
2026-10-09T03:20:19+00:00,sapmachine-17.0.20,357795553,False,sapmachine-jre-17.0.20_windows-x64_bin.zip,windows,x64,jre,1148
2026-10-09T03:20:19+00:00,sapmachine-21.0.12,357792575,False,sapmachine-21.0.12-sbom-aix-ppc64.json,aix,ppc64,,85
2026-10-09T03:20:19+00:00,sapmachine-21.0.12,357792575,False,sapmachine-21.0.12-sbom-linux-aarch64.json,linux,aarch64,,85
2026-10-09T03:20:19+00:00,sapmachine-21.0.12,357792575,False,sapmachine-21.0.12-sbom-linux-ppc64le.json,linux,ppc64,,85
2026-10-09T03:20:19+00:00,sapmachine-21.0.12,357792575,False,sapmachine-21.0.12-sbom-linux-x64-musl.json,alpine,x64,,85
2026-10-09T03:20:19+00:00,sapmachine-21.0.12,357792575,False,sapmachine-21.0.12-sbom-linux-x64.json,linux,x64,,88
2026-10-09T03:20:19+00:00,sapmachine-21.0.12,357792575,False,sapmachine-21.0.12-sbom-macos-aarch64.json,macos,aarch64,,87
2026-10-09T03:20:19+00:00,sapmachine-21.0.12,357792575,False,sapmachine-21.0.12-sbom-macos-x64.json,macos,x64,,86
2026-10-09T03:20:19+00:00,sapmachine-21.0.12,357792575,False,sapmachine-21.0.12-sbom-windows-x64.json,windows,x64,,87
2026-10-09T03:20:19+00:00,sapmachine-21.0.12,357792575,False,sapmachine-jdk-21.0.12_aix-ppc64_bin-symbols.tar.gz,aix,ppc64,jdk,4
2026-10-09T03:20:19+00:00,sapmachine-21.0.12,357792575,False,sapmachine-jdk-21.0.12_aix-ppc64_bin.tar.gz,aix,ppc64,jdk,165
2026-10-09T03:20:19+00:00,sapmachine-21.0.12,357792575,False,sapmachine-jdk-21.0.12_linux-aarch64_bin-symbols.tar.gz,linux,aarch64,jdk,4
2026-10-09T03:20:19+00:00,sapmachine-21.0.12,357792575,False,sapmachine-jdk-21.0.12_linux-aarch64_bin.tar.gz,linux,aarch64,jdk,1859
2026-10-09T03:20:19+00:00,sapmachine-21.0.12,357792575,False,sapmachine-jdk-21.0.12_linux-ppc64le_bin-symbols.tar.gz,linux,ppc64,jdk,4
2026-10-09T03:20:19+00:00,sapmachine-21.0.12,357792575,False,sapmachine-jdk-21.0.12_linux-ppc64le_bin.tar.gz,linux,ppc64,jdk,162
2026-10-09T03:20:19+00:00,sapmachine-21.0.12,357792575,False,sapmachine-jdk-21.0.12_linux-x64-musl_bin-symbols.tar.gz,alpine,x64,jdk,4
2026-10-09T03:20:19+00:00,sapmachine-21.0.12,357792575,False,sapmachine-jdk-21.0.12_linux-x64-musl_bin.tar.gz,alpine,x64,jdk,1529
2026-10-09T03:20:19+00:00,sapmachine-21.0.12,357792575,False,sapmachine-jdk-21.0.12_linux-x64_bin-symbols.tar.gz,linux,x64,jdk,4
2026-10-09T03:20:19+00:00,sapmachine-21.0.12,357792575,False,sapmachine-jdk-21.0.12_linux-x64_bin.tar.gz,linux,x64,jdk,63760
2026-10-09T03:20:19+00:00,sapmachine-21.0.12,357792575,False,sapmachine-jdk-21.0.12_macos-aarch64_bin-symbols.tar.gz,macos,aarch64,jdk,4
2026-10-09T03:20:19+00:00,sapmachine-21.0.12,357792575,False,sapmachine-jdk-21.0.12_macos-aarch64_bin.dmg,macos,aarch64,jdk,974
2026-10-09T03:20:19+00:00,sapmachine-21.0.12,357792575,False,sapmachine-jdk-21.0.12_macos-aarch64_bin.tar.gz,macos,aarch64,jdk,28167
2026-10-09T03:20:19+00:00,sapmachine-21.0.12,357792575,False,sapmachine-jdk-21.0.12_macos-x64_bin-symbols.tar.gz,macos,x64,jdk,4
2026-10-09T03:20:19+00:00,sapmachine-21.0.12,357792575,False,sapmachine-jdk-21.0.12_macos-x64_bin.dmg,macos,x64,jdk,510
2026-10-09T03:20:19+00:00,sapmachine-21.0.12,357792575,False,sapmachine-jdk-21.0.12_macos-x64_bin.tar.gz,macos,x64,jdk,2294
2026-10-09T03:20:19+00:00,sapmachine-21.0.12,357792575,False,sapmachine-jdk-21.0.12_windows-x64_bin-symbols.tar.gz,windows,x64,jdk,5
2026-10-09T03:20:19+00:00,sapmachine-21.0.12,357792575,False,sapmachine-jdk-21.0.12_windows-x64_bin.msi,windows,x64,jdk,1108
2026-10-09T03:20:19+00:00,sapmachine-21.0.12,357792575,False,sapmachine-jdk-21.0.12_windows-x64_bin.zip,windows,x64,jdk,2227
2026-10-09T03:20:19+00:00,sapmachine-21.0.12,357792575,False,sapmachine-jre-21.0.12_aix-ppc64_bin.tar.gz,aix,ppc64,jre,128
2026-10-09T03:20:19+00:00,sapmachine-21.0.12,357792575,False,sapmachine-jre-21.0.12_linux-aarch64_bin.tar.gz,linux,aarch64,jre,657
2026-10-09T03:20:19+00:00,sapmachine-21.0.12,357792575,False,sapmachine-jre-21.0.12_linux-ppc64le_bin.tar.gz,linux,ppc64,jre,130
2026-10-09T03:20:19+00:00,sapmachine-21.0.12,357792575,False,sapmachine-jre-21.0.12_linux-x64-musl_bin.tar.gz,alpine,x64,jre,124
2026-10-09T03:20:19+00:00,sapmachine-21.0.12,357792575,False,sapmachine-jre-21.0.12_linux-x64_bin.tar.gz,linux,x64,jre,31256
2026-10-09T03:20:19+00:00,sapmachine-21.0.12,357792575,False,sapmachine-jre-21.0.12_macos-aarch64_bin.dmg,macos,aarch64,jre,154
2026-10-09T03:20:19+00:00,sapmachine-21.0.12,357792575,False,sapmachine-jre-21.0.12_macos-aarch64_bin.tar.gz,macos,aarch64,jre,477
2026-10-09T03:20:19+00:00,sapmachine-21.0.12,357792575,False,sapmachine-jre-21.0.12_macos-x64_bin.dmg,macos,x64,jre,128
2026-10-09T03:20:19+00:00,sapmachine-21.0.12,357792575,False,sapmachine-jre-21.0.12_macos-x64_bin.tar.gz,macos,x64,jre,258
2026-10-09T03:20:19+00:00,sapmachine-21.0.12,357792575,False,sapmachine-jre-21.0.12_windows-x64_bin.msi,windows,x64,jre,507
2026-10-09T03:20:19+00:00,sapmachine-21.0.12,357792575,False,sapmachine-jre-21.0.12_windows-x64_bin.zip,windows,x64,jre,282
2026-10-09T03:20:19+00:00,sapmachine-21.0.12+8,357843630,True,sapmachine-jdk-21.0.12-ea.8_linux-x64-musl_bin.tar.gz,alpine,x64,jdk,106
2026-10-09T03:20:19+00:00,sapmachine-21.0.12+8,357843630,True,sapmachine-jre-21.0.12-ea.8_linux-x64-musl_bin.tar.gz,alpine,x64,jre,108
2026-10-09T03:20:19+00:00,sapmachine-21.0.12+8,357843630,True,sapmachine-jdk-21.0.12-ea.8_linux-x64-musl_bin-symbols.tar.gz,alpine,x64,jdk,2
2026-10-09T03:20:19+00:00,sapmachine-21.0.12+8,357843630,True,sapmachine-jdk-21.0.12-ea.8_linux-x64_bin.tar.gz,linux,x64,jdk,971
2026-10-09T03:20:19+00:00,sapmachine-21.0.12+8,357843630,True,sapmachine-jre-21.0.12-ea.8_linux-x64_bin.tar.gz,linux,x64,jre,109
2026-10-09T03:20:19+00:00,sapmachine-21.0.12+8,357843630,True,sapmachine-jdk-21.0.12-ea.8_linux-x64_bin-symbols.tar.gz,linux,x64,jdk,2
2026-10-09T03:20:19+00:00,sapmachine-21.0.12+8,357843630,True,sapmachine-jdk-21.0.12-ea.8_linux-aarch64_bin.tar.gz,linux,aarch64,jdk,113
2026-10-09T03:20:19+00:00,sapmachine-21.0.12+8,357843630,True,sapmachine-jre-21.0.12-ea.8_linux-aarch64_bin.tar.gz,linux,aarch64,jre,108
2026-10-09T03:20:19+00:00,sapmachine-21.0.12+8,357843630,True,sapmachine-jdk-21.0.12-ea.8_linux-aarch64_bin-symbols.tar.gz,linux,aarch64,jdk,1
2026-10-09T03:20:19+00:00,sapmachine-21.0.12+8,357843630,True,sapmachine-jdk-21.0.12-ea.8_linux-ppc64le_bin.tar.gz,linux,ppc64,jdk,110
2026-10-09T03:20:19+00:00,sapmachine-21.0.12+8,357843630,True,sapmachine-jre-21.0.12-ea.8_linux-ppc64le_bin.tar.gz,linux,ppc64,jre,110
2026-10-09T03:20:19+00:00,sapmachine-21.0.12+8,357843630,True,sapmachine-jdk-21.0.12-ea.8_linux-ppc64le_bin-symbols.tar.gz,linux,ppc64,jdk,1
2026-10-09T03:20:19+00:00,sapmachine-21.0.12+8,357843630,True,sapmachine-jdk-21.0.12-ea.8_aix-ppc64_bin.tar.gz,aix,ppc64,jdk,109
2026-10-09T03:20:19+00:00,sapmachine-21.0.12+8,357843630,True,sapmachine-jre-21.0.12-ea.8_aix-ppc64_bin.tar.gz,aix,ppc64,jre,110
2026-10-09T03:20:19+00:00,sapmachine-21.0.12+8,357843630,True,sapmachine-jdk-21.0.12-ea.8_aix-ppc64_bin-symbols.tar.gz,aix,ppc64,jdk,1
2026-10-09T03:20:19+00:00,sapmachine-21.0.12+8,357843630,True,sapmachine-jdk-21.0.12-ea.8_macos-aarch64_bin.tar.gz,macos,aarch64,jdk,2826
2026-10-09T03:20:19+00:00,sapmachine-21.0.12+8,357843630,True,sapmachine-jre-21.0.12-ea.8_macos-aarch64_bin.tar.gz,macos,aarch64,jre,293
2026-10-09T03:20:19+00:00,sapmachine-21.0.12+8,357843630,True,sapmachine-jdk-21.0.12-ea.8_macos-aarch64_bin-symbols.tar.gz,macos,aarch64,jdk,1
2026-10-09T03:20:19+00:00,sapmachine-21.0.12+8,357843630,True,sapmachine-jdk-21.0.12-ea.8_macos-aarch64_bin.dmg,macos,aarch64,jdk,112
2026-10-09T03:20:19+00:00,sapmachine-21.0.12+8,357843630,True,sapmachine-jre-21.0.12-ea.8_macos-aarch64_bin.dmg,macos,aarch64,jre,108
2026-10-09T03:20:19+00:00,sapmachine-21.0.12+8,357843630,True,sapmachine-jdk-21.0.12-ea.8_macos-x64_bin.tar.gz,macos,x64,jdk,137
2026-10-09T03:20:19+00:00,sapmachine-21.0.12+8,357843630,True,sapmachine-jre-21.0.12-ea.8_macos-x64_bin.tar.gz,macos,x64,jre,109
2026-10-09T03:20:19+00:00,sapmachine-21.0.12+8,357843630,True,sapmachine-jdk-21.0.12-ea.8_macos-x64_bin-symbols.tar.gz,macos,x64,jdk,1
2026-10-09T03:20:19+00:00,sapmachine-21.0.12+8,357843630,True,sapmachine-jdk-21.0.12-ea.8_macos-x64_bin.dmg,macos,x64,jdk,111
2026-10-09T03:20:19+00:00,sapmachine-21.0.12+8,357843630,True,sapmachine-jre-21.0.12-ea.8_macos-x64_bin.dmg,macos,x64,jre,109
2026-10-09T03:20:19+00:00,sapmachine-21.0.12+8,357843630,True,sapmachine-jdk-21.0.12-ea.8_windows-x64_bin.zip,windows,x64,jdk,966
2026-10-09T03:20:19+00:00,sapmachine-21.0.12+8,357843630,True,sapmachine-jre-21.0.12-ea.8_windows-x64_bin.zip,windows,x64,jre,117
2026-10-09T03:20:19+00:00,sapmachine-21.0.12+8,357843630,True,sapmachine-jdk-21.0.12-ea.8_windows-x64_bin-symbols.tar.gz,windows,x64,jdk,1
2026-10-09T03:20:19+00:00,sapmachine-25.0.4+7,357805950,True,sapmachine-jdk-25.0.4-ea.7_linux-x64-musl_bin.tar.gz,alpine,x64,jdk,113
2026-10-09T03:20:19+00:00,sapmachine-25.0.4+7,357805950,True,sapmachine-jre-25.0.4-ea.7_linux-x64-musl_bin.tar.gz,alpine,x64,jre,111
2026-10-09T03:20:19+00:00,sapmachine-25.0.4+7,357805950,True,sapmachine-jdk-25.0.4-ea.7_linux-x64-musl_bin-symbols.tar.gz,alpine,x64,jdk,2
2026-10-09T03:20:19+00:00,sapmachine-25.0.4+7,357805950,True,sapmachine-jdk-25.0.4-ea.7_aix-ppc64_bin.tar.gz,aix,ppc64,jdk,113
2026-10-09T03:20:19+00:00,sapmachine-25.0.4+7,357805950,True,sapmachine-jre-25.0.4-ea.7_aix-ppc64_bin.tar.gz,aix,ppc64,jre,112
2026-10-09T03:20:19+00:00,sapmachine-25.0.4+7,357805950,True,sapmachine-jdk-25.0.4-ea.7_aix-ppc64_bin-symbols.tar.gz,aix,ppc64,jdk,2
2026-10-09T03:20:19+00:00,sapmachine-25.0.4+7,357805950,True,sapmachine-jdk-25.0.4-ea.7_linux-x64_bin.tar.gz,linux,x64,jdk,124
2026-10-09T03:20:19+00:00,sapmachine-25.0.4+7,357805950,True,sapmachine-jre-25.0.4-ea.7_linux-x64_bin.tar.gz,linux,x64,jre,112
2026-10-09T03:20:19+00:00,sapmachine-25.0.4+7,357805950,True,sapmachine-jdk-25.0.4-ea.7_linux-x64_bin-symbols.tar.gz,linux,x64,jdk,1
2026-10-09T03:20:19+00:00,sapmachine-25.0.4+7,357805950,True,sapmachine-jdk-25.0.4-ea.7_linux-ppc64le_bin.tar.gz,linux,ppc64,jdk,115
2026-10-09T03:20:19+00:00,sapmachine-25.0.4+7,357805950,True,sapmachine-jre-25.0.4-ea.7_linux-ppc64le_bin.tar.gz,linux,ppc64,jre,115
2026-10-09T03:20:19+00:00,sapmachine-25.0.4+7,357805950,True,sapmachine-jdk-25.0.4-ea.7_linux-ppc64le_bin-symbols.tar.gz,linux,ppc64,jdk,1
2026-10-09T03:20:19+00:00,sapmachine-25.0.4+7,357805950,True,sapmachine-jdk-25.0.4-ea.7_macos-aarch64_bin.tar.gz,macos,aarch64,jdk,128
2026-10-09T03:20:19+00:00,sapmachine-25.0.4+7,357805950,True,sapmachine-jre-25.0.4-ea.7_macos-aarch64_bin.tar.gz,macos,aarch64,jre,111
2026-10-09T03:20:19+00:00,sapmachine-25.0.4+7,357805950,True,sapmachine-jdk-25.0.4-ea.7_macos-aarch64_bin-symbols.tar.gz,macos,aarch64,jdk,1
2026-10-09T03:20:19+00:00,sapmachine-25.0.4+7,357805950,True,sapmachine-jdk-25.0.4-ea.7_macos-aarch64_bin.dmg,macos,aarch64,jdk,113
2026-10-09T03:20:19+00:00,sapmachine-25.0.4+7,357805950,True,sapmachine-jre-25.0.4-ea.7_macos-aarch64_bin.dmg,macos,aarch64,jre,112
2026-10-09T03:20:19+00:00,sapmachine-25.0.4+7,357805950,True,sapmachine-jdk-25.0.4-ea.7_linux-aarch64_bin.tar.gz,linux,aarch64,jdk,116
2026-10-09T03:20:19+00:00,sapmachine-25.0.4+7,357805950,True,sapmachine-jre-25.0.4-ea.7_linux-aarch64_bin.tar.gz,linux,aarch64,jre,114
2026-10-09T03:20:19+00:00,sapmachine-25.0.4+7,357805950,True,sapmachine-jdk-25.0.4-ea.7_linux-aarch64_bin-symbols.tar.gz,linux,aarch64,jdk,1
2026-10-09T03:20:19+00:00,sapmachine-25.0.4+7,357805950,True,sapmachine-jdk-25.0.4-ea.7_windows-x64_bin.zip,windows,x64,jdk,121
2026-10-09T03:20:19+00:00,sapmachine-25.0.4+7,357805950,True,sapmachine-jre-25.0.4-ea.7_windows-x64_bin.zip,windows,x64,jre,114
2026-10-09T03:20:19+00:00,sapmachine-25.0.4+7,357805950,True,sapmachine-jdk-25.0.4-ea.7_windows-x64_bin-symbols.tar.gz,windows,x64,jdk,1
2026-10-09T03:20:19+00:00,sapmachine-25.0.4,357626706,False,sapmachine-25.0.4-sbom-aix-ppc64.json,aix,ppc64,,87
2026-10-09T03:20:19+00:00,sapmachine-25.0.4,357626706,False,sapmachine-25.0.4-sbom-linux-aarch64.json,linux,aarch64,,85
2026-10-09T03:20:19+00:00,sapmachine-25.0.4,357626706,False,sapmachine-25.0.4-sbom-linux-ppc64le.json,linux,ppc64,,85
2026-10-09T03:20:19+00:00,sapmachine-25.0.4,357626706,False,sapmachine-25.0.4-sbom-linux-x64-musl.json,alpine,x64,,85
2026-10-09T03:20:19+00:00,sapmachine-25.0.4,357626706,False,sapmachine-25.0.4-sbom-linux-x64.json,linux,x64,,87
2026-10-09T03:20:19+00:00,sapmachine-25.0.4,357626706,False,sapmachine-25.0.4-sbom-macos-aarch64.json,macos,aarch64,,86
2026-10-09T03:20:19+00:00,sapmachine-25.0.4,357626706,False,sapmachine-25.0.4-sbom-windows-x64.json,windows,x64,,87
2026-10-09T03:20:19+00:00,sapmachine-25.0.4,357626706,False,sapmachine-jdk-25.0.4_aix-ppc64_bin-symbols.tar.gz,aix,ppc64,jdk,2
2026-10-09T03:20:19+00:00,sapmachine-25.0.4,357626706,False,sapmachine-jdk-25.0.4_aix-ppc64_bin.tar.gz,aix,ppc64,jdk,151
2026-10-09T03:20:19+00:00,sapmachine-25.0.4,357626706,False,sapmachine-jdk-25.0.4_linux-aarch64_bin-symbols.tar.gz,linux,aarch64,jdk,2
2026-10-09T03:20:19+00:00,sapmachine-25.0.4,357626706,False,sapmachine-jdk-25.0.4_linux-aarch64_bin.tar.gz,linux,aarch64,jdk,448
2026-10-09T03:20:19+00:00,sapmachine-25.0.4,357626706,False,sapmachine-jdk-25.0.4_linux-ppc64le_bin-symbols.tar.gz,linux,ppc64,jdk,2
2026-10-09T03:20:19+00:00,sapmachine-25.0.4,357626706,False,sapmachine-jdk-25.0.4_linux-ppc64le_bin.tar.gz,linux,ppc64,jdk,167
2026-10-09T03:20:19+00:00,sapmachine-25.0.4,357626706,False,sapmachine-jdk-25.0.4_linux-x64-musl_bin-symbols.tar.gz,alpine,x64,jdk,2
2026-10-09T03:20:19+00:00,sapmachine-25.0.4,357626706,False,sapmachine-jdk-25.0.4_linux-x64-musl_bin.tar.gz,alpine,x64,jdk,168
2026-10-09T03:20:19+00:00,sapmachine-25.0.4,357626706,False,sapmachine-jdk-25.0.4_linux-x64_bin-symbols.tar.gz,linux,x64,jdk,4
2026-10-09T03:20:19+00:00,sapmachine-25.0.4,357626706,False,sapmachine-jdk-25.0.4_linux-x64_bin.tar.gz,linux,x64,jdk,45157
2026-10-09T03:20:19+00:00,sapmachine-25.0.4,357626706,False,sapmachine-jdk-25.0.4_macos-aarch64_bin-symbols.tar.gz,macos,aarch64,jdk,2
2026-10-09T03:20:19+00:00,sapmachine-25.0.4,357626706,False,sapmachine-jdk-25.0.4_macos-aarch64_bin.dmg,macos,aarch64,jdk,496
2026-10-09T03:20:19+00:00,sapmachine-25.0.4,357626706,False,sapmachine-jdk-25.0.4_macos-aarch64_bin.tar.gz,macos,aarch64,jdk,18670
2026-10-09T03:20:19+00:00,sapmachine-25.0.4,357626706,False,sapmachine-jdk-25.0.4_windows-x64_bin-symbols.tar.gz,windows,x64,jdk,2
2026-10-09T03:20:19+00:00,sapmachine-25.0.4,357626706,False,sapmachine-jdk-25.0.4_windows-x64_bin.msi,windows,x64,jdk,718
2026-10-09T03:20:19+00:00,sapmachine-25.0.4,357626706,False,sapmachine-jdk-25.0.4_windows-x64_bin.zip,windows,x64,jdk,1005
2026-10-09T03:20:19+00:00,sapmachine-25.0.4,357626706,False,sapmachine-jre-25.0.4_aix-ppc64_bin.tar.gz,aix,ppc64,jre,128
2026-10-09T03:20:19+00:00,sapmachine-25.0.4,357626706,False,sapmachine-jre-25.0.4_linux-aarch64_bin.tar.gz,linux,aarch64,jre,340
2026-10-09T03:20:19+00:00,sapmachine-25.0.4,357626706,False,sapmachine-jre-25.0.4_linux-ppc64le_bin.tar.gz,linux,ppc64,jre,125
2026-10-09T03:20:19+00:00,sapmachine-25.0.4,357626706,False,sapmachine-jre-25.0.4_linux-x64-musl_bin.tar.gz,alpine,x64,jre,123
2026-10-09T03:20:19+00:00,sapmachine-25.0.4,357626706,False,sapmachine-jre-25.0.4_linux-x64_bin.tar.gz,linux,x64,jre,9751
2026-10-09T03:20:19+00:00,sapmachine-25.0.4,357626706,False,sapmachine-jre-25.0.4_macos-aarch64_bin.dmg,macos,aarch64,jre,137
2026-10-09T03:20:19+00:00,sapmachine-25.0.4,357626706,False,sapmachine-jre-25.0.4_macos-aarch64_bin.tar.gz,macos,aarch64,jre,244
2026-10-09T03:20:19+00:00,sapmachine-25.0.4,357626706,False,sapmachine-jre-25.0.4_windows-x64_bin.msi,windows,x64,jre,337
2026-10-09T03:20:19+00:00,sapmachine-25.0.4,357626706,False,sapmachine-jre-25.0.4_windows-x64_bin.zip,windows,x64,jre,165
2026-10-09T03:20:19+00:00,sapmachine-26.0.2,357619279,False,sapmachine-jdk-26.0.2_aix-ppc64_bin-symbols.tar.gz,aix,ppc64,jdk,3
2026-10-09T03:20:19+00:00,sapmachine-26.0.2,357619279,False,sapmachine-jdk-26.0.2_aix-ppc64_bin.tar.gz,aix,ppc64,jdk,177
2026-10-09T03:20:19+00:00,sapmachine-26.0.2,357619279,False,sapmachine-jdk-26.0.2_linux-aarch64_bin-symbols.tar.gz,linux,aarch64,jdk,2
2026-10-09T03:20:19+00:00,sapmachine-26.0.2,357619279,False,sapmachine-jdk-26.0.2_linux-aarch64_bin.tar.gz,linux,aarch64,jdk,290
2026-10-09T03:20:19+00:00,sapmachine-26.0.2,357619279,False,sapmachine-jdk-26.0.2_linux-ppc64le_bin-symbols.tar.gz,linux,ppc64,jdk,1
2026-10-09T03:20:19+00:00,sapmachine-26.0.2,357619279,False,sapmachine-jdk-26.0.2_linux-ppc64le_bin.tar.gz,linux,ppc64,jdk,183
2026-10-09T03:20:19+00:00,sapmachine-26.0.2,357619279,False,sapmachine-jdk-26.0.2_linux-x64-musl_bin-symbols.tar.gz,alpine,x64,jdk,2
2026-10-09T03:20:19+00:00,sapmachine-26.0.2,357619279,False,sapmachine-jdk-26.0.2_linux-x64-musl_bin.tar.gz,alpine,x64,jdk,158
2026-10-09T03:20:19+00:00,sapmachine-26.0.2,357619279,False,sapmachine-jdk-26.0.2_linux-x64_bin-symbols.tar.gz,linux,x64,jdk,1
2026-10-09T03:20:19+00:00,sapmachine-26.0.2,357619279,False,sapmachine-jdk-26.0.2_linux-x64_bin.tar.gz,linux,x64,jdk,1094
2026-10-09T03:20:19+00:00,sapmachine-26.0.2,357619279,False,sapmachine-jdk-26.0.2_macos-aarch64_bin-symbols.tar.gz,macos,aarch64,jdk,1
2026-10-09T03:20:19+00:00,sapmachine-26.0.2,357619279,False,sapmachine-jdk-26.0.2_macos-aarch64_bin.dmg,macos,aarch64,jdk,1405
2026-10-09T03:20:19+00:00,sapmachine-26.0.2,357619279,False,sapmachine-jdk-26.0.2_macos-aarch64_bin.tar.gz,macos,aarch64,jdk,1167
2026-10-09T03:20:19+00:00,sapmachine-26.0.2,357619279,False,sapmachine-jdk-26.0.2_windows-x64_bin-symbols.tar.gz,windows,x64,jdk,1
2026-10-09T03:20:19+00:00,sapmachine-26.0.2,357619279,False,sapmachine-jdk-26.0.2_windows-x64_bin.msi,windows,x64,jdk,1422
2026-10-09T03:20:19+00:00,sapmachine-26.0.2,357619279,False,sapmachine-jdk-26.0.2_windows-x64_bin.zip,windows,x64,jdk,458
2026-10-09T03:20:19+00:00,sapmachine-26.0.2,357619279,False,sapmachine-jre-26.0.2_aix-ppc64_bin.tar.gz,aix,ppc64,jre,108
2026-10-09T03:20:19+00:00,sapmachine-26.0.2,357619279,False,sapmachine-jre-26.0.2_linux-aarch64_bin.tar.gz,linux,aarch64,jre,237
2026-10-09T03:20:19+00:00,sapmachine-26.0.2,357619279,False,sapmachine-jre-26.0.2_linux-ppc64le_bin.tar.gz,linux,ppc64,jre,113
2026-10-09T03:20:19+00:00,sapmachine-26.0.2,357619279,False,sapmachine-jre-26.0.2_linux-x64-musl_bin.tar.gz,alpine,x64,jre,113
2026-10-09T03:20:19+00:00,sapmachine-26.0.2,357619279,False,sapmachine-jre-26.0.2_linux-x64_bin.tar.gz,linux,x64,jre,679
2026-10-09T03:20:19+00:00,sapmachine-26.0.2,357619279,False,sapmachine-jre-26.0.2_macos-aarch64_bin.dmg,macos,aarch64,jre,118
2026-10-09T03:20:19+00:00,sapmachine-26.0.2,357619279,False,sapmachine-jre-26.0.2_macos-aarch64_bin.tar.gz,macos,aarch64,jre,198
2026-10-09T03:20:19+00:00,sapmachine-26.0.2,357619279,False,sapmachine-jre-26.0.2_windows-x64_bin.msi,windows,x64,jre,401
2026-10-09T03:20:19+00:00,sapmachine-26.0.2,357619279,False,sapmachine-jre-26.0.2_windows-x64_bin.zip,windows,x64,jre,148
2026-10-09T03:20:19+00:00,sapmachine-27+30,355155816,True,sapmachine-jdk-27-ea.30_linux-x64-musl_bin.tar.gz,alpine,x64,jdk,114
2026-10-09T03:20:19+00:00,sapmachine-27+30,355155816,True,sapmachine-jre-27-ea.30_linux-x64-musl_bin.tar.gz,alpine,x64,jre,117
2026-10-09T03:20:19+00:00,sapmachine-27+30,355155816,True,sapmachine-jdk-27-ea.30_linux-x64-musl_bin-symbols.tar.gz,alpine,x64,jdk,1
2026-10-09T03:20:19+00:00,sapmachine-27+30,355155816,True,sapmachine-jdk-27-ea.30_linux-x64_bin.tar.gz,linux,x64,jdk,116
2026-10-09T03:20:19+00:00,sapmachine-27+30,355155816,True,sapmachine-jre-27-ea.30_linux-x64_bin.tar.gz,linux,x64,jre,117
2026-10-09T03:20:19+00:00,sapmachine-27+30,355155816,True,sapmachine-jdk-27-ea.30_linux-x64_bin-symbols.tar.gz,linux,x64,jdk,1
2026-10-09T03:20:19+00:00,sapmachine-27+30,355155816,True,sapmachine-jdk-27-ea.30_linux-aarch64_bin.tar.gz,linux,aarch64,jdk,116
2026-10-09T03:20:19+00:00,sapmachine-27+30,355155816,True,sapmachine-jre-27-ea.30_linux-aarch64_bin.tar.gz,linux,aarch64,jre,116
2026-10-09T03:20:19+00:00,sapmachine-27+30,355155816,True,sapmachine-jdk-27-ea.30_linux-aarch64_bin-symbols.tar.gz,linux,aarch64,jdk,1
2026-10-09T03:20:19+00:00,sapmachine-27+30,355155816,True,sapmachine-jdk-27-ea.30_aix-ppc64_bin.tar.gz,aix,ppc64,jdk,116
2026-10-09T03:20:19+00:00,sapmachine-27+30,355155816,True,sapmachine-jre-27-ea.30_aix-ppc64_bin.tar.gz,aix,ppc64,jre,115
2026-10-09T03:20:19+00:00,sapmachine-27+30,355155816,True,sapmachine-jdk-27-ea.30_aix-ppc64_bin-symbols.tar.gz,aix,ppc64,jdk,1
2026-10-09T03:20:19+00:00,sapmachine-27+30,355155816,True,sapmachine-jdk-27-ea.30_linux-ppc64le_bin.tar.gz,linux,ppc64,jdk,119
2026-10-09T03:20:19+00:00,sapmachine-27+30,355155816,True,sapmachine-jre-27-ea.30_linux-ppc64le_bin.tar.gz,linux,ppc64,jre,119
2026-10-09T03:20:19+00:00,sapmachine-27+30,355155816,True,sapmachine-jdk-27-ea.30_linux-ppc64le_bin-symbols.tar.gz,linux,ppc64,jdk,1
2026-10-09T03:20:19+00:00,sapmachine-27+30,355155816,True,sapmachine-jdk-27-ea.30_macos-aarch64_bin.tar.gz,macos,aarch64,jdk,123
2026-10-09T03:20:19+00:00,sapmachine-27+30,355155816,True,sapmachine-jre-27-ea.30_macos-aarch64_bin.tar.gz,macos,aarch64,jre,123
2026-10-09T03:20:19+00:00,sapmachine-27+30,355155816,True,sapmachine-jdk-27-ea.30_macos-aarch64_bin-symbols.tar.gz,macos,aarch64,jdk,1
2026-10-09T03:20:19+00:00,sapmachine-27+30,355155816,True,sapmachine-jdk-27-ea.30_macos-aarch64_bin.dmg,macos,aarch64,jdk,120
2026-10-09T03:20:19+00:00,sapmachine-27+30,355155816,True,sapmachine-jre-27-ea.30_macos-aarch64_bin.dmg,macos,aarch64,jre,117
2026-10-09T03:20:19+00:00,sapmachine-27+30,355155816,True,sapmachine-jdk-27-ea.30_windows-x64_bin.zip,windows,x64,jdk,119
2026-10-09T03:20:19+00:00,sapmachine-27+30,355155816,True,sapmachine-jre-27-ea.30_windows-x64_bin.zip,windows,x64,jre,116
2026-10-09T03:20:19+00:00,sapmachine-27+30,355155816,True,sapmachine-jdk-27-ea.30_windows-x64_bin-symbols.tar.gz,windows,x64,jdk,1
2026-10-09T03:20:19+00:00,sapmachine-28+6,355175502,True,sapmachine-jdk-28-ea.6_linux-x64-musl_bin.tar.gz,alpine,x64,jdk,115
2026-10-09T03:20:19+00:00,sapmachine-28+6,355175502,True,sapmachine-jre-28-ea.6_linux-x64-musl_bin.tar.gz,alpine,x64,jre,117
2026-10-09T03:20:19+00:00,sapmachine-28+6,355175502,True,sapmachine-jdk-28-ea.6_linux-x64-musl_bin-symbols.tar.gz,alpine,x64,jdk,2
2026-10-09T03:20:19+00:00,sapmachine-28+6,355175502,True,sapmachine-jdk-28-ea.6_linux-aarch64_bin.tar.gz,linux,aarch64,jdk,120
2026-10-09T03:20:19+00:00,sapmachine-28+6,355175502,True,sapmachine-jre-28-ea.6_linux-aarch64_bin.tar.gz,linux,aarch64,jre,119
2026-10-09T03:20:19+00:00,sapmachine-28+6,355175502,True,sapmachine-jdk-28-ea.6_linux-aarch64_bin-symbols.tar.gz,linux,aarch64,jdk,1
2026-10-09T03:20:19+00:00,sapmachine-28+6,355175502,True,sapmachine-jdk-28-ea.6_linux-x64_bin.tar.gz,linux,x64,jdk,114
2026-10-09T03:20:19+00:00,sapmachine-28+6,355175502,True,sapmachine-jre-28-ea.6_linux-x64_bin.tar.gz,linux,x64,jre,117
2026-10-09T03:20:19+00:00,sapmachine-28+6,355175502,True,sapmachine-jdk-28-ea.6_linux-x64_bin-symbols.tar.gz,linux,x64,jdk,1
2026-10-09T03:20:19+00:00,sapmachine-28+6,355175502,True,sapmachine-jdk-28-ea.6_macos-aarch64_bin.tar.gz,macos,aarch64,jdk,111
2026-10-09T03:20:19+00:00,sapmachine-28+6,355175502,True,sapmachine-jre-28-ea.6_macos-aarch64_bin.tar.gz,macos,aarch64,jre,115
2026-10-09T03:20:19+00:00,sapmachine-28+6,355175502,True,sapmachine-jdk-28-ea.6_macos-aarch64_bin-symbols.tar.gz,macos,aarch64,jdk,1
2026-10-09T03:20:19+00:00,sapmachine-28+6,355175502,True,sapmachine-jdk-28-ea.6_macos-aarch64_bin.dmg,macos,aarch64,jdk,115
2026-10-09T03:20:19+00:00,sapmachine-28+6,355175502,True,sapmachine-jre-28-ea.6_macos-aarch64_bin.dmg,macos,aarch64,jre,114
2026-10-09T03:20:19+00:00,sapmachine-28+6,355175502,True,sapmachine-jdk-28-ea.6_aix-ppc64_bin.tar.gz,aix,ppc64,jdk,110
2026-10-09T03:20:19+00:00,sapmachine-28+6,355175502,True,sapmachine-jre-28-ea.6_aix-ppc64_bin.tar.gz,aix,ppc64,jre,117
2026-10-09T03:20:19+00:00,sapmachine-28+6,355175502,True,sapmachine-jdk-28-ea.6_aix-ppc64_bin-symbols.tar.gz,aix,ppc64,jdk,1
2026-10-09T03:20:19+00:00,sapmachine-28+6,355175502,True,sapmachine-jdk-28-ea.6_linux-ppc64le_bin.tar.gz,linux,ppc64,jdk,116
2026-10-09T03:20:19+00:00,sapmachine-28+6,355175502,True,sapmachine-jre-28-ea.6_linux-ppc64le_bin.tar.gz,linux,ppc64,jre,116
2026-10-09T03:20:19+00:00,sapmachine-28+6,355175502,True,sapmachine-jdk-28-ea.6_linux-ppc64le_bin-symbols.tar.gz,linux,ppc64,jdk,1
2026-10-09T03:20:19+00:00,sapmachine-28+6,355175502,True,sapmachine-jdk-28-ea.6_windows-x64_bin.zip,windows,x64,jdk,113
2026-10-09T03:20:19+00:00,sapmachine-28+6,355175502,True,sapmachine-jre-28-ea.6_windows-x64_bin.zip,windows,x64,jre,111
2026-10-09T03:20:19+00:00,sapmachine-28+6,355175502,True,sapmachine-jdk-28-ea.6_windows-x64_bin-symbols.tar.gz,windows,x64,jdk,1
2026-10-09T03:20:19+00:00,sapmachine-27+29,348838230,True,sapmachine-jdk-27-ea.29_linux-x64_bin.tar.gz,linux,x64,jdk,131
2026-10-09T03:20:19+00:00,sapmachine-27+29,348838230,True,sapmachine-jre-27-ea.29_linux-x64_bin.tar.gz,linux,x64,jre,132
2026-10-09T03:20:19+00:00,sapmachine-27+29,348838230,True,sapmachine-jdk-27-ea.29_linux-x64_bin-symbols.tar.gz,linux,x64,jdk,2
2026-10-09T03:20:19+00:00,sapmachine-27+29,348838230,True,sapmachine-jdk-27-ea.29_aix-ppc64_bin.tar.gz,aix,ppc64,jdk,126
2026-10-09T03:20:19+00:00,sapmachine-27+29,348838230,True,sapmachine-jre-27-ea.29_aix-ppc64_bin.tar.gz,aix,ppc64,jre,126
2026-10-09T03:20:19+00:00,sapmachine-27+29,348838230,True,sapmachine-jdk-27-ea.29_aix-ppc64_bin-symbols.tar.gz,aix,ppc64,jdk,2
2026-10-09T03:20:19+00:00,sapmachine-27+29,348838230,True,sapmachine-jdk-27-ea.29_macos-aarch64_bin.tar.gz,macos,aarch64,jdk,137
2026-10-09T03:20:19+00:00,sapmachine-27+29,348838230,True,sapmachine-jre-27-ea.29_macos-aarch64_bin.tar.gz,macos,aarch64,jre,130
2026-10-09T03:20:19+00:00,sapmachine-27+29,348838230,True,sapmachine-jdk-27-ea.29_macos-aarch64_bin-symbols.tar.gz,macos,aarch64,jdk,2
2026-10-09T03:20:19+00:00,sapmachine-27+29,348838230,True,sapmachine-jdk-27-ea.29_macos-aarch64_bin.dmg,macos,aarch64,jdk,131
2026-10-09T03:20:19+00:00,sapmachine-27+29,348838230,True,sapmachine-jre-27-ea.29_macos-aarch64_bin.dmg,macos,aarch64,jre,130
2026-10-09T03:20:19+00:00,sapmachine-27+29,348838230,True,sapmachine-jdk-27-ea.29_linux-x64-musl_bin.tar.gz,alpine,x64,jdk,127
2026-10-09T03:20:19+00:00,sapmachine-27+29,348838230,True,sapmachine-jre-27-ea.29_linux-x64-musl_bin.tar.gz,alpine,x64,jre,126
2026-10-09T03:20:19+00:00,sapmachine-27+29,348838230,True,sapmachine-jdk-27-ea.29_linux-x64-musl_bin-symbols.tar.gz,alpine,x64,jdk,1
2026-10-09T03:20:19+00:00,sapmachine-27+29,348838230,True,sapmachine-jdk-27-ea.29_linux-ppc64le_bin.tar.gz,linux,ppc64,jdk,136
2026-10-09T03:20:19+00:00,sapmachine-27+29,348838230,True,sapmachine-jre-27-ea.29_linux-ppc64le_bin.tar.gz,linux,ppc64,jre,134
2026-10-09T03:20:19+00:00,sapmachine-27+29,348838230,True,sapmachine-jdk-27-ea.29_linux-ppc64le_bin-symbols.tar.gz,linux,ppc64,jdk,1
2026-10-09T03:20:19+00:00,sapmachine-27+29,348838230,True,sapmachine-jdk-27-ea.29_linux-aarch64_bin.tar.gz,linux,aarch64,jdk,131
2026-10-09T03:20:19+00:00,sapmachine-27+29,348838230,True,sapmachine-jre-27-ea.29_linux-aarch64_bin.tar.gz,linux,aarch64,jre,131
2026-10-09T03:20:19+00:00,sapmachine-27+29,348838230,True,sapmachine-jdk-27-ea.29_linux-aarch64_bin-symbols.tar.gz,linux,aarch64,jdk,1
2026-10-09T03:20:19+00:00,sapmachine-27+29,348838230,True,sapmachine-jdk-27-ea.29_windows-x64_bin.zip,windows,x64,jdk,131
2026-10-09T03:20:19+00:00,sapmachine-27+29,348838230,True,sapmachine-jre-27-ea.29_windows-x64_bin.zip,windows,x64,jre,134
2026-10-09T03:20:19+00:00,sapmachine-27+29,348838230,True,sapmachine-jdk-27-ea.29_windows-x64_bin-symbols.tar.gz,windows,x64,jdk,1
2026-10-09T03:20:19+00:00,sapmachine-28+5,348837538,True,sapmachine-jdk-28-ea.5_linux-x64-musl_bin.tar.gz,alpine,x64,jdk,133
2026-10-09T03:20:19+00:00,sapmachine-28+5,348837538,True,sapmachine-jre-28-ea.5_linux-x64-musl_bin.tar.gz,alpine,x64,jre,135
2026-10-09T03:20:19+00:00,sapmachine-28+5,348837538,True,sapmachine-jdk-28-ea.5_linux-x64-musl_bin-symbols.tar.gz,alpine,x64,jdk,3
2026-10-09T03:20:19+00:00,sapmachine-28+5,348837538,True,sapmachine-jdk-28-ea.5_macos-aarch64_bin.tar.gz,macos,aarch64,jdk,133
2026-10-09T03:20:19+00:00,sapmachine-28+5,348837538,True,sapmachine-jre-28-ea.5_macos-aarch64_bin.tar.gz,macos,aarch64,jre,138
2026-10-09T03:20:19+00:00,sapmachine-28+5,348837538,True,sapmachine-jdk-28-ea.5_macos-aarch64_bin-symbols.tar.gz,macos,aarch64,jdk,3
2026-10-09T03:20:19+00:00,sapmachine-28+5,348837538,True,sapmachine-jdk-28-ea.5_macos-aarch64_bin.dmg,macos,aarch64,jdk,132
2026-10-09T03:20:19+00:00,sapmachine-28+5,348837538,True,sapmachine-jre-28-ea.5_macos-aarch64_bin.dmg,macos,aarch64,jre,136
2026-10-09T03:20:19+00:00,sapmachine-28+5,348837538,True,sapmachine-jdk-28-ea.5_linux-x64_bin.tar.gz,linux,x64,jdk,128
2026-10-09T03:20:19+00:00,sapmachine-28+5,348837538,True,sapmachine-jre-28-ea.5_linux-x64_bin.tar.gz,linux,x64,jre,127
2026-10-09T03:20:19+00:00,sapmachine-28+5,348837538,True,sapmachine-jdk-28-ea.5_linux-x64_bin-symbols.tar.gz,linux,x64,jdk,1
2026-10-09T03:20:19+00:00,sapmachine-28+5,348837538,True,sapmachine-jdk-28-ea.5_linux-aarch64_bin.tar.gz,linux,aarch64,jdk,127
2026-10-09T03:20:19+00:00,sapmachine-28+5,348837538,True,sapmachine-jre-28-ea.5_linux-aarch64_bin.tar.gz,linux,aarch64,jre,132
2026-10-09T03:20:19+00:00,sapmachine-28+5,348837538,True,sapmachine-jdk-28-ea.5_linux-aarch64_bin-symbols.tar.gz,linux,aarch64,jdk,1
2026-10-09T03:20:19+00:00,sapmachine-28+5,348837538,True,sapmachine-jdk-28-ea.5_aix-ppc64_bin.tar.gz,aix,ppc64,jdk,132
2026-10-09T03:20:19+00:00,sapmachine-28+5,348837538,True,sapmachine-jre-28-ea.5_aix-ppc64_bin.tar.gz,aix,ppc64,jre,132
2026-10-09T03:20:19+00:00,sapmachine-28+5,348837538,True,sapmachine-jdk-28-ea.5_aix-ppc64_bin-symbols.tar.gz,aix,ppc64,jdk,1
2026-10-09T03:20:19+00:00,sapmachine-28+5,348837538,True,sapmachine-jdk-28-ea.5_linux-ppc64le_bin.tar.gz,linux,ppc64,jdk,124
2026-10-09T03:20:19+00:00,sapmachine-28+5,348837538,True,sapmachine-jre-28-ea.5_linux-ppc64le_bin.tar.gz,linux,ppc64,jre,128
2026-10-09T03:20:19+00:00,sapmachine-28+5,348837538,True,sapmachine-jdk-28-ea.5_linux-ppc64le_bin-symbols.tar.gz,linux,ppc64,jdk,1
2026-10-09T03:20:19+00:00,sapmachine-28+5,348837538,True,sapmachine-jdk-28-ea.5_windows-x64_bin.zip,windows,x64,jdk,143
2026-10-09T03:20:19+00:00,sapmachine-28+5,348837538,True,sapmachine-jre-28-ea.5_windows-x64_bin.zip,windows,x64,jre,129
2026-10-09T03:20:19+00:00,sapmachine-28+5,348837538,True,sapmachine-jdk-28-ea.5_windows-x64_bin-symbols.tar.gz,windows,x64,jdk,1
2026-10-09T03:20:19+00:00,sapmachine-28+4,347179004,True,sapmachine-jdk-28-ea.4_linux-x64-musl_bin.tar.gz,alpine,x64,jdk,138
2026-10-09T03:20:19+00:00,sapmachine-28+4,347179004,True,sapmachine-jre-28-ea.4_linux-x64-musl_bin.tar.gz,alpine,x64,jre,138
2026-10-09T03:20:19+00:00,sapmachine-28+4,347179004,True,sapmachine-jdk-28-ea.4_linux-x64-musl_bin-symbols.tar.gz,alpine,x64,jdk,2
2026-10-09T03:20:19+00:00,sapmachine-28+4,347179004,True,sapmachine-jdk-28-ea.4_macos-aarch64_bin.tar.gz,macos,aarch64,jdk,136
2026-10-09T03:20:19+00:00,sapmachine-28+4,347179004,True,sapmachine-jre-28-ea.4_macos-aarch64_bin.tar.gz,macos,aarch64,jre,138
2026-10-09T03:20:19+00:00,sapmachine-28+4,347179004,True,sapmachine-jdk-28-ea.4_macos-aarch64_bin-symbols.tar.gz,macos,aarch64,jdk,2
2026-10-09T03:20:19+00:00,sapmachine-28+4,347179004,True,sapmachine-jdk-28-ea.4_macos-aarch64_bin.dmg,macos,aarch64,jdk,138
2026-10-09T03:20:19+00:00,sapmachine-28+4,347179004,True,sapmachine-jre-28-ea.4_macos-aarch64_bin.dmg,macos,aarch64,jre,135
2026-10-09T03:20:19+00:00,sapmachine-28+4,347179004,True,sapmachine-jdk-28-ea.4_linux-x64_bin.tar.gz,linux,x64,jdk,135
2026-10-09T03:20:19+00:00,sapmachine-28+4,347179004,True,sapmachine-jre-28-ea.4_linux-x64_bin.tar.gz,linux,x64,jre,139
2026-10-09T03:20:19+00:00,sapmachine-28+4,347179004,True,sapmachine-jdk-28-ea.4_linux-x64_bin-symbols.tar.gz,linux,x64,jdk,1
2026-10-09T03:20:19+00:00,sapmachine-28+4,347179004,True,sapmachine-jdk-28-ea.4_linux-ppc64le_bin.tar.gz,linux,ppc64,jdk,134
2026-10-09T03:20:19+00:00,sapmachine-28+4,347179004,True,sapmachine-jre-28-ea.4_linux-ppc64le_bin.tar.gz,linux,ppc64,jre,136
2026-10-09T03:20:19+00:00,sapmachine-28+4,347179004,True,sapmachine-jdk-28-ea.4_linux-ppc64le_bin-symbols.tar.gz,linux,ppc64,jdk,1
2026-10-09T03:20:19+00:00,sapmachine-28+4,347179004,True,sapmachine-jdk-28-ea.4_linux-aarch64_bin.tar.gz,linux,aarch64,jdk,134
2026-10-09T03:20:19+00:00,sapmachine-28+4,347179004,True,sapmachine-jre-28-ea.4_linux-aarch64_bin.tar.gz,linux,aarch64,jre,131
2026-10-09T03:20:19+00:00,sapmachine-28+4,347179004,True,sapmachine-jdk-28-ea.4_linux-aarch64_bin-symbols.tar.gz,linux,aarch64,jdk,1
2026-10-09T03:20:19+00:00,sapmachine-28+4,347179004,True,sapmachine-jdk-28-ea.4_aix-ppc64_bin.tar.gz,aix,ppc64,jdk,135
2026-10-09T03:20:19+00:00,sapmachine-28+4,347179004,True,sapmachine-jre-28-ea.4_aix-ppc64_bin.tar.gz,aix,ppc64,jre,136
2026-10-09T03:20:19+00:00,sapmachine-28+4,347179004,True,sapmachine-jdk-28-ea.4_aix-ppc64_bin-symbols.tar.gz,aix,ppc64,jdk,1
2026-10-09T03:20:19+00:00,sapmachine-28+4,347179004,True,sapmachine-jdk-28-ea.4_windows-x64_bin.zip,windows,x64,jdk,134
2026-10-09T03:20:19+00:00,sapmachine-28+4,347179004,True,sapmachine-jre-28-ea.4_windows-x64_bin.zip,windows,x64,jre,134
2026-10-09T03:20:19+00:00,sapmachine-28+4,347179004,True,sapmachine-jdk-28-ea.4_windows-x64_bin-symbols.tar.gz,windows,x64,jdk,1
2026-10-09T03:20:19+00:00,sapmachine-27+28,345266471,True,sapmachine-jdk-27-ea.28_linux-x64-musl_bin.tar.gz,alpine,x64,jdk,140
2026-10-09T03:20:19+00:00,sapmachine-27+28,345266471,True,sapmachine-jre-27-ea.28_linux-x64-musl_bin.tar.gz,alpine,x64,jre,142
2026-10-09T03:20:19+00:00,sapmachine-27+28,345266471,True,sapmachine-jdk-27-ea.28_linux-x64-musl_bin-symbols.tar.gz,alpine,x64,jdk,1
2026-10-09T03:20:19+00:00,sapmachine-27+28,345266471,True,sapmachine-jdk-27-ea.28_linux-x64_bin.tar.gz,linux,x64,jdk,141
2026-10-09T03:20:19+00:00,sapmachine-27+28,345266471,True,sapmachine-jre-27-ea.28_linux-x64_bin.tar.gz,linux,x64,jre,141
2026-10-09T03:20:19+00:00,sapmachine-27+28,345266471,True,sapmachine-jdk-27-ea.28_linux-x64_bin-symbols.tar.gz,linux,x64,jdk,1
2026-10-09T03:20:19+00:00,sapmachine-27+28,345266471,True,sapmachine-jdk-27-ea.28_linux-ppc64le_bin.tar.gz,linux,ppc64,jdk,143
2026-10-09T03:20:19+00:00,sapmachine-27+28,345266471,True,sapmachine-jre-27-ea.28_linux-ppc64le_bin.tar.gz,linux,ppc64,jre,146
2026-10-09T03:20:19+00:00,sapmachine-27+28,345266471,True,sapmachine-jdk-27-ea.28_linux-ppc64le_bin-symbols.tar.gz,linux,ppc64,jdk,1
2026-10-09T03:20:19+00:00,sapmachine-27+28,345266471,True,sapmachine-jdk-27-ea.28_macos-aarch64_bin.tar.gz,macos,aarch64,jdk,153
2026-10-09T03:20:19+00:00,sapmachine-27+28,345266471,True,sapmachine-jre-27-ea.28_macos-aarch64_bin.tar.gz,macos,aarch64,jre,143
2026-10-09T03:20:19+00:00,sapmachine-27+28,345266471,True,sapmachine-jdk-27-ea.28_macos-aarch64_bin-symbols.tar.gz,macos,aarch64,jdk,1
2026-10-09T03:20:19+00:00,sapmachine-27+28,345266471,True,sapmachine-jdk-27-ea.28_macos-aarch64_bin.dmg,macos,aarch64,jdk,144
2026-10-09T03:20:19+00:00,sapmachine-27+28,345266471,True,sapmachine-jre-27-ea.28_macos-aarch64_bin.dmg,macos,aarch64,jre,139
2026-10-09T03:20:19+00:00,sapmachine-27+28,345266471,True,sapmachine-jdk-27-ea.28_aix-ppc64_bin.tar.gz,aix,ppc64,jdk,141
2026-10-09T03:20:19+00:00,sapmachine-27+28,345266471,True,sapmachine-jre-27-ea.28_aix-ppc64_bin.tar.gz,aix,ppc64,jre,141
2026-10-09T03:20:19+00:00,sapmachine-27+28,345266471,True,sapmachine-jdk-27-ea.28_aix-ppc64_bin-symbols.tar.gz,aix,ppc64,jdk,1
2026-10-09T03:20:19+00:00,sapmachine-27+28,345266471,True,sapmachine-jdk-27-ea.28_linux-aarch64_bin.tar.gz,linux,aarch64,jdk,144
2026-10-09T03:20:19+00:00,sapmachine-27+28,345266471,True,sapmachine-jre-27-ea.28_linux-aarch64_bin.tar.gz,linux,aarch64,jre,144
2026-10-09T03:20:19+00:00,sapmachine-27+28,345266471,True,sapmachine-jdk-27-ea.28_linux-aarch64_bin-symbols.tar.gz,linux,aarch64,jdk,1
2026-10-09T03:20:19+00:00,sapmachine-27+28,345266471,True,sapmachine-jdk-27-ea.28_windows-x64_bin.zip,windows,x64,jdk,148
2026-10-09T03:20:19+00:00,sapmachine-27+28,345266471,True,sapmachine-jre-27-ea.28_windows-x64_bin.zip,windows,x64,jre,152
2026-10-09T03:20:19+00:00,sapmachine-27+28,345266471,True,sapmachine-jdk-27-ea.28_windows-x64_bin-symbols.tar.gz,windows,x64,jdk,1
2026-10-09T03:20:19+00:00,sapmachine-21.0.12+7,345167640,True,sapmachine-jdk-21.0.12-ea.7_linux-x64_bin.tar.gz,linux,x64,jdk,1759
2026-10-09T03:20:19+00:00,sapmachine-21.0.12+7,345167640,True,sapmachine-jre-21.0.12-ea.7_linux-x64_bin.tar.gz,linux,x64,jre,144
2026-10-09T03:20:19+00:00,sapmachine-21.0.12+7,345167640,True,sapmachine-jdk-21.0.12-ea.7_linux-x64_bin-symbols.tar.gz,linux,x64,jdk,2
2026-10-09T03:20:19+00:00,sapmachine-21.0.12+7,345167640,True,sapmachine-jdk-21.0.12-ea.7_aix-ppc64_bin.tar.gz,aix,ppc64,jdk,140
2026-10-09T03:20:19+00:00,sapmachine-21.0.12+7,345167640,True,sapmachine-jre-21.0.12-ea.7_aix-ppc64_bin.tar.gz,aix,ppc64,jre,139
2026-10-09T03:20:19+00:00,sapmachine-21.0.12+7,345167640,True,sapmachine-jdk-21.0.12-ea.7_aix-ppc64_bin-symbols.tar.gz,aix,ppc64,jdk,2
2026-10-09T03:20:19+00:00,sapmachine-21.0.12+7,345167640,True,sapmachine-jdk-21.0.12-ea.7_macos-aarch64_bin.tar.gz,macos,aarch64,jdk,1791
2026-10-09T03:20:19+00:00,sapmachine-21.0.12+7,345167640,True,sapmachine-jre-21.0.12-ea.7_macos-aarch64_bin.tar.gz,macos,aarch64,jre,151
2026-10-09T03:20:19+00:00,sapmachine-21.0.12+7,345167640,True,sapmachine-jdk-21.0.12-ea.7_macos-aarch64_bin-symbols.tar.gz,macos,aarch64,jdk,1
2026-10-09T03:20:19+00:00,sapmachine-21.0.12+7,345167640,True,sapmachine-jdk-21.0.12-ea.7_macos-aarch64_bin.dmg,macos,aarch64,jdk,148
2026-10-09T03:20:19+00:00,sapmachine-21.0.12+7,345167640,True,sapmachine-jre-21.0.12-ea.7_macos-aarch64_bin.dmg,macos,aarch64,jre,137
2026-10-09T03:20:19+00:00,sapmachine-21.0.12+7,345167640,True,sapmachine-jdk-21.0.12-ea.7_linux-x64-musl_bin.tar.gz,alpine,x64,jdk,136
2026-10-09T03:20:19+00:00,sapmachine-21.0.12+7,345167640,True,sapmachine-jre-21.0.12-ea.7_linux-x64-musl_bin.tar.gz,alpine,x64,jre,138
2026-10-09T03:20:19+00:00,sapmachine-21.0.12+7,345167640,True,sapmachine-jdk-21.0.12-ea.7_linux-x64-musl_bin-symbols.tar.gz,alpine,x64,jdk,1
2026-10-09T03:20:19+00:00,sapmachine-21.0.12+7,345167640,True,sapmachine-jdk-21.0.12-ea.7_linux-ppc64le_bin.tar.gz,linux,ppc64,jdk,142
2026-10-09T03:20:19+00:00,sapmachine-21.0.12+7,345167640,True,sapmachine-jre-21.0.12-ea.7_linux-ppc64le_bin.tar.gz,linux,ppc64,jre,144
2026-10-09T03:20:19+00:00,sapmachine-21.0.12+7,345167640,True,sapmachine-jdk-21.0.12-ea.7_linux-ppc64le_bin-symbols.tar.gz,linux,ppc64,jdk,1
2026-10-09T03:20:19+00:00,sapmachine-21.0.12+7,345167640,True,sapmachine-jdk-21.0.12-ea.7_linux-aarch64_bin.tar.gz,linux,aarch64,jdk,143
2026-10-09T03:20:19+00:00,sapmachine-21.0.12+7,345167640,True,sapmachine-jre-21.0.12-ea.7_linux-aarch64_bin.tar.gz,linux,aarch64,jre,143
2026-10-09T03:20:19+00:00,sapmachine-21.0.12+7,345167640,True,sapmachine-jdk-21.0.12-ea.7_linux-aarch64_bin-symbols.tar.gz,linux,aarch64,jdk,1
2026-10-09T03:20:19+00:00,sapmachine-21.0.12+7,345167640,True,sapmachine-jdk-21.0.12-ea.7_macos-x64_bin.tar.gz,macos,x64,jdk,143
2026-10-09T03:20:19+00:00,sapmachine-21.0.12+7,345167640,True,sapmachine-jre-21.0.12-ea.7_macos-x64_bin.tar.gz,macos,x64,jre,138
2026-10-09T03:20:19+00:00,sapmachine-21.0.12+7,345167640,True,sapmachine-jdk-21.0.12-ea.7_macos-x64_bin-symbols.tar.gz,macos,x64,jdk,2
2026-10-09T03:20:19+00:00,sapmachine-21.0.12+7,345167640,True,sapmachine-jdk-21.0.12-ea.7_macos-x64_bin.dmg,macos,x64,jdk,141
2026-10-09T03:20:19+00:00,sapmachine-21.0.12+7,345167640,True,sapmachine-jre-21.0.12-ea.7_macos-x64_bin.dmg,macos,x64,jre,139
2026-10-09T03:20:19+00:00,sapmachine-21.0.12+7,345167640,True,sapmachine-jdk-21.0.12-ea.7_windows-x64_bin.zip,windows,x64,jdk,1735
2026-10-09T03:20:19+00:00,sapmachine-21.0.12+7,345167640,True,sapmachine-jre-21.0.12-ea.7_windows-x64_bin.zip,windows,x64,jre,140
2026-10-09T03:20:19+00:00,sapmachine-21.0.12+7,345167640,True,sapmachine-jdk-21.0.12-ea.7_windows-x64_bin-symbols.tar.gz,windows,x64,jdk,1
2026-10-09T03:20:19+00:00,sapmachine-25.0.4+6,345165761,True,sapmachine-jdk-25.0.4-ea.6_linux-x64-musl_bin.tar.gz,alpine,x64,jdk,142
2026-10-09T03:20:19+00:00,sapmachine-25.0.4+6,345165761,True,sapmachine-jre-25.0.4-ea.6_linux-x64-musl_bin.tar.gz,alpine,x64,jre,147
2026-10-09T03:20:19+00:00,sapmachine-25.0.4+6,345165761,True,sapmachine-jdk-25.0.4-ea.6_linux-x64-musl_bin-symbols.tar.gz,alpine,x64,jdk,2
2026-10-09T03:20:19+00:00,sapmachine-25.0.4+6,345165761,True,sapmachine-jdk-25.0.4-ea.6_linux-x64_bin.tar.gz,linux,x64,jdk,170
2026-10-09T03:20:19+00:00,sapmachine-25.0.4+6,345165761,True,sapmachine-jre-25.0.4-ea.6_linux-x64_bin.tar.gz,linux,x64,jre,144
2026-10-09T03:20:19+00:00,sapmachine-25.0.4+6,345165761,True,sapmachine-jdk-25.0.4-ea.6_linux-x64_bin-symbols.tar.gz,linux,x64,jdk,1
2026-10-09T03:20:19+00:00,sapmachine-25.0.4+6,345165761,True,sapmachine-jdk-25.0.4-ea.6_aix-ppc64_bin.tar.gz,aix,ppc64,jdk,138
2026-10-09T03:20:19+00:00,sapmachine-25.0.4+6,345165761,True,sapmachine-jre-25.0.4-ea.6_aix-ppc64_bin.tar.gz,aix,ppc64,jre,139
2026-10-09T03:20:19+00:00,sapmachine-25.0.4+6,345165761,True,sapmachine-jdk-25.0.4-ea.6_aix-ppc64_bin-symbols.tar.gz,aix,ppc64,jdk,2
2026-10-09T03:20:19+00:00,sapmachine-25.0.4+6,345165761,True,sapmachine-jdk-25.0.4-ea.6_macos-aarch64_bin.tar.gz,macos,aarch64,jdk,153
2026-10-09T03:20:19+00:00,sapmachine-25.0.4+6,345165761,True,sapmachine-jre-25.0.4-ea.6_macos-aarch64_bin.tar.gz,macos,aarch64,jre,147
2026-10-09T03:20:19+00:00,sapmachine-25.0.4+6,345165761,True,sapmachine-jdk-25.0.4-ea.6_macos-aarch64_bin-symbols.tar.gz,macos,aarch64,jdk,1
2026-10-09T03:20:19+00:00,sapmachine-25.0.4+6,345165761,True,sapmachine-jdk-25.0.4-ea.6_macos-aarch64_bin.dmg,macos,aarch64,jdk,148
2026-10-09T03:20:19+00:00,sapmachine-25.0.4+6,345165761,True,sapmachine-jre-25.0.4-ea.6_macos-aarch64_bin.dmg,macos,aarch64,jre,142
2026-10-09T03:20:19+00:00,sapmachine-25.0.4+6,345165761,True,sapmachine-jdk-25.0.4-ea.6_linux-aarch64_bin.tar.gz,linux,aarch64,jdk,147
2026-10-09T03:20:19+00:00,sapmachine-25.0.4+6,345165761,True,sapmachine-jre-25.0.4-ea.6_linux-aarch64_bin.tar.gz,linux,aarch64,jre,140
2026-10-09T03:20:19+00:00,sapmachine-25.0.4+6,345165761,True,sapmachine-jdk-25.0.4-ea.6_linux-aarch64_bin-symbols.tar.gz,linux,aarch64,jdk,1
2026-10-09T03:20:19+00:00,sapmachine-25.0.4+6,345165761,True,sapmachine-jdk-25.0.4-ea.6_linux-ppc64le_bin.tar.gz,linux,ppc64,jdk,143
2026-10-09T03:20:19+00:00,sapmachine-25.0.4+6,345165761,True,sapmachine-jre-25.0.4-ea.6_linux-ppc64le_bin.tar.gz,linux,ppc64,jre,145
2026-10-09T03:20:19+00:00,sapmachine-25.0.4+6,345165761,True,sapmachine-jdk-25.0.4-ea.6_linux-ppc64le_bin-symbols.tar.gz,linux,ppc64,jdk,1
2026-10-09T03:20:19+00:00,sapmachine-25.0.4+6,345165761,True,sapmachine-jdk-25.0.4-ea.6_windows-x64_bin.zip,windows,x64,jdk,148
2026-10-09T03:20:19+00:00,sapmachine-25.0.4+6,345165761,True,sapmachine-jre-25.0.4-ea.6_windows-x64_bin.zip,windows,x64,jre,145
2026-10-09T03:20:19+00:00,sapmachine-25.0.4+6,345165761,True,sapmachine-jdk-25.0.4-ea.6_windows-x64_bin-symbols.tar.gz,windows,x64,jdk,1
2026-10-09T03:20:19+00:00,sapmachine-17.0.20+7,344562073,True,sapmachine-jdk-17.0.20-ea.7_macos-aarch64_bin.tar.gz,macos,aarch64,jdk,2209
2026-10-09T03:20:19+00:00,sapmachine-17.0.20+7,344562073,True,sapmachine-jre-17.0.20-ea.7_macos-aarch64_bin.tar.gz,macos,aarch64,jre,145
2026-10-09T03:20:19+00:00,sapmachine-17.0.20+7,344562073,True,sapmachine-jdk-17.0.20-ea.7_macos-aarch64_bin-symbols.tar.gz,macos,aarch64,jdk,1
2026-10-09T03:20:19+00:00,sapmachine-17.0.20+7,344562073,True,sapmachine-jdk-17.0.20-ea.7_macos-aarch64_bin.dmg,macos,aarch64,jdk,150
2026-10-09T03:20:19+00:00,sapmachine-17.0.20+7,344562073,True,sapmachine-jre-17.0.20-ea.7_macos-aarch64_bin.dmg,macos,aarch64,jre,137
2026-10-09T03:20:19+00:00,sapmachine-17.0.20+7,344562073,True,sapmachine-jdk-17.0.20-ea.7_linux-x64-musl_bin.tar.gz,alpine,x64,jdk,131
2026-10-09T03:20:19+00:00,sapmachine-17.0.20+7,344562073,True,sapmachine-jre-17.0.20-ea.7_linux-x64-musl_bin.tar.gz,alpine,x64,jre,133
2026-10-09T03:20:19+00:00,sapmachine-17.0.20+7,344562073,True,sapmachine-jdk-17.0.20-ea.7_linux-x64-musl_bin-symbols.tar.gz,alpine,x64,jdk,1
2026-10-09T03:20:19+00:00,sapmachine-17.0.20+7,344562073,True,sapmachine-jdk-17.0.20-ea.7_linux-x64_bin.tar.gz,linux,x64,jdk,1815
2026-10-09T03:20:19+00:00,sapmachine-17.0.20+7,344562073,True,sapmachine-jre-17.0.20-ea.7_linux-x64_bin.tar.gz,linux,x64,jre,143
2026-10-09T03:20:19+00:00,sapmachine-17.0.20+7,344562073,True,sapmachine-jdk-17.0.20-ea.7_linux-x64_bin-symbols.tar.gz,linux,x64,jdk,1
2026-10-09T03:20:19+00:00,sapmachine-17.0.20+7,344562073,True,sapmachine-jdk-17.0.20-ea.7_macos-x64_bin.tar.gz,macos,x64,jdk,134
2026-10-09T03:20:19+00:00,sapmachine-17.0.20+7,344562073,True,sapmachine-jre-17.0.20-ea.7_macos-x64_bin.tar.gz,macos,x64,jre,134
2026-10-09T03:20:19+00:00,sapmachine-17.0.20+7,344562073,True,sapmachine-jdk-17.0.20-ea.7_macos-x64_bin-symbols.tar.gz,macos,x64,jdk,1
2026-10-09T03:20:19+00:00,sapmachine-17.0.20+7,344562073,True,sapmachine-jdk-17.0.20-ea.7_macos-x64_bin.dmg,macos,x64,jdk,138
2026-10-09T03:20:19+00:00,sapmachine-17.0.20+7,344562073,True,sapmachine-jre-17.0.20-ea.7_macos-x64_bin.dmg,macos,x64,jre,132
2026-10-09T03:20:19+00:00,sapmachine-17.0.20+7,344562073,True,sapmachine-jdk-17.0.20-ea.7_linux-ppc64le_bin.tar.gz,linux,ppc64,jdk,146
2026-10-09T03:20:19+00:00,sapmachine-17.0.20+7,344562073,True,sapmachine-jre-17.0.20-ea.7_linux-ppc64le_bin.tar.gz,linux,ppc64,jre,143
2026-10-09T03:20:19+00:00,sapmachine-17.0.20+7,344562073,True,sapmachine-jdk-17.0.20-ea.7_linux-ppc64le_bin-symbols.tar.gz,linux,ppc64,jdk,1
2026-10-09T03:20:19+00:00,sapmachine-17.0.20+7,344562073,True,sapmachine-jdk-17.0.20-ea.7_linux-aarch64_bin.tar.gz,linux,aarch64,jdk,134
2026-10-09T03:20:19+00:00,sapmachine-17.0.20+7,344562073,True,sapmachine-jre-17.0.20-ea.7_linux-aarch64_bin.tar.gz,linux,aarch64,jre,136
2026-10-09T03:20:19+00:00,sapmachine-17.0.20+7,344562073,True,sapmachine-jdk-17.0.20-ea.7_linux-aarch64_bin-symbols.tar.gz,linux,aarch64,jdk,1
2026-10-09T03:20:19+00:00,sapmachine-17.0.20+7,344562073,True,sapmachine-jdk-17.0.20-ea.7_windows-x64_bin.zip,windows,x64,jdk,1798
2026-10-09T03:20:19+00:00,sapmachine-17.0.20+7,344562073,True,sapmachine-jre-17.0.20-ea.7_windows-x64_bin.zip,windows,x64,jre,143
2026-10-09T03:20:19+00:00,sapmachine-17.0.20+7,344562073,True,sapmachine-jdk-17.0.20-ea.7_windows-x64_bin-symbols.tar.gz,windows,x64,jdk,1
2026-10-09T03:20:19+00:00,sapmachine-27+27,344554280,True,sapmachine-jdk-27-ea.27_linux-x64-musl_bin.tar.gz,alpine,x64,jdk,138
2026-10-09T03:20:19+00:00,sapmachine-27+27,344554280,True,sapmachine-jre-27-ea.27_linux-x64-musl_bin.tar.gz,alpine,x64,jre,140
2026-10-09T03:20:19+00:00,sapmachine-27+27,344554280,True,sapmachine-jdk-27-ea.27_linux-x64-musl_bin-symbols.tar.gz,alpine,x64,jdk,1
2026-10-09T03:20:19+00:00,sapmachine-27+27,344554280,True,sapmachine-jdk-27-ea.27_aix-ppc64_bin.tar.gz,aix,ppc64,jdk,139
2026-10-09T03:20:19+00:00,sapmachine-27+27,344554280,True,sapmachine-jre-27-ea.27_aix-ppc64_bin.tar.gz,aix,ppc64,jre,138
2026-10-09T03:20:19+00:00,sapmachine-27+27,344554280,True,sapmachine-jdk-27-ea.27_aix-ppc64_bin-symbols.tar.gz,aix,ppc64,jdk,1
2026-10-09T03:20:19+00:00,sapmachine-27+27,344554280,True,sapmachine-jdk-27-ea.27_macos-aarch64_bin.tar.gz,macos,aarch64,jdk,143
2026-10-09T03:20:19+00:00,sapmachine-27+27,344554280,True,sapmachine-jre-27-ea.27_macos-aarch64_bin.tar.gz,macos,aarch64,jre,148
2026-10-09T03:20:19+00:00,sapmachine-27+27,344554280,True,sapmachine-jdk-27-ea.27_macos-aarch64_bin-symbols.tar.gz,macos,aarch64,jdk,1
2026-10-09T03:20:19+00:00,sapmachine-27+27,344554280,True,sapmachine-jdk-27-ea.27_macos-aarch64_bin.dmg,macos,aarch64,jdk,141
2026-10-09T03:20:19+00:00,sapmachine-27+27,344554280,True,sapmachine-jre-27-ea.27_macos-aarch64_bin.dmg,macos,aarch64,jre,138
2026-10-09T03:20:19+00:00,sapmachine-27+27,344554280,True,sapmachine-jdk-27-ea.27_linux-ppc64le_bin.tar.gz,linux,ppc64,jdk,142
2026-10-09T03:20:19+00:00,sapmachine-27+27,344554280,True,sapmachine-jre-27-ea.27_linux-ppc64le_bin.tar.gz,linux,ppc64,jre,145
2026-10-09T03:20:19+00:00,sapmachine-27+27,344554280,True,sapmachine-jdk-27-ea.27_linux-ppc64le_bin-symbols.tar.gz,linux,ppc64,jdk,1
2026-10-09T03:20:19+00:00,sapmachine-27+27,344554280,True,sapmachine-jdk-27-ea.27_linux-x64_bin.tar.gz,linux,x64,jdk,151
2026-10-09T03:20:19+00:00,sapmachine-27+27,344554280,True,sapmachine-jre-27-ea.27_linux-x64_bin.tar.gz,linux,x64,jre,142
2026-10-09T03:20:19+00:00,sapmachine-27+27,344554280,True,sapmachine-jdk-27-ea.27_linux-x64_bin-symbols.tar.gz,linux,x64,jdk,1
2026-10-09T03:20:19+00:00,sapmachine-27+27,344554280,True,sapmachine-jdk-27-ea.27_linux-aarch64_bin.tar.gz,linux,aarch64,jdk,144
2026-10-09T03:20:19+00:00,sapmachine-27+27,344554280,True,sapmachine-jre-27-ea.27_linux-aarch64_bin.tar.gz,linux,aarch64,jre,143
2026-10-09T03:20:19+00:00,sapmachine-27+27,344554280,True,sapmachine-jdk-27-ea.27_linux-aarch64_bin-symbols.tar.gz,linux,aarch64,jdk,1
2026-10-09T03:20:19+00:00,sapmachine-27+27,344554280,True,sapmachine-jdk-27-ea.27_windows-x64_bin.zip,windows,x64,jdk,144
2026-10-09T03:20:19+00:00,sapmachine-27+27,344554280,True,sapmachine-jre-27-ea.27_windows-x64_bin.zip,windows,x64,jre,141
2026-10-09T03:20:19+00:00,sapmachine-27+27,344554280,True,sapmachine-jdk-27-ea.27_windows-x64_bin-symbols.tar.gz,windows,x64,jdk,1
2026-10-09T03:20:19+00:00,sapmachine-28+3,344554012,True,sapmachine-jdk-28-ea.3_macos-aarch64_bin.tar.gz,macos,aarch64,jdk,140
2026-10-09T03:20:19+00:00,sapmachine-28+3,344554012,True,sapmachine-jre-28-ea.3_macos-aarch64_bin.tar.gz,macos,aarch64,jre,140
2026-10-09T03:20:19+00:00,sapmachine-28+3,344554012,True,sapmachine-jdk-28-ea.3_macos-aarch64_bin-symbols.tar.gz,macos,aarch64,jdk,1
2026-10-09T03:20:19+00:00,sapmachine-28+3,344554012,True,sapmachine-jdk-28-ea.3_macos-aarch64_bin.dmg,macos,aarch64,jdk,143
2026-10-09T03:20:19+00:00,sapmachine-28+3,344554012,True,sapmachine-jre-28-ea.3_macos-aarch64_bin.dmg,macos,aarch64,jre,145
2026-10-09T03:20:19+00:00,sapmachine-28+3,344554012,True,sapmachine-jdk-28-ea.3_linux-x64-musl_bin.tar.gz,alpine,x64,jdk,139
2026-10-09T03:20:19+00:00,sapmachine-28+3,344554012,True,sapmachine-jre-28-ea.3_linux-x64-musl_bin.tar.gz,alpine,x64,jre,143
2026-10-09T03:20:19+00:00,sapmachine-28+3,344554012,True,sapmachine-jdk-28-ea.3_linux-x64-musl_bin-symbols.tar.gz,alpine,x64,jdk,2
2026-10-09T03:20:19+00:00,sapmachine-28+3,344554012,True,sapmachine-jdk-28-ea.3_linux-x64_bin.tar.gz,linux,x64,jdk,139
2026-10-09T03:20:19+00:00,sapmachine-28+3,344554012,True,sapmachine-jre-28-ea.3_linux-x64_bin.tar.gz,linux,x64,jre,142
2026-10-09T03:20:19+00:00,sapmachine-28+3,344554012,True,sapmachine-jdk-28-ea.3_linux-x64_bin-symbols.tar.gz,linux,x64,jdk,1
2026-10-09T03:20:19+00:00,sapmachine-28+3,344554012,True,sapmachine-jdk-28-ea.3_aix-ppc64_bin.tar.gz,aix,ppc64,jdk,139
2026-10-09T03:20:19+00:00,sapmachine-28+3,344554012,True,sapmachine-jre-28-ea.3_aix-ppc64_bin.tar.gz,aix,ppc64,jre,141
2026-10-09T03:20:19+00:00,sapmachine-28+3,344554012,True,sapmachine-jdk-28-ea.3_aix-ppc64_bin-symbols.tar.gz,aix,ppc64,jdk,1
2026-10-09T03:20:19+00:00,sapmachine-28+3,344554012,True,sapmachine-jdk-28-ea.3_linux-aarch64_bin.tar.gz,linux,aarch64,jdk,142
2026-10-09T03:20:19+00:00,sapmachine-28+3,344554012,True,sapmachine-jre-28-ea.3_linux-aarch64_bin.tar.gz,linux,aarch64,jre,142
2026-10-09T03:20:19+00:00,sapmachine-28+3,344554012,True,sapmachine-jdk-28-ea.3_linux-aarch64_bin-symbols.tar.gz,linux,aarch64,jdk,1
2026-10-09T03:20:19+00:00,sapmachine-28+3,344554012,True,sapmachine-jdk-28-ea.3_linux-ppc64le_bin.tar.gz,linux,ppc64,jdk,144
2026-10-09T03:20:19+00:00,sapmachine-28+3,344554012,True,sapmachine-jre-28-ea.3_linux-ppc64le_bin.tar.gz,linux,ppc64,jre,139
2026-10-09T03:20:19+00:00,sapmachine-28+3,344554012,True,sapmachine-jdk-28-ea.3_linux-ppc64le_bin-symbols.tar.gz,linux,ppc64,jdk,1
2026-10-09T03:20:19+00:00,sapmachine-28+3,344554012,True,sapmachine-jdk-28-ea.3_windows-x64_bin.zip,windows,x64,jdk,150
2026-10-09T03:20:19+00:00,sapmachine-28+3,344554012,True,sapmachine-jre-28-ea.3_windows-x64_bin.zip,windows,x64,jre,141
2026-10-09T03:20:19+00:00,sapmachine-28+3,344554012,True,sapmachine-jdk-28-ea.3_windows-x64_bin-symbols.tar.gz,windows,x64,jdk,1
2026-10-09T03:20:19+00:00,sapmachine-27+26,340482411,True,sapmachine-jdk-27-ea.26_aix-ppc64_bin.tar.gz,aix,ppc64,jdk,151
2026-10-09T03:20:19+00:00,sapmachine-27+26,340482411,True,sapmachine-jre-27-ea.26_aix-ppc64_bin.tar.gz,aix,ppc64,jre,147
2026-10-09T03:20:19+00:00,sapmachine-27+26,340482411,True,sapmachine-jdk-27-ea.26_aix-ppc64_bin-symbols.tar.gz,aix,ppc64,jdk,3
2026-10-09T03:20:19+00:00,sapmachine-27+26,340482411,True,sapmachine-jdk-27-ea.26_macos-aarch64_bin.tar.gz,macos,aarch64,jdk,159
2026-10-09T03:20:19+00:00,sapmachine-27+26,340482411,True,sapmachine-jre-27-ea.26_macos-aarch64_bin.tar.gz,macos,aarch64,jre,155
2026-10-09T03:20:19+00:00,sapmachine-27+26,340482411,True,sapmachine-jdk-27-ea.26_macos-aarch64_bin-symbols.tar.gz,macos,aarch64,jdk,3
2026-10-09T03:20:19+00:00,sapmachine-27+26,340482411,True,sapmachine-jdk-27-ea.26_macos-aarch64_bin.dmg,macos,aarch64,jdk,155
2026-10-09T03:20:19+00:00,sapmachine-27+26,340482411,True,sapmachine-jre-27-ea.26_macos-aarch64_bin.dmg,macos,aarch64,jre,149
2026-10-09T03:20:19+00:00,sapmachine-27+26,340482411,True,sapmachine-jdk-27-ea.26_linux-ppc64le_bin.tar.gz,linux,ppc64,jdk,154
2026-10-09T03:20:19+00:00,sapmachine-27+26,340482411,True,sapmachine-jre-27-ea.26_linux-ppc64le_bin.tar.gz,linux,ppc64,jre,154
2026-10-09T03:20:19+00:00,sapmachine-27+26,340482411,True,sapmachine-jdk-27-ea.26_linux-ppc64le_bin-symbols.tar.gz,linux,ppc64,jdk,1
2026-10-09T03:20:19+00:00,sapmachine-27+26,340482411,True,sapmachine-jdk-27-ea.26_linux-aarch64_bin.tar.gz,linux,aarch64,jdk,154
2026-10-09T03:20:19+00:00,sapmachine-27+26,340482411,True,sapmachine-jre-27-ea.26_linux-aarch64_bin.tar.gz,linux,aarch64,jre,156
2026-10-09T03:20:19+00:00,sapmachine-27+26,340482411,True,sapmachine-jdk-27-ea.26_linux-aarch64_bin-symbols.tar.gz,linux,aarch64,jdk,1
2026-10-09T03:20:19+00:00,sapmachine-27+26,340482411,True,sapmachine-jdk-27-ea.26_windows-x64_bin.zip,windows,x64,jdk,153
2026-10-09T03:20:19+00:00,sapmachine-27+26,340482411,True,sapmachine-jre-27-ea.26_windows-x64_bin.zip,windows,x64,jre,154
2026-10-09T03:20:19+00:00,sapmachine-27+26,340482411,True,sapmachine-jdk-27-ea.26_windows-x64_bin-symbols.tar.gz,windows,x64,jdk,1
2026-10-09T03:20:19+00:00,sapmachine-27+26,340482411,True,sapmachine-jdk-27-ea.26_linux-x64-musl_bin.tar.gz,alpine,x64,jdk,146
2026-10-09T03:20:19+00:00,sapmachine-27+26,340482411,True,sapmachine-jre-27-ea.26_linux-x64-musl_bin.tar.gz,alpine,x64,jre,150
2026-10-09T03:20:19+00:00,sapmachine-27+26,340482411,True,sapmachine-jdk-27-ea.26_linux-x64-musl_bin-symbols.tar.gz,alpine,x64,jdk,1
2026-10-09T03:20:19+00:00,sapmachine-27+26,340482411,True,sapmachine-jdk-27-ea.26_linux-x64_bin.tar.gz,linux,x64,jdk,157
2026-10-09T03:20:19+00:00,sapmachine-27+26,340482411,True,sapmachine-jre-27-ea.26_linux-x64_bin.tar.gz,linux,x64,jre,155
2026-10-09T03:20:19+00:00,sapmachine-27+26,340482411,True,sapmachine-jdk-27-ea.26_linux-x64_bin-symbols.tar.gz,linux,x64,jdk,1
2026-10-09T03:20:19+00:00,sapmachine-28+2,340481979,True,sapmachine-jdk-28-ea.2_macos-aarch64_bin.tar.gz,macos,aarch64,jdk,158
2026-10-09T03:20:19+00:00,sapmachine-28+2,340481979,True,sapmachine-jre-28-ea.2_macos-aarch64_bin.tar.gz,macos,aarch64,jre,156
2026-10-09T03:20:19+00:00,sapmachine-28+2,340481979,True,sapmachine-jdk-28-ea.2_macos-aarch64_bin-symbols.tar.gz,macos,aarch64,jdk,3
2026-10-09T03:20:19+00:00,sapmachine-28+2,340481979,True,sapmachine-jdk-28-ea.2_macos-aarch64_bin.dmg,macos,aarch64,jdk,163
2026-10-09T03:20:19+00:00,sapmachine-28+2,340481979,True,sapmachine-jre-28-ea.2_macos-aarch64_bin.dmg,macos,aarch64,jre,157
2026-10-09T03:20:19+00:00,sapmachine-28+2,340481979,True,sapmachine-jdk-28-ea.2_linux-aarch64_bin.tar.gz,linux,aarch64,jdk,150
2026-10-09T03:20:19+00:00,sapmachine-28+2,340481979,True,sapmachine-jre-28-ea.2_linux-aarch64_bin.tar.gz,linux,aarch64,jre,153
2026-10-09T03:20:19+00:00,sapmachine-28+2,340481979,True,sapmachine-jdk-28-ea.2_linux-aarch64_bin-symbols.tar.gz,linux,aarch64,jdk,1
2026-10-09T03:20:19+00:00,sapmachine-28+2,340481979,True,sapmachine-jdk-28-ea.2_aix-ppc64_bin.tar.gz,aix,ppc64,jdk,155
2026-10-09T03:20:19+00:00,sapmachine-28+2,340481979,True,sapmachine-jre-28-ea.2_aix-ppc64_bin.tar.gz,aix,ppc64,jre,153
2026-10-09T03:20:19+00:00,sapmachine-28+2,340481979,True,sapmachine-jdk-28-ea.2_aix-ppc64_bin-symbols.tar.gz,aix,ppc64,jdk,1
2026-10-09T03:20:19+00:00,sapmachine-28+2,340481979,True,sapmachine-jdk-28-ea.2_linux-ppc64le_bin.tar.gz,linux,ppc64,jdk,150
2026-10-09T03:20:19+00:00,sapmachine-28+2,340481979,True,sapmachine-jre-28-ea.2_linux-ppc64le_bin.tar.gz,linux,ppc64,jre,150
2026-10-09T03:20:19+00:00,sapmachine-28+2,340481979,True,sapmachine-jdk-28-ea.2_linux-ppc64le_bin-symbols.tar.gz,linux,ppc64,jdk,1
2026-10-09T03:20:19+00:00,sapmachine-28+2,340481979,True,sapmachine-jdk-28-ea.2_windows-x64_bin.zip,windows,x64,jdk,151
2026-10-09T03:20:19+00:00,sapmachine-28+2,340481979,True,sapmachine-jre-28-ea.2_windows-x64_bin.zip,windows,x64,jre,154
2026-10-09T03:20:19+00:00,sapmachine-28+2,340481979,True,sapmachine-jdk-28-ea.2_windows-x64_bin-symbols.tar.gz,windows,x64,jdk,1
2026-10-09T03:20:19+00:00,sapmachine-28+2,340481979,True,sapmachine-jdk-28-ea.2_linux-x64-musl_bin.tar.gz,alpine,x64,jdk,157
2026-10-09T03:20:19+00:00,sapmachine-28+2,340481979,True,sapmachine-jre-28-ea.2_linux-x64-musl_bin.tar.gz,alpine,x64,jre,158
2026-10-09T03:20:19+00:00,sapmachine-28+2,340481979,True,sapmachine-jdk-28-ea.2_linux-x64-musl_bin-symbols.tar.gz,alpine,x64,jdk,1
2026-10-09T03:20:19+00:00,sapmachine-28+2,340481979,True,sapmachine-jdk-28-ea.2_linux-x64_bin.tar.gz,linux,x64,jdk,147
2026-10-09T03:20:19+00:00,sapmachine-28+2,340481979,True,sapmachine-jre-28-ea.2_linux-x64_bin.tar.gz,linux,x64,jre,150
2026-10-09T03:20:19+00:00,sapmachine-28+2,340481979,True,sapmachine-jdk-28-ea.2_linux-x64_bin-symbols.tar.gz,linux,x64,jdk,1
2026-10-09T03:20:19+00:00,sapmachine-17.0.20+6,338866805,True,sapmachine-jdk-17.0.20-ea.6_linux-x64-musl_bin.tar.gz,alpine,x64,jdk,155
2026-10-09T03:20:19+00:00,sapmachine-17.0.20+6,338866805,True,sapmachine-jre-17.0.20-ea.6_linux-x64-musl_bin.tar.gz,alpine,x64,jre,149
2026-10-09T03:20:19+00:00,sapmachine-17.0.20+6,338866805,True,sapmachine-jdk-17.0.20-ea.6_linux-x64-musl_bin-symbols.tar.gz,alpine,x64,jdk,2
2026-10-09T03:20:19+00:00,sapmachine-17.0.20+6,338866805,True,sapmachine-jdk-17.0.20-ea.6_linux-x64_bin.tar.gz,linux,x64,jdk,760
2026-10-09T03:20:19+00:00,sapmachine-17.0.20+6,338866805,True,sapmachine-jre-17.0.20-ea.6_linux-x64_bin.tar.gz,linux,x64,jre,158
2026-10-09T03:20:19+00:00,sapmachine-17.0.20+6,338866805,True,sapmachine-jdk-17.0.20-ea.6_linux-x64_bin-symbols.tar.gz,linux,x64,jdk,2
2026-10-09T03:20:19+00:00,sapmachine-17.0.20+6,338866805,True,sapmachine-jdk-17.0.20-ea.6_linux-aarch64_bin.tar.gz,linux,aarch64,jdk,158
2026-10-09T03:20:19+00:00,sapmachine-17.0.20+6,338866805,True,sapmachine-jre-17.0.20-ea.6_linux-aarch64_bin.tar.gz,linux,aarch64,jre,157
2026-10-09T03:20:19+00:00,sapmachine-17.0.20+6,338866805,True,sapmachine-jdk-17.0.20-ea.6_linux-aarch64_bin-symbols.tar.gz,linux,aarch64,jdk,1
2026-10-09T03:20:19+00:00,sapmachine-17.0.20+6,338866805,True,sapmachine-jdk-17.0.20-ea.6_linux-ppc64le_bin.tar.gz,linux,ppc64,jdk,159
2026-10-09T03:20:19+00:00,sapmachine-17.0.20+6,338866805,True,sapmachine-jre-17.0.20-ea.6_linux-ppc64le_bin.tar.gz,linux,ppc64,jre,154
2026-10-09T03:20:19+00:00,sapmachine-17.0.20+6,338866805,True,sapmachine-jdk-17.0.20-ea.6_linux-ppc64le_bin-symbols.tar.gz,linux,ppc64,jdk,1
2026-10-09T03:20:19+00:00,sapmachine-17.0.20+6,338866805,True,sapmachine-jdk-17.0.20-ea.6_macos-x64_bin.tar.gz,macos,x64,jdk,153
2026-10-09T03:20:19+00:00,sapmachine-17.0.20+6,338866805,True,sapmachine-jre-17.0.20-ea.6_macos-x64_bin.tar.gz,macos,x64,jre,153
2026-10-09T03:20:19+00:00,sapmachine-17.0.20+6,338866805,True,sapmachine-jdk-17.0.20-ea.6_macos-x64_bin-symbols.tar.gz,macos,x64,jdk,1
2026-10-09T03:20:19+00:00,sapmachine-17.0.20+6,338866805,True,sapmachine-jdk-17.0.20-ea.6_macos-x64_bin.dmg,macos,x64,jdk,157
2026-10-09T03:20:19+00:00,sapmachine-17.0.20+6,338866805,True,sapmachine-jre-17.0.20-ea.6_macos-x64_bin.dmg,macos,x64,jre,153
2026-10-09T03:20:19+00:00,sapmachine-17.0.20+6,338866805,True,sapmachine-jdk-17.0.20-ea.6_windows-x64_bin.zip,windows,x64,jdk,745
2026-10-09T03:20:19+00:00,sapmachine-17.0.20+6,338866805,True,sapmachine-jre-17.0.20-ea.6_windows-x64_bin.zip,windows,x64,jre,159
2026-10-09T03:20:19+00:00,sapmachine-17.0.20+6,338866805,True,sapmachine-jdk-17.0.20-ea.6_windows-x64_bin-symbols.tar.gz,windows,x64,jdk,1
2026-10-09T03:20:19+00:00,sapmachine-17.0.20+6,338866805,True,sapmachine-jdk-17.0.20-ea.6_macos-aarch64_bin.tar.gz,macos,aarch64,jdk,1097
2026-10-09T03:20:19+00:00,sapmachine-17.0.20+6,338866805,True,sapmachine-jre-17.0.20-ea.6_macos-aarch64_bin.tar.gz,macos,aarch64,jre,155
2026-10-09T03:20:19+00:00,sapmachine-17.0.20+6,338866805,True,sapmachine-jdk-17.0.20-ea.6_macos-aarch64_bin-symbols.tar.gz,macos,aarch64,jdk,1
2026-10-09T03:20:19+00:00,sapmachine-17.0.20+6,338866805,True,sapmachine-jdk-17.0.20-ea.6_macos-aarch64_bin.dmg,macos,aarch64,jdk,164
2026-10-09T03:20:19+00:00,sapmachine-17.0.20+6,338866805,True,sapmachine-jre-17.0.20-ea.6_macos-aarch64_bin.dmg,macos,aarch64,jre,153
2026-10-09T03:20:19+00:00,sapmachine-21.0.12+6,338333512,True,sapmachine-jdk-21.0.12-ea.6_linux-x64-musl_bin.tar.gz,alpine,x64,jdk,165
2026-10-09T03:20:19+00:00,sapmachine-21.0.12+6,338333512,True,sapmachine-jre-21.0.12-ea.6_linux-x64-musl_bin.tar.gz,alpine,x64,jre,166
2026-10-09T03:20:19+00:00,sapmachine-21.0.12+6,338333512,True,sapmachine-jdk-21.0.12-ea.6_linux-x64-musl_bin-symbols.tar.gz,alpine,x64,jdk,2
2026-10-09T03:20:19+00:00,sapmachine-21.0.12+6,338333512,True,sapmachine-jdk-21.0.12-ea.6_linux-x64_bin.tar.gz,linux,x64,jdk,899
2026-10-09T03:20:19+00:00,sapmachine-21.0.12+6,338333512,True,sapmachine-jre-21.0.12-ea.6_linux-x64_bin.tar.gz,linux,x64,jre,171
2026-10-09T03:20:19+00:00,sapmachine-21.0.12+6,338333512,True,sapmachine-jdk-21.0.12-ea.6_linux-x64_bin-symbols.tar.gz,linux,x64,jdk,2
2026-10-09T03:20:19+00:00,sapmachine-21.0.12+6,338333512,True,sapmachine-jdk-21.0.12-ea.6_macos-aarch64_bin.tar.gz,macos,aarch64,jdk,997
2026-10-09T03:20:19+00:00,sapmachine-21.0.12+6,338333512,True,sapmachine-jre-21.0.12-ea.6_macos-aarch64_bin.tar.gz,macos,aarch64,jre,174
2026-10-09T03:20:19+00:00,sapmachine-21.0.12+6,338333512,True,sapmachine-jdk-21.0.12-ea.6_macos-aarch64_bin-symbols.tar.gz,macos,aarch64,jdk,2
2026-10-09T03:20:19+00:00,sapmachine-21.0.12+6,338333512,True,sapmachine-jdk-21.0.12-ea.6_macos-aarch64_bin.dmg,macos,aarch64,jdk,170
2026-10-09T03:20:19+00:00,sapmachine-21.0.12+6,338333512,True,sapmachine-jre-21.0.12-ea.6_macos-aarch64_bin.dmg,macos,aarch64,jre,172
2026-10-09T03:20:19+00:00,sapmachine-21.0.12+6,338333512,True,sapmachine-jdk-21.0.12-ea.6_macos-x64_bin.tar.gz,macos,x64,jdk,169
2026-10-09T03:20:19+00:00,sapmachine-21.0.12+6,338333512,True,sapmachine-jre-21.0.12-ea.6_macos-x64_bin.tar.gz,macos,x64,jre,168
2026-10-09T03:20:19+00:00,sapmachine-21.0.12+6,338333512,True,sapmachine-jdk-21.0.12-ea.6_macos-x64_bin-symbols.tar.gz,macos,x64,jdk,1
2026-10-09T03:20:19+00:00,sapmachine-21.0.12+6,338333512,True,sapmachine-jdk-21.0.12-ea.6_macos-x64_bin.dmg,macos,x64,jdk,167
2026-10-09T03:20:19+00:00,sapmachine-21.0.12+6,338333512,True,sapmachine-jre-21.0.12-ea.6_macos-x64_bin.dmg,macos,x64,jre,167
2026-10-09T03:20:19+00:00,sapmachine-21.0.12+6,338333512,True,sapmachine-jdk-21.0.12-ea.6_aix-ppc64_bin.tar.gz,aix,ppc64,jdk,165
2026-10-09T03:20:19+00:00,sapmachine-21.0.12+6,338333512,True,sapmachine-jre-21.0.12-ea.6_aix-ppc64_bin.tar.gz,aix,ppc64,jre,168
2026-10-09T03:20:19+00:00,sapmachine-21.0.12+6,338333512,True,sapmachine-jdk-21.0.12-ea.6_aix-ppc64_bin-symbols.tar.gz,aix,ppc64,jdk,1
2026-10-09T03:20:19+00:00,sapmachine-21.0.12+6,338333512,True,sapmachine-jdk-21.0.12-ea.6_linux-ppc64le_bin.tar.gz,linux,ppc64,jdk,171
2026-10-09T03:20:19+00:00,sapmachine-21.0.12+6,338333512,True,sapmachine-jre-21.0.12-ea.6_linux-ppc64le_bin.tar.gz,linux,ppc64,jre,171
2026-10-09T03:20:19+00:00,sapmachine-21.0.12+6,338333512,True,sapmachine-jdk-21.0.12-ea.6_linux-ppc64le_bin-symbols.tar.gz,linux,ppc64,jdk,1
2026-10-09T03:20:19+00:00,sapmachine-21.0.12+6,338333512,True,sapmachine-jdk-21.0.12-ea.6_linux-aarch64_bin.tar.gz,linux,aarch64,jdk,172
2026-10-09T03:20:19+00:00,sapmachine-21.0.12+6,338333512,True,sapmachine-jre-21.0.12-ea.6_linux-aarch64_bin.tar.gz,linux,aarch64,jre,169
2026-10-09T03:20:19+00:00,sapmachine-21.0.12+6,338333512,True,sapmachine-jdk-21.0.12-ea.6_linux-aarch64_bin-symbols.tar.gz,linux,aarch64,jdk,1
2026-10-09T03:20:19+00:00,sapmachine-21.0.12+6,338333512,True,sapmachine-jdk-21.0.12-ea.6_windows-x64_bin.zip,windows,x64,jdk,871
2026-10-09T03:20:19+00:00,sapmachine-21.0.12+6,338333512,True,sapmachine-jre-21.0.12-ea.6_windows-x64_bin.zip,windows,x64,jre,168
2026-10-09T03:20:19+00:00,sapmachine-21.0.12+6,338333512,True,sapmachine-jdk-21.0.12-ea.6_windows-x64_bin-symbols.tar.gz,windows,x64,jdk,1
2026-10-09T03:20:19+00:00,sapmachine-25.0.4+5,338326997,True,sapmachine-jdk-25.0.4-ea.5_aix-ppc64_bin.tar.gz,aix,ppc64,jdk,169
2026-10-09T03:20:19+00:00,sapmachine-25.0.4+5,338326997,True,sapmachine-jre-25.0.4-ea.5_aix-ppc64_bin.tar.gz,aix,ppc64,jre,168
2026-10-09T03:20:19+00:00,sapmachine-25.0.4+5,338326997,True,sapmachine-jdk-25.0.4-ea.5_aix-ppc64_bin-symbols.tar.gz,aix,ppc64,jdk,1
2026-10-09T03:20:19+00:00,sapmachine-25.0.4+5,338326997,True,sapmachine-jdk-25.0.4-ea.5_linux-x64-musl_bin.tar.gz,alpine,x64,jdk,166
2026-10-09T03:20:19+00:00,sapmachine-25.0.4+5,338326997,True,sapmachine-jre-25.0.4-ea.5_linux-x64-musl_bin.tar.gz,alpine,x64,jre,167
2026-10-09T03:20:19+00:00,sapmachine-25.0.4+5,338326997,True,sapmachine-jdk-25.0.4-ea.5_linux-x64-musl_bin-symbols.tar.gz,alpine,x64,jdk,1
2026-10-09T03:20:19+00:00,sapmachine-25.0.4+5,338326997,True,sapmachine-jdk-25.0.4-ea.5_linux-x64_bin.tar.gz,linux,x64,jdk,193
2026-10-09T03:20:19+00:00,sapmachine-25.0.4+5,338326997,True,sapmachine-jre-25.0.4-ea.5_linux-x64_bin.tar.gz,linux,x64,jre,174
2026-10-09T03:20:19+00:00,sapmachine-25.0.4+5,338326997,True,sapmachine-jdk-25.0.4-ea.5_linux-x64_bin-symbols.tar.gz,linux,x64,jdk,1
2026-10-09T03:20:19+00:00,sapmachine-25.0.4+5,338326997,True,sapmachine-jdk-25.0.4-ea.5_linux-ppc64le_bin.tar.gz,linux,ppc64,jdk,174
2026-10-09T03:20:19+00:00,sapmachine-25.0.4+5,338326997,True,sapmachine-jre-25.0.4-ea.5_linux-ppc64le_bin.tar.gz,linux,ppc64,jre,171
2026-10-09T03:20:19+00:00,sapmachine-25.0.4+5,338326997,True,sapmachine-jdk-25.0.4-ea.5_linux-ppc64le_bin-symbols.tar.gz,linux,ppc64,jdk,1
2026-10-09T03:20:19+00:00,sapmachine-25.0.4+5,338326997,True,sapmachine-jdk-25.0.4-ea.5_linux-aarch64_bin.tar.gz,linux,aarch64,jdk,168
2026-10-09T03:20:19+00:00,sapmachine-25.0.4+5,338326997,True,sapmachine-jre-25.0.4-ea.5_linux-aarch64_bin.tar.gz,linux,aarch64,jre,172
2026-10-09T03:20:19+00:00,sapmachine-25.0.4+5,338326997,True,sapmachine-jdk-25.0.4-ea.5_linux-aarch64_bin-symbols.tar.gz,linux,aarch64,jdk,1
2026-10-09T03:20:19+00:00,sapmachine-25.0.4+5,338326997,True,sapmachine-jdk-25.0.4-ea.5_windows-x64_bin.zip,windows,x64,jdk,178
2026-10-09T03:20:19+00:00,sapmachine-25.0.4+5,338326997,True,sapmachine-jre-25.0.4-ea.5_windows-x64_bin.zip,windows,x64,jre,173
2026-10-09T03:20:19+00:00,sapmachine-25.0.4+5,338326997,True,sapmachine-jdk-25.0.4-ea.5_windows-x64_bin-symbols.tar.gz,windows,x64,jdk,1
2026-10-09T03:20:19+00:00,sapmachine-25.0.4+5,338326997,True,sapmachine-jdk-25.0.4-ea.5_macos-aarch64_bin.tar.gz,macos,aarch64,jdk,173
2026-10-09T03:20:19+00:00,sapmachine-25.0.4+5,338326997,True,sapmachine-jre-25.0.4-ea.5_macos-aarch64_bin.tar.gz,macos,aarch64,jre,168
2026-10-09T03:20:19+00:00,sapmachine-25.0.4+5,338326997,True,sapmachine-jdk-25.0.4-ea.5_macos-aarch64_bin-symbols.tar.gz,macos,aarch64,jdk,1
2026-10-09T03:20:19+00:00,sapmachine-25.0.4+5,338326997,True,sapmachine-jdk-25.0.4-ea.5_macos-aarch64_bin.dmg,macos,aarch64,jdk,170
2026-10-09T03:20:19+00:00,sapmachine-25.0.4+5,338326997,True,sapmachine-jre-25.0.4-ea.5_macos-aarch64_bin.dmg,macos,aarch64,jre,168
2026-10-09T03:20:19+00:00,sapmachine-28+1,338325526,True,sapmachine-jdk-28-ea.1_macos-aarch64_bin.tar.gz,macos,aarch64,jdk,164
2026-10-09T03:20:19+00:00,sapmachine-28+1,338325526,True,sapmachine-jre-28-ea.1_macos-aarch64_bin.tar.gz,macos,aarch64,jre,164
2026-10-09T03:20:19+00:00,sapmachine-28+1,338325526,True,sapmachine-jdk-28-ea.1_macos-aarch64_bin-symbols.tar.gz,macos,aarch64,jdk,2
2026-10-09T03:20:19+00:00,sapmachine-28+1,338325526,True,sapmachine-jdk-28-ea.1_macos-aarch64_bin.dmg,macos,aarch64,jdk,161
2026-10-09T03:20:19+00:00,sapmachine-28+1,338325526,True,sapmachine-jre-28-ea.1_macos-aarch64_bin.dmg,macos,aarch64,jre,166
2026-10-09T03:20:19+00:00,sapmachine-28+1,338325526,True,sapmachine-jdk-28-ea.1_linux-x64-musl_bin.tar.gz,alpine,x64,jdk,165
2026-10-09T03:20:19+00:00,sapmachine-28+1,338325526,True,sapmachine-jre-28-ea.1_linux-x64-musl_bin.tar.gz,alpine,x64,jre,168
2026-10-09T03:20:19+00:00,sapmachine-28+1,338325526,True,sapmachine-jdk-28-ea.1_linux-x64-musl_bin-symbols.tar.gz,alpine,x64,jdk,2
2026-10-09T03:20:19+00:00,sapmachine-28+1,338325526,True,sapmachine-jdk-28-ea.1_linux-x64_bin.tar.gz,linux,x64,jdk,167
2026-10-09T03:20:19+00:00,sapmachine-28+1,338325526,True,sapmachine-jre-28-ea.1_linux-x64_bin.tar.gz,linux,x64,jre,167
2026-10-09T03:20:19+00:00,sapmachine-28+1,338325526,True,sapmachine-jdk-28-ea.1_linux-x64_bin-symbols.tar.gz,linux,x64,jdk,1
2026-10-09T03:20:19+00:00,sapmachine-28+1,338325526,True,sapmachine-jdk-28-ea.1_linux-aarch64_bin.tar.gz,linux,aarch64,jdk,168
2026-10-09T03:20:19+00:00,sapmachine-28+1,338325526,True,sapmachine-jre-28-ea.1_linux-aarch64_bin.tar.gz,linux,aarch64,jre,167
2026-10-09T03:20:19+00:00,sapmachine-28+1,338325526,True,sapmachine-jdk-28-ea.1_linux-aarch64_bin-symbols.tar.gz,linux,aarch64,jdk,1
2026-10-09T03:20:19+00:00,sapmachine-28+1,338325526,True,sapmachine-jdk-28-ea.1_linux-ppc64le_bin.tar.gz,linux,ppc64,jdk,168
2026-10-09T03:20:19+00:00,sapmachine-28+1,338325526,True,sapmachine-jre-28-ea.1_linux-ppc64le_bin.tar.gz,linux,ppc64,jre,166
2026-10-09T03:20:19+00:00,sapmachine-28+1,338325526,True,sapmachine-jdk-28-ea.1_linux-ppc64le_bin-symbols.tar.gz,linux,ppc64,jdk,1
2026-10-09T03:20:19+00:00,sapmachine-28+1,338325526,True,sapmachine-jdk-28-ea.1_aix-ppc64_bin.tar.gz,aix,ppc64,jdk,160
2026-10-09T03:20:19+00:00,sapmachine-28+1,338325526,True,sapmachine-jre-28-ea.1_aix-ppc64_bin.tar.gz,aix,ppc64,jre,162
2026-10-09T03:20:19+00:00,sapmachine-28+1,338325526,True,sapmachine-jdk-28-ea.1_aix-ppc64_bin-symbols.tar.gz,aix,ppc64,jdk,1
2026-10-09T03:20:19+00:00,sapmachine-28+1,338325526,True,sapmachine-jdk-28-ea.1_windows-x64_bin.zip,windows,x64,jdk,164
2026-10-09T03:20:19+00:00,sapmachine-28+1,338325526,True,sapmachine-jre-28-ea.1_windows-x64_bin.zip,windows,x64,jre,167
2026-10-09T03:20:19+00:00,sapmachine-28+1,338325526,True,sapmachine-jdk-28-ea.1_windows-x64_bin-symbols.tar.gz,windows,x64,jdk,1
2026-10-09T03:20:19+00:00,sapmachine-17.0.20+5,336315864,True,sapmachine-jdk-17.0.20-ea.5_linux-x64_bin.tar.gz,linux,x64,jdk,295
2026-10-09T03:20:19+00:00,sapmachine-17.0.20+5,336315864,True,sapmachine-jre-17.0.20-ea.5_linux-x64_bin.tar.gz,linux,x64,jre,163
2026-10-09T03:20:19+00:00,sapmachine-17.0.20+5,336315864,True,sapmachine-jdk-17.0.20-ea.5_linux-x64_bin-symbols.tar.gz,linux,x64,jdk,2
2026-10-09T03:20:19+00:00,sapmachine-17.0.20+5,336315864,True,sapmachine-jdk-17.0.20-ea.5_linux-x64-musl_bin.tar.gz,alpine,x64,jdk,159
2026-10-09T03:20:19+00:00,sapmachine-17.0.20+5,336315864,True,sapmachine-jre-17.0.20-ea.5_linux-x64-musl_bin.tar.gz,alpine,x64,jre,154
2026-10-09T03:20:19+00:00,sapmachine-17.0.20+5,336315864,True,sapmachine-jdk-17.0.20-ea.5_linux-x64-musl_bin-symbols.tar.gz,alpine,x64,jdk,2
2026-10-09T03:20:19+00:00,sapmachine-17.0.20+5,336315864,True,sapmachine-jdk-17.0.20-ea.5_linux-ppc64le_bin.tar.gz,linux,ppc64,jdk,157
2026-10-09T03:20:19+00:00,sapmachine-17.0.20+5,336315864,True,sapmachine-jre-17.0.20-ea.5_linux-ppc64le_bin.tar.gz,linux,ppc64,jre,162
2026-10-09T03:20:19+00:00,sapmachine-17.0.20+5,336315864,True,sapmachine-jdk-17.0.20-ea.5_linux-ppc64le_bin-symbols.tar.gz,linux,ppc64,jdk,1
2026-10-09T03:20:19+00:00,sapmachine-17.0.20+5,336315864,True,sapmachine-jdk-17.0.20-ea.5_macos-aarch64_bin.tar.gz,macos,aarch64,jdk,485
2026-10-09T03:20:19+00:00,sapmachine-17.0.20+5,336315864,True,sapmachine-jre-17.0.20-ea.5_macos-aarch64_bin.tar.gz,macos,aarch64,jre,159
2026-10-09T03:20:19+00:00,sapmachine-17.0.20+5,336315864,True,sapmachine-jdk-17.0.20-ea.5_macos-aarch64_bin-symbols.tar.gz,macos,aarch64,jdk,1
2026-10-09T03:20:19+00:00,sapmachine-17.0.20+5,336315864,True,sapmachine-jdk-17.0.20-ea.5_macos-aarch64_bin.dmg,macos,aarch64,jdk,157
2026-10-09T03:20:19+00:00,sapmachine-17.0.20+5,336315864,True,sapmachine-jre-17.0.20-ea.5_macos-aarch64_bin.dmg,macos,aarch64,jre,158
2026-10-09T03:20:19+00:00,sapmachine-17.0.20+5,336315864,True,sapmachine-jdk-17.0.20-ea.5_linux-aarch64_bin.tar.gz,linux,aarch64,jdk,162
2026-10-09T03:20:19+00:00,sapmachine-17.0.20+5,336315864,True,sapmachine-jre-17.0.20-ea.5_linux-aarch64_bin.tar.gz,linux,aarch64,jre,157
2026-10-09T03:20:19+00:00,sapmachine-17.0.20+5,336315864,True,sapmachine-jdk-17.0.20-ea.5_linux-aarch64_bin-symbols.tar.gz,linux,aarch64,jdk,1
2026-10-09T03:20:19+00:00,sapmachine-17.0.20+5,336315864,True,sapmachine-jdk-17.0.20-ea.5_windows-x64_bin.zip,windows,x64,jdk,288
2026-10-09T03:20:19+00:00,sapmachine-17.0.20+5,336315864,True,sapmachine-jre-17.0.20-ea.5_windows-x64_bin.zip,windows,x64,jre,162
2026-10-09T03:20:19+00:00,sapmachine-17.0.20+5,336315864,True,sapmachine-jdk-17.0.20-ea.5_windows-x64_bin-symbols.tar.gz,windows,x64,jdk,2
2026-10-09T03:20:19+00:00,sapmachine-17.0.20+5,336315864,True,sapmachine-jdk-17.0.20-ea.5_macos-x64_bin.tar.gz,macos,x64,jdk,156
2026-10-09T03:20:19+00:00,sapmachine-17.0.20+5,336315864,True,sapmachine-jre-17.0.20-ea.5_macos-x64_bin.tar.gz,macos,x64,jre,155
2026-10-09T03:20:19+00:00,sapmachine-17.0.20+5,336315864,True,sapmachine-jdk-17.0.20-ea.5_macos-x64_bin-symbols.tar.gz,macos,x64,jdk,1
2026-10-09T03:20:19+00:00,sapmachine-17.0.20+5,336315864,True,sapmachine-jdk-17.0.20-ea.5_macos-x64_bin.dmg,macos,x64,jdk,153
2026-10-09T03:20:19+00:00,sapmachine-17.0.20+5,336315864,True,sapmachine-jre-17.0.20-ea.5_macos-x64_bin.dmg,macos,x64,jre,155
2026-10-09T03:20:19+00:00,sapmachine-21.0.12+5,336313636,True,sapmachine-jdk-21.0.12-ea.5_aix-ppc64_bin.tar.gz,aix,ppc64,jdk,167
2026-10-09T03:20:19+00:00,sapmachine-21.0.12+5,336313636,True,sapmachine-jre-21.0.12-ea.5_aix-ppc64_bin.tar.gz,aix,ppc64,jre,167
2026-10-09T03:20:19+00:00,sapmachine-21.0.12+5,336313636,True,sapmachine-jdk-21.0.12-ea.5_aix-ppc64_bin-symbols.tar.gz,aix,ppc64,jdk,2
2026-10-09T03:20:19+00:00,sapmachine-21.0.12+5,336313636,True,sapmachine-jdk-21.0.12-ea.5_linux-x64-musl_bin.tar.gz,alpine,x64,jdk,166
2026-10-09T03:20:19+00:00,sapmachine-21.0.12+5,336313636,True,sapmachine-jre-21.0.12-ea.5_linux-x64-musl_bin.tar.gz,alpine,x64,jre,166
2026-10-09T03:20:19+00:00,sapmachine-21.0.12+5,336313636,True,sapmachine-jdk-21.0.12-ea.5_linux-x64-musl_bin-symbols.tar.gz,alpine,x64,jdk,2
2026-10-09T03:20:19+00:00,sapmachine-21.0.12+5,336313636,True,sapmachine-jdk-21.0.12-ea.5_linux-x64_bin.tar.gz,linux,x64,jdk,241
2026-10-09T03:20:19+00:00,sapmachine-21.0.12+5,336313636,True,sapmachine-jre-21.0.12-ea.5_linux-x64_bin.tar.gz,linux,x64,jre,170
2026-10-09T03:20:19+00:00,sapmachine-21.0.12+5,336313636,True,sapmachine-jdk-21.0.12-ea.5_linux-x64_bin-symbols.tar.gz,linux,x64,jdk,1
2026-10-09T03:20:19+00:00,sapmachine-21.0.12+5,336313636,True,sapmachine-jdk-21.0.12-ea.5_macos-aarch64_bin.tar.gz,macos,aarch64,jdk,281
2026-10-09T03:20:19+00:00,sapmachine-21.0.12+5,336313636,True,sapmachine-jre-21.0.12-ea.5_macos-aarch64_bin.tar.gz,macos,aarch64,jre,171
2026-10-09T03:20:19+00:00,sapmachine-21.0.12+5,336313636,True,sapmachine-jdk-21.0.12-ea.5_macos-aarch64_bin-symbols.tar.gz,macos,aarch64,jdk,1
2026-10-09T03:20:19+00:00,sapmachine-21.0.12+5,336313636,True,sapmachine-jdk-21.0.12-ea.5_macos-aarch64_bin.dmg,macos,aarch64,jdk,162
2026-10-09T03:20:19+00:00,sapmachine-21.0.12+5,336313636,True,sapmachine-jre-21.0.12-ea.5_macos-aarch64_bin.dmg,macos,aarch64,jre,167
2026-10-09T03:20:19+00:00,sapmachine-21.0.12+5,336313636,True,sapmachine-jdk-21.0.12-ea.5_linux-ppc64le_bin.tar.gz,linux,ppc64,jdk,168
2026-10-09T03:20:19+00:00,sapmachine-21.0.12+5,336313636,True,sapmachine-jre-21.0.12-ea.5_linux-ppc64le_bin.tar.gz,linux,ppc64,jre,169
2026-10-09T03:20:19+00:00,sapmachine-21.0.12+5,336313636,True,sapmachine-jdk-21.0.12-ea.5_linux-ppc64le_bin-symbols.tar.gz,linux,ppc64,jdk,1
2026-10-09T03:20:19+00:00,sapmachine-21.0.12+5,336313636,True,sapmachine-jdk-21.0.12-ea.5_linux-aarch64_bin.tar.gz,linux,aarch64,jdk,169
2026-10-09T03:20:19+00:00,sapmachine-21.0.12+5,336313636,True,sapmachine-jre-21.0.12-ea.5_linux-aarch64_bin.tar.gz,linux,aarch64,jre,168
2026-10-09T03:20:19+00:00,sapmachine-21.0.12+5,336313636,True,sapmachine-jdk-21.0.12-ea.5_linux-aarch64_bin-symbols.tar.gz,linux,aarch64,jdk,1
2026-10-09T03:20:19+00:00,sapmachine-21.0.12+5,336313636,True,sapmachine-jdk-21.0.12-ea.5_windows-x64_bin.zip,windows,x64,jdk,242
2026-10-09T03:20:19+00:00,sapmachine-21.0.12+5,336313636,True,sapmachine-jre-21.0.12-ea.5_windows-x64_bin.zip,windows,x64,jre,170
2026-10-09T03:20:19+00:00,sapmachine-21.0.12+5,336313636,True,sapmachine-jdk-21.0.12-ea.5_windows-x64_bin-symbols.tar.gz,windows,x64,jdk,1
2026-10-09T03:20:19+00:00,sapmachine-21.0.12+5,336313636,True,sapmachine-jdk-21.0.12-ea.5_macos-x64_bin.tar.gz,macos,x64,jdk,165
2026-10-09T03:20:19+00:00,sapmachine-21.0.12+5,336313636,True,sapmachine-jre-21.0.12-ea.5_macos-x64_bin.tar.gz,macos,x64,jre,162
2026-10-09T03:20:19+00:00,sapmachine-21.0.12+5,336313636,True,sapmachine-jdk-21.0.12-ea.5_macos-x64_bin-symbols.tar.gz,macos,x64,jdk,1
2026-10-09T03:20:19+00:00,sapmachine-21.0.12+5,336313636,True,sapmachine-jdk-21.0.12-ea.5_macos-x64_bin.dmg,macos,x64,jdk,164
2026-10-09T03:20:19+00:00,sapmachine-21.0.12+5,336313636,True,sapmachine-jre-21.0.12-ea.5_macos-x64_bin.dmg,macos,x64,jre,165
2026-10-09T03:20:19+00:00,sapmachine-25.0.4+4,336311152,True,sapmachine-jdk-25.0.4-ea.4_linux-x64_bin.tar.gz,linux,x64,jdk,174
2026-10-09T03:20:19+00:00,sapmachine-25.0.4+4,336311152,True,sapmachine-jre-25.0.4-ea.4_linux-x64_bin.tar.gz,linux,x64,jre,171
2026-10-09T03:20:19+00:00,sapmachine-25.0.4+4,336311152,True,sapmachine-jdk-25.0.4-ea.4_linux-x64_bin-symbols.tar.gz,linux,x64,jdk,2
2026-10-09T03:20:19+00:00,sapmachine-25.0.4+4,336311152,True,sapmachine-jdk-25.0.4-ea.4_macos-aarch64_bin.tar.gz,macos,aarch64,jdk,172
2026-10-09T03:20:19+00:00,sapmachine-25.0.4+4,336311152,True,sapmachine-jre-25.0.4-ea.4_macos-aarch64_bin.tar.gz,macos,aarch64,jre,166
2026-10-09T03:20:19+00:00,sapmachine-25.0.4+4,336311152,True,sapmachine-jdk-25.0.4-ea.4_macos-aarch64_bin-symbols.tar.gz,macos,aarch64,jdk,2
2026-10-09T03:20:19+00:00,sapmachine-25.0.4+4,336311152,True,sapmachine-jdk-25.0.4-ea.4_macos-aarch64_bin.dmg,macos,aarch64,jdk,164
2026-10-09T03:20:19+00:00,sapmachine-25.0.4+4,336311152,True,sapmachine-jre-25.0.4-ea.4_macos-aarch64_bin.dmg,macos,aarch64,jre,166
2026-10-09T03:20:19+00:00,sapmachine-25.0.4+4,336311152,True,sapmachine-jdk-25.0.4-ea.4_aix-ppc64_bin.tar.gz,aix,ppc64,jdk,165
2026-10-09T03:20:19+00:00,sapmachine-25.0.4+4,336311152,True,sapmachine-jre-25.0.4-ea.4_aix-ppc64_bin.tar.gz,aix,ppc64,jre,161
2026-10-09T03:20:19+00:00,sapmachine-25.0.4+4,336311152,True,sapmachine-jdk-25.0.4-ea.4_aix-ppc64_bin-symbols.tar.gz,aix,ppc64,jdk,2
2026-10-09T03:20:19+00:00,sapmachine-25.0.4+4,336311152,True,sapmachine-jdk-25.0.4-ea.4_linux-x64-musl_bin.tar.gz,alpine,x64,jdk,166
2026-10-09T03:20:19+00:00,sapmachine-25.0.4+4,336311152,True,sapmachine-jre-25.0.4-ea.4_linux-x64-musl_bin.tar.gz,alpine,x64,jre,165
2026-10-09T03:20:19+00:00,sapmachine-25.0.4+4,336311152,True,sapmachine-jdk-25.0.4-ea.4_linux-x64-musl_bin-symbols.tar.gz,alpine,x64,jdk,1
2026-10-09T03:20:19+00:00,sapmachine-25.0.4+4,336311152,True,sapmachine-jdk-25.0.4-ea.4_linux-ppc64le_bin.tar.gz,linux,ppc64,jdk,167
2026-10-09T03:20:19+00:00,sapmachine-25.0.4+4,336311152,True,sapmachine-jre-25.0.4-ea.4_linux-ppc64le_bin.tar.gz,linux,ppc64,jre,172
2026-10-09T03:20:19+00:00,sapmachine-25.0.4+4,336311152,True,sapmachine-jdk-25.0.4-ea.4_linux-ppc64le_bin-symbols.tar.gz,linux,ppc64,jdk,1
2026-10-09T03:20:19+00:00,sapmachine-25.0.4+4,336311152,True,sapmachine-jdk-25.0.4-ea.4_linux-aarch64_bin.tar.gz,linux,aarch64,jdk,166
2026-10-09T03:20:19+00:00,sapmachine-25.0.4+4,336311152,True,sapmachine-jre-25.0.4-ea.4_linux-aarch64_bin.tar.gz,linux,aarch64,jre,169
2026-10-09T03:20:19+00:00,sapmachine-25.0.4+4,336311152,True,sapmachine-jdk-25.0.4-ea.4_linux-aarch64_bin-symbols.tar.gz,linux,aarch64,jdk,1
2026-10-09T03:20:19+00:00,sapmachine-25.0.4+4,336311152,True,sapmachine-jdk-25.0.4-ea.4_windows-x64_bin.zip,windows,x64,jdk,171
2026-10-09T03:20:19+00:00,sapmachine-25.0.4+4,336311152,True,sapmachine-jre-25.0.4-ea.4_windows-x64_bin.zip,windows,x64,jre,167
2026-10-09T03:20:19+00:00,sapmachine-25.0.4+4,336311152,True,sapmachine-jdk-25.0.4-ea.4_windows-x64_bin-symbols.tar.gz,windows,x64,jdk,1
2026-10-09T03:20:19+00:00,sapmachine-27+25,336310460,True,sapmachine-jdk-27-ea.25_linux-x64-musl_bin.tar.gz,alpine,x64,jdk,165
2026-10-09T03:20:19+00:00,sapmachine-27+25,336310460,True,sapmachine-jre-27-ea.25_linux-x64-musl_bin.tar.gz,alpine,x64,jre,166
2026-10-09T03:20:19+00:00,sapmachine-27+25,336310460,True,sapmachine-jdk-27-ea.25_linux-x64-musl_bin-symbols.tar.gz,alpine,x64,jdk,2
2026-10-09T03:20:19+00:00,sapmachine-27+25,336310460,True,sapmachine-jdk-27-ea.25_linux-x64_bin.tar.gz,linux,x64,jdk,169
2026-10-09T03:20:19+00:00,sapmachine-27+25,336310460,True,sapmachine-jre-27-ea.25_linux-x64_bin.tar.gz,linux,x64,jre,169
2026-10-09T03:20:19+00:00,sapmachine-27+25,336310460,True,sapmachine-jdk-27-ea.25_linux-x64_bin-symbols.tar.gz,linux,x64,jdk,1
2026-10-09T03:20:19+00:00,sapmachine-27+25,336310460,True,sapmachine-jdk-27-ea.25_linux-ppc64le_bin.tar.gz,linux,ppc64,jdk,166
2026-10-09T03:20:19+00:00,sapmachine-27+25,336310460,True,sapmachine-jre-27-ea.25_linux-ppc64le_bin.tar.gz,linux,ppc64,jre,167
2026-10-09T03:20:19+00:00,sapmachine-27+25,336310460,True,sapmachine-jdk-27-ea.25_linux-ppc64le_bin-symbols.tar.gz,linux,ppc64,jdk,1
2026-10-09T03:20:19+00:00,sapmachine-27+25,336310460,True,sapmachine-jdk-27-ea.25_linux-aarch64_bin.tar.gz,linux,aarch64,jdk,169
2026-10-09T03:20:19+00:00,sapmachine-27+25,336310460,True,sapmachine-jre-27-ea.25_linux-aarch64_bin.tar.gz,linux,aarch64,jre,169
2026-10-09T03:20:19+00:00,sapmachine-27+25,336310460,True,sapmachine-jdk-27-ea.25_linux-aarch64_bin-symbols.tar.gz,linux,aarch64,jdk,1
2026-10-09T03:20:19+00:00,sapmachine-27+25,336310460,True,sapmachine-jdk-27-ea.25_macos-aarch64_bin.tar.gz,macos,aarch64,jdk,170
2026-10-09T03:20:19+00:00,sapmachine-27+25,336310460,True,sapmachine-jre-27-ea.25_macos-aarch64_bin.tar.gz,macos,aarch64,jre,167
2026-10-09T03:20:19+00:00,sapmachine-27+25,336310460,True,sapmachine-jdk-27-ea.25_macos-aarch64_bin-symbols.tar.gz,macos,aarch64,jdk,1
2026-10-09T03:20:19+00:00,sapmachine-27+25,336310460,True,sapmachine-jdk-27-ea.25_macos-aarch64_bin.dmg,macos,aarch64,jdk,171
2026-10-09T03:20:19+00:00,sapmachine-27+25,336310460,True,sapmachine-jre-27-ea.25_macos-aarch64_bin.dmg,macos,aarch64,jre,166
2026-10-09T03:20:19+00:00,sapmachine-27+25,336310460,True,sapmachine-jdk-27-ea.25_windows-x64_bin.zip,windows,x64,jdk,165
2026-10-09T03:20:19+00:00,sapmachine-27+25,336310460,True,sapmachine-jre-27-ea.25_windows-x64_bin.zip,windows,x64,jre,170
2026-10-09T03:20:19+00:00,sapmachine-27+25,336310460,True,sapmachine-jdk-27-ea.25_windows-x64_bin-symbols.tar.gz,windows,x64,jdk,2
2026-10-09T03:20:19+00:00,sapmachine-27+25,336310460,True,sapmachine-jdk-27-ea.25_aix-ppc64_bin.tar.gz,aix,ppc64,jdk,164
2026-10-09T03:20:19+00:00,sapmachine-27+25,336310460,True,sapmachine-jre-27-ea.25_aix-ppc64_bin.tar.gz,aix,ppc64,jre,164
2026-10-09T03:20:19+00:00,sapmachine-27+25,336310460,True,sapmachine-jdk-27-ea.25_aix-ppc64_bin-symbols.tar.gz,aix,ppc64,jdk,1
2026-10-09T03:20:19+00:00,sapmachine-17.0.19,311937447,False,sapmachine-jdk-17.0.19_linux-aarch64_bin-symbols.tar.gz,linux,aarch64,jdk,6
2026-10-09T03:20:19+00:00,sapmachine-17.0.19,311937447,False,sapmachine-jdk-17.0.19_linux-aarch64_bin.tar.gz,linux,aarch64,jdk,1848
2026-10-09T03:20:19+00:00,sapmachine-17.0.19,311937447,False,sapmachine-jdk-17.0.19_linux-ppc64le_bin-symbols.tar.gz,linux,ppc64,jdk,3
2026-10-09T03:20:19+00:00,sapmachine-17.0.19,311937447,False,sapmachine-jdk-17.0.19_linux-ppc64le_bin.tar.gz,linux,ppc64,jdk,328
2026-10-09T03:20:19+00:00,sapmachine-17.0.19,311937447,False,sapmachine-jdk-17.0.19_linux-x64-musl_bin-symbols.tar.gz,alpine,x64,jdk,3
2026-10-09T03:20:19+00:00,sapmachine-17.0.19,311937447,False,sapmachine-jdk-17.0.19_linux-x64-musl_bin.tar.gz,alpine,x64,jdk,3182
2026-10-09T03:20:19+00:00,sapmachine-17.0.19,311937447,False,sapmachine-jdk-17.0.19_linux-x64_bin-symbols.tar.gz,linux,x64,jdk,22
2026-10-09T03:20:19+00:00,sapmachine-17.0.19,311937447,False,sapmachine-jdk-17.0.19_linux-x64_bin.tar.gz,linux,x64,jdk,118073
2026-10-09T03:20:19+00:00,sapmachine-17.0.19,311937447,False,sapmachine-jdk-17.0.19_macos-aarch64_bin-symbols.tar.gz,macos,aarch64,jdk,4
2026-10-09T03:20:19+00:00,sapmachine-17.0.19,311937447,False,sapmachine-jdk-17.0.19_macos-aarch64_bin.dmg,macos,aarch64,jdk,2592
2026-10-09T03:20:19+00:00,sapmachine-17.0.19,311937447,False,sapmachine-jdk-17.0.19_macos-aarch64_bin.tar.gz,macos,aarch64,jdk,27994
2026-10-09T03:20:19+00:00,sapmachine-17.0.19,311937447,False,sapmachine-jdk-17.0.19_macos-x64_bin-symbols.tar.gz,macos,x64,jdk,4
2026-10-09T03:20:19+00:00,sapmachine-17.0.19,311937447,False,sapmachine-jdk-17.0.19_macos-x64_bin.dmg,macos,x64,jdk,1098
2026-10-09T03:20:19+00:00,sapmachine-17.0.19,311937447,False,sapmachine-jdk-17.0.19_macos-x64_bin.tar.gz,macos,x64,jdk,6168
2026-10-09T03:20:19+00:00,sapmachine-17.0.19,311937447,False,sapmachine-jdk-17.0.19_windows-x64_bin-symbols.tar.gz,windows,x64,jdk,3
2026-10-09T03:20:19+00:00,sapmachine-17.0.19,311937447,False,sapmachine-jdk-17.0.19_windows-x64_bin.msi,windows,x64,jdk,1964
2026-10-09T03:20:19+00:00,sapmachine-17.0.19,311937447,False,sapmachine-jdk-17.0.19_windows-x64_bin.zip,windows,x64,jdk,10530
2026-10-09T03:20:19+00:00,sapmachine-17.0.19,311937447,False,sapmachine-jre-17.0.19_linux-aarch64_bin.tar.gz,linux,aarch64,jre,575
2026-10-09T03:20:19+00:00,sapmachine-17.0.19,311937447,False,sapmachine-jre-17.0.19_linux-ppc64le_bin.tar.gz,linux,ppc64,jre,249
2026-10-09T03:20:19+00:00,sapmachine-17.0.19,311937447,False,sapmachine-jre-17.0.19_linux-x64-musl_bin.tar.gz,alpine,x64,jre,270
2026-10-09T03:20:19+00:00,sapmachine-17.0.19,311937447,False,sapmachine-jre-17.0.19_linux-x64_bin.tar.gz,linux,x64,jre,77882
2026-10-09T03:20:19+00:00,sapmachine-17.0.19,311937447,False,sapmachine-jre-17.0.19_macos-aarch64_bin.dmg,macos,aarch64,jre,288
2026-10-09T03:20:19+00:00,sapmachine-17.0.19,311937447,False,sapmachine-jre-17.0.19_macos-aarch64_bin.tar.gz,macos,aarch64,jre,1420
2026-10-09T03:20:19+00:00,sapmachine-17.0.19,311937447,False,sapmachine-jre-17.0.19_macos-x64_bin.dmg,macos,x64,jre,254
2026-10-09T03:20:19+00:00,sapmachine-17.0.19,311937447,False,sapmachine-jre-17.0.19_macos-x64_bin.tar.gz,macos,x64,jre,3443
2026-10-09T03:20:19+00:00,sapmachine-17.0.19,311937447,False,sapmachine-jre-17.0.19_windows-x64_bin.msi,windows,x64,jre,2253
2026-10-09T03:20:19+00:00,sapmachine-17.0.19,311937447,False,sapmachine-jre-17.0.19_windows-x64_bin.zip,windows,x64,jre,3657
2026-10-09T03:20:19+00:00,sapmachine-21.0.11,311934519,False,sapmachine-jdk-21.0.11_aix-ppc64_bin-symbols.tar.gz,aix,ppc64,jdk,4
2026-10-09T03:20:19+00:00,sapmachine-21.0.11,311934519,False,sapmachine-jdk-21.0.11_aix-ppc64_bin.tar.gz,aix,ppc64,jdk,336
2026-10-09T03:20:19+00:00,sapmachine-21.0.11,311934519,False,sapmachine-jdk-21.0.11_linux-aarch64_bin-symbols.tar.gz,linux,aarch64,jdk,4
2026-10-09T03:20:19+00:00,sapmachine-21.0.11,311934519,False,sapmachine-jdk-21.0.11_linux-aarch64_bin.tar.gz,linux,aarch64,jdk,3472
2026-10-09T03:20:19+00:00,sapmachine-21.0.11,311934519,False,sapmachine-jdk-21.0.11_linux-ppc64le_bin-symbols.tar.gz,linux,ppc64,jdk,4
2026-10-09T03:20:19+00:00,sapmachine-21.0.11,311934519,False,sapmachine-jdk-21.0.11_linux-ppc64le_bin.tar.gz,linux,ppc64,jdk,330
2026-10-09T03:20:19+00:00,sapmachine-21.0.11,311934519,False,sapmachine-jdk-21.0.11_linux-x64-musl_bin-symbols.tar.gz,alpine,x64,jdk,4
2026-10-09T03:20:19+00:00,sapmachine-21.0.11,311934519,False,sapmachine-jdk-21.0.11_linux-x64-musl_bin.tar.gz,alpine,x64,jdk,2790
2026-10-09T03:20:19+00:00,sapmachine-21.0.11,311934519,False,sapmachine-jdk-21.0.11_linux-x64_bin-symbols.tar.gz,linux,x64,jdk,6
2026-10-09T03:20:19+00:00,sapmachine-21.0.11,311934519,False,sapmachine-jdk-21.0.11_linux-x64_bin.tar.gz,linux,x64,jdk,211901
2026-10-09T03:20:19+00:00,sapmachine-21.0.11,311934519,False,sapmachine-jdk-21.0.11_macos-aarch64_bin-symbols.tar.gz,macos,aarch64,jdk,6
2026-10-09T03:20:19+00:00,sapmachine-21.0.11,311934519,False,sapmachine-jdk-21.0.11_macos-aarch64_bin.dmg,macos,aarch64,jdk,3354
2026-10-09T03:20:19+00:00,sapmachine-21.0.11,311934519,False,sapmachine-jdk-21.0.11_macos-aarch64_bin.tar.gz,macos,aarch64,jdk,38750
2026-10-09T03:20:19+00:00,sapmachine-21.0.11,311934519,False,sapmachine-jdk-21.0.11_macos-x64_bin-symbols.tar.gz,macos,x64,jdk,6
2026-10-09T03:20:19+00:00,sapmachine-21.0.11,311934519,False,sapmachine-jdk-21.0.11_macos-x64_bin.dmg,macos,x64,jdk,1532
2026-10-09T03:20:19+00:00,sapmachine-21.0.11,311934519,False,sapmachine-jdk-21.0.11_macos-x64_bin.tar.gz,macos,x64,jdk,5252
2026-10-09T03:20:19+00:00,sapmachine-21.0.11,311934519,False,sapmachine-jdk-21.0.11_windows-x64_bin-symbols.tar.gz,windows,x64,jdk,4
2026-10-09T03:20:19+00:00,sapmachine-21.0.11,311934519,False,sapmachine-jdk-21.0.11_windows-x64_bin.msi,windows,x64,jdk,2549
2026-10-09T03:20:19+00:00,sapmachine-21.0.11,311934519,False,sapmachine-jdk-21.0.11_windows-x64_bin.zip,windows,x64,jdk,6783
2026-10-09T03:20:19+00:00,sapmachine-21.0.11,311934519,False,sapmachine-jre-21.0.11_aix-ppc64_bin.tar.gz,aix,ppc64,jre,263
2026-10-09T03:20:19+00:00,sapmachine-21.0.11,311934519,False,sapmachine-jre-21.0.11_linux-aarch64_bin.tar.gz,linux,aarch64,jre,835
2026-10-09T03:20:19+00:00,sapmachine-21.0.11,311934519,False,sapmachine-jre-21.0.11_linux-ppc64le_bin.tar.gz,linux,ppc64,jre,256
2026-10-09T03:20:19+00:00,sapmachine-21.0.11,311934519,False,sapmachine-jre-21.0.11_linux-x64-musl_bin.tar.gz,alpine,x64,jre,263
2026-10-09T03:20:19+00:00,sapmachine-21.0.11,311934519,False,sapmachine-jre-21.0.11_linux-x64_bin.tar.gz,linux,x64,jre,118350
2026-10-09T03:20:19+00:00,sapmachine-21.0.11,311934519,False,sapmachine-jre-21.0.11_macos-aarch64_bin.dmg,macos,aarch64,jre,341
2026-10-09T03:20:19+00:00,sapmachine-21.0.11,311934519,False,sapmachine-jre-21.0.11_macos-aarch64_bin.tar.gz,macos,aarch64,jre,1025
2026-10-09T03:20:19+00:00,sapmachine-21.0.11,311934519,False,sapmachine-jre-21.0.11_macos-x64_bin.dmg,macos,x64,jre,264
2026-10-09T03:20:19+00:00,sapmachine-21.0.11,311934519,False,sapmachine-jre-21.0.11_macos-x64_bin.tar.gz,macos,x64,jre,657
2026-10-09T03:20:19+00:00,sapmachine-21.0.11,311934519,False,sapmachine-jre-21.0.11_windows-x64_bin.msi,windows,x64,jre,888
2026-10-09T03:20:19+00:00,sapmachine-21.0.11,311934519,False,sapmachine-jre-21.0.11_windows-x64_bin.zip,windows,x64,jre,775
2026-10-09T03:20:19+00:00,sapmachine-25.0.3,311931116,False,sapmachine-jdk-25.0.3_aix-ppc64_bin-symbols.tar.gz,aix,ppc64,jdk,5
2026-10-09T03:20:19+00:00,sapmachine-25.0.3,311931116,False,sapmachine-jdk-25.0.3_aix-ppc64_bin.tar.gz,aix,ppc64,jdk,316
2026-10-09T03:20:19+00:00,sapmachine-25.0.3,311931116,False,sapmachine-jdk-25.0.3_linux-aarch64_bin-symbols.tar.gz,linux,aarch64,jdk,4
2026-10-09T03:20:19+00:00,sapmachine-25.0.3,311931116,False,sapmachine-jdk-25.0.3_linux-aarch64_bin.tar.gz,linux,aarch64,jdk,737
2026-10-09T03:20:19+00:00,sapmachine-25.0.3,311931116,False,sapmachine-jdk-25.0.3_linux-ppc64le_bin-symbols.tar.gz,linux,ppc64,jdk,4
2026-10-09T03:20:19+00:00,sapmachine-25.0.3,311931116,False,sapmachine-jdk-25.0.3_linux-ppc64le_bin.tar.gz,linux,ppc64,jdk,311
2026-10-09T03:20:19+00:00,sapmachine-25.0.3,311931116,False,sapmachine-jdk-25.0.3_linux-x64-musl_bin-symbols.tar.gz,alpine,x64,jdk,4
2026-10-09T03:20:19+00:00,sapmachine-25.0.3,311931116,False,sapmachine-jdk-25.0.3_linux-x64-musl_bin.tar.gz,alpine,x64,jdk,440
2026-10-09T03:20:19+00:00,sapmachine-25.0.3,311931116,False,sapmachine-jdk-25.0.3_linux-x64_bin-symbols.tar.gz,linux,x64,jdk,4
2026-10-09T03:20:19+00:00,sapmachine-25.0.3,311931116,False,sapmachine-jdk-25.0.3_linux-x64_bin.tar.gz,linux,x64,jdk,106676
2026-10-09T03:20:19+00:00,sapmachine-25.0.3,311931116,False,sapmachine-jdk-25.0.3_macos-aarch64_bin-symbols.tar.gz,macos,aarch64,jdk,5
2026-10-09T03:20:19+00:00,sapmachine-25.0.3,311931116,False,sapmachine-jdk-25.0.3_macos-aarch64_bin.dmg,macos,aarch64,jdk,1404
2026-10-09T03:20:19+00:00,sapmachine-25.0.3,311931116,False,sapmachine-jdk-25.0.3_macos-aarch64_bin.tar.gz,macos,aarch64,jdk,18975
2026-10-09T03:20:19+00:00,sapmachine-25.0.3,311931116,False,sapmachine-jdk-25.0.3_windows-x64_bin-symbols.tar.gz,windows,x64,jdk,4
2026-10-09T03:20:19+00:00,sapmachine-25.0.3,311931116,False,sapmachine-jdk-25.0.3_windows-x64_bin.msi,windows,x64,jdk,1599
2026-10-09T03:20:19+00:00,sapmachine-25.0.3,311931116,False,sapmachine-jdk-25.0.3_windows-x64_bin.zip,windows,x64,jdk,2255
2026-10-09T03:20:19+00:00,sapmachine-25.0.3,311931116,False,sapmachine-jre-25.0.3_aix-ppc64_bin.tar.gz,aix,ppc64,jre,249
2026-10-09T03:20:19+00:00,sapmachine-25.0.3,311931116,False,sapmachine-jre-25.0.3_linux-aarch64_bin.tar.gz,linux,aarch64,jre,510
2026-10-09T03:20:19+00:00,sapmachine-25.0.3,311931116,False,sapmachine-jre-25.0.3_linux-ppc64le_bin.tar.gz,linux,ppc64,jre,270
2026-10-09T03:20:19+00:00,sapmachine-25.0.3,311931116,False,sapmachine-jre-25.0.3_linux-x64-musl_bin.tar.gz,alpine,x64,jre,259
2026-10-09T03:20:19+00:00,sapmachine-25.0.3,311931116,False,sapmachine-jre-25.0.3_linux-x64_bin.tar.gz,linux,x64,jre,17670
2026-10-09T03:20:19+00:00,sapmachine-25.0.3,311931116,False,sapmachine-jre-25.0.3_macos-aarch64_bin.dmg,macos,aarch64,jre,284
2026-10-09T03:20:19+00:00,sapmachine-25.0.3,311931116,False,sapmachine-jre-25.0.3_macos-aarch64_bin.tar.gz,macos,aarch64,jre,348
2026-10-09T03:20:19+00:00,sapmachine-25.0.3,311931116,False,sapmachine-jre-25.0.3_windows-x64_bin.msi,windows,x64,jre,764
2026-10-09T03:20:19+00:00,sapmachine-25.0.3,311931116,False,sapmachine-jre-25.0.3_windows-x64_bin.zip,windows,x64,jre,425
2026-10-09T03:20:19+00:00,sapmachine-26.0.1,311925109,False,sapmachine-jdk-26.0.1_aix-ppc64_bin-symbols.tar.gz,aix,ppc64,jdk,5
2026-10-09T03:20:19+00:00,sapmachine-26.0.1,311925109,False,sapmachine-jdk-26.0.1_aix-ppc64_bin.tar.gz,aix,ppc64,jdk,405
2026-10-09T03:20:19+00:00,sapmachine-26.0.1,311925109,False,sapmachine-jdk-26.0.1_linux-aarch64_bin-symbols.tar.gz,linux,aarch64,jdk,5
2026-10-09T03:20:19+00:00,sapmachine-26.0.1,311925109,False,sapmachine-jdk-26.0.1_linux-aarch64_bin.tar.gz,linux,aarch64,jdk,552
2026-10-09T03:20:19+00:00,sapmachine-26.0.1,311925109,False,sapmachine-jdk-26.0.1_linux-ppc64le_bin-symbols.tar.gz,linux,ppc64,jdk,4
2026-10-09T03:20:19+00:00,sapmachine-26.0.1,311925109,False,sapmachine-jdk-26.0.1_linux-ppc64le_bin.tar.gz,linux,ppc64,jdk,406
2026-10-09T03:20:19+00:00,sapmachine-26.0.1,311925109,False,sapmachine-jdk-26.0.1_linux-x64-musl_bin-symbols.tar.gz,alpine,x64,jdk,3
2026-10-09T03:20:19+00:00,sapmachine-26.0.1,311925109,False,sapmachine-jdk-26.0.1_linux-x64-musl_bin.tar.gz,alpine,x64,jdk,425
2026-10-09T03:20:19+00:00,sapmachine-26.0.1,311925109,False,sapmachine-jdk-26.0.1_linux-x64_bin-symbols.tar.gz,linux,x64,jdk,3
2026-10-09T03:20:19+00:00,sapmachine-26.0.1,311925109,False,sapmachine-jdk-26.0.1_linux-x64_bin.tar.gz,linux,x64,jdk,3365
2026-10-09T03:20:19+00:00,sapmachine-26.0.1,311925109,False,sapmachine-jdk-26.0.1_macos-aarch64_bin-symbols.tar.gz,macos,aarch64,jdk,5
2026-10-09T03:20:19+00:00,sapmachine-26.0.1,311925109,False,sapmachine-jdk-26.0.1_macos-aarch64_bin.dmg,macos,aarch64,jdk,4084
2026-10-09T03:20:19+00:00,sapmachine-26.0.1,311925109,False,sapmachine-jdk-26.0.1_macos-aarch64_bin.tar.gz,macos,aarch64,jdk,1228
2026-10-09T03:20:19+00:00,sapmachine-26.0.1,311925109,False,sapmachine-jdk-26.0.1_windows-x64_bin-symbols.tar.gz,windows,x64,jdk,3
2026-10-09T03:20:19+00:00,sapmachine-26.0.1,311925109,False,sapmachine-jdk-26.0.1_windows-x64_bin.msi,windows,x64,jdk,4673
2026-10-09T03:20:19+00:00,sapmachine-26.0.1,311925109,False,sapmachine-jdk-26.0.1_windows-x64_bin.zip,windows,x64,jdk,1260
2026-10-09T03:20:19+00:00,sapmachine-26.0.1,311925109,False,sapmachine-jre-26.0.1_aix-ppc64_bin.tar.gz,aix,ppc64,jre,241
2026-10-09T03:20:19+00:00,sapmachine-26.0.1,311925109,False,sapmachine-jre-26.0.1_linux-aarch64_bin.tar.gz,linux,aarch64,jre,362
2026-10-09T03:20:19+00:00,sapmachine-26.0.1,311925109,False,sapmachine-jre-26.0.1_linux-ppc64le_bin.tar.gz,linux,ppc64,jre,247
2026-10-09T03:20:19+00:00,sapmachine-26.0.1,311925109,False,sapmachine-jre-26.0.1_linux-x64-musl_bin.tar.gz,alpine,x64,jre,239
2026-10-09T03:20:19+00:00,sapmachine-26.0.1,311925109,False,sapmachine-jre-26.0.1_linux-x64_bin.tar.gz,linux,x64,jre,641
2026-10-09T03:20:19+00:00,sapmachine-26.0.1,311925109,False,sapmachine-jre-26.0.1_macos-aarch64_bin.dmg,macos,aarch64,jre,272
2026-10-09T03:20:19+00:00,sapmachine-26.0.1,311925109,False,sapmachine-jre-26.0.1_macos-aarch64_bin.tar.gz,macos,aarch64,jre,286
2026-10-09T03:20:19+00:00,sapmachine-26.0.1,311925109,False,sapmachine-jre-26.0.1_windows-x64_bin.msi,windows,x64,jre,1014
2026-10-09T03:20:19+00:00,sapmachine-26.0.1,311925109,False,sapmachine-jre-26.0.1_windows-x64_bin.zip,windows,x64,jre,366
2026-10-09T03:20:19+00:00,sapmachine-26,298302490,False,sapmachine-jdk-26_aix-ppc64_bin-symbols.tar.gz,aix,ppc64,jdk,3
2026-10-09T03:20:19+00:00,sapmachine-26,298302490,False,sapmachine-jdk-26_aix-ppc64_bin.tar.gz,aix,ppc64,jdk,330
2026-10-09T03:20:19+00:00,sapmachine-26,298302490,False,sapmachine-jdk-26_linux-aarch64_bin-symbols.tar.gz,linux,aarch64,jdk,3
2026-10-09T03:20:19+00:00,sapmachine-26,298302490,False,sapmachine-jdk-26_linux-aarch64_bin.tar.gz,linux,aarch64,jdk,342
2026-10-09T03:20:19+00:00,sapmachine-26,298302490,False,sapmachine-jdk-26_linux-ppc64le_bin-symbols.tar.gz,linux,ppc64,jdk,3
2026-10-09T03:20:19+00:00,sapmachine-26,298302490,False,sapmachine-jdk-26_linux-ppc64le_bin.tar.gz,linux,ppc64,jdk,329
2026-10-09T03:20:19+00:00,sapmachine-26,298302490,False,sapmachine-jdk-26_linux-x64-musl_bin-symbols.tar.gz,alpine,x64,jdk,2
2026-10-09T03:20:19+00:00,sapmachine-26,298302490,False,sapmachine-jdk-26_linux-x64-musl_bin.tar.gz,alpine,x64,jdk,339
2026-10-09T03:20:19+00:00,sapmachine-26,298302490,False,sapmachine-jdk-26_linux-x64_bin-symbols.tar.gz,linux,x64,jdk,2
2026-10-09T03:20:19+00:00,sapmachine-26,298302490,False,sapmachine-jdk-26_linux-x64_bin.tar.gz,linux,x64,jdk,830
2026-10-09T03:20:19+00:00,sapmachine-26,298302490,False,sapmachine-jdk-26_macos-aarch64_bin-symbols.tar.gz,macos,aarch64,jdk,4
2026-10-09T03:20:19+00:00,sapmachine-26,298302490,False,sapmachine-jdk-26_macos-aarch64_bin.dmg,macos,aarch64,jdk,1388
2026-10-09T03:20:19+00:00,sapmachine-26,298302490,False,sapmachine-jdk-26_macos-aarch64_bin.tar.gz,macos,aarch64,jdk,578
2026-10-09T03:20:19+00:00,sapmachine-26,298302490,False,sapmachine-jdk-26_windows-x64_bin-symbols.tar.gz,windows,x64,jdk,3
2026-10-09T03:20:19+00:00,sapmachine-26,298302490,False,sapmachine-jdk-26_windows-x64_bin.msi,windows,x64,jdk,1943
2026-10-09T03:20:19+00:00,sapmachine-26,298302490,False,sapmachine-jdk-26_windows-x64_bin.zip,windows,x64,jdk,683
2026-10-09T03:20:19+00:00,sapmachine-26,298302490,False,sapmachine-jre-26_aix-ppc64_bin.tar.gz,aix,ppc64,jre,306
2026-10-09T03:20:19+00:00,sapmachine-26,298302490,False,sapmachine-jre-26_linux-aarch64_bin.tar.gz,linux,aarch64,jre,309
2026-10-09T03:20:19+00:00,sapmachine-26,298302490,False,sapmachine-jre-26_linux-ppc64le_bin.tar.gz,linux,ppc64,jre,299
2026-10-09T03:20:19+00:00,sapmachine-26,298302490,False,sapmachine-jre-26_linux-x64-musl_bin.tar.gz,alpine,x64,jre,303
2026-10-09T03:20:19+00:00,sapmachine-26,298302490,False,sapmachine-jre-26_linux-x64_bin.tar.gz,linux,x64,jre,512
2026-10-09T03:20:19+00:00,sapmachine-26,298302490,False,sapmachine-jre-26_macos-aarch64_bin.dmg,macos,aarch64,jre,314
2026-10-09T03:20:19+00:00,sapmachine-26,298302490,False,sapmachine-jre-26_macos-aarch64_bin.tar.gz,macos,aarch64,jre,312
2026-10-09T03:20:19+00:00,sapmachine-26,298302490,False,sapmachine-jre-26_windows-x64_bin.msi,windows,x64,jre,694
2026-10-09T03:20:19+00:00,sapmachine-26,298302490,False,sapmachine-jre-26_windows-x64_bin.zip,windows,x64,jre,339
2026-10-09T03:20:19+00:00,sapmachine-10,295853378,False,sapmachine-jdk-10.46_linux-x64_bin.tar.gz,linux,x64,jdk,286
2026-10-09T03:20:19+00:00,sapmachine-10,295853378,False,sapmachine-jre-10.46_linux-x64_bin.tar.gz,linux,x64,jre,494
2026-10-09T03:20:19+00:00,sapmachine-10.0.1,295851219,False,sapmachine-jdk-10.0.1.10_linux-x64_bin.tar.gz,linux,x64,jdk,286
2026-10-09T03:20:19+00:00,sapmachine-10.0.1,295851219,False,sapmachine-jre-10.0.1.10_linux-x64_bin.tar.gz,linux,x64,jre,494
2026-10-09T03:20:19+00:00,sapmachine-10.0.2,295845093,False,sapmachine-jdk-10.0.2.13_linux-x64_bin.tar.gz,linux,x64,jdk,292
2026-10-09T03:20:19+00:00,sapmachine-10.0.2,295845093,False,sapmachine-jre-10.0.2.13_linux-x64_bin.tar.gz,linux,x64,jre,491
2026-10-09T03:20:19+00:00,sapmachine-11,295842408,False,sapmachine-jdk-11.28_linux-x64_bin.tar.gz,linux,x64,jdk,1163
2026-10-09T03:20:19+00:00,sapmachine-11,295842408,False,sapmachine-jre-11.28_linux-x64_bin.tar.gz,linux,x64,jre,1347
2026-10-09T03:20:19+00:00,sapmachine-11.0.1,295753174,False,sapmachine-jdk-11.0.1.13_linux-x64_bin.tar.gz,linux,x64,jdk,898
2026-10-09T03:20:19+00:00,sapmachine-11.0.1,295753174,False,sapmachine-jre-11.0.1.13_linux-x64_bin.tar.gz,linux,x64,jre,1095
2026-10-09T03:20:19+00:00,sapmachine-21.0.10.0.1,287396686,False,sapmachine-jdk-21.0.10.0.1_aix-ppc64_bin-symbols.tar.gz,aix,ppc64,jdk,2
2026-10-09T03:20:19+00:00,sapmachine-21.0.10.0.1,287396686,False,sapmachine-jdk-21.0.10.0.1_aix-ppc64_bin.tar.gz,aix,ppc64,jdk,392
2026-10-09T03:20:19+00:00,sapmachine-21.0.10.0.1,287396686,False,sapmachine-jdk-21.0.10.0.1_linux-aarch64_bin-symbols.tar.gz,linux,aarch64,jdk,3
2026-10-09T03:20:19+00:00,sapmachine-21.0.10.0.1,287396686,False,sapmachine-jdk-21.0.10.0.1_linux-aarch64_bin.tar.gz,linux,aarch64,jdk,1869
2026-10-09T03:20:19+00:00,sapmachine-21.0.10.0.1,287396686,False,sapmachine-jdk-21.0.10.0.1_linux-ppc64le_bin-symbols.tar.gz,linux,ppc64,jdk,2
2026-10-09T03:20:19+00:00,sapmachine-21.0.10.0.1,287396686,False,sapmachine-jdk-21.0.10.0.1_linux-ppc64le_bin.tar.gz,linux,ppc64,jdk,372
2026-10-09T03:20:19+00:00,sapmachine-21.0.10.0.1,287396686,False,sapmachine-jdk-21.0.10.0.1_linux-x64-musl_bin-symbols.tar.gz,alpine,x64,jdk,2
2026-10-09T03:20:19+00:00,sapmachine-21.0.10.0.1,287396686,False,sapmachine-jdk-21.0.10.0.1_linux-x64-musl_bin.tar.gz,alpine,x64,jdk,386
2026-10-09T03:20:19+00:00,sapmachine-21.0.10.0.1,287396686,False,sapmachine-jdk-21.0.10.0.1_linux-x64_bin-symbols.tar.gz,linux,x64,jdk,1
2026-10-09T03:20:19+00:00,sapmachine-21.0.10.0.1,287396686,False,sapmachine-jdk-21.0.10.0.1_linux-x64_bin.tar.gz,linux,x64,jdk,108787
2026-10-09T03:20:19+00:00,sapmachine-21.0.10.0.1,287396686,False,sapmachine-jdk-21.0.10.0.1_macos-aarch64_bin-symbols.tar.gz,macos,aarch64,jdk,2
2026-10-09T03:20:19+00:00,sapmachine-21.0.10.0.1,287396686,False,sapmachine-jdk-21.0.10.0.1_macos-aarch64_bin.dmg,macos,aarch64,jdk,1812
2026-10-09T03:20:19+00:00,sapmachine-21.0.10.0.1,287396686,False,sapmachine-jdk-21.0.10.0.1_macos-aarch64_bin.tar.gz,macos,aarch64,jdk,27247
2026-10-09T03:20:19+00:00,sapmachine-21.0.10.0.1,287396686,False,sapmachine-jdk-21.0.10.0.1_macos-x64_bin-symbols.tar.gz,macos,x64,jdk,2
2026-10-09T03:20:19+00:00,sapmachine-21.0.10.0.1,287396686,False,sapmachine-jdk-21.0.10.0.1_macos-x64_bin.dmg,macos,x64,jdk,945
2026-10-09T03:20:19+00:00,sapmachine-21.0.10.0.1,287396686,False,sapmachine-jdk-21.0.10.0.1_macos-x64_bin.tar.gz,macos,x64,jdk,2198
2026-10-09T03:20:19+00:00,sapmachine-21.0.10.0.1,287396686,False,sapmachine-jdk-21.0.10.0.1_windows-x64_bin-symbols.tar.gz,windows,x64,jdk,2
2026-10-09T03:20:19+00:00,sapmachine-21.0.10.0.1,287396686,False,sapmachine-jdk-21.0.10.0.1_windows-x64_bin.zip,windows,x64,jdk,3207
2026-10-09T03:20:19+00:00,sapmachine-21.0.10.0.1,287396686,False,sapmachine-jre-21.0.10.0.1_aix-ppc64_bin.tar.gz,aix,ppc64,jre,356
2026-10-09T03:20:19+00:00,sapmachine-21.0.10.0.1,287396686,False,sapmachine-jre-21.0.10.0.1_linux-aarch64_bin.tar.gz,linux,aarch64,jre,456
2026-10-09T03:20:19+00:00,sapmachine-21.0.10.0.1,287396686,False,sapmachine-jre-21.0.10.0.1_linux-ppc64le_bin.tar.gz,linux,ppc64,jre,343
2026-10-09T03:20:19+00:00,sapmachine-21.0.10.0.1,287396686,False,sapmachine-jre-21.0.10.0.1_linux-x64-musl_bin.tar.gz,alpine,x64,jre,344
2026-10-09T03:20:19+00:00,sapmachine-21.0.10.0.1,287396686,False,sapmachine-jre-21.0.10.0.1_linux-x64_bin.tar.gz,linux,x64,jre,61563
2026-10-09T03:20:19+00:00,sapmachine-21.0.10.0.1,287396686,False,sapmachine-jre-21.0.10.0.1_macos-aarch64_bin.dmg,macos,aarch64,jre,380
2026-10-09T03:20:19+00:00,sapmachine-21.0.10.0.1,287396686,False,sapmachine-jre-21.0.10.0.1_macos-aarch64_bin.tar.gz,macos,aarch64,jre,988
2026-10-09T03:20:19+00:00,sapmachine-21.0.10.0.1,287396686,False,sapmachine-jre-21.0.10.0.1_macos-x64_bin.dmg,macos,x64,jre,346
2026-10-09T03:20:19+00:00,sapmachine-21.0.10.0.1,287396686,False,sapmachine-jre-21.0.10.0.1_macos-x64_bin.tar.gz,macos,x64,jre,709
2026-10-09T03:20:19+00:00,sapmachine-21.0.10.0.1,287396686,False,sapmachine-jre-21.0.10.0.1_windows-x64_bin.zip,windows,x64,jre,739
2026-10-09T03:20:19+00:00,sapmachine-21.0.10.0.1,287396686,False,sapmachine-jdk-21.0.10.0.1_windows-x64_bin.msi,windows,x64,jdk,1671
2026-10-09T03:20:19+00:00,sapmachine-21.0.10.0.1,287396686,False,sapmachine-jre-21.0.10.0.1_windows-x64_bin.msi,windows,x64,jre,907
2026-10-09T03:20:19+00:00,sapmachine-11.0.30,278427032,False,sapmachine-jdk-11.0.30_linux-x64_bin-symbols.tar.gz,linux,x64,jdk,6
2026-10-09T03:20:19+00:00,sapmachine-11.0.30,278427032,False,sapmachine-jdk-11.0.30_linux-x64_bin.tar.gz,linux,x64,jdk,34904
2026-10-09T03:20:19+00:00,sapmachine-11.0.30,278427032,False,sapmachine-jre-11.0.30_linux-x64_bin.tar.gz,linux,x64,jre,9621
2026-10-09T03:20:19+00:00,sapmachine-17.0.18,278430768,False,sapmachine-jdk-17.0.18_linux-aarch64_bin-symbols.tar.gz,linux,aarch64,jdk,3
2026-10-09T03:20:19+00:00,sapmachine-17.0.18,278430768,False,sapmachine-jdk-17.0.18_linux-aarch64_bin.tar.gz,linux,aarch64,jdk,694
2026-10-09T03:20:19+00:00,sapmachine-17.0.18,278430768,False,sapmachine-jdk-17.0.18_linux-ppc64le_bin-symbols.tar.gz,linux,ppc64,jdk,2
2026-10-09T03:20:19+00:00,sapmachine-17.0.18,278430768,False,sapmachine-jdk-17.0.18_linux-ppc64le_bin.tar.gz,linux,ppc64,jdk,426
2026-10-09T03:20:19+00:00,sapmachine-17.0.18,278430768,False,sapmachine-jdk-17.0.18_linux-x64-musl_bin-symbols.tar.gz,alpine,x64,jdk,2
2026-10-09T03:20:19+00:00,sapmachine-17.0.18,278430768,False,sapmachine-jdk-17.0.18_linux-x64-musl_bin.tar.gz,alpine,x64,jdk,418
2026-10-09T03:20:19+00:00,sapmachine-17.0.18,278430768,False,sapmachine-jdk-17.0.18_linux-x64_bin-symbols.tar.gz,linux,x64,jdk,20
2026-10-09T03:20:19+00:00,sapmachine-17.0.18,278430768,False,sapmachine-jdk-17.0.18_linux-x64_bin.tar.gz,linux,x64,jdk,115360
2026-10-09T03:20:19+00:00,sapmachine-17.0.18,278430768,False,sapmachine-jdk-17.0.18_macos-aarch64_bin-symbols.tar.gz,macos,aarch64,jdk,3
2026-10-09T03:20:19+00:00,sapmachine-17.0.18,278430768,False,sapmachine-jdk-17.0.18_macos-aarch64_bin.dmg,macos,aarch64,jdk,2086
2026-10-09T03:20:19+00:00,sapmachine-17.0.18,278430768,False,sapmachine-jdk-17.0.18_macos-aarch64_bin.tar.gz,macos,aarch64,jdk,23151
2026-10-09T03:20:19+00:00,sapmachine-17.0.18,278430768,False,sapmachine-jdk-17.0.18_macos-x64_bin-symbols.tar.gz,macos,x64,jdk,3
2026-10-09T03:20:19+00:00,sapmachine-17.0.18,278430768,False,sapmachine-jdk-17.0.18_macos-x64_bin.dmg,macos,x64,jdk,1024
2026-10-09T03:20:19+00:00,sapmachine-17.0.18,278430768,False,sapmachine-jdk-17.0.18_macos-x64_bin.tar.gz,macos,x64,jdk,3794
2026-10-09T03:20:19+00:00,sapmachine-17.0.18,278430768,False,sapmachine-jdk-17.0.18_windows-x64_bin-symbols.tar.gz,windows,x64,jdk,2
2026-10-09T03:20:19+00:00,sapmachine-17.0.18,278430768,False,sapmachine-jdk-17.0.18_windows-x64_bin.zip,windows,x64,jdk,6976
2026-10-09T03:20:19+00:00,sapmachine-17.0.18,278430768,False,sapmachine-jre-17.0.18_linux-aarch64_bin.tar.gz,linux,aarch64,jre,846
2026-10-09T03:20:19+00:00,sapmachine-17.0.18,278430768,False,sapmachine-jre-17.0.18_linux-ppc64le_bin.tar.gz,linux,ppc64,jre,381
2026-10-09T03:20:19+00:00,sapmachine-17.0.18,278430768,False,sapmachine-jre-17.0.18_linux-x64-musl_bin.tar.gz,alpine,x64,jre,378
2026-10-09T03:20:19+00:00,sapmachine-17.0.18,278430768,False,sapmachine-jre-17.0.18_linux-x64_bin.tar.gz,linux,x64,jre,87161
2026-10-09T03:20:19+00:00,sapmachine-17.0.18,278430768,False,sapmachine-jre-17.0.18_macos-aarch64_bin.dmg,macos,aarch64,jre,421
2026-10-09T03:20:19+00:00,sapmachine-17.0.18,278430768,False,sapmachine-jre-17.0.18_macos-aarch64_bin.tar.gz,macos,aarch64,jre,750
2026-10-09T03:20:19+00:00,sapmachine-17.0.18,278430768,False,sapmachine-jre-17.0.18_macos-x64_bin.dmg,macos,x64,jre,387
2026-10-09T03:20:19+00:00,sapmachine-17.0.18,278430768,False,sapmachine-jre-17.0.18_macos-x64_bin.tar.gz,macos,x64,jre,2309
2026-10-09T03:20:19+00:00,sapmachine-17.0.18,278430768,False,sapmachine-jre-17.0.18_windows-x64_bin.zip,windows,x64,jre,2707
2026-10-09T03:20:19+00:00,sapmachine-17.0.18,278430768,False,sapmachine-jdk-17.0.18_windows-x64_bin.msi,windows,x64,jdk,2122
2026-10-09T03:20:19+00:00,sapmachine-17.0.18,278430768,False,sapmachine-jre-17.0.18_windows-x64_bin.msi,windows,x64,jre,2664
2026-10-09T03:20:19+00:00,sapmachine-21.0.10,278411440,False,sapmachine-jdk-21.0.10_aix-ppc64_bin-symbols.tar.gz,aix,ppc64,jdk,2
2026-10-09T03:20:19+00:00,sapmachine-21.0.10,278411440,False,sapmachine-jdk-21.0.10_aix-ppc64_bin.tar.gz,aix,ppc64,jdk,428
2026-10-09T03:20:19+00:00,sapmachine-21.0.10,278411440,False,sapmachine-jdk-21.0.10_linux-aarch64_bin-symbols.tar.gz,linux,aarch64,jdk,1
2026-10-09T03:20:19+00:00,sapmachine-21.0.10,278411440,False,sapmachine-jdk-21.0.10_linux-aarch64_bin.tar.gz,linux,aarch64,jdk,577
2026-10-09T03:20:19+00:00,sapmachine-21.0.10,278411440,False,sapmachine-jdk-21.0.10_linux-ppc64le_bin-symbols.tar.gz,linux,ppc64,jdk,1
2026-10-09T03:20:19+00:00,sapmachine-21.0.10,278411440,False,sapmachine-jdk-21.0.10_linux-ppc64le_bin.tar.gz,linux,ppc64,jdk,412
2026-10-09T03:20:19+00:00,sapmachine-21.0.10,278411440,False,sapmachine-jdk-21.0.10_linux-x64-musl_bin-symbols.tar.gz,alpine,x64,jdk,1
2026-10-09T03:20:19+00:00,sapmachine-21.0.10,278411440,False,sapmachine-jdk-21.0.10_linux-x64-musl_bin.tar.gz,alpine,x64,jdk,921
2026-10-09T03:20:19+00:00,sapmachine-21.0.10,278411440,False,sapmachine-jdk-21.0.10_linux-x64_bin-symbols.tar.gz,linux,x64,jdk,11
2026-10-09T03:20:19+00:00,sapmachine-21.0.10,278411440,False,sapmachine-jdk-21.0.10_linux-x64_bin.tar.gz,linux,x64,jdk,41617
2026-10-09T03:20:19+00:00,sapmachine-21.0.10,278411440,False,sapmachine-jdk-21.0.10_macos-aarch64_bin-symbols.tar.gz,macos,aarch64,jdk,3
2026-10-09T03:20:19+00:00,sapmachine-21.0.10,278411440,False,sapmachine-jdk-21.0.10_macos-aarch64_bin.dmg,macos,aarch64,jdk,1157
2026-10-09T03:20:19+00:00,sapmachine-21.0.10,278411440,False,sapmachine-jdk-21.0.10_macos-aarch64_bin.tar.gz,macos,aarch64,jdk,29762
2026-10-09T03:20:19+00:00,sapmachine-21.0.10,278411440,False,sapmachine-jdk-21.0.10_macos-x64_bin-symbols.tar.gz,macos,x64,jdk,3
2026-10-09T03:20:19+00:00,sapmachine-21.0.10,278411440,False,sapmachine-jdk-21.0.10_macos-x64_bin.dmg,macos,x64,jdk,678
2026-10-09T03:20:19+00:00,sapmachine-21.0.10,278411440,False,sapmachine-jdk-21.0.10_macos-x64_bin.tar.gz,macos,x64,jdk,1975
2026-10-09T03:20:19+00:00,sapmachine-21.0.10,278411440,False,sapmachine-jdk-21.0.10_windows-x64_bin-symbols.tar.gz,windows,x64,jdk,2
2026-10-09T03:20:19+00:00,sapmachine-21.0.10,278411440,False,sapmachine-jdk-21.0.10_windows-x64_bin.zip,windows,x64,jdk,2169
2026-10-09T03:20:19+00:00,sapmachine-21.0.10,278411440,False,sapmachine-jre-21.0.10_aix-ppc64_bin.tar.gz,aix,ppc64,jre,384
2026-10-09T03:20:19+00:00,sapmachine-21.0.10,278411440,False,sapmachine-jre-21.0.10_linux-aarch64_bin.tar.gz,linux,aarch64,jre,606
2026-10-09T03:20:19+00:00,sapmachine-21.0.10,278411440,False,sapmachine-jre-21.0.10_linux-ppc64le_bin.tar.gz,linux,ppc64,jre,390
2026-10-09T03:20:19+00:00,sapmachine-21.0.10,278411440,False,sapmachine-jre-21.0.10_linux-x64-musl_bin.tar.gz,alpine,x64,jre,378
2026-10-09T03:20:19+00:00,sapmachine-21.0.10,278411440,False,sapmachine-jre-21.0.10_linux-x64_bin.tar.gz,linux,x64,jre,31805
2026-10-09T03:20:19+00:00,sapmachine-21.0.10,278411440,False,sapmachine-jre-21.0.10_macos-aarch64_bin.dmg,macos,aarch64,jre,402
2026-10-09T03:20:19+00:00,sapmachine-21.0.10,278411440,False,sapmachine-jre-21.0.10_macos-aarch64_bin.tar.gz,macos,aarch64,jre,726
2026-10-09T03:20:19+00:00,sapmachine-21.0.10,278411440,False,sapmachine-jre-21.0.10_macos-x64_bin.dmg,macos,x64,jre,385
2026-10-09T03:20:19+00:00,sapmachine-21.0.10,278411440,False,sapmachine-jre-21.0.10_macos-x64_bin.tar.gz,macos,x64,jre,487
2026-10-09T03:20:19+00:00,sapmachine-21.0.10,278411440,False,sapmachine-jre-21.0.10_windows-x64_bin.zip,windows,x64,jre,555
2026-10-09T03:20:19+00:00,sapmachine-21.0.10,278411440,False,sapmachine-jdk-21.0.10_windows-x64_bin.msi,windows,x64,jdk,1561
2026-10-09T03:20:19+00:00,sapmachine-21.0.10,278411440,False,sapmachine-jre-21.0.10_windows-x64_bin.msi,windows,x64,jre,876
2026-10-09T03:20:19+00:00,sapmachine-25.0.2,278403095,False,sapmachine-jdk-25.0.2_aix-ppc64_bin-symbols.tar.gz,aix,ppc64,jdk,8
2026-10-09T03:20:19+00:00,sapmachine-25.0.2,278403095,False,sapmachine-jdk-25.0.2_aix-ppc64_bin.tar.gz,aix,ppc64,jdk,519
2026-10-09T03:20:19+00:00,sapmachine-25.0.2,278403095,False,sapmachine-jdk-25.0.2_linux-aarch64_bin-symbols.tar.gz,linux,aarch64,jdk,8
2026-10-09T03:20:19+00:00,sapmachine-25.0.2,278403095,False,sapmachine-jdk-25.0.2_linux-aarch64_bin.tar.gz,linux,aarch64,jdk,866
2026-10-09T03:20:19+00:00,sapmachine-25.0.2,278403095,False,sapmachine-jdk-25.0.2_linux-ppc64le_bin-symbols.tar.gz,linux,ppc64,jdk,7
2026-10-09T03:20:19+00:00,sapmachine-25.0.2,278403095,False,sapmachine-jdk-25.0.2_linux-ppc64le_bin.tar.gz,linux,ppc64,jdk,487
2026-10-09T03:20:19+00:00,sapmachine-25.0.2,278403095,False,sapmachine-jdk-25.0.2_linux-x64-musl_bin-symbols.tar.gz,alpine,x64,jdk,2
2026-10-09T03:20:19+00:00,sapmachine-25.0.2,278403095,False,sapmachine-jdk-25.0.2_linux-x64-musl_bin.tar.gz,alpine,x64,jdk,488
2026-10-09T03:20:19+00:00,sapmachine-25.0.2,278403095,False,sapmachine-jdk-25.0.2_linux-x64_bin-symbols.tar.gz,linux,x64,jdk,1
2026-10-09T03:20:19+00:00,sapmachine-25.0.2,278403095,False,sapmachine-jdk-25.0.2_linux-x64_bin.tar.gz,linux,x64,jdk,410536
2026-10-09T03:20:19+00:00,sapmachine-25.0.2,278403095,False,sapmachine-jdk-25.0.2_macos-aarch64_bin-symbols.tar.gz,macos,aarch64,jdk,3
2026-10-09T03:20:19+00:00,sapmachine-25.0.2,278403095,False,sapmachine-jdk-25.0.2_macos-aarch64_bin.dmg,macos,aarch64,jdk,2814
2026-10-09T03:20:19+00:00,sapmachine-25.0.2,278403095,False,sapmachine-jdk-25.0.2_macos-aarch64_bin.tar.gz,macos,aarch64,jdk,11697
2026-10-09T03:20:19+00:00,sapmachine-25.0.2,278403095,False,sapmachine-jdk-25.0.2_windows-x64_bin-symbols.tar.gz,windows,x64,jdk,2
2026-10-09T03:20:19+00:00,sapmachine-25.0.2,278403095,False,sapmachine-jdk-25.0.2_windows-x64_bin.zip,windows,x64,jdk,24338
2026-10-09T03:20:19+00:00,sapmachine-25.0.2,278403095,False,sapmachine-jre-25.0.2_aix-ppc64_bin.tar.gz,aix,ppc64,jre,391
2026-10-09T03:20:19+00:00,sapmachine-25.0.2,278403095,False,sapmachine-jre-25.0.2_linux-aarch64_bin.tar.gz,linux,aarch64,jre,563
2026-10-09T03:20:19+00:00,sapmachine-25.0.2,278403095,False,sapmachine-jre-25.0.2_linux-ppc64le_bin.tar.gz,linux,ppc64,jre,391
2026-10-09T03:20:19+00:00,sapmachine-25.0.2,278403095,False,sapmachine-jre-25.0.2_linux-x64-musl_bin.tar.gz,alpine,x64,jre,390
2026-10-09T03:20:19+00:00,sapmachine-25.0.2,278403095,False,sapmachine-jre-25.0.2_linux-x64_bin.tar.gz,linux,x64,jre,8121
2026-10-09T03:20:19+00:00,sapmachine-25.0.2,278403095,False,sapmachine-jre-25.0.2_macos-aarch64_bin.dmg,macos,aarch64,jre,423
2026-10-09T03:20:19+00:00,sapmachine-25.0.2,278403095,False,sapmachine-jre-25.0.2_macos-aarch64_bin.tar.gz,macos,aarch64,jre,683
2026-10-09T03:20:19+00:00,sapmachine-25.0.2,278403095,False,sapmachine-jre-25.0.2_windows-x64_bin.zip,windows,x64,jre,533
2026-10-09T03:20:19+00:00,sapmachine-25.0.2,278403095,False,sapmachine-jdk-25.0.2_windows-x64_bin.msi,windows,x64,jdk,3936
2026-10-09T03:20:19+00:00,sapmachine-25.0.2,278403095,False,sapmachine-jre-25.0.2_windows-x64_bin.msi,windows,x64,jre,1130
2026-10-09T03:20:19+00:00,sapmachine-11.0.29,256138881,False,sapmachine-jdk-11.0.29_linux-x64_bin-symbols.tar.gz,linux,x64,jdk,1
2026-10-09T03:20:19+00:00,sapmachine-11.0.29,256138881,False,sapmachine-jdk-11.0.29_linux-x64_bin.tar.gz,linux,x64,jdk,13782
2026-10-09T03:20:19+00:00,sapmachine-11.0.29,256138881,False,sapmachine-jre-11.0.29_linux-x64_bin.tar.gz,linux,x64,jre,6345
2026-10-09T03:20:19+00:00,sapmachine-17.0.17,256136879,False,sapmachine-jdk-17.0.17_linux-aarch64_bin-symbols.tar.gz,linux,aarch64,jdk,3
2026-10-09T03:20:19+00:00,sapmachine-17.0.17,256136879,False,sapmachine-jdk-17.0.17_linux-aarch64_bin.tar.gz,linux,aarch64,jdk,937
2026-10-09T03:20:19+00:00,sapmachine-17.0.17,256136879,False,sapmachine-jdk-17.0.17_linux-ppc64le_bin-symbols.tar.gz,linux,ppc64,jdk,3
2026-10-09T03:20:19+00:00,sapmachine-17.0.17,256136879,False,sapmachine-jdk-17.0.17_linux-ppc64le_bin.tar.gz,linux,ppc64,jdk,737
2026-10-09T03:20:19+00:00,sapmachine-17.0.17,256136879,False,sapmachine-jdk-17.0.17_linux-x64-musl_bin-symbols.tar.gz,alpine,x64,jdk,3
2026-10-09T03:20:19+00:00,sapmachine-17.0.17,256136879,False,sapmachine-jdk-17.0.17_linux-x64-musl_bin.tar.gz,alpine,x64,jdk,746
2026-10-09T03:20:19+00:00,sapmachine-17.0.17,256136879,False,sapmachine-jdk-17.0.17_linux-x64_bin-symbols.tar.gz,linux,x64,jdk,22
2026-10-09T03:20:19+00:00,sapmachine-17.0.17,256136879,False,sapmachine-jdk-17.0.17_linux-x64_bin.tar.gz,linux,x64,jdk,119082
2026-10-09T03:20:19+00:00,sapmachine-17.0.17,256136879,False,sapmachine-jdk-17.0.17_macos-aarch64_bin-symbols.tar.gz,macos,aarch64,jdk,4
2026-10-09T03:20:19+00:00,sapmachine-17.0.17,256136879,False,sapmachine-jdk-17.0.17_macos-aarch64_bin.dmg,macos,aarch64,jdk,2364
2026-10-09T03:20:19+00:00,sapmachine-17.0.17,256136879,False,sapmachine-jdk-17.0.17_macos-aarch64_bin.tar.gz,macos,aarch64,jdk,24235
2026-10-09T03:20:19+00:00,sapmachine-17.0.17,256136879,False,sapmachine-jdk-17.0.17_macos-x64_bin-symbols.tar.gz,macos,x64,jdk,4
2026-10-09T03:20:19+00:00,sapmachine-17.0.17,256136879,False,sapmachine-jdk-17.0.17_macos-x64_bin.dmg,macos,x64,jdk,1404
2026-10-09T03:20:19+00:00,sapmachine-17.0.17,256136879,False,sapmachine-jdk-17.0.17_macos-x64_bin.tar.gz,macos,x64,jdk,5845
2026-10-09T03:20:19+00:00,sapmachine-17.0.17,256136879,False,sapmachine-jdk-17.0.17_windows-x64_bin-symbols.tar.gz,windows,x64,jdk,3
2026-10-09T03:20:19+00:00,sapmachine-17.0.17,256136879,False,sapmachine-jdk-17.0.17_windows-x64_bin.zip,windows,x64,jdk,9417
2026-10-09T03:20:19+00:00,sapmachine-17.0.17,256136879,False,sapmachine-jre-17.0.17_linux-aarch64_bin.tar.gz,linux,aarch64,jre,1102
2026-10-09T03:20:19+00:00,sapmachine-17.0.17,256136879,False,sapmachine-jre-17.0.17_linux-ppc64le_bin.tar.gz,linux,ppc64,jre,707
2026-10-09T03:20:19+00:00,sapmachine-17.0.17,256136879,False,sapmachine-jre-17.0.17_linux-x64-musl_bin.tar.gz,alpine,x64,jre,705
2026-10-09T03:20:19+00:00,sapmachine-17.0.17,256136879,False,sapmachine-jre-17.0.17_linux-x64_bin.tar.gz,linux,x64,jre,104537
2026-10-09T03:20:19+00:00,sapmachine-17.0.17,256136879,False,sapmachine-jre-17.0.17_macos-aarch64_bin.dmg,macos,aarch64,jre,761
2026-10-09T03:20:19+00:00,sapmachine-17.0.17,256136879,False,sapmachine-jre-17.0.17_macos-aarch64_bin.tar.gz,macos,aarch64,jre,1100
2026-10-09T03:20:19+00:00,sapmachine-17.0.17,256136879,False,sapmachine-jre-17.0.17_macos-x64_bin.dmg,macos,x64,jre,705
2026-10-09T03:20:19+00:00,sapmachine-17.0.17,256136879,False,sapmachine-jre-17.0.17_macos-x64_bin.tar.gz,macos,x64,jre,3926
2026-10-09T03:20:19+00:00,sapmachine-17.0.17,256136879,False,sapmachine-jre-17.0.17_windows-x64_bin.zip,windows,x64,jre,4132
2026-10-09T03:20:19+00:00,sapmachine-17.0.17,256136879,False,sapmachine-jdk-17.0.17_windows-x64_bin.msi,windows,x64,jdk,2896
2026-10-09T03:20:19+00:00,sapmachine-17.0.17,256136879,False,sapmachine-jre-17.0.17_windows-x64_bin.msi,windows,x64,jre,2688
2026-10-09T03:20:19+00:00,sapmachine-25.0.1,256126506,False,sapmachine-jdk-25.0.1_aix-ppc64_bin-symbols.tar.gz,aix,ppc64,jdk,3
2026-10-09T03:20:19+00:00,sapmachine-25.0.1,256126506,False,sapmachine-jdk-25.0.1_aix-ppc64_bin.tar.gz,aix,ppc64,jdk,868
2026-10-09T03:20:19+00:00,sapmachine-25.0.1,256126506,False,sapmachine-jdk-25.0.1_linux-aarch64_bin-symbols.tar.gz,linux,aarch64,jdk,3
2026-10-09T03:20:19+00:00,sapmachine-25.0.1,256126506,False,sapmachine-jdk-25.0.1_linux-aarch64_bin.tar.gz,linux,aarch64,jdk,1028
2026-10-09T03:20:19+00:00,sapmachine-25.0.1,256126506,False,sapmachine-jdk-25.0.1_linux-ppc64le_bin-symbols.tar.gz,linux,ppc64,jdk,1
2026-10-09T03:20:19+00:00,sapmachine-25.0.1,256126506,False,sapmachine-jdk-25.0.1_linux-ppc64le_bin.tar.gz,linux,ppc64,jdk,861
2026-10-09T03:20:19+00:00,sapmachine-25.0.1,256126506,False,sapmachine-jdk-25.0.1_linux-x64-musl_bin-symbols.tar.gz,alpine,x64,jdk,1
2026-10-09T03:20:19+00:00,sapmachine-25.0.1,256126506,False,sapmachine-jdk-25.0.1_linux-x64-musl_bin.tar.gz,alpine,x64,jdk,862
2026-10-09T03:20:19+00:00,sapmachine-25.0.1,256126506,False,sapmachine-jdk-25.0.1_linux-x64_bin-symbols.tar.gz,linux,x64,jdk,1
2026-10-09T03:20:19+00:00,sapmachine-25.0.1,256126506,False,sapmachine-jdk-25.0.1_linux-x64_bin.tar.gz,linux,x64,jdk,27573
2026-10-09T03:20:19+00:00,sapmachine-25.0.1,256126506,False,sapmachine-jdk-25.0.1_macos-aarch64_bin-symbols.tar.gz,macos,aarch64,jdk,3
2026-10-09T03:20:19+00:00,sapmachine-25.0.1,256126506,False,sapmachine-jdk-25.0.1_macos-aarch64_bin.dmg,macos,aarch64,jdk,3532
2026-10-09T03:20:19+00:00,sapmachine-25.0.1,256126506,False,sapmachine-jdk-25.0.1_macos-aarch64_bin.tar.gz,macos,aarch64,jdk,6827
2026-10-09T03:20:19+00:00,sapmachine-25.0.1,256126506,False,sapmachine-jdk-25.0.1_windows-x64_bin-symbols.tar.gz,windows,x64,jdk,4
2026-10-09T03:20:19+00:00,sapmachine-25.0.1,256126506,False,sapmachine-jdk-25.0.1_windows-x64_bin.zip,windows,x64,jdk,2284
2026-10-09T03:20:19+00:00,sapmachine-25.0.1,256126506,False,sapmachine-jre-25.0.1_aix-ppc64_bin.tar.gz,aix,ppc64,jre,718
2026-10-09T03:20:19+00:00,sapmachine-25.0.1,256126506,False,sapmachine-jre-25.0.1_linux-aarch64_bin.tar.gz,linux,aarch64,jre,829
2026-10-09T03:20:19+00:00,sapmachine-25.0.1,256126506,False,sapmachine-jre-25.0.1_linux-ppc64le_bin.tar.gz,linux,ppc64,jre,704
2026-10-09T03:20:19+00:00,sapmachine-25.0.1,256126506,False,sapmachine-jre-25.0.1_linux-x64-musl_bin.tar.gz,alpine,x64,jre,717
2026-10-09T03:20:19+00:00,sapmachine-25.0.1,256126506,False,sapmachine-jre-25.0.1_linux-x64_bin.tar.gz,linux,x64,jre,6448
2026-10-09T03:20:19+00:00,sapmachine-25.0.1,256126506,False,sapmachine-jre-25.0.1_macos-aarch64_bin.dmg,macos,aarch64,jre,737
2026-10-09T03:20:19+00:00,sapmachine-25.0.1,256126506,False,sapmachine-jre-25.0.1_macos-aarch64_bin.tar.gz,macos,aarch64,jre,842
2026-10-09T03:20:19+00:00,sapmachine-25.0.1,256126506,False,sapmachine-jre-25.0.1_windows-x64_bin.zip,windows,x64,jre,953
2026-10-09T03:20:19+00:00,sapmachine-25.0.1,256126506,False,sapmachine-jdk-25.0.1_windows-x64_bin.msi,windows,x64,jdk,5481
2026-10-09T03:20:19+00:00,sapmachine-25.0.1,256126506,False,sapmachine-jre-25.0.1_windows-x64_bin.msi,windows,x64,jre,1663
2026-10-09T03:20:19+00:00,sapmachine-21.0.9,256135083,False,sapmachine-jdk-21.0.9_aix-ppc64_bin-symbols.tar.gz,aix,ppc64,jdk,7
2026-10-09T03:20:19+00:00,sapmachine-21.0.9,256135083,False,sapmachine-jdk-21.0.9_aix-ppc64_bin.tar.gz,aix,ppc64,jdk,765
2026-10-09T03:20:19+00:00,sapmachine-21.0.9,256135083,False,sapmachine-jdk-21.0.9_linux-aarch64_bin-symbols.tar.gz,linux,aarch64,jdk,6
2026-10-09T03:20:19+00:00,sapmachine-21.0.9,256135083,False,sapmachine-jdk-21.0.9_linux-aarch64_bin.tar.gz,linux,aarch64,jdk,1008
2026-10-09T03:20:19+00:00,sapmachine-21.0.9,256135083,False,sapmachine-jdk-21.0.9_linux-ppc64le_bin-symbols.tar.gz,linux,ppc64,jdk,6
2026-10-09T03:20:19+00:00,sapmachine-21.0.9,256135083,False,sapmachine-jdk-21.0.9_linux-ppc64le_bin.tar.gz,linux,ppc64,jdk,760
2026-10-09T03:20:19+00:00,sapmachine-21.0.9,256135083,False,sapmachine-jdk-21.0.9_linux-x64-musl_bin-symbols.tar.gz,alpine,x64,jdk,5
2026-10-09T03:20:19+00:00,sapmachine-21.0.9,256135083,False,sapmachine-jdk-21.0.9_linux-x64-musl_bin.tar.gz,alpine,x64,jdk,936
2026-10-09T03:20:19+00:00,sapmachine-21.0.9,256135083,False,sapmachine-jdk-21.0.9_linux-x64_bin-symbols.tar.gz,linux,x64,jdk,8
2026-10-09T03:20:19+00:00,sapmachine-21.0.9,256135083,False,sapmachine-jdk-21.0.9_linux-x64_bin.tar.gz,linux,x64,jdk,100353
2026-10-09T03:20:19+00:00,sapmachine-21.0.9,256135083,False,sapmachine-jdk-21.0.9_macos-aarch64_bin-symbols.tar.gz,macos,aarch64,jdk,6
2026-10-09T03:20:19+00:00,sapmachine-21.0.9,256135083,False,sapmachine-jdk-21.0.9_macos-aarch64_bin.dmg,macos,aarch64,jdk,2518
2026-10-09T03:20:19+00:00,sapmachine-21.0.9,256135083,False,sapmachine-jdk-21.0.9_macos-aarch64_bin.tar.gz,macos,aarch64,jdk,35462
2026-10-09T03:20:19+00:00,sapmachine-21.0.9,256135083,False,sapmachine-jdk-21.0.9_macos-x64_bin-symbols.tar.gz,macos,x64,jdk,6
2026-10-09T03:20:19+00:00,sapmachine-21.0.9,256135083,False,sapmachine-jdk-21.0.9_macos-x64_bin.dmg,macos,x64,jdk,1162
2026-10-09T03:20:19+00:00,sapmachine-21.0.9,256135083,False,sapmachine-jdk-21.0.9_macos-x64_bin.tar.gz,macos,x64,jdk,5263
2026-10-09T03:20:19+00:00,sapmachine-21.0.9,256135083,False,sapmachine-jdk-21.0.9_windows-x64_bin-symbols.tar.gz,windows,x64,jdk,5
2026-10-09T03:20:19+00:00,sapmachine-21.0.9,256135083,False,sapmachine-jdk-21.0.9_windows-x64_bin.zip,windows,x64,jdk,6855
2026-10-09T03:20:19+00:00,sapmachine-21.0.9,256135083,False,sapmachine-jre-21.0.9_aix-ppc64_bin.tar.gz,aix,ppc64,jre,735
2026-10-09T03:20:19+00:00,sapmachine-21.0.9,256135083,False,sapmachine-jre-21.0.9_linux-aarch64_bin.tar.gz,linux,aarch64,jre,934
2026-10-09T03:20:19+00:00,sapmachine-21.0.9,256135083,False,sapmachine-jre-21.0.9_linux-ppc64le_bin.tar.gz,linux,ppc64,jre,715
2026-10-09T03:20:19+00:00,sapmachine-21.0.9,256135083,False,sapmachine-jre-21.0.9_linux-x64-musl_bin.tar.gz,alpine,x64,jre,711
2026-10-09T03:20:19+00:00,sapmachine-21.0.9,256135083,False,sapmachine-jre-21.0.9_linux-x64_bin.tar.gz,linux,x64,jre,93295
2026-10-09T03:20:19+00:00,sapmachine-21.0.9,256135083,False,sapmachine-jre-21.0.9_macos-aarch64_bin.dmg,macos,aarch64,jre,773
2026-10-09T03:20:19+00:00,sapmachine-21.0.9,256135083,False,sapmachine-jre-21.0.9_macos-aarch64_bin.tar.gz,macos,aarch64,jre,1255
2026-10-09T03:20:19+00:00,sapmachine-21.0.9,256135083,False,sapmachine-jre-21.0.9_macos-x64_bin.dmg,macos,x64,jre,726
2026-10-09T03:20:19+00:00,sapmachine-21.0.9,256135083,False,sapmachine-jre-21.0.9_macos-x64_bin.tar.gz,macos,x64,jre,1060
2026-10-09T03:20:19+00:00,sapmachine-21.0.9,256135083,False,sapmachine-jre-21.0.9_windows-x64_bin.zip,windows,x64,jre,1109
2026-10-09T03:20:19+00:00,sapmachine-21.0.9,256135083,False,sapmachine-jdk-21.0.9_windows-x64_bin.msi,windows,x64,jdk,2584
2026-10-09T03:20:19+00:00,sapmachine-21.0.9,256135083,False,sapmachine-jre-21.0.9_windows-x64_bin.msi,windows,x64,jre,1478
2026-10-09T03:20:19+00:00,sapmachine-25,247745290,False,sapmachine-jdk-25_aix-ppc64_bin-symbols.tar.gz,aix,ppc64,jdk,1
2026-10-09T03:20:19+00:00,sapmachine-25,247745290,False,sapmachine-jdk-25_aix-ppc64_bin.tar.gz,aix,ppc64,jdk,954
2026-10-09T03:20:19+00:00,sapmachine-25,247745290,False,sapmachine-jdk-25_linux-aarch64_bin-symbols.tar.gz,linux,aarch64,jdk,3
2026-10-09T03:20:19+00:00,sapmachine-25,247745290,False,sapmachine-jdk-25_linux-aarch64_bin.tar.gz,linux,aarch64,jdk,1129
2026-10-09T03:20:19+00:00,sapmachine-25,247745290,False,sapmachine-jdk-25_linux-ppc64le_bin-symbols.tar.gz,linux,ppc64,jdk,0
2026-10-09T03:20:19+00:00,sapmachine-25,247745290,False,sapmachine-jdk-25_linux-ppc64le_bin.tar.gz,linux,ppc64,jdk,916
2026-10-09T03:20:19+00:00,sapmachine-25,247745290,False,sapmachine-jdk-25_linux-x64-musl_bin-symbols.tar.gz,alpine,x64,jdk,0
2026-10-09T03:20:19+00:00,sapmachine-25,247745290,False,sapmachine-jdk-25_linux-x64-musl_bin.tar.gz,alpine,x64,jdk,924
2026-10-09T03:20:19+00:00,sapmachine-25,247745290,False,sapmachine-jdk-25_linux-x64_bin-symbols.tar.gz,linux,x64,jdk,1
2026-10-09T03:20:19+00:00,sapmachine-25,247745290,False,sapmachine-jdk-25_linux-x64_bin.tar.gz,linux,x64,jdk,19672
2026-10-09T03:20:19+00:00,sapmachine-25,247745290,False,sapmachine-jdk-25_macos-aarch64_bin-symbols.tar.gz,macos,aarch64,jdk,1
2026-10-09T03:20:19+00:00,sapmachine-25,247745290,False,sapmachine-jdk-25_macos-aarch64_bin.dmg,macos,aarch64,jdk,2416
2026-10-09T03:20:19+00:00,sapmachine-25,247745290,False,sapmachine-jdk-25_macos-aarch64_bin.tar.gz,macos,aarch64,jdk,2604
2026-10-09T03:20:19+00:00,sapmachine-25,247745290,False,sapmachine-jdk-25_windows-x64_bin-symbols.tar.gz,windows,x64,jdk,0
2026-10-09T03:20:19+00:00,sapmachine-25,247745290,False,sapmachine-jdk-25_windows-x64_bin.zip,windows,x64,jdk,1918
2026-10-09T03:20:19+00:00,sapmachine-25,247745290,False,sapmachine-jre-25_aix-ppc64_bin.tar.gz,aix,ppc64,jre,834
2026-10-09T03:20:19+00:00,sapmachine-25,247745290,False,sapmachine-jre-25_linux-aarch64_bin.tar.gz,linux,aarch64,jre,903
2026-10-09T03:20:19+00:00,sapmachine-25,247745290,False,sapmachine-jre-25_linux-ppc64le_bin.tar.gz,linux,ppc64,jre,827
2026-10-09T03:20:19+00:00,sapmachine-25,247745290,False,sapmachine-jre-25_linux-x64-musl_bin.tar.gz,alpine,x64,jre,830
2026-10-09T03:20:19+00:00,sapmachine-25,247745290,False,sapmachine-jre-25_linux-x64_bin.tar.gz,linux,x64,jre,1732
2026-10-09T03:20:19+00:00,sapmachine-25,247745290,False,sapmachine-jre-25_macos-aarch64_bin.dmg,macos,aarch64,jre,860
2026-10-09T03:20:19+00:00,sapmachine-25,247745290,False,sapmachine-jre-25_macos-aarch64_bin.tar.gz,macos,aarch64,jre,1060
2026-10-09T03:20:19+00:00,sapmachine-25,247745290,False,sapmachine-jre-25_windows-x64_bin.zip,windows,x64,jre,1044
2026-10-09T03:20:19+00:00,sapmachine-25,247745290,False,sapmachine-jdk-25_windows-x64_bin.msi,windows,x64,jdk,3800
2026-10-09T03:20:19+00:00,sapmachine-25,247745290,False,sapmachine-jre-25_windows-x64_bin.msi,windows,x64,jre,1530
2026-10-09T03:20:19+00:00,sapmachine-11.0.28,232649124,False,sapmachine-jdk-11.0.28_linux-x64_bin-symbols.tar.gz,linux,x64,jdk,0
2026-10-09T03:20:19+00:00,sapmachine-11.0.28,232649124,False,sapmachine-jdk-11.0.28_linux-x64_bin.tar.gz,linux,x64,jdk,13787
2026-10-09T03:20:19+00:00,sapmachine-11.0.28,232649124,False,sapmachine-jre-11.0.28_linux-x64_bin.tar.gz,linux,x64,jre,8352
2026-10-09T03:20:19+00:00,sapmachine-17.0.16,232645750,False,sapmachine-jdk-17.0.16_linux-aarch64_bin-symbols.tar.gz,linux,aarch64,jdk,4
2026-10-09T03:20:19+00:00,sapmachine-17.0.16,232645750,False,sapmachine-jdk-17.0.16_linux-aarch64_bin.tar.gz,linux,aarch64,jdk,1672
2026-10-09T03:20:19+00:00,sapmachine-17.0.16,232645750,False,sapmachine-jdk-17.0.16_linux-ppc64le_bin-symbols.tar.gz,linux,ppc64,jdk,0
2026-10-09T03:20:19+00:00,sapmachine-17.0.16,232645750,False,sapmachine-jdk-17.0.16_linux-ppc64le_bin.tar.gz,linux,ppc64,jdk,1137
2026-10-09T03:20:19+00:00,sapmachine-17.0.16,232645750,False,sapmachine-jdk-17.0.16_linux-x64-musl_bin-symbols.tar.gz,alpine,x64,jdk,0
2026-10-09T03:20:19+00:00,sapmachine-17.0.16,232645750,False,sapmachine-jdk-17.0.16_linux-x64-musl_bin.tar.gz,alpine,x64,jdk,1211
2026-10-09T03:20:19+00:00,sapmachine-17.0.16,232645750,False,sapmachine-jdk-17.0.16_linux-x64_bin-symbols.tar.gz,linux,x64,jdk,18
2026-10-09T03:20:19+00:00,sapmachine-17.0.16,232645750,False,sapmachine-jdk-17.0.16_linux-x64_bin.tar.gz,linux,x64,jdk,137212
2026-10-09T03:20:19+00:00,sapmachine-17.0.16,232645750,False,sapmachine-jdk-17.0.16_macos-aarch64_bin-symbols.tar.gz,macos,aarch64,jdk,7
2026-10-09T03:20:19+00:00,sapmachine-17.0.16,232645750,False,sapmachine-jdk-17.0.16_macos-aarch64_bin.dmg,macos,aarch64,jdk,3383
2026-10-09T03:20:19+00:00,sapmachine-17.0.16,232645750,False,sapmachine-jdk-17.0.16_macos-aarch64_bin.tar.gz,macos,aarch64,jdk,28233
2026-10-09T03:20:19+00:00,sapmachine-17.0.16,232645750,False,sapmachine-jdk-17.0.16_macos-x64_bin-symbols.tar.gz,macos,x64,jdk,2
2026-10-09T03:20:19+00:00,sapmachine-17.0.16,232645750,False,sapmachine-jdk-17.0.16_macos-x64_bin.dmg,macos,x64,jdk,1564
2026-10-09T03:20:19+00:00,sapmachine-17.0.16,232645750,False,sapmachine-jdk-17.0.16_macos-x64_bin.tar.gz,macos,x64,jdk,7115
2026-10-09T03:20:19+00:00,sapmachine-17.0.16,232645750,False,sapmachine-jdk-17.0.16_windows-x64_bin-symbols.tar.gz,windows,x64,jdk,0
2026-10-09T03:20:19+00:00,sapmachine-17.0.16,232645750,False,sapmachine-jdk-17.0.16_windows-x64_bin.zip,windows,x64,jdk,9808
2026-10-09T03:20:19+00:00,sapmachine-17.0.16,232645750,False,sapmachine-jre-17.0.16_linux-aarch64_bin.tar.gz,linux,aarch64,jre,1455
2026-10-09T03:20:19+00:00,sapmachine-17.0.16,232645750,False,sapmachine-jre-17.0.16_linux-ppc64le_bin.tar.gz,linux,ppc64,jre,1043
2026-10-09T03:20:19+00:00,sapmachine-17.0.16,232645750,False,sapmachine-jre-17.0.16_linux-x64-musl_bin.tar.gz,alpine,x64,jre,1082
2026-10-09T03:20:19+00:00,sapmachine-17.0.16,232645750,False,sapmachine-jre-17.0.16_linux-x64_bin.tar.gz,linux,x64,jre,130540
2026-10-09T03:20:19+00:00,sapmachine-17.0.16,232645750,False,sapmachine-jre-17.0.16_macos-aarch64_bin.dmg,macos,aarch64,jre,1158
2026-10-09T03:20:19+00:00,sapmachine-17.0.16,232645750,False,sapmachine-jre-17.0.16_macos-aarch64_bin.tar.gz,macos,aarch64,jre,1480
2026-10-09T03:20:19+00:00,sapmachine-17.0.16,232645750,False,sapmachine-jre-17.0.16_macos-x64_bin.dmg,macos,x64,jre,1066
2026-10-09T03:20:19+00:00,sapmachine-17.0.16,232645750,False,sapmachine-jre-17.0.16_macos-x64_bin.tar.gz,macos,x64,jre,4152
2026-10-09T03:20:19+00:00,sapmachine-17.0.16,232645750,False,sapmachine-jre-17.0.16_windows-x64_bin.zip,windows,x64,jre,4370
2026-10-09T03:20:19+00:00,sapmachine-17.0.16,232645750,False,sapmachine-jdk-17.0.16_windows-x64_bin.msi,windows,x64,jdk,3874
2026-10-09T03:20:19+00:00,sapmachine-17.0.16,232645750,False,sapmachine-jre-17.0.16_windows-x64_bin.msi,windows,x64,jre,3116
2026-10-09T03:20:19+00:00,sapmachine-21.0.8,232641954,False,sapmachine-jdk-21.0.8_aix-ppc64_bin-symbols.tar.gz,aix,ppc64,jdk,8
2026-10-09T03:20:19+00:00,sapmachine-21.0.8,232641954,False,sapmachine-jdk-21.0.8_aix-ppc64_bin.tar.gz,aix,ppc64,jdk,1129
2026-10-09T03:20:19+00:00,sapmachine-21.0.8,232641954,False,sapmachine-jdk-21.0.8_linux-aarch64_bin-symbols.tar.gz,linux,aarch64,jdk,1
2026-10-09T03:20:19+00:00,sapmachine-21.0.8,232641954,False,sapmachine-jdk-21.0.8_linux-aarch64_bin.tar.gz,linux,aarch64,jdk,1400
2026-10-09T03:20:19+00:00,sapmachine-21.0.8,232641954,False,sapmachine-jdk-21.0.8_linux-ppc64le_bin-symbols.tar.gz,linux,ppc64,jdk,2
2026-10-09T03:20:19+00:00,sapmachine-21.0.8,232641954,False,sapmachine-jdk-21.0.8_linux-ppc64le_bin.tar.gz,linux,ppc64,jdk,1132
2026-10-09T03:20:19+00:00,sapmachine-21.0.8,232641954,False,sapmachine-jdk-21.0.8_linux-x64-musl_bin-symbols.tar.gz,alpine,x64,jdk,1
2026-10-09T03:20:19+00:00,sapmachine-21.0.8,232641954,False,sapmachine-jdk-21.0.8_linux-x64-musl_bin.tar.gz,alpine,x64,jdk,1444
2026-10-09T03:20:19+00:00,sapmachine-21.0.8,232641954,False,sapmachine-jdk-21.0.8_linux-x64_bin-symbols.tar.gz,linux,x64,jdk,1
2026-10-09T03:20:19+00:00,sapmachine-21.0.8,232641954,False,sapmachine-jdk-21.0.8_linux-x64_bin.tar.gz,linux,x64,jdk,124539
2026-10-09T03:20:19+00:00,sapmachine-21.0.8,232641954,False,sapmachine-jdk-21.0.8_macos-aarch64_bin-symbols.tar.gz,macos,aarch64,jdk,10
2026-10-09T03:20:19+00:00,sapmachine-21.0.8,232641954,False,sapmachine-jdk-21.0.8_macos-aarch64_bin.dmg,macos,aarch64,jdk,2910
2026-10-09T03:20:19+00:00,sapmachine-21.0.8,232641954,False,sapmachine-jdk-21.0.8_macos-aarch64_bin.tar.gz,macos,aarch64,jdk,38226
2026-10-09T03:20:19+00:00,sapmachine-21.0.8,232641954,False,sapmachine-jdk-21.0.8_macos-x64_bin-symbols.tar.gz,macos,x64,jdk,2
2026-10-09T03:20:19+00:00,sapmachine-21.0.8,232641954,False,sapmachine-jdk-21.0.8_macos-x64_bin.dmg,macos,x64,jdk,1432
2026-10-09T03:20:19+00:00,sapmachine-21.0.8,232641954,False,sapmachine-jdk-21.0.8_macos-x64_bin.tar.gz,macos,x64,jdk,6473
2026-10-09T03:20:19+00:00,sapmachine-21.0.8,232641954,False,sapmachine-jdk-21.0.8_windows-x64_bin-symbols.tar.gz,windows,x64,jdk,2
2026-10-09T03:20:19+00:00,sapmachine-21.0.8,232641954,False,sapmachine-jdk-21.0.8_windows-x64_bin.zip,windows,x64,jdk,6622
2026-10-09T03:20:19+00:00,sapmachine-21.0.8,232641954,False,sapmachine-jre-21.0.8_aix-ppc64_bin.tar.gz,aix,ppc64,jre,1053
2026-10-09T03:20:19+00:00,sapmachine-21.0.8,232641954,False,sapmachine-jre-21.0.8_linux-aarch64_bin.tar.gz,linux,aarch64,jre,1330
2026-10-09T03:20:19+00:00,sapmachine-21.0.8,232641954,False,sapmachine-jre-21.0.8_linux-ppc64le_bin.tar.gz,linux,ppc64,jre,1050
2026-10-09T03:20:19+00:00,sapmachine-21.0.8,232641954,False,sapmachine-jre-21.0.8_linux-x64-musl_bin.tar.gz,alpine,x64,jre,1085
2026-10-09T03:20:19+00:00,sapmachine-21.0.8,232641954,False,sapmachine-jre-21.0.8_linux-x64_bin.tar.gz,linux,x64,jre,87354
2026-10-09T03:20:19+00:00,sapmachine-21.0.8,232641954,False,sapmachine-jre-21.0.8_macos-aarch64_bin.dmg,macos,aarch64,jre,1123
2026-10-09T03:20:19+00:00,sapmachine-21.0.8,232641954,False,sapmachine-jre-21.0.8_macos-aarch64_bin.tar.gz,macos,aarch64,jre,1668
2026-10-09T03:20:19+00:00,sapmachine-21.0.8,232641954,False,sapmachine-jre-21.0.8_macos-x64_bin.dmg,macos,x64,jre,1085
2026-10-09T03:20:19+00:00,sapmachine-21.0.8,232641954,False,sapmachine-jre-21.0.8_macos-x64_bin.tar.gz,macos,x64,jre,1339
2026-10-09T03:20:19+00:00,sapmachine-21.0.8,232641954,False,sapmachine-jre-21.0.8_windows-x64_bin.zip,windows,x64,jre,1488
2026-10-09T03:20:19+00:00,sapmachine-21.0.8,232641954,False,sapmachine-jdk-21.0.8_windows-x64_bin.msi,windows,x64,jdk,3259
2026-10-09T03:20:19+00:00,sapmachine-21.0.8,232641954,False,sapmachine-jre-21.0.8_windows-x64_bin.msi,windows,x64,jre,1981
2026-10-09T03:20:19+00:00,sapmachine-24.0.2,232633082,False,sapmachine-jdk-24.0.2_aix-ppc64_bin-symbols.tar.gz,aix,ppc64,jdk,0
2026-10-09T03:20:19+00:00,sapmachine-24.0.2,232633082,False,sapmachine-jdk-24.0.2_aix-ppc64_bin.tar.gz,aix,ppc64,jdk,1146
2026-10-09T03:20:19+00:00,sapmachine-24.0.2,232633082,False,sapmachine-jdk-24.0.2_linux-aarch64_bin-symbols.tar.gz,linux,aarch64,jdk,0
2026-10-09T03:20:19+00:00,sapmachine-24.0.2,232633082,False,sapmachine-jdk-24.0.2_linux-aarch64_bin.tar.gz,linux,aarch64,jdk,1319
2026-10-09T03:20:19+00:00,sapmachine-24.0.2,232633082,False,sapmachine-jdk-24.0.2_linux-ppc64le_bin-symbols.tar.gz,linux,ppc64,jdk,0
2026-10-09T03:20:19+00:00,sapmachine-24.0.2,232633082,False,sapmachine-jdk-24.0.2_linux-ppc64le_bin.tar.gz,linux,ppc64,jdk,1145
2026-10-09T03:20:19+00:00,sapmachine-24.0.2,232633082,False,sapmachine-jdk-24.0.2_linux-x64-musl_bin-symbols.tar.gz,alpine,x64,jdk,0
2026-10-09T03:20:19+00:00,sapmachine-24.0.2,232633082,False,sapmachine-jdk-24.0.2_linux-x64-musl_bin.tar.gz,alpine,x64,jdk,1463
2026-10-09T03:20:19+00:00,sapmachine-24.0.2,232633082,False,sapmachine-jdk-24.0.2_linux-x64_bin-symbols.tar.gz,linux,x64,jdk,0
2026-10-09T03:20:19+00:00,sapmachine-24.0.2,232633082,False,sapmachine-jdk-24.0.2_linux-x64_bin.tar.gz,linux,x64,jdk,144507
2026-10-09T03:20:19+00:00,sapmachine-24.0.2,232633082,False,sapmachine-jdk-24.0.2_macos-aarch64_bin-symbols.tar.gz,macos,aarch64,jdk,3
2026-10-09T03:20:19+00:00,sapmachine-24.0.2,232633082,False,sapmachine-jdk-24.0.2_macos-aarch64_bin.dmg,macos,aarch64,jdk,2907
2026-10-09T03:20:19+00:00,sapmachine-24.0.2,232633082,False,sapmachine-jdk-24.0.2_macos-aarch64_bin.tar.gz,macos,aarch64,jdk,2834
2026-10-09T03:20:19+00:00,sapmachine-24.0.2,232633082,False,sapmachine-jdk-24.0.2_macos-x64_bin-symbols.tar.gz,macos,x64,jdk,3
2026-10-09T03:20:19+00:00,sapmachine-24.0.2,232633082,False,sapmachine-jdk-24.0.2_macos-x64_bin.dmg,macos,x64,jdk,1948
2026-10-09T03:20:19+00:00,sapmachine-24.0.2,232633082,False,sapmachine-jdk-24.0.2_macos-x64_bin.tar.gz,macos,x64,jdk,1932
2026-10-09T03:20:19+00:00,sapmachine-24.0.2,232633082,False,sapmachine-jdk-24.0.2_windows-x64_bin-symbols.tar.gz,windows,x64,jdk,1
2026-10-09T03:20:19+00:00,sapmachine-24.0.2,232633082,False,sapmachine-jdk-24.0.2_windows-x64_bin.zip,windows,x64,jdk,28415
2026-10-09T03:20:19+00:00,sapmachine-24.0.2,232633082,False,sapmachine-jre-24.0.2_aix-ppc64_bin.tar.gz,aix,ppc64,jre,1076
2026-10-09T03:20:19+00:00,sapmachine-24.0.2,232633082,False,sapmachine-jre-24.0.2_linux-aarch64_bin.tar.gz,linux,aarch64,jre,1115
2026-10-09T03:20:19+00:00,sapmachine-24.0.2,232633082,False,sapmachine-jre-24.0.2_linux-ppc64le_bin.tar.gz,linux,ppc64,jre,1035
2026-10-09T03:20:19+00:00,sapmachine-24.0.2,232633082,False,sapmachine-jre-24.0.2_linux-x64-musl_bin.tar.gz,alpine,x64,jre,1035
2026-10-09T03:20:19+00:00,sapmachine-24.0.2,232633082,False,sapmachine-jre-24.0.2_linux-x64_bin.tar.gz,linux,x64,jre,2088
2026-10-09T03:20:19+00:00,sapmachine-24.0.2,232633082,False,sapmachine-jre-24.0.2_macos-aarch64_bin.dmg,macos,aarch64,jre,1062
2026-10-09T03:20:19+00:00,sapmachine-24.0.2,232633082,False,sapmachine-jre-24.0.2_macos-aarch64_bin.tar.gz,macos,aarch64,jre,1160
2026-10-09T03:20:19+00:00,sapmachine-24.0.2,232633082,False,sapmachine-jre-24.0.2_macos-x64_bin.dmg,macos,x64,jre,1053
2026-10-09T03:20:19+00:00,sapmachine-24.0.2,232633082,False,sapmachine-jre-24.0.2_macos-x64_bin.tar.gz,macos,x64,jre,1129
2026-10-09T03:20:19+00:00,sapmachine-24.0.2,232633082,False,sapmachine-jre-24.0.2_windows-x64_bin.zip,windows,x64,jre,1206
2026-10-09T03:20:19+00:00,sapmachine-24.0.2,232633082,False,sapmachine-jdk-24.0.2_windows-x64_bin.msi,windows,x64,jdk,4989
2026-10-09T03:20:19+00:00,sapmachine-24.0.2,232633082,False,sapmachine-jre-24.0.2_windows-x64_bin.msi,windows,x64,jre,2341
2026-10-09T03:20:19+00:00,sapmachine-11.0.27,212625229,False,sapmachine-jdk-11.0.27-1.x86_64.rpm,linux,x64,jdk,1390
2026-10-09T03:20:19+00:00,sapmachine-11.0.27,212625229,False,sapmachine-jdk-11.0.27_linux-x64_bin-symbols.tar.gz,linux,x64,jdk,0
2026-10-09T03:20:19+00:00,sapmachine-11.0.27,212625229,False,sapmachine-jdk-11.0.27_linux-x64_bin.tar.gz,linux,x64,jdk,37008
2026-10-09T03:20:19+00:00,sapmachine-11.0.27,212625229,False,sapmachine-jre-11.0.27_linux-x64_bin.tar.gz,linux,x64,jre,2890
2026-10-09T03:20:19+00:00,sapmachine-17.0.15,212623278,False,sapmachine-jdk-17.0.15-1.aarch64.rpm,linux,aarch64,jdk,1357
2026-10-09T03:20:19+00:00,sapmachine-17.0.15,212623278,False,sapmachine-jdk-17.0.15-1.ppc64le.rpm,linux,ppc64,jdk,1342
2026-10-09T03:20:19+00:00,sapmachine-17.0.15,212623278,False,sapmachine-jdk-17.0.15-1.x86_64.rpm,linux,x64,jdk,2897
2026-10-09T03:20:19+00:00,sapmachine-17.0.15,212623278,False,sapmachine-jdk-17.0.15_linux-aarch64_bin-symbols.tar.gz,linux,aarch64,jdk,1
2026-10-09T03:20:19+00:00,sapmachine-17.0.15,212623278,False,sapmachine-jdk-17.0.15_linux-aarch64_bin.tar.gz,linux,aarch64,jdk,1675
2026-10-09T03:20:19+00:00,sapmachine-17.0.15,212623278,False,sapmachine-jdk-17.0.15_linux-ppc64le_bin-symbols.tar.gz,linux,ppc64,jdk,0
2026-10-09T03:20:19+00:00,sapmachine-17.0.15,212623278,False,sapmachine-jdk-17.0.15_linux-ppc64le_bin.tar.gz,linux,ppc64,jdk,1433
2026-10-09T03:20:19+00:00,sapmachine-17.0.15,212623278,False,sapmachine-jdk-17.0.15_linux-x64-musl_bin-symbols.tar.gz,alpine,x64,jdk,0
2026-10-09T03:20:19+00:00,sapmachine-17.0.15,212623278,False,sapmachine-jdk-17.0.15_linux-x64-musl_bin.tar.gz,alpine,x64,jdk,1512
2026-10-09T03:20:19+00:00,sapmachine-17.0.15,212623278,False,sapmachine-jdk-17.0.15_linux-x64_bin-symbols.tar.gz,linux,x64,jdk,18
2026-10-09T03:20:19+00:00,sapmachine-17.0.15,212623278,False,sapmachine-jdk-17.0.15_linux-x64_bin.tar.gz,linux,x64,jdk,357039
2026-10-09T03:20:19+00:00,sapmachine-17.0.15,212623278,False,sapmachine-jdk-17.0.15_macos-aarch64_bin-symbols.tar.gz,macos,aarch64,jdk,7
2026-10-09T03:20:19+00:00,sapmachine-17.0.15,212623278,False,sapmachine-jdk-17.0.15_macos-aarch64_bin.dmg,macos,aarch64,jdk,2719
2026-10-09T03:20:19+00:00,sapmachine-17.0.15,212623278,False,sapmachine-jdk-17.0.15_macos-aarch64_bin.tar.gz,macos,aarch64,jdk,19271
2026-10-09T03:20:19+00:00,sapmachine-17.0.15,212623278,False,sapmachine-jdk-17.0.15_macos-x64_bin-symbols.tar.gz,macos,x64,jdk,1
2026-10-09T03:20:19+00:00,sapmachine-17.0.15,212623278,False,sapmachine-jdk-17.0.15_macos-x64_bin.dmg,macos,x64,jdk,2731
2026-10-09T03:20:19+00:00,sapmachine-17.0.15,212623278,False,sapmachine-jdk-17.0.15_macos-x64_bin.tar.gz,macos,x64,jdk,5214
2026-10-09T03:20:19+00:00,sapmachine-17.0.15,212623278,False,sapmachine-jdk-17.0.15_windows-x64_bin-symbols.tar.gz,windows,x64,jdk,0
2026-10-09T03:20:19+00:00,sapmachine-17.0.15,212623278,False,sapmachine-jdk-17.0.15_windows-x64_bin.zip,windows,x64,jdk,6905
2026-10-09T03:20:19+00:00,sapmachine-17.0.15,212623278,False,sapmachine-jre-17.0.15_linux-aarch64_bin.tar.gz,linux,aarch64,jre,1702
2026-10-09T03:20:19+00:00,sapmachine-17.0.15,212623278,False,sapmachine-jre-17.0.15_linux-ppc64le_bin.tar.gz,linux,ppc64,jre,1365
2026-10-09T03:20:19+00:00,sapmachine-17.0.15,212623278,False,sapmachine-jre-17.0.15_linux-x64-musl_bin.tar.gz,alpine,x64,jre,1360
2026-10-09T03:20:19+00:00,sapmachine-17.0.15,212623278,False,sapmachine-jre-17.0.15_linux-x64_bin.tar.gz,linux,x64,jre,127070
2026-10-09T03:20:19+00:00,sapmachine-17.0.15,212623278,False,sapmachine-jre-17.0.15_macos-aarch64_bin.dmg,macos,aarch64,jre,1477
2026-10-09T03:20:19+00:00,sapmachine-17.0.15,212623278,False,sapmachine-jre-17.0.15_macos-aarch64_bin.tar.gz,macos,aarch64,jre,1661
2026-10-09T03:20:19+00:00,sapmachine-17.0.15,212623278,False,sapmachine-jre-17.0.15_macos-x64_bin.dmg,macos,x64,jre,1372
2026-10-09T03:20:19+00:00,sapmachine-17.0.15,212623278,False,sapmachine-jre-17.0.15_macos-x64_bin.tar.gz,macos,x64,jre,3231
2026-10-09T03:20:19+00:00,sapmachine-17.0.15,212623278,False,sapmachine-jre-17.0.15_windows-x64_bin.zip,windows,x64,jre,3372
2026-10-09T03:20:19+00:00,sapmachine-17.0.15,212623278,False,sapmachine-jdk-17.0.15_windows-x64_bin.msi,windows,x64,jdk,3974
2026-10-09T03:20:19+00:00,sapmachine-17.0.15,212623278,False,sapmachine-jre-17.0.15_windows-x64_bin.msi,windows,x64,jre,3360
2026-10-09T03:20:19+00:00,sapmachine-21.0.7,212619435,False,sapmachine-jdk-21.0.7-1.aarch64.rpm,linux,aarch64,jdk,1455
2026-10-09T03:20:19+00:00,sapmachine-21.0.7,212619435,False,sapmachine-jdk-21.0.7-1.ppc64le.rpm,linux,ppc64,jdk,1352
2026-10-09T03:20:19+00:00,sapmachine-21.0.7,212619435,False,sapmachine-jdk-21.0.7-1.x86_64.rpm,linux,x64,jdk,1542
2026-10-09T03:20:19+00:00,sapmachine-21.0.7,212619435,False,sapmachine-jdk-21.0.7_aix-ppc64_bin-symbols.tar.gz,aix,ppc64,jdk,7
2026-10-09T03:20:19+00:00,sapmachine-21.0.7,212619435,False,sapmachine-jdk-21.0.7_aix-ppc64_bin.tar.gz,aix,ppc64,jdk,1408
2026-10-09T03:20:19+00:00,sapmachine-21.0.7,212619435,False,sapmachine-jdk-21.0.7_linux-aarch64_bin-symbols.tar.gz,linux,aarch64,jdk,7
2026-10-09T03:20:19+00:00,sapmachine-21.0.7,212619435,False,sapmachine-jdk-21.0.7_linux-aarch64_bin.tar.gz,linux,aarch64,jdk,1655
2026-10-09T03:20:19+00:00,sapmachine-21.0.7,212619435,False,sapmachine-jdk-21.0.7_linux-ppc64le_bin-symbols.tar.gz,linux,ppc64,jdk,6
2026-10-09T03:20:19+00:00,sapmachine-21.0.7,212619435,False,sapmachine-jdk-21.0.7_linux-ppc64le_bin.tar.gz,linux,ppc64,jdk,1437
2026-10-09T03:20:19+00:00,sapmachine-21.0.7,212619435,False,sapmachine-jdk-21.0.7_linux-x64-musl_bin-symbols.tar.gz,alpine,x64,jdk,6
2026-10-09T03:20:19+00:00,sapmachine-21.0.7,212619435,False,sapmachine-jdk-21.0.7_linux-x64-musl_bin.tar.gz,alpine,x64,jdk,1902
2026-10-09T03:20:19+00:00,sapmachine-21.0.7,212619435,False,sapmachine-jdk-21.0.7_linux-x64_bin-symbols.tar.gz,linux,x64,jdk,6
2026-10-09T03:20:19+00:00,sapmachine-21.0.7,212619435,False,sapmachine-jdk-21.0.7_linux-x64_bin.tar.gz,linux,x64,jdk,244809
2026-10-09T03:20:19+00:00,sapmachine-21.0.7,212619435,False,sapmachine-jdk-21.0.7_macos-aarch64_bin-symbols.tar.gz,macos,aarch64,jdk,9
2026-10-09T03:20:19+00:00,sapmachine-21.0.7,212619435,False,sapmachine-jdk-21.0.7_macos-aarch64_bin.dmg,macos,aarch64,jdk,2364
2026-10-09T03:20:19+00:00,sapmachine-21.0.7,212619435,False,sapmachine-jdk-21.0.7_macos-aarch64_bin.tar.gz,macos,aarch64,jdk,25950
2026-10-09T03:20:19+00:00,sapmachine-21.0.7,212619435,False,sapmachine-jdk-21.0.7_macos-x64_bin-symbols.tar.gz,macos,x64,jdk,8
2026-10-09T03:20:19+00:00,sapmachine-21.0.7,212619435,False,sapmachine-jdk-21.0.7_macos-x64_bin.dmg,macos,x64,jdk,2185
2026-10-09T03:20:19+00:00,sapmachine-21.0.7,212619435,False,sapmachine-jdk-21.0.7_macos-x64_bin.tar.gz,macos,x64,jdk,4687
2026-10-09T03:20:19+00:00,sapmachine-21.0.7,212619435,False,sapmachine-jdk-21.0.7_windows-x64_bin-symbols.tar.gz,windows,x64,jdk,6
2026-10-09T03:20:19+00:00,sapmachine-21.0.7,212619435,False,sapmachine-jdk-21.0.7_windows-x64_bin.zip,windows,x64,jdk,4879
2026-10-09T03:20:19+00:00,sapmachine-21.0.7,212619435,False,sapmachine-jre-21.0.7_aix-ppc64_bin.tar.gz,aix,ppc64,jre,1366
2026-10-09T03:20:19+00:00,sapmachine-21.0.7,212619435,False,sapmachine-jre-21.0.7_linux-aarch64_bin.tar.gz,linux,aarch64,jre,1545
2026-10-09T03:20:19+00:00,sapmachine-21.0.7,212619435,False,sapmachine-jre-21.0.7_linux-ppc64le_bin.tar.gz,linux,ppc64,jre,1387
2026-10-09T03:20:19+00:00,sapmachine-21.0.7,212619435,False,sapmachine-jre-21.0.7_linux-x64-musl_bin.tar.gz,alpine,x64,jre,1404
2026-10-09T03:20:19+00:00,sapmachine-21.0.7,212619435,False,sapmachine-jre-21.0.7_linux-x64_bin.tar.gz,linux,x64,jre,71688
2026-10-09T03:20:19+00:00,sapmachine-21.0.7,212619435,False,sapmachine-jre-21.0.7_macos-aarch64_bin.dmg,macos,aarch64,jre,1395
2026-10-09T03:20:19+00:00,sapmachine-21.0.7,212619435,False,sapmachine-jre-21.0.7_macos-aarch64_bin.tar.gz,macos,aarch64,jre,1932
2026-10-09T03:20:19+00:00,sapmachine-21.0.7,212619435,False,sapmachine-jre-21.0.7_macos-x64_bin.dmg,macos,x64,jre,1384
2026-10-09T03:20:19+00:00,sapmachine-21.0.7,212619435,False,sapmachine-jre-21.0.7_macos-x64_bin.tar.gz,macos,x64,jre,1693
2026-10-09T03:20:19+00:00,sapmachine-21.0.7,212619435,False,sapmachine-jre-21.0.7_windows-x64_bin.zip,windows,x64,jre,1804
2026-10-09T03:20:19+00:00,sapmachine-21.0.7,212619435,False,sapmachine-jdk-21.0.7_windows-x64_bin.msi,windows,x64,jdk,3374
2026-10-09T03:20:19+00:00,sapmachine-21.0.7,212619435,False,sapmachine-jre-21.0.7_windows-x64_bin.msi,windows,x64,jre,2406
2026-10-09T03:20:19+00:00,sapmachine-24.0.1,212611981,False,sapmachine-jdk-24.0.1-1.aarch64.rpm,linux,aarch64,jdk,1354
2026-10-09T03:20:19+00:00,sapmachine-24.0.1,212611981,False,sapmachine-jdk-24.0.1-1.ppc64le.rpm,linux,ppc64,jdk,1341
2026-10-09T03:20:19+00:00,sapmachine-24.0.1,212611981,False,sapmachine-jdk-24.0.1-1.x86_64.rpm,linux,x64,jdk,1349
2026-10-09T03:20:19+00:00,sapmachine-24.0.1,212611981,False,sapmachine-jdk-24.0.1_aix-ppc64_bin-symbols.tar.gz,aix,ppc64,jdk,0
2026-10-09T03:20:19+00:00,sapmachine-24.0.1,212611981,False,sapmachine-jdk-24.0.1_aix-ppc64_bin.tar.gz,aix,ppc64,jdk,1450
2026-10-09T03:20:19+00:00,sapmachine-24.0.1,212611981,False,sapmachine-jdk-24.0.1_linux-aarch64_bin-symbols.tar.gz,linux,aarch64,jdk,0
2026-10-09T03:20:19+00:00,sapmachine-24.0.1,212611981,False,sapmachine-jdk-24.0.1_linux-aarch64_bin.tar.gz,linux,aarch64,jdk,1611
2026-10-09T03:20:19+00:00,sapmachine-24.0.1,212611981,False,sapmachine-jdk-24.0.1_linux-ppc64le_bin-symbols.tar.gz,linux,ppc64,jdk,0
2026-10-09T03:20:19+00:00,sapmachine-24.0.1,212611981,False,sapmachine-jdk-24.0.1_linux-ppc64le_bin.tar.gz,linux,ppc64,jdk,1462
2026-10-09T03:20:19+00:00,sapmachine-24.0.1,212611981,False,sapmachine-jdk-24.0.1_linux-x64-musl_bin-symbols.tar.gz,alpine,x64,jdk,0
2026-10-09T03:20:19+00:00,sapmachine-24.0.1,212611981,False,sapmachine-jdk-24.0.1_linux-x64-musl_bin.tar.gz,alpine,x64,jdk,1786
2026-10-09T03:20:19+00:00,sapmachine-24.0.1,212611981,False,sapmachine-jdk-24.0.1_linux-x64_bin-symbols.tar.gz,linux,x64,jdk,0
2026-10-09T03:20:19+00:00,sapmachine-24.0.1,212611981,False,sapmachine-jdk-24.0.1_linux-x64_bin.tar.gz,linux,x64,jdk,8351
2026-10-09T03:20:19+00:00,sapmachine-24.0.1,212611981,False,sapmachine-jdk-24.0.1_macos-aarch64_bin-symbols.tar.gz,macos,aarch64,jdk,2
2026-10-09T03:20:19+00:00,sapmachine-24.0.1,212611981,False,sapmachine-jdk-24.0.1_macos-aarch64_bin.dmg,macos,aarch64,jdk,2840
2026-10-09T03:20:19+00:00,sapmachine-24.0.1,212611981,False,sapmachine-jdk-24.0.1_macos-aarch64_bin.tar.gz,macos,aarch64,jdk,2692
2026-10-09T03:20:19+00:00,sapmachine-24.0.1,212611981,False,sapmachine-jdk-24.0.1_macos-x64_bin-symbols.tar.gz,macos,x64,jdk,1
2026-10-09T03:20:19+00:00,sapmachine-24.0.1,212611981,False,sapmachine-jdk-24.0.1_macos-x64_bin.dmg,macos,x64,jdk,2577
2026-10-09T03:20:19+00:00,sapmachine-24.0.1,212611981,False,sapmachine-jdk-24.0.1_macos-x64_bin.tar.gz,macos,x64,jdk,2069
2026-10-09T03:20:19+00:00,sapmachine-24.0.1,212611981,False,sapmachine-jdk-24.0.1_windows-x64_bin-symbols.tar.gz,windows,x64,jdk,1
2026-10-09T03:20:19+00:00,sapmachine-24.0.1,212611981,False,sapmachine-jdk-24.0.1_windows-x64_bin.zip,windows,x64,jdk,2637
2026-10-09T03:20:19+00:00,sapmachine-24.0.1,212611981,False,sapmachine-jre-24.0.1_aix-ppc64_bin.tar.gz,aix,ppc64,jre,1344
2026-10-09T03:20:19+00:00,sapmachine-24.0.1,212611981,False,sapmachine-jre-24.0.1_linux-aarch64_bin.tar.gz,linux,aarch64,jre,1462
2026-10-09T03:20:19+00:00,sapmachine-24.0.1,212611981,False,sapmachine-jre-24.0.1_linux-ppc64le_bin.tar.gz,linux,ppc64,jre,1381
2026-10-09T03:20:19+00:00,sapmachine-24.0.1,212611981,False,sapmachine-jre-24.0.1_linux-x64-musl_bin.tar.gz,alpine,x64,jre,1353
2026-10-09T03:20:19+00:00,sapmachine-24.0.1,212611981,False,sapmachine-jre-24.0.1_linux-x64_bin.tar.gz,linux,x64,jre,2147
2026-10-09T03:20:19+00:00,sapmachine-24.0.1,212611981,False,sapmachine-jre-24.0.1_macos-aarch64_bin.dmg,macos,aarch64,jre,1361
2026-10-09T03:20:19+00:00,sapmachine-24.0.1,212611981,False,sapmachine-jre-24.0.1_macos-aarch64_bin.tar.gz,macos,aarch64,jre,1459
2026-10-09T03:20:19+00:00,sapmachine-24.0.1,212611981,False,sapmachine-jre-24.0.1_macos-x64_bin.dmg,macos,x64,jre,1359
2026-10-09T03:20:19+00:00,sapmachine-24.0.1,212611981,False,sapmachine-jre-24.0.1_macos-x64_bin.tar.gz,macos,x64,jre,1428
2026-10-09T03:20:19+00:00,sapmachine-24.0.1,212611981,False,sapmachine-jre-24.0.1_windows-x64_bin.zip,windows,x64,jre,1524
2026-10-09T03:20:19+00:00,sapmachine-24.0.1,212611981,False,sapmachine-jdk-24.0.1_windows-x64_bin.msi,windows,x64,jdk,6174
2026-10-09T03:20:19+00:00,sapmachine-24.0.1,212611981,False,sapmachine-jre-24.0.1_windows-x64_bin.msi,windows,x64,jre,2688
2026-10-09T03:20:19+00:00,sapmachine-24,206755339,False,sapmachine-jdk-24-1.aarch64.rpm,linux,aarch64,jdk,1436
2026-10-09T03:20:19+00:00,sapmachine-24,206755339,False,sapmachine-jdk-24-1.ppc64le.rpm,linux,ppc64,jdk,1525
2026-10-09T03:20:19+00:00,sapmachine-24,206755339,False,sapmachine-jdk-24-1.x86_64.rpm,linux,x64,jdk,1454
2026-10-09T03:20:19+00:00,sapmachine-24,206755339,False,sapmachine-jdk-24_aix-ppc64_bin-symbols.tar.gz,aix,ppc64,jdk,1
2026-10-09T03:20:19+00:00,sapmachine-24,206755339,False,sapmachine-jdk-24_aix-ppc64_bin.tar.gz,aix,ppc64,jdk,1464
2026-10-09T03:20:19+00:00,sapmachine-24,206755339,False,sapmachine-jdk-24_linux-aarch64_bin-symbols.tar.gz,linux,aarch64,jdk,1
2026-10-09T03:20:19+00:00,sapmachine-24,206755339,False,sapmachine-jdk-24_linux-aarch64_bin.tar.gz,linux,aarch64,jdk,1636
2026-10-09T03:20:19+00:00,sapmachine-24,206755339,False,sapmachine-jdk-24_linux-ppc64le_bin-symbols.tar.gz,linux,ppc64,jdk,1
2026-10-09T03:20:19+00:00,sapmachine-24,206755339,False,sapmachine-jdk-24_linux-ppc64le_bin.tar.gz,linux,ppc64,jdk,1500
2026-10-09T03:20:19+00:00,sapmachine-24,206755339,False,sapmachine-jdk-24_linux-x64-musl_bin-symbols.tar.gz,alpine,x64,jdk,1
2026-10-09T03:20:19+00:00,sapmachine-24,206755339,False,sapmachine-jdk-24_linux-x64-musl_bin.tar.gz,alpine,x64,jdk,1527
2026-10-09T03:20:19+00:00,sapmachine-24,206755339,False,sapmachine-jdk-24_linux-x64_bin-symbols.tar.gz,linux,x64,jdk,1
2026-10-09T03:20:19+00:00,sapmachine-24,206755339,False,sapmachine-jdk-24_linux-x64_bin.tar.gz,linux,x64,jdk,2779
2026-10-09T03:20:19+00:00,sapmachine-24,206755339,False,sapmachine-jdk-24_macos-aarch64_bin-symbols.tar.gz,macos,aarch64,jdk,1
2026-10-09T03:20:19+00:00,sapmachine-24,206755339,False,sapmachine-jdk-24_macos-aarch64_bin.dmg,macos,aarch64,jdk,2055
2026-10-09T03:20:19+00:00,sapmachine-24,206755339,False,sapmachine-jdk-24_macos-aarch64_bin.tar.gz,macos,aarch64,jdk,1832
2026-10-09T03:20:19+00:00,sapmachine-24,206755339,False,sapmachine-jdk-24_macos-x64_bin-symbols.tar.gz,macos,x64,jdk,2
2026-10-09T03:20:19+00:00,sapmachine-24,206755339,False,sapmachine-jdk-24_macos-x64_bin.dmg,macos,x64,jdk,1876
2026-10-09T03:20:19+00:00,sapmachine-24,206755339,False,sapmachine-jdk-24_macos-x64_bin.tar.gz,macos,x64,jdk,1702
2026-10-09T03:20:19+00:00,sapmachine-24,206755339,False,sapmachine-jdk-24_windows-x64_bin-symbols.tar.gz,windows,x64,jdk,3
2026-10-09T03:20:19+00:00,sapmachine-24,206755339,False,sapmachine-jdk-24_windows-x64_bin.zip,windows,x64,jdk,1972
2026-10-09T03:20:19+00:00,sapmachine-24,206755339,False,sapmachine-jre-24_aix-ppc64_bin.tar.gz,aix,ppc64,jre,1445
2026-10-09T03:20:19+00:00,sapmachine-24,206755339,False,sapmachine-jre-24_linux-aarch64_bin.tar.gz,linux,aarch64,jre,1500
2026-10-09T03:20:19+00:00,sapmachine-24,206755339,False,sapmachine-jre-24_linux-ppc64le_bin.tar.gz,linux,ppc64,jre,1438
2026-10-09T03:20:19+00:00,sapmachine-24,206755339,False,sapmachine-jre-24_linux-x64-musl_bin.tar.gz,alpine,x64,jre,1451
2026-10-09T03:20:19+00:00,sapmachine-24,206755339,False,sapmachine-jre-24_linux-x64_bin.tar.gz,linux,x64,jre,2052
2026-10-09T03:20:19+00:00,sapmachine-24,206755339,False,sapmachine-jre-24_macos-aarch64_bin.dmg,macos,aarch64,jre,1478
2026-10-09T03:20:19+00:00,sapmachine-24,206755339,False,sapmachine-jre-24_macos-aarch64_bin.tar.gz,macos,aarch64,jre,1535
2026-10-09T03:20:19+00:00,sapmachine-24,206755339,False,sapmachine-jre-24_macos-x64_bin.dmg,macos,x64,jre,1447
2026-10-09T03:20:19+00:00,sapmachine-24,206755339,False,sapmachine-jre-24_macos-x64_bin.tar.gz,macos,x64,jre,1542
2026-10-09T03:20:19+00:00,sapmachine-24,206755339,False,sapmachine-jre-24_windows-x64_bin.zip,windows,x64,jre,1561
2026-10-09T03:20:19+00:00,sapmachine-24,206755339,False,sapmachine-jdk-24_windows-x64_bin.msi,windows,x64,jdk,3612
2026-10-09T03:20:19+00:00,sapmachine-24,206755339,False,sapmachine-jre-24_windows-x64_bin.msi,windows,x64,jre,2409
2026-10-09T03:20:19+00:00,sapmachine-11.0.26,196049247,False,sapmachine-jdk-11.0.26-1.x86_64.rpm,linux,x64,jdk,1613
2026-10-09T03:20:19+00:00,sapmachine-11.0.26,196049247,False,sapmachine-jdk-11.0.26_linux-x64_bin-symbols.tar.gz,linux,x64,jdk,2
2026-10-09T03:20:19+00:00,sapmachine-11.0.26,196049247,False,sapmachine-jdk-11.0.26_linux-x64_bin.tar.gz,linux,x64,jdk,22212
2026-10-09T03:20:19+00:00,sapmachine-11.0.26,196049247,False,sapmachine-jre-11.0.26_linux-x64_bin.tar.gz,linux,x64,jre,3074
2026-10-09T03:20:19+00:00,sapmachine-17.0.14,196046864,False,sapmachine-jdk-17.0.14-1.aarch64.rpm,linux,aarch64,jdk,1611
2026-10-09T03:20:19+00:00,sapmachine-17.0.14,196046864,False,sapmachine-jdk-17.0.14-1.ppc64le.rpm,linux,ppc64,jdk,1592
2026-10-09T03:20:19+00:00,sapmachine-17.0.14,196046864,False,sapmachine-jdk-17.0.14-1.x86_64.rpm,linux,x64,jdk,2083
2026-10-09T03:20:19+00:00,sapmachine-17.0.14,196046864,False,sapmachine-jdk-17.0.14_linux-aarch64_bin-symbols.tar.gz,linux,aarch64,jdk,3
2026-10-09T03:20:19+00:00,sapmachine-17.0.14,196046864,False,sapmachine-jdk-17.0.14_linux-aarch64_bin.tar.gz,linux,aarch64,jdk,1973
2026-10-09T03:20:19+00:00,sapmachine-17.0.14,196046864,False,sapmachine-jdk-17.0.14_linux-ppc64le_bin-symbols.tar.gz,linux,ppc64,jdk,2
2026-10-09T03:20:19+00:00,sapmachine-17.0.14,196046864,False,sapmachine-jdk-17.0.14_linux-ppc64le_bin.tar.gz,linux,ppc64,jdk,1697
2026-10-09T03:20:19+00:00,sapmachine-17.0.14,196046864,False,sapmachine-jdk-17.0.14_linux-x64-musl_bin-symbols.tar.gz,alpine,x64,jdk,2
2026-10-09T03:20:19+00:00,sapmachine-17.0.14,196046864,False,sapmachine-jdk-17.0.14_linux-x64-musl_bin.tar.gz,alpine,x64,jdk,1752
2026-10-09T03:20:19+00:00,sapmachine-17.0.14,196046864,False,sapmachine-jdk-17.0.14_linux-x64_bin-symbols.tar.gz,linux,x64,jdk,2
2026-10-09T03:20:19+00:00,sapmachine-17.0.14,196046864,False,sapmachine-jdk-17.0.14_linux-x64_bin.tar.gz,linux,x64,jdk,129134
2026-10-09T03:20:19+00:00,sapmachine-17.0.14,196046864,False,sapmachine-jdk-17.0.14_macos-aarch64_bin-symbols.tar.gz,macos,aarch64,jdk,12
2026-10-09T03:20:19+00:00,sapmachine-17.0.14,196046864,False,sapmachine-jdk-17.0.14_macos-aarch64_bin.dmg,macos,aarch64,jdk,2640
2026-10-09T03:20:19+00:00,sapmachine-17.0.14,196046864,False,sapmachine-jdk-17.0.14_macos-aarch64_bin.tar.gz,macos,aarch64,jdk,17820
2026-10-09T03:20:19+00:00,sapmachine-17.0.14,196046864,False,sapmachine-jdk-17.0.14_macos-x64_bin-symbols.tar.gz,macos,x64,jdk,3
2026-10-09T03:20:19+00:00,sapmachine-17.0.14,196046864,False,sapmachine-jdk-17.0.14_macos-x64_bin.dmg,macos,x64,jdk,2938
2026-10-09T03:20:19+00:00,sapmachine-17.0.14,196046864,False,sapmachine-jdk-17.0.14_macos-x64_bin.tar.gz,macos,x64,jdk,5475
2026-10-09T03:20:19+00:00,sapmachine-17.0.14,196046864,False,sapmachine-jdk-17.0.14_windows-x64_bin-symbols.tar.gz,windows,x64,jdk,5
2026-10-09T03:20:19+00:00,sapmachine-17.0.14,196046864,False,sapmachine-jdk-17.0.14_windows-x64_bin.zip,windows,x64,jdk,26257
2026-10-09T03:20:19+00:00,sapmachine-17.0.14,196046864,False,sapmachine-jre-17.0.14_linux-aarch64_bin.tar.gz,linux,aarch64,jre,1932
2026-10-09T03:20:19+00:00,sapmachine-17.0.14,196046864,False,sapmachine-jre-17.0.14_linux-ppc64le_bin.tar.gz,linux,ppc64,jre,1609
2026-10-09T03:20:19+00:00,sapmachine-17.0.14,196046864,False,sapmachine-jre-17.0.14_linux-x64-musl_bin.tar.gz,alpine,x64,jre,1678
2026-10-09T03:20:19+00:00,sapmachine-17.0.14,196046864,False,sapmachine-jre-17.0.14_linux-x64_bin.tar.gz,linux,x64,jre,118829
2026-10-09T03:20:19+00:00,sapmachine-17.0.14,196046864,False,sapmachine-jre-17.0.14_macos-aarch64_bin.dmg,macos,aarch64,jre,1677
2026-10-09T03:20:19+00:00,sapmachine-17.0.14,196046864,False,sapmachine-jre-17.0.14_macos-aarch64_bin.tar.gz,macos,aarch64,jre,1896
2026-10-09T03:20:19+00:00,sapmachine-17.0.14,196046864,False,sapmachine-jre-17.0.14_macos-x64_bin.dmg,macos,x64,jre,1636
2026-10-09T03:20:19+00:00,sapmachine-17.0.14,196046864,False,sapmachine-jre-17.0.14_macos-x64_bin.tar.gz,macos,x64,jre,4100
2026-10-09T03:20:19+00:00,sapmachine-17.0.14,196046864,False,sapmachine-jre-17.0.14_windows-x64_bin.zip,windows,x64,jre,4328
2026-10-09T03:20:19+00:00,sapmachine-17.0.14,196046864,False,sapmachine-jdk-17.0.14_windows-x64_bin.msi,windows,x64,jdk,4377
2026-10-09T03:20:19+00:00,sapmachine-17.0.14,196046864,False,sapmachine-jre-17.0.14_windows-x64_bin.msi,windows,x64,jre,3597
2026-10-09T03:20:19+00:00,sapmachine-21.0.6,196029075,False,sapmachine-jdk-21.0.6-1.aarch64.rpm,linux,aarch64,jdk,1621
2026-10-09T03:20:19+00:00,sapmachine-21.0.6,196029075,False,sapmachine-jdk-21.0.6-1.ppc64le.rpm,linux,ppc64,jdk,1610
2026-10-09T03:20:19+00:00,sapmachine-21.0.6,196029075,False,sapmachine-jdk-21.0.6-1.x86_64.rpm,linux,x64,jdk,1684
2026-10-09T03:20:19+00:00,sapmachine-21.0.6,196029075,False,sapmachine-jdk-21.0.6_aix-ppc64_bin-symbols.tar.gz,aix,ppc64,jdk,4
2026-10-09T03:20:19+00:00,sapmachine-21.0.6,196029075,False,sapmachine-jdk-21.0.6_aix-ppc64_bin.tar.gz,aix,ppc64,jdk,1654
2026-10-09T03:20:19+00:00,sapmachine-21.0.6,196029075,False,sapmachine-jdk-21.0.6_linux-aarch64_bin-symbols.tar.gz,linux,aarch64,jdk,3
2026-10-09T03:20:19+00:00,sapmachine-21.0.6,196029075,False,sapmachine-jdk-21.0.6_linux-aarch64_bin.tar.gz,linux,aarch64,jdk,1815
2026-10-09T03:20:19+00:00,sapmachine-21.0.6,196029075,False,sapmachine-jdk-21.0.6_linux-ppc64le_bin-symbols.tar.gz,linux,ppc64,jdk,3
2026-10-09T03:20:19+00:00,sapmachine-21.0.6,196029075,False,sapmachine-jdk-21.0.6_linux-ppc64le_bin.tar.gz,linux,ppc64,jdk,1648
2026-10-09T03:20:19+00:00,sapmachine-21.0.6,196029075,False,sapmachine-jdk-21.0.6_linux-x64-musl_bin-symbols.tar.gz,alpine,x64,jdk,3
2026-10-09T03:20:19+00:00,sapmachine-21.0.6,196029075,False,sapmachine-jdk-21.0.6_linux-x64-musl_bin.tar.gz,alpine,x64,jdk,1862
2026-10-09T03:20:19+00:00,sapmachine-21.0.6,196029075,False,sapmachine-jdk-21.0.6_linux-x64_bin-symbols.tar.gz,linux,x64,jdk,6
2026-10-09T03:20:19+00:00,sapmachine-21.0.6,196029075,False,sapmachine-jdk-21.0.6_linux-x64_bin.tar.gz,linux,x64,jdk,59593
2026-10-09T03:20:19+00:00,sapmachine-21.0.6,196029075,False,sapmachine-jdk-21.0.6_macos-aarch64_bin-symbols.tar.gz,macos,aarch64,jdk,3
2026-10-09T03:20:19+00:00,sapmachine-21.0.6,196029075,False,sapmachine-jdk-21.0.6_macos-aarch64_bin.dmg,macos,aarch64,jdk,2079
2026-10-09T03:20:19+00:00,sapmachine-21.0.6,196029075,False,sapmachine-jdk-21.0.6_macos-aarch64_bin.tar.gz,macos,aarch64,jdk,23334
2026-10-09T03:20:19+00:00,sapmachine-21.0.6,196029075,False,sapmachine-jdk-21.0.6_macos-x64_bin-symbols.tar.gz,macos,x64,jdk,3
2026-10-09T03:20:19+00:00,sapmachine-21.0.6,196029075,False,sapmachine-jdk-21.0.6_macos-x64_bin.dmg,macos,x64,jdk,2137
2026-10-09T03:20:19+00:00,sapmachine-21.0.6,196029075,False,sapmachine-jdk-21.0.6_macos-x64_bin.tar.gz,macos,x64,jdk,6141
2026-10-09T03:20:19+00:00,sapmachine-21.0.6,196029075,False,sapmachine-jdk-21.0.6_windows-x64_bin-symbols.tar.gz,windows,x64,jdk,4
2026-10-09T03:20:19+00:00,sapmachine-21.0.6,196029075,False,sapmachine-jdk-21.0.6_windows-x64_bin.zip,windows,x64,jdk,5704
2026-10-09T03:20:19+00:00,sapmachine-21.0.6,196029075,False,sapmachine-jre-21.0.6_aix-ppc64_bin.tar.gz,aix,ppc64,jre,1658
2026-10-09T03:20:19+00:00,sapmachine-21.0.6,196029075,False,sapmachine-jre-21.0.6_linux-aarch64_bin.tar.gz,linux,aarch64,jre,1841
2026-10-09T03:20:19+00:00,sapmachine-21.0.6,196029075,False,sapmachine-jre-21.0.6_linux-ppc64le_bin.tar.gz,linux,ppc64,jre,1615
2026-10-09T03:20:19+00:00,sapmachine-21.0.6,196029075,False,sapmachine-jre-21.0.6_linux-x64-musl_bin.tar.gz,alpine,x64,jre,1680
2026-10-09T03:20:19+00:00,sapmachine-21.0.6,196029075,False,sapmachine-jre-21.0.6_linux-x64_bin.tar.gz,linux,x64,jre,60966
2026-10-09T03:20:19+00:00,sapmachine-21.0.6,196029075,False,sapmachine-jre-21.0.6_macos-aarch64_bin.dmg,macos,aarch64,jre,1657
2026-10-09T03:20:19+00:00,sapmachine-21.0.6,196029075,False,sapmachine-jre-21.0.6_macos-aarch64_bin.tar.gz,macos,aarch64,jre,2041
2026-10-09T03:20:19+00:00,sapmachine-21.0.6,196029075,False,sapmachine-jre-21.0.6_macos-x64_bin.dmg,macos,x64,jre,1630
2026-10-09T03:20:19+00:00,sapmachine-21.0.6,196029075,False,sapmachine-jre-21.0.6_macos-x64_bin.tar.gz,macos,x64,jre,1845
2026-10-09T03:20:19+00:00,sapmachine-21.0.6,196029075,False,sapmachine-jre-21.0.6_windows-x64_bin.zip,windows,x64,jre,1931
2026-10-09T03:20:19+00:00,sapmachine-21.0.6,196029075,False,sapmachine-jdk-21.0.6_windows-x64_bin.msi,windows,x64,jdk,3645
2026-10-09T03:20:19+00:00,sapmachine-21.0.6,196029075,False,sapmachine-jre-21.0.6_windows-x64_bin.msi,windows,x64,jre,2727
2026-10-09T03:20:19+00:00,sapmachine-23.0.2,196017845,False,sapmachine-jdk-23.0.2-1.aarch64.rpm,linux,aarch64,jdk,1616
2026-10-09T03:20:19+00:00,sapmachine-23.0.2,196017845,False,sapmachine-jdk-23.0.2-1.ppc64le.rpm,linux,ppc64,jdk,1663
2026-10-09T03:20:19+00:00,sapmachine-23.0.2,196017845,False,sapmachine-jdk-23.0.2-1.x86_64.rpm,linux,x64,jdk,1636
2026-10-09T03:20:19+00:00,sapmachine-23.0.2,196017845,False,sapmachine-jdk-23.0.2_aix-ppc64_bin-symbols.tar.gz,aix,ppc64,jdk,2
2026-10-09T03:20:19+00:00,sapmachine-23.0.2,196017845,False,sapmachine-jdk-23.0.2_aix-ppc64_bin.tar.gz,aix,ppc64,jdk,1667
2026-10-09T03:20:19+00:00,sapmachine-23.0.2,196017845,False,sapmachine-jdk-23.0.2_linux-aarch64_bin-symbols.tar.gz,linux,aarch64,jdk,2
2026-10-09T03:20:19+00:00,sapmachine-23.0.2,196017845,False,sapmachine-jdk-23.0.2_linux-aarch64_bin.tar.gz,linux,aarch64,jdk,1775
2026-10-09T03:20:19+00:00,sapmachine-23.0.2,196017845,False,sapmachine-jdk-23.0.2_linux-ppc64le_bin-symbols.tar.gz,linux,ppc64,jdk,2
2026-10-09T03:20:19+00:00,sapmachine-23.0.2,196017845,False,sapmachine-jdk-23.0.2_linux-ppc64le_bin.tar.gz,linux,ppc64,jdk,1665
2026-10-09T03:20:19+00:00,sapmachine-23.0.2,196017845,False,sapmachine-jdk-23.0.2_linux-x64-musl_bin-symbols.tar.gz,alpine,x64,jdk,2
2026-10-09T03:20:19+00:00,sapmachine-23.0.2,196017845,False,sapmachine-jdk-23.0.2_linux-x64-musl_bin.tar.gz,alpine,x64,jdk,1810
2026-10-09T03:20:19+00:00,sapmachine-23.0.2,196017845,False,sapmachine-jdk-23.0.2_linux-x64_bin-symbols.tar.gz,linux,x64,jdk,2
2026-10-09T03:20:19+00:00,sapmachine-23.0.2,196017845,False,sapmachine-jdk-23.0.2_linux-x64_bin.tar.gz,linux,x64,jdk,156714
2026-10-09T03:20:19+00:00,sapmachine-23.0.2,196017845,False,sapmachine-jdk-23.0.2_macos-aarch64_bin-symbols.tar.gz,macos,aarch64,jdk,3
2026-10-09T03:20:19+00:00,sapmachine-23.0.2,196017845,False,sapmachine-jdk-23.0.2_macos-aarch64_bin.dmg,macos,aarch64,jdk,2672
2026-10-09T03:20:19+00:00,sapmachine-23.0.2,196017845,False,sapmachine-jdk-23.0.2_macos-aarch64_bin.tar.gz,macos,aarch64,jdk,2955
2026-10-09T03:20:19+00:00,sapmachine-23.0.2,196017845,False,sapmachine-jdk-23.0.2_macos-x64_bin-symbols.tar.gz,macos,x64,jdk,2
2026-10-09T03:20:19+00:00,sapmachine-23.0.2,196017845,False,sapmachine-jdk-23.0.2_macos-x64_bin.dmg,macos,x64,jdk,2451
2026-10-09T03:20:19+00:00,sapmachine-23.0.2,196017845,False,sapmachine-jdk-23.0.2_macos-x64_bin.tar.gz,macos,x64,jdk,2074
2026-10-09T03:20:19+00:00,sapmachine-23.0.2,196017845,False,sapmachine-jdk-23.0.2_windows-x64_bin-symbols.tar.gz,windows,x64,jdk,5
2026-10-09T03:20:19+00:00,sapmachine-23.0.2,196017845,False,sapmachine-jdk-23.0.2_windows-x64_bin.zip,windows,x64,jdk,2533
2026-10-09T03:20:19+00:00,sapmachine-23.0.2,196017845,False,sapmachine-jre-23.0.2_aix-ppc64_bin.tar.gz,aix,ppc64,jre,1643
2026-10-09T03:20:19+00:00,sapmachine-23.0.2,196017845,False,sapmachine-jre-23.0.2_linux-aarch64_bin.tar.gz,linux,aarch64,jre,1685
2026-10-09T03:20:19+00:00,sapmachine-23.0.2,196017845,False,sapmachine-jre-23.0.2_linux-ppc64le_bin.tar.gz,linux,ppc64,jre,1603
2026-10-09T03:20:19+00:00,sapmachine-23.0.2,196017845,False,sapmachine-jre-23.0.2_linux-x64-musl_bin.tar.gz,alpine,x64,jre,1634
2026-10-09T03:20:19+00:00,sapmachine-23.0.2,196017845,False,sapmachine-jre-23.0.2_linux-x64_bin.tar.gz,linux,x64,jre,4070
2026-10-09T03:20:19+00:00,sapmachine-23.0.2,196017845,False,sapmachine-jre-23.0.2_macos-aarch64_bin.dmg,macos,aarch64,jre,1641
2026-10-09T03:20:19+00:00,sapmachine-23.0.2,196017845,False,sapmachine-jre-23.0.2_macos-aarch64_bin.tar.gz,macos,aarch64,jre,1743
2026-10-09T03:20:19+00:00,sapmachine-23.0.2,196017845,False,sapmachine-jre-23.0.2_macos-x64_bin.dmg,macos,x64,jre,1663
2026-10-09T03:20:19+00:00,sapmachine-23.0.2,196017845,False,sapmachine-jre-23.0.2_macos-x64_bin.tar.gz,macos,x64,jre,1700
2026-10-09T03:20:19+00:00,sapmachine-23.0.2,196017845,False,sapmachine-jre-23.0.2_windows-x64_bin.zip,windows,x64,jre,1776
2026-10-09T03:20:19+00:00,sapmachine-23.0.2,196017845,False,sapmachine-jdk-23.0.2_windows-x64_bin.msi,windows,x64,jdk,5418
2026-10-09T03:20:19+00:00,sapmachine-23.0.2,196017845,False,sapmachine-jre-23.0.2_windows-x64_bin.msi,windows,x64,jre,3185
2026-10-09T03:20:19+00:00,sapmachine-21.0.5,180069062,False,sapmachine-jdk-21.0.5-1.x86_64.rpm,linux,x64,jdk,1968
2026-10-09T03:20:19+00:00,sapmachine-21.0.5,180069062,False,sapmachine-jdk-21.0.5_aix-ppc64_bin-symbols.tar.gz,aix,ppc64,jdk,4
2026-10-09T03:20:19+00:00,sapmachine-21.0.5,180069062,False,sapmachine-jdk-21.0.5_aix-ppc64_bin.tar.gz,aix,ppc64,jdk,1982
2026-10-09T03:20:19+00:00,sapmachine-21.0.5,180069062,False,sapmachine-jdk-21.0.5_linux-aarch64_bin-symbols.tar.gz,linux,aarch64,jdk,5
2026-10-09T03:20:19+00:00,sapmachine-21.0.5,180069062,False,sapmachine-jdk-21.0.5_linux-aarch64_bin.tar.gz,linux,aarch64,jdk,2230
2026-10-09T03:20:19+00:00,sapmachine-21.0.5,180069062,False,sapmachine-jdk-21.0.5_linux-ppc64le_bin-symbols.tar.gz,linux,ppc64,jdk,4
2026-10-09T03:20:19+00:00,sapmachine-21.0.5,180069062,False,sapmachine-jdk-21.0.5_linux-ppc64le_bin.tar.gz,linux,ppc64,jdk,1955
2026-10-09T03:20:19+00:00,sapmachine-21.0.5,180069062,False,sapmachine-jdk-21.0.5_linux-x64-musl_bin-symbols.tar.gz,alpine,x64,jdk,4
2026-10-09T03:20:19+00:00,sapmachine-21.0.5,180069062,False,sapmachine-jdk-21.0.5_linux-x64-musl_bin.tar.gz,alpine,x64,jdk,1993
2026-10-09T03:20:19+00:00,sapmachine-21.0.5,180069062,False,sapmachine-jdk-21.0.5_linux-x64_bin-symbols.tar.gz,linux,x64,jdk,4
2026-10-09T03:20:19+00:00,sapmachine-21.0.5,180069062,False,sapmachine-jdk-21.0.5_linux-x64_bin.tar.gz,linux,x64,jdk,22083
2026-10-09T03:20:19+00:00,sapmachine-21.0.5,180069062,False,sapmachine-jdk-21.0.5_macos-aarch64_bin-symbols.tar.gz,macos,aarch64,jdk,5
2026-10-09T03:20:19+00:00,sapmachine-21.0.5,180069062,False,sapmachine-jdk-21.0.5_macos-aarch64_bin.dmg,macos,aarch64,jdk,2423
2026-10-09T03:20:19+00:00,sapmachine-21.0.5,180069062,False,sapmachine-jdk-21.0.5_macos-aarch64_bin.tar.gz,macos,aarch64,jdk,17984
2026-10-09T03:20:19+00:00,sapmachine-21.0.5,180069062,False,sapmachine-jdk-21.0.5_macos-x64_bin-symbols.tar.gz,macos,x64,jdk,5
2026-10-09T03:20:19+00:00,sapmachine-21.0.5,180069062,False,sapmachine-jdk-21.0.5_macos-x64_bin.dmg,macos,x64,jdk,2520
2026-10-09T03:20:19+00:00,sapmachine-21.0.5,180069062,False,sapmachine-jdk-21.0.5_macos-x64_bin.tar.gz,macos,x64,jdk,6419
2026-10-09T03:20:19+00:00,sapmachine-21.0.5,180069062,False,sapmachine-jdk-21.0.5_windows-x64_bin-symbols.tar.gz,windows,x64,jdk,5
2026-10-09T03:20:19+00:00,sapmachine-21.0.5,180069062,False,sapmachine-jdk-21.0.5_windows-x64_bin.zip,windows,x64,jdk,6650
2026-10-09T03:20:19+00:00,sapmachine-21.0.5,180069062,False,sapmachine-jre-21.0.5_aix-ppc64_bin.tar.gz,aix,ppc64,jre,1943
2026-10-09T03:20:19+00:00,sapmachine-21.0.5,180069062,False,sapmachine-jre-21.0.5_linux-aarch64_bin.tar.gz,linux,aarch64,jre,2252
2026-10-09T03:20:19+00:00,sapmachine-21.0.5,180069062,False,sapmachine-jre-21.0.5_linux-ppc64le_bin.tar.gz,linux,ppc64,jre,1969
2026-10-09T03:20:19+00:00,sapmachine-21.0.5,180069062,False,sapmachine-jre-21.0.5_linux-x64-musl_bin.tar.gz,alpine,x64,jre,1987
2026-10-09T03:20:19+00:00,sapmachine-21.0.5,180069062,False,sapmachine-jre-21.0.5_linux-x64_bin.tar.gz,linux,x64,jre,47551
2026-10-09T03:20:19+00:00,sapmachine-21.0.5,180069062,False,sapmachine-jre-21.0.5_macos-aarch64_bin.dmg,macos,aarch64,jre,1972
2026-10-09T03:20:19+00:00,sapmachine-21.0.5,180069062,False,sapmachine-jre-21.0.5_macos-aarch64_bin.tar.gz,macos,aarch64,jre,2086
2026-10-09T03:20:19+00:00,sapmachine-21.0.5,180069062,False,sapmachine-jre-21.0.5_macos-x64_bin.dmg,macos,x64,jre,1963
2026-10-09T03:20:19+00:00,sapmachine-21.0.5,180069062,False,sapmachine-jre-21.0.5_macos-x64_bin.tar.gz,macos,x64,jre,2037
2026-10-09T03:20:19+00:00,sapmachine-21.0.5,180069062,False,sapmachine-jre-21.0.5_windows-x64_bin.zip,windows,x64,jre,2134
2026-10-09T03:20:19+00:00,sapmachine-21.0.5,180069062,False,sapmachine-jdk-21.0.5_windows-x64_bin.msi,windows,x64,jdk,6755
2026-10-09T03:20:19+00:00,sapmachine-21.0.5,180069062,False,sapmachine-jre-21.0.5_windows-x64_bin.msi,windows,x64,jre,5318
2026-10-09T03:20:19+00:00,sapmachine-11.0.25,180067451,False,sapmachine-jdk-11.0.25-1.x86_64.rpm,linux,x64,jdk,2042
2026-10-09T03:20:19+00:00,sapmachine-11.0.25,180067451,False,sapmachine-jdk-11.0.25_linux-aarch64_bin-symbols.tar.gz,linux,aarch64,jdk,0
2026-10-09T03:20:19+00:00,sapmachine-11.0.25,180067451,False,sapmachine-jdk-11.0.25_linux-aarch64_bin.tar.gz,linux,aarch64,jdk,2106
2026-10-09T03:20:19+00:00,sapmachine-11.0.25,180067451,False,sapmachine-jdk-11.0.25_linux-ppc64le_bin-symbols.tar.gz,linux,ppc64,jdk,0
2026-10-09T03:20:19+00:00,sapmachine-11.0.25,180067451,False,sapmachine-jdk-11.0.25_linux-ppc64le_bin.tar.gz,linux,ppc64,jdk,1936
2026-10-09T03:20:19+00:00,sapmachine-11.0.25,180067451,False,sapmachine-jdk-11.0.25_linux-x64_bin-symbols.tar.gz,linux,x64,jdk,0
2026-10-09T03:20:19+00:00,sapmachine-11.0.25,180067451,False,sapmachine-jdk-11.0.25_linux-x64_bin.tar.gz,linux,x64,jdk,25664
2026-10-09T03:20:19+00:00,sapmachine-11.0.25,180067451,False,sapmachine-jdk-11.0.25_macos-aarch64_bin-symbols.tar.gz,macos,aarch64,jdk,2
2026-10-09T03:20:19+00:00,sapmachine-11.0.25,180067451,False,sapmachine-jdk-11.0.25_macos-aarch64_bin.dmg,macos,aarch64,jdk,2720
2026-10-09T03:20:19+00:00,sapmachine-11.0.25,180067451,False,sapmachine-jdk-11.0.25_macos-aarch64_bin.tar.gz,macos,aarch64,jdk,46525
2026-10-09T03:20:19+00:00,sapmachine-11.0.25,180067451,False,sapmachine-jdk-11.0.25_macos-x64_bin-symbols.tar.gz,macos,x64,jdk,2
2026-10-09T03:20:19+00:00,sapmachine-11.0.25,180067451,False,sapmachine-jdk-11.0.25_macos-x64_bin.dmg,macos,x64,jdk,2502
2026-10-09T03:20:19+00:00,sapmachine-11.0.25,180067451,False,sapmachine-jdk-11.0.25_macos-x64_bin.tar.gz,macos,x64,jdk,27939
2026-10-09T03:20:19+00:00,sapmachine-11.0.25,180067451,False,sapmachine-jdk-11.0.25_windows-x64_bin-symbols.tar.gz,windows,x64,jdk,0
2026-10-09T03:20:19+00:00,sapmachine-11.0.25,180067451,False,sapmachine-jdk-11.0.25_windows-x64_bin.zip,windows,x64,jdk,74879
2026-10-09T03:20:19+00:00,sapmachine-11.0.25,180067451,False,sapmachine-jre-11.0.25_linux-aarch64_bin.tar.gz,linux,aarch64,jre,2164
2026-10-09T03:20:19+00:00,sapmachine-11.0.25,180067451,False,sapmachine-jre-11.0.25_linux-ppc64le_bin.tar.gz,linux,ppc64,jre,1960
2026-10-09T03:20:19+00:00,sapmachine-11.0.25,180067451,False,sapmachine-jre-11.0.25_linux-x64_bin.tar.gz,linux,x64,jre,5236
2026-10-09T03:20:19+00:00,sapmachine-11.0.25,180067451,False,sapmachine-jre-11.0.25_macos-aarch64_bin.dmg,macos,aarch64,jre,1945
2026-10-09T03:20:19+00:00,sapmachine-11.0.25,180067451,False,sapmachine-jre-11.0.25_macos-aarch64_bin.tar.gz,macos,aarch64,jre,2445
2026-10-09T03:20:19+00:00,sapmachine-11.0.25,180067451,False,sapmachine-jre-11.0.25_macos-x64_bin.dmg,macos,x64,jre,1923
2026-10-09T03:20:19+00:00,sapmachine-11.0.25,180067451,False,sapmachine-jre-11.0.25_macos-x64_bin.tar.gz,macos,x64,jre,2026
2026-10-09T03:20:19+00:00,sapmachine-11.0.25,180067451,False,sapmachine-jre-11.0.25_windows-x64_bin.zip,windows,x64,jre,2170
2026-10-09T03:20:19+00:00,sapmachine-11.0.25,180067451,False,sapmachine-jdk-11.0.25_windows-x64_bin.msi,windows,x64,jdk,6975
2026-10-09T03:20:19+00:00,sapmachine-11.0.25,180067451,False,sapmachine-jre-11.0.25_windows-x64_bin.msi,windows,x64,jre,5265
2026-10-09T03:20:19+00:00,sapmachine-17.0.13,180068329,False,sapmachine-jdk-17.0.13-1.x86_64.rpm,linux,x64,jdk,2063
2026-10-09T03:20:19+00:00,sapmachine-17.0.13,180068329,False,sapmachine-jdk-17.0.13_linux-aarch64_bin-symbols.tar.gz,linux,aarch64,jdk,1
2026-10-09T03:20:19+00:00,sapmachine-17.0.13,180068329,False,sapmachine-jdk-17.0.13_linux-aarch64_bin.tar.gz,linux,aarch64,jdk,2279
2026-10-09T03:20:19+00:00,sapmachine-17.0.13,180068329,False,sapmachine-jdk-17.0.13_linux-ppc64le_bin-symbols.tar.gz,linux,ppc64,jdk,0
2026-10-09T03:20:19+00:00,sapmachine-17.0.13,180068329,False,sapmachine-jdk-17.0.13_linux-ppc64le_bin.tar.gz,linux,ppc64,jdk,2042
2026-10-09T03:20:19+00:00,sapmachine-17.0.13,180068329,False,sapmachine-jdk-17.0.13_linux-x64-musl_bin-symbols.tar.gz,alpine,x64,jdk,0
2026-10-09T03:20:19+00:00,sapmachine-17.0.13,180068329,False,sapmachine-jdk-17.0.13_linux-x64-musl_bin.tar.gz,alpine,x64,jdk,2165
2026-10-09T03:20:19+00:00,sapmachine-17.0.13,180068329,False,sapmachine-jdk-17.0.13_linux-x64_bin-symbols.tar.gz,linux,x64,jdk,16
2026-10-09T03:20:19+00:00,sapmachine-17.0.13,180068329,False,sapmachine-jdk-17.0.13_linux-x64_bin.tar.gz,linux,x64,jdk,100309
2026-10-09T03:20:19+00:00,sapmachine-17.0.13,180068329,False,sapmachine-jdk-17.0.13_macos-aarch64_bin-symbols.tar.gz,macos,aarch64,jdk,3
2026-10-09T03:20:19+00:00,sapmachine-17.0.13,180068329,False,sapmachine-jdk-17.0.13_macos-aarch64_bin.dmg,macos,aarch64,jdk,3134
2026-10-09T03:20:19+00:00,sapmachine-17.0.13,180068329,False,sapmachine-jdk-17.0.13_macos-aarch64_bin.tar.gz,macos,aarch64,jdk,16652
2026-10-09T03:20:19+00:00,sapmachine-17.0.13,180068329,False,sapmachine-jdk-17.0.13_macos-x64_bin-symbols.tar.gz,macos,x64,jdk,2
2026-10-09T03:20:19+00:00,sapmachine-17.0.13,180068329,False,sapmachine-jdk-17.0.13_macos-x64_bin.dmg,macos,x64,jdk,3680
2026-10-09T03:20:19+00:00,sapmachine-17.0.13,180068329,False,sapmachine-jdk-17.0.13_macos-x64_bin.tar.gz,macos,x64,jdk,6887
2026-10-09T03:20:19+00:00,sapmachine-17.0.13,180068329,False,sapmachine-jdk-17.0.13_windows-x64_bin-symbols.tar.gz,windows,x64,jdk,3
2026-10-09T03:20:19+00:00,sapmachine-17.0.13,180068329,False,sapmachine-jdk-17.0.13_windows-x64_bin.zip,windows,x64,jdk,9287
2026-10-09T03:20:19+00:00,sapmachine-17.0.13,180068329,False,sapmachine-jre-17.0.13_linux-aarch64_bin.tar.gz,linux,aarch64,jre,2519
2026-10-09T03:20:19+00:00,sapmachine-17.0.13,180068329,False,sapmachine-jre-17.0.13_linux-ppc64le_bin.tar.gz,linux,ppc64,jre,1914
2026-10-09T03:20:19+00:00,sapmachine-17.0.13,180068329,False,sapmachine-jre-17.0.13_linux-x64-musl_bin.tar.gz,alpine,x64,jre,1959
2026-10-09T03:20:19+00:00,sapmachine-17.0.13,180068329,False,sapmachine-jre-17.0.13_linux-x64_bin.tar.gz,linux,x64,jre,762985
2026-10-09T03:20:19+00:00,sapmachine-17.0.13,180068329,False,sapmachine-jre-17.0.13_macos-aarch64_bin.dmg,macos,aarch64,jre,2000
2026-10-09T03:20:19+00:00,sapmachine-17.0.13,180068329,False,sapmachine-jre-17.0.13_macos-aarch64_bin.tar.gz,macos,aarch64,jre,2157
2026-10-09T03:20:19+00:00,sapmachine-17.0.13,180068329,False,sapmachine-jre-17.0.13_macos-x64_bin.dmg,macos,x64,jre,1947
2026-10-09T03:20:19+00:00,sapmachine-17.0.13,180068329,False,sapmachine-jre-17.0.13_macos-x64_bin.tar.gz,macos,x64,jre,4303
2026-10-09T03:20:19+00:00,sapmachine-17.0.13,180068329,False,sapmachine-jre-17.0.13_windows-x64_bin.zip,windows,x64,jre,4497
2026-10-09T03:20:19+00:00,sapmachine-17.0.13,180068329,False,sapmachine-jdk-17.0.13_windows-x64_bin.msi,windows,x64,jdk,6849
2026-10-09T03:20:19+00:00,sapmachine-17.0.13,180068329,False,sapmachine-jre-17.0.13_windows-x64_bin.msi,windows,x64,jre,5154
2026-10-09T03:20:19+00:00,sapmachine-23.0.1,180070075,False,sapmachine-jdk-23.0.1-1.x86_64.rpm,linux,x64,jdk,1912
2026-10-09T03:20:19+00:00,sapmachine-23.0.1,180070075,False,sapmachine-jdk-23.0.1_aix-ppc64_bin-symbols.tar.gz,aix,ppc64,jdk,5
2026-10-09T03:20:19+00:00,sapmachine-23.0.1,180070075,False,sapmachine-jdk-23.0.1_aix-ppc64_bin.tar.gz,aix,ppc64,jdk,2048
2026-10-09T03:20:19+00:00,sapmachine-23.0.1,180070075,False,sapmachine-jdk-23.0.1_linux-aarch64_bin-symbols.tar.gz,linux,aarch64,jdk,0
2026-10-09T03:20:19+00:00,sapmachine-23.0.1,180070075,False,sapmachine-jdk-23.0.1_linux-aarch64_bin.tar.gz,linux,aarch64,jdk,2206
2026-10-09T03:20:19+00:00,sapmachine-23.0.1,180070075,False,sapmachine-jdk-23.0.1_linux-ppc64le_bin-symbols.tar.gz,linux,ppc64,jdk,0
2026-10-09T03:20:19+00:00,sapmachine-23.0.1,180070075,False,sapmachine-jdk-23.0.1_linux-ppc64le_bin.tar.gz,linux,ppc64,jdk,1999
2026-10-09T03:20:19+00:00,sapmachine-23.0.1,180070075,False,sapmachine-jdk-23.0.1_linux-x64-musl_bin-symbols.tar.gz,alpine,x64,jdk,0
2026-10-09T03:20:19+00:00,sapmachine-23.0.1,180070075,False,sapmachine-jdk-23.0.1_linux-x64-musl_bin.tar.gz,alpine,x64,jdk,2036
2026-10-09T03:20:19+00:00,sapmachine-23.0.1,180070075,False,sapmachine-jdk-23.0.1_linux-x64_bin-symbols.tar.gz,linux,x64,jdk,0
2026-10-09T03:20:19+00:00,sapmachine-23.0.1,180070075,False,sapmachine-jdk-23.0.1_linux-x64_bin.tar.gz,linux,x64,jdk,3333
2026-10-09T03:20:19+00:00,sapmachine-23.0.1,180070075,False,sapmachine-jdk-23.0.1_macos-aarch64_bin-symbols.tar.gz,macos,aarch64,jdk,2
2026-10-09T03:20:19+00:00,sapmachine-23.0.1,180070075,False,sapmachine-jdk-23.0.1_macos-aarch64_bin.dmg,macos,aarch64,jdk,3377
2026-10-09T03:20:19+00:00,sapmachine-23.0.1,180070075,False,sapmachine-jdk-23.0.1_macos-aarch64_bin.tar.gz,macos,aarch64,jdk,3163
2026-10-09T03:20:19+00:00,sapmachine-23.0.1,180070075,False,sapmachine-jdk-23.0.1_macos-x64_bin-symbols.tar.gz,macos,x64,jdk,1
2026-10-09T03:20:19+00:00,sapmachine-23.0.1,180070075,False,sapmachine-jdk-23.0.1_macos-x64_bin.dmg,macos,x64,jdk,3198
2026-10-09T03:20:19+00:00,sapmachine-23.0.1,180070075,False,sapmachine-jdk-23.0.1_macos-x64_bin.tar.gz,macos,x64,jdk,2476
2026-10-09T03:20:19+00:00,sapmachine-23.0.1,180070075,False,sapmachine-jdk-23.0.1_windows-x64_bin-symbols.tar.gz,windows,x64,jdk,1
2026-10-09T03:20:19+00:00,sapmachine-23.0.1,180070075,False,sapmachine-jdk-23.0.1_windows-x64_bin.zip,windows,x64,jdk,3331
2026-10-09T03:20:19+00:00,sapmachine-23.0.1,180070075,False,sapmachine-jre-23.0.1_aix-ppc64_bin.tar.gz,aix,ppc64,jre,1902
2026-10-09T03:20:19+00:00,sapmachine-23.0.1,180070075,False,sapmachine-jre-23.0.1_linux-aarch64_bin.tar.gz,linux,aarch64,jre,2070
2026-10-09T03:20:19+00:00,sapmachine-23.0.1,180070075,False,sapmachine-jre-23.0.1_linux-ppc64le_bin.tar.gz,linux,ppc64,jre,1915
2026-10-09T03:20:19+00:00,sapmachine-23.0.1,180070075,False,sapmachine-jre-23.0.1_linux-x64-musl_bin.tar.gz,alpine,x64,jre,1927
2026-10-09T03:20:19+00:00,sapmachine-23.0.1,180070075,False,sapmachine-jre-23.0.1_linux-x64_bin.tar.gz,linux,x64,jre,2847
2026-10-09T03:20:19+00:00,sapmachine-23.0.1,180070075,False,sapmachine-jre-23.0.1_macos-aarch64_bin.dmg,macos,aarch64,jre,1937
2026-10-09T03:20:19+00:00,sapmachine-23.0.1,180070075,False,sapmachine-jre-23.0.1_macos-aarch64_bin.tar.gz,macos,aarch64,jre,2041
2026-10-09T03:20:19+00:00,sapmachine-23.0.1,180070075,False,sapmachine-jre-23.0.1_macos-x64_bin.dmg,macos,x64,jre,1942
2026-10-09T03:20:19+00:00,sapmachine-23.0.1,180070075,False,sapmachine-jre-23.0.1_macos-x64_bin.tar.gz,macos,x64,jre,2008
2026-10-09T03:20:19+00:00,sapmachine-23.0.1,180070075,False,sapmachine-jre-23.0.1_windows-x64_bin.zip,windows,x64,jre,2094
2026-10-09T03:20:19+00:00,sapmachine-23.0.1,180070075,False,sapmachine-jdk-23.0.1_windows-x64_bin.msi,windows,x64,jdk,7777
2026-10-09T03:20:19+00:00,sapmachine-23.0.1,180070075,False,sapmachine-jre-23.0.1_windows-x64_bin.msi,windows,x64,jre,3615
2026-10-09T03:20:19+00:00,sapmachine-23,175599109,False,sapmachine-jdk-23-1.x86_64.rpm,linux,x64,jdk,2027
2026-10-09T03:20:19+00:00,sapmachine-23,175599109,False,sapmachine-jdk-23_aix-ppc64_bin-symbols.tar.gz,aix,ppc64,jdk,4
2026-10-09T03:20:19+00:00,sapmachine-23,175599109,False,sapmachine-jdk-23_aix-ppc64_bin.tar.gz,aix,ppc64,jdk,2062
2026-10-09T03:20:19+00:00,sapmachine-23,175599109,False,sapmachine-jdk-23_linux-aarch64_bin-symbols.tar.gz,linux,aarch64,jdk,2
2026-10-09T03:20:19+00:00,sapmachine-23,175599109,False,sapmachine-jdk-23_linux-aarch64_bin.tar.gz,linux,aarch64,jdk,2139
2026-10-09T03:20:19+00:00,sapmachine-23,175599109,False,sapmachine-jdk-23_linux-ppc64le_bin-symbols.tar.gz,linux,ppc64,jdk,2
2026-10-09T03:20:19+00:00,sapmachine-23,175599109,False,sapmachine-jdk-23_linux-ppc64le_bin.tar.gz,linux,ppc64,jdk,2064
2026-10-09T03:20:19+00:00,sapmachine-23,175599109,False,sapmachine-jdk-23_linux-x64-musl_bin-symbols.tar.gz,alpine,x64,jdk,2
2026-10-09T03:20:19+00:00,sapmachine-23,175599109,False,sapmachine-jdk-23_linux-x64-musl_bin.tar.gz,alpine,x64,jdk,2102
2026-10-09T03:20:19+00:00,sapmachine-23,175599109,False,sapmachine-jdk-23_linux-x64_bin-symbols.tar.gz,linux,x64,jdk,2
2026-10-09T03:20:19+00:00,sapmachine-23,175599109,False,sapmachine-jdk-23_linux-x64_bin.tar.gz,linux,x64,jdk,4493
2026-10-09T03:20:19+00:00,sapmachine-23,175599109,False,sapmachine-jdk-23_macos-aarch64_bin-symbols.tar.gz,macos,aarch64,jdk,5
2026-10-09T03:20:19+00:00,sapmachine-23,175599109,False,sapmachine-jdk-23_macos-aarch64_bin.dmg,macos,aarch64,jdk,2563
2026-10-09T03:20:19+00:00,sapmachine-23,175599109,False,sapmachine-jdk-23_macos-aarch64_bin.tar.gz,macos,aarch64,jdk,2499
2026-10-09T03:20:19+00:00,sapmachine-23,175599109,False,sapmachine-jdk-23_macos-x64_bin-symbols.tar.gz,macos,x64,jdk,3
2026-10-09T03:20:19+00:00,sapmachine-23,175599109,False,sapmachine-jdk-23_macos-x64_bin.dmg,macos,x64,jdk,2472
2026-10-09T03:20:19+00:00,sapmachine-23,175599109,False,sapmachine-jdk-23_macos-x64_bin.tar.gz,macos,x64,jdk,2317
2026-10-09T03:20:19+00:00,sapmachine-23,175599109,False,sapmachine-jdk-23_windows-x64_bin-symbols.tar.gz,windows,x64,jdk,2
2026-10-09T03:20:19+00:00,sapmachine-23,175599109,False,sapmachine-jdk-23_windows-x64_bin.zip,windows,x64,jdk,3704
2026-10-09T03:20:19+00:00,sapmachine-23,175599109,False,sapmachine-jre-23_aix-ppc64_bin.tar.gz,aix,ppc64,jre,2007
2026-10-09T03:20:19+00:00,sapmachine-23,175599109,False,sapmachine-jre-23_linux-aarch64_bin.tar.gz,linux,aarch64,jre,2067
2026-10-09T03:20:19+00:00,sapmachine-23,175599109,False,sapmachine-jre-23_linux-ppc64le_bin.tar.gz,linux,ppc64,jre,2101
2026-10-09T03:20:19+00:00,sapmachine-23,175599109,False,sapmachine-jre-23_linux-x64-musl_bin.tar.gz,alpine,x64,jre,2032
2026-10-09T03:20:19+00:00,sapmachine-23,175599109,False,sapmachine-jre-23_linux-x64_bin.tar.gz,linux,x64,jre,2862
2026-10-09T03:20:19+00:00,sapmachine-23,175599109,False,sapmachine-jre-23_macos-aarch64_bin.dmg,macos,aarch64,jre,2019
2026-10-09T03:20:19+00:00,sapmachine-23,175599109,False,sapmachine-jre-23_macos-aarch64_bin.tar.gz,macos,aarch64,jre,2124
2026-10-09T03:20:19+00:00,sapmachine-23,175599109,False,sapmachine-jre-23_macos-x64_bin.dmg,macos,x64,jre,2024
2026-10-09T03:20:19+00:00,sapmachine-23,175599109,False,sapmachine-jre-23_macos-x64_bin.tar.gz,macos,x64,jre,2111
2026-10-09T03:20:19+00:00,sapmachine-23,175599109,False,sapmachine-jre-23_windows-x64_bin.zip,windows,x64,jre,2350
2026-10-09T03:20:19+00:00,sapmachine-23,175599109,False,sapmachine-jre-23_windows-x64_bin.msi,windows,x64,jre,1999
2026-10-09T03:20:19+00:00,sapmachine-23,175599109,False,sapmachine-jdk-23_windows-x64_bin.msi,windows,x64,jdk,2018
2026-10-09T03:20:19+00:00,sapmachine-11.0.24,165799800,False,sapmachine-jdk-11.0.24_windows-x64_bin-symbols.tar.gz,windows,x64,jdk,1
2026-10-09T03:20:19+00:00,sapmachine-11.0.24,165799800,False,sapmachine-jdk-11.0.24_windows-x64_bin.zip,windows,x64,jdk,5048
2026-10-09T03:20:19+00:00,sapmachine-11.0.24,165799800,False,sapmachine-jre-11.0.24_windows-x64_bin.zip,windows,x64,jre,2491
2026-10-09T03:20:19+00:00,sapmachine-11.0.24,165799800,False,sapmachine-jdk-11.0.24-1.x86_64.rpm,linux,x64,jdk,2395
2026-10-09T03:20:19+00:00,sapmachine-11.0.24,165799800,False,sapmachine-jdk-11.0.24_linux-aarch64_bin-symbols.tar.gz,linux,aarch64,jdk,1
2026-10-09T03:20:19+00:00,sapmachine-11.0.24,165799800,False,sapmachine-jdk-11.0.24_linux-aarch64_bin.tar.gz,linux,aarch64,jdk,2504
2026-10-09T03:20:19+00:00,sapmachine-11.0.24,165799800,False,sapmachine-jdk-11.0.24_linux-ppc64le_bin-symbols.tar.gz,linux,ppc64,jdk,1
2026-10-09T03:20:19+00:00,sapmachine-11.0.24,165799800,False,sapmachine-jdk-11.0.24_linux-ppc64le_bin.tar.gz,linux,ppc64,jdk,2383
2026-10-09T03:20:19+00:00,sapmachine-11.0.24,165799800,False,sapmachine-jdk-11.0.24_linux-x64_bin-symbols.tar.gz,linux,x64,jdk,1
2026-10-09T03:20:19+00:00,sapmachine-11.0.24,165799800,False,sapmachine-jdk-11.0.24_linux-x64_bin.tar.gz,linux,x64,jdk,28366
2026-10-09T03:20:19+00:00,sapmachine-11.0.24,165799800,False,sapmachine-jdk-11.0.24_macos-x64_bin-symbols.tar.gz,macos,x64,jdk,2
2026-10-09T03:20:19+00:00,sapmachine-11.0.24,165799800,False,sapmachine-jdk-11.0.24_macos-x64_bin.dmg,macos,x64,jdk,2481
2026-10-09T03:20:19+00:00,sapmachine-11.0.24,165799800,False,sapmachine-jdk-11.0.24_macos-x64_bin.tar.gz,macos,x64,jdk,3608
2026-10-09T03:20:19+00:00,sapmachine-11.0.24,165799800,False,sapmachine-jre-11.0.24_linux-aarch64_bin.tar.gz,linux,aarch64,jre,2545
2026-10-09T03:20:19+00:00,sapmachine-11.0.24,165799800,False,sapmachine-jre-11.0.24_linux-ppc64le_bin.tar.gz,linux,ppc64,jre,2313
2026-10-09T03:20:19+00:00,sapmachine-11.0.24,165799800,False,sapmachine-jre-11.0.24_linux-x64_bin.tar.gz,linux,x64,jre,6825
2026-10-09T03:20:19+00:00,sapmachine-11.0.24,165799800,False,sapmachine-jre-11.0.24_macos-x64_bin.dmg,macos,x64,jre,2402
2026-10-09T03:20:19+00:00,sapmachine-11.0.24,165799800,False,sapmachine-jre-11.0.24_macos-x64_bin.tar.gz,macos,x64,jre,2390
2026-10-09T03:20:19+00:00,sapmachine-11.0.24,165799800,False,sapmachine-jre-11.0.24_macos-aarch64_bin.dmg,macos,aarch64,jre,2366
2026-10-09T03:20:19+00:00,sapmachine-11.0.24,165799800,False,sapmachine-jre-11.0.24_macos-aarch64_bin.tar.gz,macos,aarch64,jre,2516
2026-10-09T03:20:19+00:00,sapmachine-11.0.24,165799800,False,sapmachine-jdk-11.0.24_macos-aarch64_bin-symbols.tar.gz,macos,aarch64,jdk,2
2026-10-09T03:20:19+00:00,sapmachine-11.0.24,165799800,False,sapmachine-jdk-11.0.24_macos-aarch64_bin.dmg,macos,aarch64,jdk,2541
2026-10-09T03:20:19+00:00,sapmachine-11.0.24,165799800,False,sapmachine-jdk-11.0.24_macos-aarch64_bin.tar.gz,macos,aarch64,jdk,5488
2026-10-09T03:20:19+00:00,sapmachine-11.0.24,165799800,False,sapmachine-jdk-11.0.24_windows-x64_bin.msi,windows,x64,jdk,4083
2026-10-09T03:20:19+00:00,sapmachine-11.0.24,165799800,False,sapmachine-jre-11.0.24_windows-x64_bin.msi,windows,x64,jre,3830
2026-10-09T03:20:19+00:00,sapmachine-21.0.4,165793530,False,sapmachine-jdk-21.0.4_windows-x64_bin-symbols.tar.gz,windows,x64,jdk,2
2026-10-09T03:20:19+00:00,sapmachine-21.0.4,165793530,False,sapmachine-jdk-21.0.4_windows-x64_bin.zip,windows,x64,jdk,4496
2026-10-09T03:20:19+00:00,sapmachine-21.0.4,165793530,False,sapmachine-jre-21.0.4_windows-x64_bin.zip,windows,x64,jre,2547
2026-10-09T03:20:19+00:00,sapmachine-21.0.4,165793530,False,sapmachine-jdk-21.0.4-1.x86_64.rpm,linux,x64,jdk,2609
2026-10-09T03:20:19+00:00,sapmachine-21.0.4,165793530,False,sapmachine-jdk-21.0.4_aix-ppc64_bin-symbols.tar.gz,aix,ppc64,jdk,1
2026-10-09T03:20:19+00:00,sapmachine-21.0.4,165793530,False,sapmachine-jdk-21.0.4_aix-ppc64_bin.tar.gz,aix,ppc64,jdk,2369
2026-10-09T03:20:19+00:00,sapmachine-21.0.4,165793530,False,sapmachine-jdk-21.0.4_linux-aarch64_bin-symbols.tar.gz,linux,aarch64,jdk,1
2026-10-09T03:20:19+00:00,sapmachine-21.0.4,165793530,False,sapmachine-jdk-21.0.4_linux-aarch64_bin.tar.gz,linux,aarch64,jdk,2523
2026-10-09T03:20:19+00:00,sapmachine-21.0.4,165793530,False,sapmachine-jdk-21.0.4_linux-ppc64le_bin-symbols.tar.gz,linux,ppc64,jdk,1
2026-10-09T03:20:19+00:00,sapmachine-21.0.4,165793530,False,sapmachine-jdk-21.0.4_linux-ppc64le_bin.tar.gz,linux,ppc64,jdk,2348
2026-10-09T03:20:19+00:00,sapmachine-21.0.4,165793530,False,sapmachine-jdk-21.0.4_linux-x64-musl_bin-symbols.tar.gz,alpine,x64,jdk,1
2026-10-09T03:20:19+00:00,sapmachine-21.0.4,165793530,False,sapmachine-jdk-21.0.4_linux-x64-musl_bin.tar.gz,alpine,x64,jdk,2379
2026-10-09T03:20:19+00:00,sapmachine-21.0.4,165793530,False,sapmachine-jdk-21.0.4_linux-x64_bin-symbols.tar.gz,linux,x64,jdk,1
2026-10-09T03:20:19+00:00,sapmachine-21.0.4,165793530,False,sapmachine-jdk-21.0.4_linux-x64_bin.tar.gz,linux,x64,jdk,21295
2026-10-09T03:20:19+00:00,sapmachine-21.0.4,165793530,False,sapmachine-jdk-21.0.4_macos-aarch64_bin-symbols.tar.gz,macos,aarch64,jdk,2
2026-10-09T03:20:19+00:00,sapmachine-21.0.4,165793530,False,sapmachine-jdk-21.0.4_macos-aarch64_bin.dmg,macos,aarch64,jdk,2574
2026-10-09T03:20:19+00:00,sapmachine-21.0.4,165793530,False,sapmachine-jdk-21.0.4_macos-aarch64_bin.tar.gz,macos,aarch64,jdk,12853
2026-10-09T03:20:19+00:00,sapmachine-21.0.4,165793530,False,sapmachine-jdk-21.0.4_macos-x64_bin-symbols.tar.gz,macos,x64,jdk,2
2026-10-09T03:20:19+00:00,sapmachine-21.0.4,165793530,False,sapmachine-jdk-21.0.4_macos-x64_bin.dmg,macos,x64,jdk,2697
2026-10-09T03:20:19+00:00,sapmachine-21.0.4,165793530,False,sapmachine-jdk-21.0.4_macos-x64_bin.tar.gz,macos,x64,jdk,5021
2026-10-09T03:20:19+00:00,sapmachine-21.0.4,165793530,False,sapmachine-jre-21.0.4_aix-ppc64_bin.tar.gz,aix,ppc64,jre,2302
2026-10-09T03:20:19+00:00,sapmachine-21.0.4,165793530,False,sapmachine-jre-21.0.4_linux-aarch64_bin.tar.gz,linux,aarch64,jre,3325
2026-10-09T03:20:19+00:00,sapmachine-21.0.4,165793530,False,sapmachine-jre-21.0.4_linux-ppc64le_bin.tar.gz,linux,ppc64,jre,2359
2026-10-09T03:20:19+00:00,sapmachine-21.0.4,165793530,False,sapmachine-jre-21.0.4_linux-x64-musl_bin.tar.gz,alpine,x64,jre,2325
2026-10-09T03:20:19+00:00,sapmachine-21.0.4,165793530,False,sapmachine-jre-21.0.4_linux-x64_bin.tar.gz,linux,x64,jre,39283
2026-10-09T03:20:19+00:00,sapmachine-21.0.4,165793530,False,sapmachine-jre-21.0.4_macos-aarch64_bin.dmg,macos,aarch64,jre,2387
2026-10-09T03:20:19+00:00,sapmachine-21.0.4,165793530,False,sapmachine-jre-21.0.4_macos-aarch64_bin.tar.gz,macos,aarch64,jre,2570
2026-10-09T03:20:19+00:00,sapmachine-21.0.4,165793530,False,sapmachine-jre-21.0.4_macos-x64_bin.dmg,macos,x64,jre,2372
2026-10-09T03:20:19+00:00,sapmachine-21.0.4,165793530,False,sapmachine-jre-21.0.4_macos-x64_bin.tar.gz,macos,x64,jre,2435
2026-10-09T03:20:19+00:00,sapmachine-21.0.4,165793530,False,sapmachine-jdk-21.0.4_windows-x64_bin.msi,windows,x64,jdk,4636
2026-10-09T03:20:19+00:00,sapmachine-21.0.4,165793530,False,sapmachine-jre-21.0.4_windows-x64_bin.msi,windows,x64,jre,3893
2026-10-09T03:20:19+00:00,sapmachine-22.0.2,165779086,False,sapmachine-jdk-22.0.2_windows-x64_bin-symbols.tar.gz,windows,x64,jdk,3
2026-10-09T03:20:19+00:00,sapmachine-22.0.2,165779086,False,sapmachine-jdk-22.0.2_windows-x64_bin.zip,windows,x64,jdk,3532
2026-10-09T03:20:19+00:00,sapmachine-22.0.2,165779086,False,sapmachine-jre-22.0.2_windows-x64_bin.zip,windows,x64,jre,2494
2026-10-09T03:20:19+00:00,sapmachine-22.0.2,165779086,False,sapmachine-jdk-22.0.2-1.x86_64.rpm,linux,x64,jdk,2407
2026-10-09T03:20:19+00:00,sapmachine-22.0.2,165779086,False,sapmachine-jdk-22.0.2_aix-ppc64_bin-symbols.tar.gz,aix,ppc64,jdk,7
2026-10-09T03:20:19+00:00,sapmachine-22.0.2,165779086,False,sapmachine-jdk-22.0.2_aix-ppc64_bin.tar.gz,aix,ppc64,jdk,2351
2026-10-09T03:20:19+00:00,sapmachine-22.0.2,165779086,False,sapmachine-jdk-22.0.2_linux-aarch64_bin-symbols.tar.gz,linux,aarch64,jdk,10
2026-10-09T03:20:19+00:00,sapmachine-22.0.2,165779086,False,sapmachine-jdk-22.0.2_linux-aarch64_bin.tar.gz,linux,aarch64,jdk,2496
2026-10-09T03:20:19+00:00,sapmachine-22.0.2,165779086,False,sapmachine-jdk-22.0.2_linux-ppc64le_bin-symbols.tar.gz,linux,ppc64,jdk,5
2026-10-09T03:20:19+00:00,sapmachine-22.0.2,165779086,False,sapmachine-jdk-22.0.2_linux-ppc64le_bin.tar.gz,linux,ppc64,jdk,2360
2026-10-09T03:20:19+00:00,sapmachine-22.0.2,165779086,False,sapmachine-jdk-22.0.2_linux-x64-musl_bin-symbols.tar.gz,alpine,x64,jdk,6
2026-10-09T03:20:19+00:00,sapmachine-22.0.2,165779086,False,sapmachine-jdk-22.0.2_linux-x64-musl_bin.tar.gz,alpine,x64,jdk,3447
2026-10-09T03:20:19+00:00,sapmachine-22.0.2,165779086,False,sapmachine-jdk-22.0.2_linux-x64_bin-symbols.tar.gz,linux,x64,jdk,5
2026-10-09T03:20:19+00:00,sapmachine-22.0.2,165779086,False,sapmachine-jdk-22.0.2_linux-x64_bin.tar.gz,linux,x64,jdk,4221
2026-10-09T03:20:19+00:00,sapmachine-22.0.2,165779086,False,sapmachine-jdk-22.0.2_macos-aarch64_bin-symbols.tar.gz,macos,aarch64,jdk,7
2026-10-09T03:20:19+00:00,sapmachine-22.0.2,165779086,False,sapmachine-jdk-22.0.2_macos-aarch64_bin.dmg,macos,aarch64,jdk,3419
2026-10-09T03:20:19+00:00,sapmachine-22.0.2,165779086,False,sapmachine-jdk-22.0.2_macos-aarch64_bin.tar.gz,macos,aarch64,jdk,3879
2026-10-09T03:20:19+00:00,sapmachine-22.0.2,165779086,False,sapmachine-jdk-22.0.2_macos-x64_bin-symbols.tar.gz,macos,x64,jdk,4
2026-10-09T03:20:19+00:00,sapmachine-22.0.2,165779086,False,sapmachine-jdk-22.0.2_macos-x64_bin.dmg,macos,x64,jdk,3538
2026-10-09T03:20:19+00:00,sapmachine-22.0.2,165779086,False,sapmachine-jdk-22.0.2_macos-x64_bin.tar.gz,macos,x64,jdk,2940
2026-10-09T03:20:19+00:00,sapmachine-22.0.2,165779086,False,sapmachine-jre-22.0.2_aix-ppc64_bin.tar.gz,aix,ppc64,jre,2346
2026-10-09T03:20:19+00:00,sapmachine-22.0.2,165779086,False,sapmachine-jre-22.0.2_linux-aarch64_bin.tar.gz,linux,aarch64,jre,2411
2026-10-09T03:20:19+00:00,sapmachine-22.0.2,165779086,False,sapmachine-jre-22.0.2_linux-ppc64le_bin.tar.gz,linux,ppc64,jre,2304
2026-10-09T03:20:19+00:00,sapmachine-22.0.2,165779086,False,sapmachine-jre-22.0.2_linux-x64-musl_bin.tar.gz,alpine,x64,jre,2382
2026-10-09T03:20:19+00:00,sapmachine-22.0.2,165779086,False,sapmachine-jre-22.0.2_linux-x64_bin.tar.gz,linux,x64,jre,4256
2026-10-09T03:20:19+00:00,sapmachine-22.0.2,165779086,False,sapmachine-jre-22.0.2_macos-aarch64_bin.dmg,macos,aarch64,jre,2359
2026-10-09T03:20:19+00:00,sapmachine-22.0.2,165779086,False,sapmachine-jre-22.0.2_macos-aarch64_bin.tar.gz,macos,aarch64,jre,2481
2026-10-09T03:20:19+00:00,sapmachine-22.0.2,165779086,False,sapmachine-jre-22.0.2_macos-x64_bin.dmg,macos,x64,jre,2338
2026-10-09T03:20:19+00:00,sapmachine-22.0.2,165779086,False,sapmachine-jre-22.0.2_macos-x64_bin.tar.gz,macos,x64,jre,2412
2026-10-09T03:20:19+00:00,sapmachine-22.0.2,165779086,False,sapmachine-jdk-22.0.2_windows-x64_bin.msi,windows,x64,jdk,6509
2026-10-09T03:20:19+00:00,sapmachine-22.0.2,165779086,False,sapmachine-jre-22.0.2_windows-x64_bin.msi,windows,x64,jre,4438
2026-10-09T03:20:19+00:00,sapmachine-17.0.12,165795102,False,sapmachine-jdk-17.0.12_windows-x64_bin-symbols.tar.gz,windows,x64,jdk,1
2026-10-09T03:20:19+00:00,sapmachine-17.0.12,165795102,False,sapmachine-jdk-17.0.12_windows-x64_bin.zip,windows,x64,jdk,5503
2026-10-09T03:20:19+00:00,sapmachine-17.0.12,165795102,False,sapmachine-jre-17.0.12_windows-x64_bin.zip,windows,x64,jre,3150
2026-10-09T03:20:19+00:00,sapmachine-17.0.12,165795102,False,sapmachine-jdk-17.0.12-1.x86_64.rpm,linux,x64,jdk,2614
2026-10-09T03:20:19+00:00,sapmachine-17.0.12,165795102,False,sapmachine-jdk-17.0.12_linux-aarch64_bin-symbols.tar.gz,linux,aarch64,jdk,7
2026-10-09T03:20:19+00:00,sapmachine-17.0.12,165795102,False,sapmachine-jdk-17.0.12_linux-aarch64_bin.tar.gz,linux,aarch64,jdk,2870
2026-10-09T03:20:19+00:00,sapmachine-17.0.12,165795102,False,sapmachine-jdk-17.0.12_linux-ppc64le_bin-symbols.tar.gz,linux,ppc64,jdk,2
2026-10-09T03:20:19+00:00,sapmachine-17.0.12,165795102,False,sapmachine-jdk-17.0.12_linux-ppc64le_bin.tar.gz,linux,ppc64,jdk,2400
2026-10-09T03:20:19+00:00,sapmachine-17.0.12,165795102,False,sapmachine-jdk-17.0.12_linux-x64-musl_bin-symbols.tar.gz,alpine,x64,jdk,2
2026-10-09T03:20:19+00:00,sapmachine-17.0.12,165795102,False,sapmachine-jdk-17.0.12_linux-x64-musl_bin.tar.gz,alpine,x64,jdk,2639
2026-10-09T03:20:19+00:00,sapmachine-17.0.12,165795102,False,sapmachine-jdk-17.0.12_linux-x64_bin-symbols.tar.gz,linux,x64,jdk,19
2026-10-09T03:20:19+00:00,sapmachine-17.0.12,165795102,False,sapmachine-jdk-17.0.12_linux-x64_bin.tar.gz,linux,x64,jdk,98467
2026-10-09T03:20:19+00:00,sapmachine-17.0.12,165795102,False,sapmachine-jdk-17.0.12_macos-aarch64_bin-symbols.tar.gz,macos,aarch64,jdk,7
2026-10-09T03:20:19+00:00,sapmachine-17.0.12,165795102,False,sapmachine-jdk-17.0.12_macos-aarch64_bin.dmg,macos,aarch64,jdk,3397
2026-10-09T03:20:19+00:00,sapmachine-17.0.12,165795102,False,sapmachine-jdk-17.0.12_macos-aarch64_bin.tar.gz,macos,aarch64,jdk,12000
2026-10-09T03:20:19+00:00,sapmachine-17.0.12,165795102,False,sapmachine-jdk-17.0.12_macos-x64_bin-symbols.tar.gz,macos,x64,jdk,2
2026-10-09T03:20:19+00:00,sapmachine-17.0.12,165795102,False,sapmachine-jdk-17.0.12_macos-x64_bin.dmg,macos,x64,jdk,3736
2026-10-09T03:20:19+00:00,sapmachine-17.0.12,165795102,False,sapmachine-jdk-17.0.12_macos-x64_bin.tar.gz,macos,x64,jdk,4985
2026-10-09T03:20:19+00:00,sapmachine-17.0.12,165795102,False,sapmachine-jre-17.0.12_linux-aarch64_bin.tar.gz,linux,aarch64,jre,2562
2026-10-09T03:20:19+00:00,sapmachine-17.0.12,165795102,False,sapmachine-jre-17.0.12_linux-ppc64le_bin.tar.gz,linux,ppc64,jre,2297
2026-10-09T03:20:19+00:00,sapmachine-17.0.12,165795102,False,sapmachine-jre-17.0.12_linux-x64-musl_bin.tar.gz,alpine,x64,jre,2367
2026-10-09T03:20:19+00:00,sapmachine-17.0.12,165795102,False,sapmachine-jre-17.0.12_linux-x64_bin.tar.gz,linux,x64,jre,127455
2026-10-09T03:20:19+00:00,sapmachine-17.0.12,165795102,False,sapmachine-jre-17.0.12_macos-aarch64_bin.dmg,macos,aarch64,jre,2360
2026-10-09T03:20:19+00:00,sapmachine-17.0.12,165795102,False,sapmachine-jre-17.0.12_macos-aarch64_bin.tar.gz,macos,aarch64,jre,2619
2026-10-09T03:20:19+00:00,sapmachine-17.0.12,165795102,False,sapmachine-jre-17.0.12_macos-x64_bin.dmg,macos,x64,jre,2355
2026-10-09T03:20:19+00:00,sapmachine-17.0.12,165795102,False,sapmachine-jre-17.0.12_macos-x64_bin.tar.gz,macos,x64,jre,2977
2026-10-09T03:20:19+00:00,sapmachine-17.0.12,165795102,False,sapmachine-jdk-17.0.12_windows-x64_bin.msi,windows,x64,jdk,5259
2026-10-09T03:20:19+00:00,sapmachine-17.0.12,165795102,False,sapmachine-jre-17.0.12_windows-x64_bin.msi,windows,x64,jre,4709
2026-10-09T03:20:19+00:00,sapmachine-11.0.23,151390101,False,sapmachine-jdk-11.0.23_linux-aarch64_bin-symbols.tar.gz,linux,aarch64,jdk,1
2026-10-09T03:20:19+00:00,sapmachine-11.0.23,151390101,False,sapmachine-jdk-11.0.23_linux-aarch64_bin.tar.gz,linux,aarch64,jdk,4600
2026-10-09T03:20:19+00:00,sapmachine-11.0.23,151390101,False,sapmachine-jdk-11.0.23_linux-ppc64le_bin-symbols.tar.gz,linux,ppc64,jdk,1
2026-10-09T03:20:19+00:00,sapmachine-11.0.23,151390101,False,sapmachine-jdk-11.0.23_linux-ppc64le_bin.tar.gz,linux,ppc64,jdk,2635
2026-10-09T03:20:19+00:00,sapmachine-11.0.23,151390101,False,sapmachine-jdk-11.0.23_linux-x64_bin-symbols.tar.gz,linux,x64,jdk,1
2026-10-09T03:20:19+00:00,sapmachine-11.0.23,151390101,False,sapmachine-jdk-11.0.23_linux-x64_bin.tar.gz,linux,x64,jdk,28330
2026-10-09T03:20:19+00:00,sapmachine-11.0.23,151390101,False,sapmachine-jdk-11.0.23_macos-aarch64_bin-symbols.tar.gz,macos,aarch64,jdk,3
2026-10-09T03:20:19+00:00,sapmachine-11.0.23,151390101,False,sapmachine-jdk-11.0.23_macos-aarch64_bin.dmg,macos,aarch64,jdk,2963
2026-10-09T03:20:19+00:00,sapmachine-11.0.23,151390101,False,sapmachine-jdk-11.0.23_macos-aarch64_bin.tar.gz,macos,aarch64,jdk,4255
2026-10-09T03:20:19+00:00,sapmachine-11.0.23,151390101,False,sapmachine-jdk-11.0.23_macos-x64_bin-symbols.tar.gz,macos,x64,jdk,2
2026-10-09T03:20:19+00:00,sapmachine-11.0.23,151390101,False,sapmachine-jdk-11.0.23_macos-x64_bin.dmg,macos,x64,jdk,2844
2026-10-09T03:20:19+00:00,sapmachine-11.0.23,151390101,False,sapmachine-jdk-11.0.23_macos-x64_bin.tar.gz,macos,x64,jdk,3289
2026-10-09T03:20:19+00:00,sapmachine-11.0.23,151390101,False,sapmachine-jdk-11.0.23_windows-x64_bin-symbols.tar.gz,windows,x64,jdk,2
2026-10-09T03:20:19+00:00,sapmachine-11.0.23,151390101,False,sapmachine-jdk-11.0.23_windows-x64_bin.zip,windows,x64,jdk,4216
2026-10-09T03:20:19+00:00,sapmachine-11.0.23,151390101,False,sapmachine-jdk-11.0.23-1.x86_64.rpm,linux,x64,jdk,2885
2026-10-09T03:20:19+00:00,sapmachine-11.0.23,151390101,False,sapmachine-jre-11.0.23_linux-aarch64_bin.tar.gz,linux,aarch64,jre,2817
2026-10-09T03:20:19+00:00,sapmachine-11.0.23,151390101,False,sapmachine-jre-11.0.23_linux-ppc64le_bin.tar.gz,linux,ppc64,jre,2606
2026-10-09T03:20:19+00:00,sapmachine-11.0.23,151390101,False,sapmachine-jre-11.0.23_linux-x64_bin.tar.gz,linux,x64,jre,8381
2026-10-09T03:20:19+00:00,sapmachine-11.0.23,151390101,False,sapmachine-jre-11.0.23_macos-aarch64_bin.dmg,macos,aarch64,jre,2690
2026-10-09T03:20:19+00:00,sapmachine-11.0.23,151390101,False,sapmachine-jre-11.0.23_macos-aarch64_bin.tar.gz,macos,aarch64,jre,2716
2026-10-09T03:20:19+00:00,sapmachine-11.0.23,151390101,False,sapmachine-jre-11.0.23_macos-x64_bin.dmg,macos,x64,jre,2610
2026-10-09T03:20:19+00:00,sapmachine-11.0.23,151390101,False,sapmachine-jre-11.0.23_macos-x64_bin.tar.gz,macos,x64,jre,2734
2026-10-09T03:20:19+00:00,sapmachine-11.0.23,151390101,False,sapmachine-jre-11.0.23_windows-x64_bin.zip,windows,x64,jre,2789
2026-10-09T03:20:19+00:00,sapmachine-11.0.23,151390101,False,sapmachine-jdk-11.0.23_windows-x64_bin.msi,windows,x64,jdk,3998
2026-10-09T03:20:19+00:00,sapmachine-11.0.23,151390101,False,sapmachine-jre-11.0.23_windows-x64_bin.msi,windows,x64,jre,3738
2026-10-09T03:20:19+00:00,sapmachine-17.0.11,151389351,False,sapmachine-jdk-17.0.11_linux-aarch64_bin-symbols.tar.gz,linux,aarch64,jdk,2
2026-10-09T03:20:19+00:00,sapmachine-17.0.11,151389351,False,sapmachine-jdk-17.0.11_linux-aarch64_bin.tar.gz,linux,aarch64,jdk,3152
2026-10-09T03:20:19+00:00,sapmachine-17.0.11,151389351,False,sapmachine-jdk-17.0.11_linux-ppc64le_bin-symbols.tar.gz,linux,ppc64,jdk,1
2026-10-09T03:20:19+00:00,sapmachine-17.0.11,151389351,False,sapmachine-jdk-17.0.11_linux-ppc64le_bin.tar.gz,linux,ppc64,jdk,2698
2026-10-09T03:20:19+00:00,sapmachine-17.0.11,151389351,False,sapmachine-jdk-17.0.11_linux-x64_bin-symbols.tar.gz,linux,x64,jdk,18
2026-10-09T03:20:19+00:00,sapmachine-17.0.11,151389351,False,sapmachine-jdk-17.0.11_linux-x64_bin.tar.gz,linux,x64,jdk,321712
2026-10-09T03:20:19+00:00,sapmachine-17.0.11,151389351,False,sapmachine-jdk-17.0.11_linux-x64-musl_bin-symbols.tar.gz,alpine,x64,jdk,1
2026-10-09T03:20:19+00:00,sapmachine-17.0.11,151389351,False,sapmachine-jdk-17.0.11_linux-x64-musl_bin.tar.gz,alpine,x64,jdk,2782
2026-10-09T03:20:19+00:00,sapmachine-17.0.11,151389351,False,sapmachine-jdk-17.0.11_macos-aarch64_bin-symbols.tar.gz,macos,aarch64,jdk,4
2026-10-09T03:20:19+00:00,sapmachine-17.0.11,151389351,False,sapmachine-jdk-17.0.11_macos-aarch64_bin.dmg,macos,aarch64,jdk,3599
2026-10-09T03:20:19+00:00,sapmachine-17.0.11,151389351,False,sapmachine-jdk-17.0.11_macos-aarch64_bin.tar.gz,macos,aarch64,jdk,7131
2026-10-09T03:20:19+00:00,sapmachine-17.0.11,151389351,False,sapmachine-jdk-17.0.11_macos-x64_bin-symbols.tar.gz,macos,x64,jdk,4
2026-10-09T03:20:19+00:00,sapmachine-17.0.11,151389351,False,sapmachine-jdk-17.0.11_macos-x64_bin.dmg,macos,x64,jdk,4110
2026-10-09T03:20:19+00:00,sapmachine-17.0.11,151389351,False,sapmachine-jdk-17.0.11_macos-x64_bin.tar.gz,macos,x64,jdk,4576
2026-10-09T03:20:19+00:00,sapmachine-17.0.11,151389351,False,sapmachine-jdk-17.0.11_windows-x64_bin-symbols.tar.gz,windows,x64,jdk,6
2026-10-09T03:20:19+00:00,sapmachine-17.0.11,151389351,False,sapmachine-jdk-17.0.11_windows-x64_bin.zip,windows,x64,jdk,14641
2026-10-09T03:20:19+00:00,sapmachine-17.0.11,151389351,False,sapmachine-jdk-17.0.11-1.x86_64.rpm,linux,x64,jdk,2839
2026-10-09T03:20:19+00:00,sapmachine-17.0.11,151389351,False,sapmachine-jre-17.0.11_linux-aarch64_bin.tar.gz,linux,aarch64,jre,3287
2026-10-09T03:20:19+00:00,sapmachine-17.0.11,151389351,False,sapmachine-jre-17.0.11_linux-ppc64le_bin.tar.gz,linux,ppc64,jre,2684
2026-10-09T03:20:19+00:00,sapmachine-17.0.11,151389351,False,sapmachine-jre-17.0.11_linux-x64_bin.tar.gz,linux,x64,jre,166828
2026-10-09T03:20:19+00:00,sapmachine-17.0.11,151389351,False,sapmachine-jre-17.0.11_linux-x64-musl_bin.tar.gz,alpine,x64,jre,2651
2026-10-09T03:20:19+00:00,sapmachine-17.0.11,151389351,False,sapmachine-jre-17.0.11_macos-aarch64_bin.dmg,macos,aarch64,jre,2770
2026-10-09T03:20:19+00:00,sapmachine-17.0.11,151389351,False,sapmachine-jre-17.0.11_macos-aarch64_bin.tar.gz,macos,aarch64,jre,2746
2026-10-09T03:20:19+00:00,sapmachine-17.0.11,151389351,False,sapmachine-jre-17.0.11_macos-x64_bin.dmg,macos,x64,jre,2678
2026-10-09T03:20:19+00:00,sapmachine-17.0.11,151389351,False,sapmachine-jre-17.0.11_macos-x64_bin.tar.gz,macos,x64,jre,2745
2026-10-09T03:20:19+00:00,sapmachine-17.0.11,151389351,False,sapmachine-jre-17.0.11_windows-x64_bin.zip,windows,x64,jre,2871
2026-10-09T03:20:19+00:00,sapmachine-17.0.11,151389351,False,sapmachine-jdk-17.0.11_windows-x64_bin.msi,windows,x64,jdk,4867
2026-10-09T03:20:19+00:00,sapmachine-17.0.11,151389351,False,sapmachine-jre-17.0.11_windows-x64_bin.msi,windows,x64,jre,4424
2026-10-09T03:20:19+00:00,sapmachine-21.0.3,151390924,False,sapmachine-jdk-21.0.3_aix-ppc64_bin-symbols.tar.gz,aix,ppc64,jdk,2
2026-10-09T03:20:19+00:00,sapmachine-21.0.3,151390924,False,sapmachine-jdk-21.0.3_aix-ppc64_bin.tar.gz,aix,ppc64,jdk,2655
2026-10-09T03:20:19+00:00,sapmachine-21.0.3,151390924,False,sapmachine-jdk-21.0.3_linux-aarch64_bin-symbols.tar.gz,linux,aarch64,jdk,1
2026-10-09T03:20:19+00:00,sapmachine-21.0.3,151390924,False,sapmachine-jdk-21.0.3_linux-aarch64_bin.tar.gz,linux,aarch64,jdk,2880
2026-10-09T03:20:19+00:00,sapmachine-21.0.3,151390924,False,sapmachine-jdk-21.0.3_linux-ppc64le_bin-symbols.tar.gz,linux,ppc64,jdk,1
2026-10-09T03:20:19+00:00,sapmachine-21.0.3,151390924,False,sapmachine-jdk-21.0.3_linux-ppc64le_bin.tar.gz,linux,ppc64,jdk,2669
2026-10-09T03:20:19+00:00,sapmachine-21.0.3,151390924,False,sapmachine-jdk-21.0.3_linux-x64_bin-symbols.tar.gz,linux,x64,jdk,1
2026-10-09T03:20:19+00:00,sapmachine-21.0.3,151390924,False,sapmachine-jdk-21.0.3_linux-x64_bin.tar.gz,linux,x64,jdk,10155
2026-10-09T03:20:19+00:00,sapmachine-21.0.3,151390924,False,sapmachine-jdk-21.0.3_linux-x64-musl_bin-symbols.tar.gz,alpine,x64,jdk,1
2026-10-09T03:20:19+00:00,sapmachine-21.0.3,151390924,False,sapmachine-jdk-21.0.3_linux-x64-musl_bin.tar.gz,alpine,x64,jdk,3494
2026-10-09T03:20:19+00:00,sapmachine-21.0.3,151390924,False,sapmachine-jdk-21.0.3_macos-aarch64_bin-symbols.tar.gz,macos,aarch64,jdk,2
2026-10-09T03:20:19+00:00,sapmachine-21.0.3,151390924,False,sapmachine-jdk-21.0.3_macos-aarch64_bin.dmg,macos,aarch64,jdk,2816
2026-10-09T03:20:19+00:00,sapmachine-21.0.3,151390924,False,sapmachine-jdk-21.0.3_macos-aarch64_bin.tar.gz,macos,aarch64,jdk,6386
2026-10-09T03:20:19+00:00,sapmachine-21.0.3,151390924,False,sapmachine-jdk-21.0.3_macos-x64_bin-symbols.tar.gz,macos,x64,jdk,2
2026-10-09T03:20:19+00:00,sapmachine-21.0.3,151390924,False,sapmachine-jdk-21.0.3_macos-x64_bin.dmg,macos,x64,jdk,2957
2026-10-09T03:20:19+00:00,sapmachine-21.0.3,151390924,False,sapmachine-jdk-21.0.3_macos-x64_bin.tar.gz,macos,x64,jdk,3447
2026-10-09T03:20:19+00:00,sapmachine-21.0.3,151390924,False,sapmachine-jdk-21.0.3_windows-x64_bin-symbols.tar.gz,windows,x64,jdk,1
2026-10-09T03:20:19+00:00,sapmachine-21.0.3,151390924,False,sapmachine-jdk-21.0.3_windows-x64_bin.zip,windows,x64,jdk,4206
2026-10-09T03:20:19+00:00,sapmachine-21.0.3,151390924,False,sapmachine-jdk-21.0.3-1.x86_64.rpm,linux,x64,jdk,2772
2026-10-09T03:20:19+00:00,sapmachine-21.0.3,151390924,False,sapmachine-jre-21.0.3_aix-ppc64_bin.tar.gz,aix,ppc64,jre,2621
2026-10-09T03:20:19+00:00,sapmachine-21.0.3,151390924,False,sapmachine-jre-21.0.3_linux-aarch64_bin.tar.gz,linux,aarch64,jre,3856
2026-10-09T03:20:19+00:00,sapmachine-21.0.3,151390924,False,sapmachine-jre-21.0.3_linux-ppc64le_bin.tar.gz,linux,ppc64,jre,2641
2026-10-09T03:20:19+00:00,sapmachine-21.0.3,151390924,False,sapmachine-jre-21.0.3_linux-x64_bin.tar.gz,linux,x64,jre,25293
2026-10-09T03:20:19+00:00,sapmachine-21.0.3,151390924,False,sapmachine-jre-21.0.3_linux-x64-musl_bin.tar.gz,alpine,x64,jre,2696
2026-10-09T03:20:19+00:00,sapmachine-21.0.3,151390924,False,sapmachine-jre-21.0.3_macos-aarch64_bin.dmg,macos,aarch64,jre,2649
2026-10-09T03:20:19+00:00,sapmachine-21.0.3,151390924,False,sapmachine-jre-21.0.3_macos-aarch64_bin.tar.gz,macos,aarch64,jre,2729
2026-10-09T03:20:19+00:00,sapmachine-21.0.3,151390924,False,sapmachine-jre-21.0.3_macos-x64_bin.dmg,macos,x64,jre,2629
2026-10-09T03:20:19+00:00,sapmachine-21.0.3,151390924,False,sapmachine-jre-21.0.3_macos-x64_bin.tar.gz,macos,x64,jre,2758
2026-10-09T03:20:19+00:00,sapmachine-21.0.3,151390924,False,sapmachine-jre-21.0.3_windows-x64_bin.zip,windows,x64,jre,2834
2026-10-09T03:20:19+00:00,sapmachine-21.0.3,151390924,False,sapmachine-jdk-21.0.3_windows-x64_bin.msi,windows,x64,jdk,4337
2026-10-09T03:20:19+00:00,sapmachine-21.0.3,151390924,False,sapmachine-jre-21.0.3_windows-x64_bin.msi,windows,x64,jre,3856
2026-10-09T03:20:19+00:00,sapmachine-22.0.1,151389798,False,sapmachine-jdk-22.0.1_aix-ppc64_bin-symbols.tar.gz,aix,ppc64,jdk,10
2026-10-09T03:20:19+00:00,sapmachine-22.0.1,151389798,False,sapmachine-jdk-22.0.1_aix-ppc64_bin.tar.gz,aix,ppc64,jdk,2801
2026-10-09T03:20:19+00:00,sapmachine-22.0.1,151389798,False,sapmachine-jdk-22.0.1_linux-aarch64_bin-symbols.tar.gz,linux,aarch64,jdk,6
2026-10-09T03:20:19+00:00,sapmachine-22.0.1,151389798,False,sapmachine-jdk-22.0.1_linux-aarch64_bin.tar.gz,linux,aarch64,jdk,2923
2026-10-09T03:20:19+00:00,sapmachine-22.0.1,151389798,False,sapmachine-jdk-22.0.1_linux-ppc64le_bin-symbols.tar.gz,linux,ppc64,jdk,6
2026-10-09T03:20:19+00:00,sapmachine-22.0.1,151389798,False,sapmachine-jdk-22.0.1_linux-ppc64le_bin.tar.gz,linux,ppc64,jdk,2753
2026-10-09T03:20:19+00:00,sapmachine-22.0.1,151389798,False,sapmachine-jdk-22.0.1_linux-x64_bin-symbols.tar.gz,linux,x64,jdk,5
2026-10-09T03:20:19+00:00,sapmachine-22.0.1,151389798,False,sapmachine-jdk-22.0.1_linux-x64_bin.tar.gz,linux,x64,jdk,5220
2026-10-09T03:20:19+00:00,sapmachine-22.0.1,151389798,False,sapmachine-jdk-22.0.1_linux-x64-musl_bin-symbols.tar.gz,alpine,x64,jdk,5
2026-10-09T03:20:19+00:00,sapmachine-22.0.1,151389798,False,sapmachine-jdk-22.0.1_linux-x64-musl_bin.tar.gz,alpine,x64,jdk,2822
2026-10-09T03:20:19+00:00,sapmachine-22.0.1,151389798,False,sapmachine-jdk-22.0.1_macos-aarch64_bin-symbols.tar.gz,macos,aarch64,jdk,6
2026-10-09T03:20:19+00:00,sapmachine-22.0.1,151389798,False,sapmachine-jdk-22.0.1_macos-aarch64_bin.dmg,macos,aarch64,jdk,3812
2026-10-09T03:20:19+00:00,sapmachine-22.0.1,151389798,False,sapmachine-jdk-22.0.1_macos-aarch64_bin.tar.gz,macos,aarch64,jdk,4037
2026-10-09T03:20:19+00:00,sapmachine-22.0.1,151389798,False,sapmachine-jdk-22.0.1_macos-x64_bin-symbols.tar.gz,macos,x64,jdk,6
2026-10-09T03:20:19+00:00,sapmachine-22.0.1,151389798,False,sapmachine-jdk-22.0.1_macos-x64_bin.dmg,macos,x64,jdk,3917
2026-10-09T03:20:19+00:00,sapmachine-22.0.1,151389798,False,sapmachine-jdk-22.0.1_macos-x64_bin.tar.gz,macos,x64,jdk,3374
2026-10-09T03:20:19+00:00,sapmachine-22.0.1,151389798,False,sapmachine-jdk-22.0.1_windows-x64_bin-symbols.tar.gz,windows,x64,jdk,7
2026-10-09T03:20:19+00:00,sapmachine-22.0.1,151389798,False,sapmachine-jdk-22.0.1_windows-x64_bin.zip,windows,x64,jdk,4530
2026-10-09T03:20:19+00:00,sapmachine-22.0.1,151389798,False,sapmachine-jdk-22.0.1-1.x86_64.rpm,linux,x64,jdk,2738
2026-10-09T03:20:19+00:00,sapmachine-22.0.1,151389798,False,sapmachine-jre-22.0.1_aix-ppc64_bin.tar.gz,aix,ppc64,jre,2639
2026-10-09T03:20:19+00:00,sapmachine-22.0.1,151389798,False,sapmachine-jre-22.0.1_linux-aarch64_bin.tar.gz,linux,aarch64,jre,2740
2026-10-09T03:20:19+00:00,sapmachine-22.0.1,151389798,False,sapmachine-jre-22.0.1_linux-ppc64le_bin.tar.gz,linux,ppc64,jre,2635
2026-10-09T03:20:19+00:00,sapmachine-22.0.1,151389798,False,sapmachine-jre-22.0.1_linux-x64_bin.tar.gz,linux,x64,jre,5569
2026-10-09T03:20:19+00:00,sapmachine-22.0.1,151389798,False,sapmachine-jre-22.0.1_linux-x64-musl_bin.tar.gz,alpine,x64,jre,2627
2026-10-09T03:20:19+00:00,sapmachine-22.0.1,151389798,False,sapmachine-jre-22.0.1_macos-aarch64_bin.dmg,macos,aarch64,jre,2636
2026-10-09T03:20:19+00:00,sapmachine-22.0.1,151389798,False,sapmachine-jre-22.0.1_macos-aarch64_bin.tar.gz,macos,aarch64,jre,2741
2026-10-09T03:20:19+00:00,sapmachine-22.0.1,151389798,False,sapmachine-jre-22.0.1_macos-x64_bin.dmg,macos,x64,jre,2710
2026-10-09T03:20:19+00:00,sapmachine-22.0.1,151389798,False,sapmachine-jre-22.0.1_macos-x64_bin.tar.gz,macos,x64,jre,2735
2026-10-09T03:20:19+00:00,sapmachine-22.0.1,151389798,False,sapmachine-jre-22.0.1_windows-x64_bin.zip,windows,x64,jre,2787
2026-10-09T03:20:19+00:00,sapmachine-22.0.1,151389798,False,sapmachine-jdk-22.0.1_windows-x64_bin.msi,windows,x64,jdk,5563
2026-10-09T03:20:19+00:00,sapmachine-22.0.1,151389798,False,sapmachine-jre-22.0.1_windows-x64_bin.msi,windows,x64,jre,3861
2026-10-09T03:20:19+00:00,sapmachine-22,147026912,False,sapmachine-jdk-22_aix-ppc64_bin-symbols.tar.gz,aix,ppc64,jdk,11
2026-10-09T03:20:19+00:00,sapmachine-22,147026912,False,sapmachine-jdk-22_aix-ppc64_bin.tar.gz,aix,ppc64,jdk,2754
2026-10-09T03:20:19+00:00,sapmachine-22,147026912,False,sapmachine-jdk-22_linux-aarch64_bin-symbols.tar.gz,linux,aarch64,jdk,7
2026-10-09T03:20:19+00:00,sapmachine-22,147026912,False,sapmachine-jdk-22_linux-aarch64_bin.tar.gz,linux,aarch64,jdk,2800
2026-10-09T03:20:19+00:00,sapmachine-22,147026912,False,sapmachine-jdk-22_linux-ppc64le_bin-symbols.tar.gz,linux,ppc64,jdk,7
2026-10-09T03:20:19+00:00,sapmachine-22,147026912,False,sapmachine-jdk-22_linux-ppc64le_bin.tar.gz,linux,ppc64,jdk,2783
2026-10-09T03:20:19+00:00,sapmachine-22,147026912,False,sapmachine-jdk-22_linux-x64_bin-symbols.tar.gz,linux,x64,jdk,5
2026-10-09T03:20:19+00:00,sapmachine-22,147026912,False,sapmachine-jdk-22_linux-x64_bin.tar.gz,linux,x64,jdk,3286
2026-10-09T03:20:19+00:00,sapmachine-22,147026912,False,sapmachine-jdk-22_linux-x64-musl_bin-symbols.tar.gz,alpine,x64,jdk,7
2026-10-09T03:20:19+00:00,sapmachine-22,147026912,False,sapmachine-jdk-22_linux-x64-musl_bin.tar.gz,alpine,x64,jdk,2802
2026-10-09T03:20:19+00:00,sapmachine-22,147026912,False,sapmachine-jdk-22_macos-aarch64_bin-symbols.tar.gz,macos,aarch64,jdk,6
2026-10-09T03:20:19+00:00,sapmachine-22,147026912,False,sapmachine-jdk-22_macos-aarch64_bin.dmg,macos,aarch64,jdk,3164
2026-10-09T03:20:19+00:00,sapmachine-22,147026912,False,sapmachine-jdk-22_macos-aarch64_bin.tar.gz,macos,aarch64,jdk,3105
2026-10-09T03:20:19+00:00,sapmachine-22,147026912,False,sapmachine-jdk-22_macos-x64_bin-symbols.tar.gz,macos,x64,jdk,4
2026-10-09T03:20:19+00:00,sapmachine-22,147026912,False,sapmachine-jdk-22_macos-x64_bin.dmg,macos,x64,jdk,3146
2026-10-09T03:20:19+00:00,sapmachine-22,147026912,False,sapmachine-jdk-22_macos-x64_bin.tar.gz,macos,x64,jdk,2984
2026-10-09T03:20:19+00:00,sapmachine-22,147026912,False,sapmachine-jdk-22_windows-x64_bin-symbols.tar.gz,windows,x64,jdk,4
2026-10-09T03:20:19+00:00,sapmachine-22,147026912,False,sapmachine-jdk-22_windows-x64_bin.zip,windows,x64,jdk,3342
2026-10-09T03:20:19+00:00,sapmachine-22,147026912,False,sapmachine-jdk-22-1.x86_64.rpm,linux,x64,jdk,2937
2026-10-09T03:20:19+00:00,sapmachine-22,147026912,False,sapmachine-jre-22_aix-ppc64_bin.tar.gz,aix,ppc64,jre,2735
2026-10-09T03:20:19+00:00,sapmachine-22,147026912,False,sapmachine-jre-22_linux-aarch64_bin.tar.gz,linux,aarch64,jre,2759
2026-10-09T03:20:19+00:00,sapmachine-22,147026912,False,sapmachine-jre-22_linux-ppc64le_bin.tar.gz,linux,ppc64,jre,2725
2026-10-09T03:20:19+00:00,sapmachine-22,147026912,False,sapmachine-jre-22_linux-x64_bin.tar.gz,linux,x64,jre,3642
2026-10-09T03:20:19+00:00,sapmachine-22,147026912,False,sapmachine-jre-22_linux-x64-musl_bin.tar.gz,alpine,x64,jre,2736
2026-10-09T03:20:19+00:00,sapmachine-22,147026912,False,sapmachine-jre-22_macos-aarch64_bin.dmg,macos,aarch64,jre,2720
2026-10-09T03:20:19+00:00,sapmachine-22,147026912,False,sapmachine-jre-22_macos-aarch64_bin.tar.gz,macos,aarch64,jre,2846
2026-10-09T03:20:19+00:00,sapmachine-22,147026912,False,sapmachine-jre-22_macos-x64_bin.dmg,macos,x64,jre,2725
2026-10-09T03:20:19+00:00,sapmachine-22,147026912,False,sapmachine-jre-22_macos-x64_bin.tar.gz,macos,x64,jre,2823
2026-10-09T03:20:19+00:00,sapmachine-22,147026912,False,sapmachine-jre-22_windows-x64_bin.zip,windows,x64,jre,2880
2026-10-09T03:20:19+00:00,sapmachine-22,147026912,False,sapmachine-jdk-22_windows-x64_bin.msi,windows,x64,jdk,5277
2026-10-09T03:20:19+00:00,sapmachine-22,147026912,False,sapmachine-jre-22_windows-x64_bin.msi,windows,x64,jre,3128
2026-10-09T03:20:19+00:00,sapmachine-21.0.2,137297795,False,sapmachine-jdk-21.0.2_linux-x64-musl_bin.tar.gz,alpine,x64,jdk,3132
2026-10-09T03:20:19+00:00,sapmachine-21.0.2,137297795,False,sapmachine-jre-21.0.2_linux-x64-musl_bin.tar.gz,alpine,x64,jre,3015
2026-10-09T03:20:19+00:00,sapmachine-21.0.2,137297795,False,sapmachine-jdk-21.0.2_linux-x64-musl_bin-symbols.tar.gz,alpine,x64,jdk,7
2026-10-09T03:20:19+00:00,sapmachine-21.0.2,137297795,False,sapmachine-jdk-21.0.2_linux-aarch64_bin.tar.gz,linux,aarch64,jdk,3315
2026-10-09T03:20:19+00:00,sapmachine-21.0.2,137297795,False,sapmachine-jre-21.0.2_linux-aarch64_bin.tar.gz,linux,aarch64,jre,3259
2026-10-09T03:20:19+00:00,sapmachine-21.0.2,137297795,False,sapmachine-jdk-21.0.2_linux-aarch64_bin-symbols.tar.gz,linux,aarch64,jdk,7
2026-10-09T03:20:19+00:00,sapmachine-21.0.2,137297795,False,sapmachine-jdk-21.0.2_linux-x64_bin.tar.gz,linux,x64,jdk,13879
2026-10-09T03:20:19+00:00,sapmachine-21.0.2,137297795,False,sapmachine-jre-21.0.2_linux-x64_bin.tar.gz,linux,x64,jre,26562
2026-10-09T03:20:19+00:00,sapmachine-21.0.2,137297795,False,sapmachine-jdk-21.0.2_linux-x64_bin-symbols.tar.gz,linux,x64,jdk,5
2026-10-09T03:20:19+00:00,sapmachine-21.0.2,137297795,False,sapmachine-jdk-21.0.2-1.x86_64.rpm,linux,x64,jdk,3510
2026-10-09T03:20:19+00:00,sapmachine-21.0.2,137297795,False,sapmachine-jdk-21.0.2_aix-ppc64_bin.tar.gz,aix,ppc64,jdk,3149
2026-10-09T03:20:19+00:00,sapmachine-21.0.2,137297795,False,sapmachine-jre-21.0.2_aix-ppc64_bin.tar.gz,aix,ppc64,jre,2948
2026-10-09T03:20:19+00:00,sapmachine-21.0.2,137297795,False,sapmachine-jdk-21.0.2_aix-ppc64_bin-symbols.tar.gz,aix,ppc64,jdk,10
2026-10-09T03:20:19+00:00,sapmachine-21.0.2,137297795,False,sapmachine-jdk-21.0.2_windows-x64_bin.zip,windows,x64,jdk,4866
2026-10-09T03:20:19+00:00,sapmachine-21.0.2,137297795,False,sapmachine-jre-21.0.2_windows-x64_bin.zip,windows,x64,jre,3281
2026-10-09T03:20:19+00:00,sapmachine-21.0.2,137297795,False,sapmachine-jdk-21.0.2_windows-x64_bin-symbols.tar.gz,windows,x64,jdk,5
2026-10-09T03:20:19+00:00,sapmachine-21.0.2,137297795,False,sapmachine-jdk-21.0.2_linux-ppc64le_bin.tar.gz,linux,ppc64,jdk,3118
2026-10-09T03:20:19+00:00,sapmachine-21.0.2,137297795,False,sapmachine-jre-21.0.2_linux-ppc64le_bin.tar.gz,linux,ppc64,jre,2943
2026-10-09T03:20:19+00:00,sapmachine-21.0.2,137297795,False,sapmachine-jdk-21.0.2_linux-ppc64le_bin-symbols.tar.gz,linux,ppc64,jdk,5
2026-10-09T03:20:19+00:00,sapmachine-21.0.2,137297795,False,sapmachine-jdk-21.0.2_macos-aarch64_bin.tar.gz,macos,aarch64,jdk,4732
2026-10-09T03:20:19+00:00,sapmachine-21.0.2,137297795,False,sapmachine-jre-21.0.2_macos-aarch64_bin.tar.gz,macos,aarch64,jre,3076
2026-10-09T03:20:19+00:00,sapmachine-21.0.2,137297795,False,sapmachine-jdk-21.0.2_macos-aarch64_bin-symbols.tar.gz,macos,aarch64,jdk,4
2026-10-09T03:20:19+00:00,sapmachine-21.0.2,137297795,False,sapmachine-jdk-21.0.2_macos-aarch64_bin.dmg,macos,aarch64,jdk,5303
2026-10-09T03:20:19+00:00,sapmachine-21.0.2,137297795,False,sapmachine-jre-21.0.2_macos-aarch64_bin.dmg,macos,aarch64,jre,2993
2026-10-09T03:20:19+00:00,sapmachine-21.0.2,137297795,False,sapmachine-jdk-21.0.2_macos-x64_bin.tar.gz,macos,x64,jdk,4032
2026-10-09T03:20:19+00:00,sapmachine-21.0.2,137297795,False,sapmachine-jre-21.0.2_macos-x64_bin.tar.gz,macos,x64,jre,3092
2026-10-09T03:20:19+00:00,sapmachine-21.0.2,137297795,False,sapmachine-jdk-21.0.2_macos-x64_bin-symbols.tar.gz,macos,x64,jdk,4
2026-10-09T03:20:19+00:00,sapmachine-21.0.2,137297795,False,sapmachine-jdk-21.0.2_macos-x64_bin.dmg,macos,x64,jdk,5670
2026-10-09T03:20:19+00:00,sapmachine-21.0.2,137297795,False,sapmachine-jre-21.0.2_macos-x64_bin.dmg,macos,x64,jre,2993
2026-10-09T03:20:19+00:00,sapmachine-21.0.2,137297795,False,sapmachine-jdk-21.0.2_windows-x64_bin.msi,windows,x64,jdk,6480
2026-10-09T03:20:19+00:00,sapmachine-21.0.2,137297795,False,sapmachine-jre-21.0.2_windows-x64_bin.msi,windows,x64,jre,3833
2026-10-09T03:20:19+00:00,sapmachine-17.0.10,137297374,False,sapmachine-jdk-17.0.10_linux-x64-musl_bin.tar.gz,alpine,x64,jdk,16366
2026-10-09T03:20:19+00:00,sapmachine-17.0.10,137297374,False,sapmachine-jre-17.0.10_linux-x64-musl_bin.tar.gz,alpine,x64,jre,3125
2026-10-09T03:20:19+00:00,sapmachine-17.0.10,137297374,False,sapmachine-jdk-17.0.10_linux-x64-musl_bin-symbols.tar.gz,alpine,x64,jdk,3
2026-10-09T03:20:19+00:00,sapmachine-17.0.10,137297374,False,sapmachine-jdk-17.0.10_linux-x64_bin.tar.gz,linux,x64,jdk,1412476
2026-10-09T03:20:19+00:00,sapmachine-17.0.10,137297374,False,sapmachine-jre-17.0.10_linux-x64_bin.tar.gz,linux,x64,jre,197041
2026-10-09T03:20:19+00:00,sapmachine-17.0.10,137297374,False,sapmachine-jdk-17.0.10_linux-x64_bin-symbols.tar.gz,linux,x64,jdk,21
2026-10-09T03:20:19+00:00,sapmachine-17.0.10,137297374,False,sapmachine-jdk-17.0.10-1.x86_64.rpm,linux,x64,jdk,3283
2026-10-09T03:20:19+00:00,sapmachine-17.0.10,137297374,False,sapmachine-jdk-17.0.10_linux-aarch64_bin.tar.gz,linux,aarch64,jdk,3291
2026-10-09T03:20:19+00:00,sapmachine-17.0.10,137297374,False,sapmachine-jre-17.0.10_linux-aarch64_bin.tar.gz,linux,aarch64,jre,2988
2026-10-09T03:20:19+00:00,sapmachine-17.0.10,137297374,False,sapmachine-jdk-17.0.10_linux-aarch64_bin-symbols.tar.gz,linux,aarch64,jdk,2
2026-10-09T03:20:19+00:00,sapmachine-17.0.10,137297374,False,sapmachine-jdk-17.0.10_windows-x64_bin.zip,windows,x64,jdk,37613
2026-10-09T03:20:19+00:00,sapmachine-17.0.10,137297374,False,sapmachine-jre-17.0.10_windows-x64_bin.zip,windows,x64,jre,3316
2026-10-09T03:20:19+00:00,sapmachine-17.0.10,137297374,False,sapmachine-jdk-17.0.10_windows-x64_bin-symbols.tar.gz,windows,x64,jdk,5
2026-10-09T03:20:19+00:00,sapmachine-17.0.10,137297374,False,sapmachine-jdk-17.0.10_linux-ppc64le_bin.tar.gz,linux,ppc64,jdk,3089
2026-10-09T03:20:19+00:00,sapmachine-17.0.10,137297374,False,sapmachine-jre-17.0.10_linux-ppc64le_bin.tar.gz,linux,ppc64,jre,2993
2026-10-09T03:20:19+00:00,sapmachine-17.0.10,137297374,False,sapmachine-jdk-17.0.10_linux-ppc64le_bin-symbols.tar.gz,linux,ppc64,jdk,1
2026-10-09T03:20:19+00:00,sapmachine-17.0.10,137297374,False,sapmachine-jdk-17.0.10_macos-aarch64_bin.tar.gz,macos,aarch64,jdk,5735
2026-10-09T03:20:19+00:00,sapmachine-17.0.10,137297374,False,sapmachine-jre-17.0.10_macos-aarch64_bin.tar.gz,macos,aarch64,jre,3053
2026-10-09T03:20:19+00:00,sapmachine-17.0.10,137297374,False,sapmachine-jdk-17.0.10_macos-aarch64_bin-symbols.tar.gz,macos,aarch64,jdk,4
2026-10-09T03:20:19+00:00,sapmachine-17.0.10,137297374,False,sapmachine-jdk-17.0.10_macos-aarch64_bin.dmg,macos,aarch64,jdk,6207
2026-10-09T03:20:19+00:00,sapmachine-17.0.10,137297374,False,sapmachine-jre-17.0.10_macos-aarch64_bin.dmg,macos,aarch64,jre,3028
2026-10-09T03:20:19+00:00,sapmachine-17.0.10,137297374,False,sapmachine-jdk-17.0.10_macos-x64_bin.tar.gz,macos,x64,jdk,4581
2026-10-09T03:20:19+00:00,sapmachine-17.0.10,137297374,False,sapmachine-jre-17.0.10_macos-x64_bin.tar.gz,macos,x64,jre,3082
2026-10-09T03:20:19+00:00,sapmachine-17.0.10,137297374,False,sapmachine-jdk-17.0.10_macos-x64_bin-symbols.tar.gz,macos,x64,jdk,6
2026-10-09T03:20:19+00:00,sapmachine-17.0.10,137297374,False,sapmachine-jdk-17.0.10_macos-x64_bin.dmg,macos,x64,jdk,6476
2026-10-09T03:20:19+00:00,sapmachine-17.0.10,137297374,False,sapmachine-jre-17.0.10_macos-x64_bin.dmg,macos,x64,jre,3067
2026-10-09T03:20:19+00:00,sapmachine-17.0.10,137297374,False,sapmachine-jdk-17.0.10_windows-x64_bin.msi,windows,x64,jdk,6275
2026-10-09T03:20:19+00:00,sapmachine-17.0.10,137297374,False,sapmachine-jre-17.0.10_windows-x64_bin.msi,windows,x64,jre,3951
2026-10-09T03:20:19+00:00,sapmachine-11.0.22,137295842,False,sapmachine-jdk-11.0.22_linux-aarch64_bin.tar.gz,linux,aarch64,jdk,3078
2026-10-09T03:20:19+00:00,sapmachine-11.0.22,137295842,False,sapmachine-jre-11.0.22_linux-aarch64_bin.tar.gz,linux,aarch64,jre,2987
2026-10-09T03:20:19+00:00,sapmachine-11.0.22,137295842,False,sapmachine-jdk-11.0.22_linux-aarch64_bin-symbols.tar.gz,linux,aarch64,jdk,3
2026-10-09T03:20:19+00:00,sapmachine-11.0.22,137295842,False,sapmachine-jdk-11.0.22_linux-x64_bin.tar.gz,linux,x64,jdk,38330
2026-10-09T03:20:19+00:00,sapmachine-11.0.22,137295842,False,sapmachine-jre-11.0.22_linux-x64_bin.tar.gz,linux,x64,jre,8570
2026-10-09T03:20:19+00:00,sapmachine-11.0.22,137295842,False,sapmachine-jdk-11.0.22_linux-x64_bin-symbols.tar.gz,linux,x64,jdk,2
2026-10-09T03:20:19+00:00,sapmachine-11.0.22,137295842,False,sapmachine-jdk-11.0.22-1.x86_64.rpm,linux,x64,jdk,2979
2026-10-09T03:20:19+00:00,sapmachine-11.0.22,137295842,False,sapmachine-jdk-11.0.22_linux-ppc64le_bin.tar.gz,linux,ppc64,jdk,2950
2026-10-09T03:20:19+00:00,sapmachine-11.0.22,137295842,False,sapmachine-jre-11.0.22_linux-ppc64le_bin.tar.gz,linux,ppc64,jre,2919
2026-10-09T03:20:19+00:00,sapmachine-11.0.22,137295842,False,sapmachine-jdk-11.0.22_linux-ppc64le_bin-symbols.tar.gz,linux,ppc64,jdk,2
2026-10-09T03:20:19+00:00,sapmachine-11.0.22,137295842,False,sapmachine-jdk-11.0.22_windows-x64_bin.zip,windows,x64,jdk,4334
2026-10-09T03:20:19+00:00,sapmachine-11.0.22,137295842,False,sapmachine-jre-11.0.22_windows-x64_bin.zip,windows,x64,jre,3165
2026-10-09T03:20:19+00:00,sapmachine-11.0.22,137295842,False,sapmachine-jdk-11.0.22_windows-x64_bin-symbols.tar.gz,windows,x64,jdk,1
2026-10-09T03:20:19+00:00,sapmachine-11.0.22,137295842,False,sapmachine-jdk-11.0.22_macos-aarch64_bin.tar.gz,macos,aarch64,jdk,4024
2026-10-09T03:20:19+00:00,sapmachine-11.0.22,137295842,False,sapmachine-jre-11.0.22_macos-aarch64_bin.tar.gz,macos,aarch64,jre,3060
2026-10-09T03:20:19+00:00,sapmachine-11.0.22,137295842,False,sapmachine-jdk-11.0.22_macos-aarch64_bin-symbols.tar.gz,macos,aarch64,jdk,3
2026-10-09T03:20:19+00:00,sapmachine-11.0.22,137295842,False,sapmachine-jdk-11.0.22_macos-aarch64_bin.dmg,macos,aarch64,jdk,4587
2026-10-09T03:20:19+00:00,sapmachine-11.0.22,137295842,False,sapmachine-jre-11.0.22_macos-aarch64_bin.dmg,macos,aarch64,jre,2953
2026-10-09T03:20:19+00:00,sapmachine-11.0.22,137295842,False,sapmachine-jdk-11.0.22_macos-x64_bin.tar.gz,macos,x64,jdk,3766
2026-10-09T03:20:19+00:00,sapmachine-11.0.22,137295842,False,sapmachine-jre-11.0.22_macos-x64_bin.tar.gz,macos,x64,jre,3069
2026-10-09T03:20:19+00:00,sapmachine-11.0.22,137295842,False,sapmachine-jdk-11.0.22_macos-x64_bin-symbols.tar.gz,macos,x64,jdk,2
2026-10-09T03:20:19+00:00,sapmachine-11.0.22,137295842,False,sapmachine-jdk-11.0.22_macos-x64_bin.dmg,macos,x64,jdk,4703
2026-10-09T03:20:19+00:00,sapmachine-11.0.22,137295842,False,sapmachine-jre-11.0.22_macos-x64_bin.dmg,macos,x64,jre,2981
2026-10-09T03:20:19+00:00,sapmachine-11.0.22,137295842,False,sapmachine-jdk-11.0.22_windows-x64_bin.msi,windows,x64,jdk,4244
2026-10-09T03:20:19+00:00,sapmachine-11.0.22,137295842,False,sapmachine-jre-11.0.22_windows-x64_bin.msi,windows,x64,jre,3380
2026-10-09T03:20:19+00:00,sapmachine-11.0.21,125513226,False,sapmachine-jdk-11.0.21_linux-x64_bin.tar.gz,linux,x64,jdk,53513
2026-10-09T03:20:19+00:00,sapmachine-11.0.21,125513226,False,sapmachine-jre-11.0.21_linux-x64_bin.tar.gz,linux,x64,jre,9448
2026-10-09T03:20:19+00:00,sapmachine-11.0.21,125513226,False,sapmachine-jdk-11.0.21_linux-x64_bin-symbols.tar.gz,linux,x64,jdk,6
2026-10-09T03:20:19+00:00,sapmachine-11.0.21,125513226,False,sapmachine-jdk-11.0.21-1.x86_64.rpm,linux,x64,jdk,3738
2026-10-09T03:20:19+00:00,sapmachine-11.0.21,125513226,False,sapmachine-jdk-11.0.21_linux-aarch64_bin.tar.gz,linux,aarch64,jdk,3314
2026-10-09T03:20:19+00:00,sapmachine-11.0.21,125513226,False,sapmachine-jre-11.0.21_linux-aarch64_bin.tar.gz,linux,aarch64,jre,4325
2026-10-09T03:20:19+00:00,sapmachine-11.0.21,125513226,False,sapmachine-jdk-11.0.21_linux-aarch64_bin-symbols.tar.gz,linux,aarch64,jdk,5
2026-10-09T03:20:19+00:00,sapmachine-11.0.21,125513226,False,sapmachine-jdk-11.0.21_windows-x64_bin.zip,windows,x64,jdk,18180
2026-10-09T03:20:19+00:00,sapmachine-11.0.21,125513226,False,sapmachine-jre-11.0.21_windows-x64_bin.zip,windows,x64,jre,3463
2026-10-09T03:20:19+00:00,sapmachine-11.0.21,125513226,False,sapmachine-jdk-11.0.21_windows-x64_bin-symbols.tar.gz,windows,x64,jdk,5
2026-10-09T03:20:19+00:00,sapmachine-11.0.21,125513226,False,sapmachine-jdk-11.0.21_linux-ppc64le_bin.tar.gz,linux,ppc64,jdk,3342
2026-10-09T03:20:19+00:00,sapmachine-11.0.21,125513226,False,sapmachine-jre-11.0.21_linux-ppc64le_bin.tar.gz,linux,ppc64,jre,3216
2026-10-09T03:20:19+00:00,sapmachine-11.0.21,125513226,False,sapmachine-jdk-11.0.21_linux-ppc64le_bin-symbols.tar.gz,linux,ppc64,jdk,4
2026-10-09T03:20:19+00:00,sapmachine-11.0.21,125513226,False,sapmachine-jdk-11.0.21_windows-x64_bin.msi,windows,x64,jdk,4379
2026-10-09T03:20:19+00:00,sapmachine-11.0.21,125513226,False,sapmachine-jre-11.0.21_windows-x64_bin.msi,windows,x64,jre,3679
2026-10-09T03:20:19+00:00,sapmachine-11.0.21,125513226,False,sapmachine-jdk-11.0.21_macos-aarch64_bin.tar.gz,macos,aarch64,jdk,4125
2026-10-09T03:20:19+00:00,sapmachine-11.0.21,125513226,False,sapmachine-jdk-11.0.21_macos-aarch64_bin.dmg,macos,aarch64,jdk,5760
2026-10-09T03:20:19+00:00,sapmachine-11.0.21,125513226,False,sapmachine-jre-11.0.21_macos-aarch64_bin.tar.gz,macos,aarch64,jre,3292
2026-10-09T03:20:19+00:00,sapmachine-11.0.21,125513226,False,sapmachine-jre-11.0.21_macos-aarch64_bin.dmg,macos,aarch64,jre,3210
2026-10-09T03:20:19+00:00,sapmachine-11.0.21,125513226,False,sapmachine-jdk-11.0.21_macos-aarch64_bin-symbols.tar.gz,macos,aarch64,jdk,2
2026-10-09T03:20:19+00:00,sapmachine-11.0.21,125513226,False,sapmachine-jdk-11.0.21_macos-x64_bin.tar.gz,macos,x64,jdk,3941
2026-10-09T03:20:19+00:00,sapmachine-11.0.21,125513226,False,sapmachine-jdk-11.0.21_macos-x64_bin.dmg,macos,x64,jdk,5968
2026-10-09T03:20:19+00:00,sapmachine-11.0.21,125513226,False,sapmachine-jre-11.0.21_macos-x64_bin.tar.gz,macos,x64,jre,3332
2026-10-09T03:20:19+00:00,sapmachine-11.0.21,125513226,False,sapmachine-jre-11.0.21_macos-x64_bin.dmg,macos,x64,jre,3239
2026-10-09T03:20:19+00:00,sapmachine-11.0.21,125513226,False,sapmachine-jdk-11.0.21_macos-x64_bin-symbols.tar.gz,macos,x64,jdk,2
2026-10-09T03:20:19+00:00,sapmachine-17.0.9,125512392,False,sapmachine-jdk-17.0.9_linux-x64-musl_bin.tar.gz,alpine,x64,jdk,3589
2026-10-09T03:20:19+00:00,sapmachine-17.0.9,125512392,False,sapmachine-jre-17.0.9_linux-x64-musl_bin.tar.gz,alpine,x64,jre,3363
2026-10-09T03:20:19+00:00,sapmachine-17.0.9,125512392,False,sapmachine-jdk-17.0.9_linux-x64-musl_bin-symbols.tar.gz,alpine,x64,jdk,2
2026-10-09T03:20:19+00:00,sapmachine-17.0.9,125512392,False,sapmachine-jdk-17.0.9_linux-x64_bin.tar.gz,linux,x64,jdk,291757
2026-10-09T03:20:19+00:00,sapmachine-17.0.9,125512392,False,sapmachine-jre-17.0.9_linux-x64_bin.tar.gz,linux,x64,jre,133458
2026-10-09T03:20:19+00:00,sapmachine-17.0.9,125512392,False,sapmachine-jdk-17.0.9_linux-x64_bin-symbols.tar.gz,linux,x64,jdk,12
2026-10-09T03:20:19+00:00,sapmachine-17.0.9,125512392,False,sapmachine-jdk-17.0.9-1.x86_64.rpm,linux,x64,jdk,3446
2026-10-09T03:20:19+00:00,sapmachine-17.0.9,125512392,False,sapmachine-jdk-17.0.9_linux-aarch64_bin.tar.gz,linux,aarch64,jdk,3993
2026-10-09T03:20:19+00:00,sapmachine-17.0.9,125512392,False,sapmachine-jre-17.0.9_linux-aarch64_bin.tar.gz,linux,aarch64,jre,3373
2026-10-09T03:20:19+00:00,sapmachine-17.0.9,125512392,False,sapmachine-jdk-17.0.9_linux-aarch64_bin-symbols.tar.gz,linux,aarch64,jdk,2
2026-10-09T03:20:19+00:00,sapmachine-17.0.9,125512392,False,sapmachine-jdk-17.0.9_windows-x64_bin.zip,windows,x64,jdk,8261
2026-10-09T03:20:19+00:00,sapmachine-17.0.9,125512392,False,sapmachine-jre-17.0.9_windows-x64_bin.zip,windows,x64,jre,3527
2026-10-09T03:20:19+00:00,sapmachine-17.0.9,125512392,False,sapmachine-jdk-17.0.9_windows-x64_bin-symbols.tar.gz,windows,x64,jdk,3
2026-10-09T03:20:19+00:00,sapmachine-17.0.9,125512392,False,sapmachine-jdk-17.0.9_linux-ppc64le_bin.tar.gz,linux,ppc64,jdk,3413
2026-10-09T03:20:19+00:00,sapmachine-17.0.9,125512392,False,sapmachine-jre-17.0.9_linux-ppc64le_bin.tar.gz,linux,ppc64,jre,3255
2026-10-09T03:20:19+00:00,sapmachine-17.0.9,125512392,False,sapmachine-jdk-17.0.9_linux-ppc64le_bin-symbols.tar.gz,linux,ppc64,jdk,2
2026-10-09T03:20:19+00:00,sapmachine-17.0.9,125512392,False,sapmachine-jdk-17.0.9_windows-x64_bin.msi,windows,x64,jdk,5920
2026-10-09T03:20:19+00:00,sapmachine-17.0.9,125512392,False,sapmachine-jre-17.0.9_windows-x64_bin.msi,windows,x64,jre,4107
2026-10-09T03:20:19+00:00,sapmachine-17.0.9,125512392,False,sapmachine-jdk-17.0.9_macos-aarch64_bin.tar.gz,macos,aarch64,jdk,4923
2026-10-09T03:20:19+00:00,sapmachine-17.0.9,125512392,False,sapmachine-jdk-17.0.9_macos-aarch64_bin.dmg,macos,aarch64,jdk,6534
2026-10-09T03:20:19+00:00,sapmachine-17.0.9,125512392,False,sapmachine-jre-17.0.9_macos-aarch64_bin.tar.gz,macos,aarch64,jre,3360
2026-10-09T03:20:19+00:00,sapmachine-17.0.9,125512392,False,sapmachine-jre-17.0.9_macos-aarch64_bin.dmg,macos,aarch64,jre,3234
2026-10-09T03:20:19+00:00,sapmachine-17.0.9,125512392,False,sapmachine-jdk-17.0.9_macos-aarch64_bin-symbols.tar.gz,macos,aarch64,jdk,3
2026-10-09T03:20:19+00:00,sapmachine-17.0.9,125512392,False,sapmachine-jdk-17.0.9_macos-x64_bin.tar.gz,macos,x64,jdk,4346
2026-10-09T03:20:19+00:00,sapmachine-17.0.9,125512392,False,sapmachine-jdk-17.0.9_macos-x64_bin.dmg,macos,x64,jdk,7047
2026-10-09T03:20:19+00:00,sapmachine-17.0.9,125512392,False,sapmachine-jre-17.0.9_macos-x64_bin.tar.gz,macos,x64,jre,3316
2026-10-09T03:20:19+00:00,sapmachine-17.0.9,125512392,False,sapmachine-jre-17.0.9_macos-x64_bin.dmg,macos,x64,jre,3247
2026-10-09T03:20:19+00:00,sapmachine-17.0.9,125512392,False,sapmachine-jdk-17.0.9_macos-x64_bin-symbols.tar.gz,macos,x64,jdk,3
2026-10-09T03:20:19+00:00,sapmachine-21.0.1,125509596,False,sapmachine-jdk-21.0.1_linux-x64-musl_bin.tar.gz,alpine,x64,jdk,3451
2026-10-09T03:20:19+00:00,sapmachine-21.0.1,125509596,False,sapmachine-jre-21.0.1_linux-x64-musl_bin.tar.gz,alpine,x64,jre,3265
2026-10-09T03:20:19+00:00,sapmachine-21.0.1,125509596,False,sapmachine-jdk-21.0.1_linux-x64-musl_bin-symbols.tar.gz,alpine,x64,jdk,7
2026-10-09T03:20:19+00:00,sapmachine-21.0.1,125509596,False,sapmachine-jdk-21.0.1_linux-x64_bin.tar.gz,linux,x64,jdk,8454
2026-10-09T03:20:19+00:00,sapmachine-21.0.1,125509596,False,sapmachine-jre-21.0.1_linux-x64_bin.tar.gz,linux,x64,jre,8179
2026-10-09T03:20:19+00:00,sapmachine-21.0.1,125509596,False,sapmachine-jdk-21.0.1_linux-x64_bin-symbols.tar.gz,linux,x64,jdk,7
2026-10-09T03:20:19+00:00,sapmachine-21.0.1,125509596,False,sapmachine-jdk-21.0.1-1.x86_64.rpm,linux,x64,jdk,3328
2026-10-09T03:20:19+00:00,sapmachine-21.0.1,125509596,False,sapmachine-jdk-21.0.1_linux-aarch64_bin.tar.gz,linux,aarch64,jdk,3460
2026-10-09T03:20:19+00:00,sapmachine-21.0.1,125509596,False,sapmachine-jre-21.0.1_linux-aarch64_bin.tar.gz,linux,aarch64,jre,4034
2026-10-09T03:20:19+00:00,sapmachine-21.0.1,125509596,False,sapmachine-jdk-21.0.1_linux-aarch64_bin-symbols.tar.gz,linux,aarch64,jdk,8
2026-10-09T03:20:19+00:00,sapmachine-21.0.1,125509596,False,sapmachine-jdk-21.0.1-beta_aix-ppc64_bin.tar.gz,aix,ppc64,jdk,2980
2026-10-09T03:20:19+00:00,sapmachine-21.0.1,125509596,False,sapmachine-jre-21.0.1-beta_aix-ppc64_bin.tar.gz,aix,ppc64,jre,2942
2026-10-09T03:20:19+00:00,sapmachine-21.0.1,125509596,False,sapmachine-jdk-21.0.1-beta_aix-ppc64_bin-symbols.tar.gz,aix,ppc64,jdk,7
2026-10-09T03:20:19+00:00,sapmachine-21.0.1,125509596,False,sapmachine-jdk-21.0.1_windows-x64_bin.zip,windows,x64,jdk,6212
2026-10-09T03:20:19+00:00,sapmachine-21.0.1,125509596,False,sapmachine-jre-21.0.1_windows-x64_bin.zip,windows,x64,jre,3559
2026-10-09T03:20:19+00:00,sapmachine-21.0.1,125509596,False,sapmachine-jdk-21.0.1_windows-x64_bin-symbols.tar.gz,windows,x64,jdk,7
2026-10-09T03:20:19+00:00,sapmachine-21.0.1,125509596,False,sapmachine-jdk-21.0.1_linux-ppc64le_bin.tar.gz,linux,ppc64,jdk,3411
2026-10-09T03:20:19+00:00,sapmachine-21.0.1,125509596,False,sapmachine-jre-21.0.1_linux-ppc64le_bin.tar.gz,linux,ppc64,jre,3229
2026-10-09T03:20:19+00:00,sapmachine-21.0.1,125509596,False,sapmachine-jdk-21.0.1_linux-ppc64le_bin-symbols.tar.gz,linux,ppc64,jdk,6
2026-10-09T03:20:19+00:00,sapmachine-21.0.1,125509596,False,sapmachine-jdk-21.0.1_windows-x64_bin.msi,windows,x64,jdk,7806
2026-10-09T03:20:19+00:00,sapmachine-21.0.1,125509596,False,sapmachine-jre-21.0.1_windows-x64_bin.msi,windows,x64,jre,4288
2026-10-09T03:20:19+00:00,sapmachine-21.0.1,125509596,False,sapmachine-jdk-21.0.1_macos-aarch64_bin.tar.gz,macos,aarch64,jdk,4566
2026-10-09T03:20:19+00:00,sapmachine-21.0.1,125509596,False,sapmachine-jdk-21.0.1_macos-aarch64_bin.dmg,macos,aarch64,jdk,6866
2026-10-09T03:20:19+00:00,sapmachine-21.0.1,125509596,False,sapmachine-jre-21.0.1_macos-aarch64_bin.tar.gz,macos,aarch64,jre,3355
2026-10-09T03:20:19+00:00,sapmachine-21.0.1,125509596,False,sapmachine-jre-21.0.1_macos-aarch64_bin.dmg,macos,aarch64,jre,3253
2026-10-09T03:20:19+00:00,sapmachine-21.0.1,125509596,False,sapmachine-jdk-21.0.1_macos-aarch64_bin-symbols.tar.gz,macos,aarch64,jdk,6
2026-10-09T03:20:19+00:00,sapmachine-21.0.1,125509596,False,sapmachine-jdk-21.0.1_macos-x64_bin.tar.gz,macos,x64,jdk,4089
2026-10-09T03:20:19+00:00,sapmachine-21.0.1,125509596,False,sapmachine-jdk-21.0.1_macos-x64_bin.dmg,macos,x64,jdk,7457
2026-10-09T03:20:19+00:00,sapmachine-21.0.1,125509596,False,sapmachine-jre-21.0.1_macos-x64_bin.tar.gz,macos,x64,jre,3328
2026-10-09T03:20:19+00:00,sapmachine-21.0.1,125509596,False,sapmachine-jre-21.0.1_macos-x64_bin.dmg,macos,x64,jre,3339
2026-10-09T03:20:19+00:00,sapmachine-21.0.1,125509596,False,sapmachine-jdk-21.0.1_macos-x64_bin-symbols.tar.gz,macos,x64,jdk,5
2026-10-09T03:20:19+00:00,sapmachine-21,121589656,False,sapmachine-jdk-21_linux-x64-musl_bin.tar.gz,alpine,x64,jdk,3378
2026-10-09T03:20:19+00:00,sapmachine-21,121589656,False,sapmachine-jre-21_linux-x64-musl_bin.tar.gz,alpine,x64,jre,3334
2026-10-09T03:20:19+00:00,sapmachine-21,121589656,False,sapmachine-jdk-21_linux-x64-musl_bin-symbols.tar.gz,alpine,x64,jdk,10
2026-10-09T03:20:19+00:00,sapmachine-21,121589656,False,sapmachine-jdk-21_linux-x64_bin.tar.gz,linux,x64,jdk,4733
2026-10-09T03:20:19+00:00,sapmachine-21,121589656,False,sapmachine-jre-21_linux-x64_bin.tar.gz,linux,x64,jre,4611
2026-10-09T03:20:19+00:00,sapmachine-21,121589656,False,sapmachine-jdk-21_linux-x64_bin-symbols.tar.gz,linux,x64,jdk,9
2026-10-09T03:20:19+00:00,sapmachine-21,121589656,False,sapmachine-jdk-21-1.x86_64.rpm,linux,x64,jdk,3565
2026-10-09T03:20:19+00:00,sapmachine-21,121589656,False,sapmachine-jdk-21_linux-aarch64_bin.tar.gz,linux,aarch64,jdk,3483
2026-10-09T03:20:19+00:00,sapmachine-21,121589656,False,sapmachine-jre-21_linux-aarch64_bin.tar.gz,linux,aarch64,jre,3414
2026-10-09T03:20:19+00:00,sapmachine-21,121589656,False,sapmachine-jdk-21_linux-aarch64_bin-symbols.tar.gz,linux,aarch64,jdk,14
2026-10-09T03:20:19+00:00,sapmachine-21,121589656,False,sapmachine-jdk-21_windows-x64_bin.zip,windows,x64,jdk,5356
2026-10-09T03:20:19+00:00,sapmachine-21,121589656,False,sapmachine-jre-21_windows-x64_bin.zip,windows,x64,jre,3490
2026-10-09T03:20:19+00:00,sapmachine-21,121589656,False,sapmachine-jdk-21_windows-x64_bin-symbols.tar.gz,windows,x64,jdk,6
2026-10-09T03:20:19+00:00,sapmachine-21,121589656,False,sapmachine-jdk-21_linux-ppc64le_bin.tar.gz,linux,ppc64,jdk,3348
2026-10-09T03:20:19+00:00,sapmachine-21,121589656,False,sapmachine-jre-21_linux-ppc64le_bin.tar.gz,linux,ppc64,jre,3315
2026-10-09T03:20:19+00:00,sapmachine-21,121589656,False,sapmachine-jdk-21_linux-ppc64le_bin-symbols.tar.gz,linux,ppc64,jdk,9
2026-10-09T03:20:19+00:00,sapmachine-21,121589656,False,sapmachine-jdk-21_windows-x64_bin.msi,windows,x64,jdk,4941
2026-10-09T03:20:19+00:00,sapmachine-21,121589656,False,sapmachine-jre-21_windows-x64_bin.msi,windows,x64,jre,3656
2026-10-09T03:20:19+00:00,sapmachine-21,121589656,False,sapmachine-jdk-21_macos-aarch64_bin.tar.gz,macos,aarch64,jdk,4013
2026-10-09T03:20:19+00:00,sapmachine-21,121589656,False,sapmachine-jdk-21_macos-aarch64_bin.dmg,macos,aarch64,jdk,3839
2026-10-09T03:20:19+00:00,sapmachine-21,121589656,False,sapmachine-jdk-21_macos-x64_bin.tar.gz,macos,x64,jdk,3649
2026-10-09T03:20:19+00:00,sapmachine-21,121589656,False,sapmachine-jre-21_macos-aarch64_bin.tar.gz,macos,aarch64,jre,3414
2026-10-09T03:20:19+00:00,sapmachine-21,121589656,False,sapmachine-jre-21_macos-aarch64_bin.dmg,macos,aarch64,jre,3376
2026-10-09T03:20:19+00:00,sapmachine-21,121589656,False,sapmachine-jdk-21_macos-x64_bin.dmg,macos,x64,jdk,4086
2026-10-09T03:20:19+00:00,sapmachine-21,121589656,False,sapmachine-jdk-21_macos-aarch64_bin-symbols.tar.gz,macos,aarch64,jdk,5
2026-10-09T03:20:19+00:00,sapmachine-21,121589656,False,sapmachine-jre-21_macos-x64_bin.tar.gz,macos,x64,jre,3442
2026-10-09T03:20:19+00:00,sapmachine-21,121589656,False,sapmachine-jre-21_macos-x64_bin.dmg,macos,x64,jre,3307
2026-10-09T03:20:19+00:00,sapmachine-21,121589656,False,sapmachine-jdk-21_macos-x64_bin-symbols.tar.gz,macos,x64,jdk,2
2026-10-09T03:20:19+00:00,sapmachine-11.0.20.1,120580479,False,sapmachine-jdk-11.0.20.1_linux-x64_bin.tar.gz,linux,x64,jdk,19763
2026-10-09T03:20:19+00:00,sapmachine-11.0.20.1,120580479,False,sapmachine-jre-11.0.20.1_linux-x64_bin.tar.gz,linux,x64,jre,9734
2026-10-09T03:20:19+00:00,sapmachine-11.0.20.1,120580479,False,sapmachine-jdk-11.0.20.1_linux-x64_bin-symbols.tar.gz,linux,x64,jdk,3
2026-10-09T03:20:19+00:00,sapmachine-11.0.20.1,120580479,False,sapmachine-jdk-11.0.20.1-1.x86_64.rpm,linux,x64,jdk,3428
2026-10-09T03:20:19+00:00,sapmachine-11.0.20.1,120580479,False,sapmachine-jdk-11.0.20.1_linux-aarch64_bin.tar.gz,linux,aarch64,jdk,3397
2026-10-09T03:20:19+00:00,sapmachine-11.0.20.1,120580479,False,sapmachine-jre-11.0.20.1_linux-aarch64_bin.tar.gz,linux,aarch64,jre,3329
2026-10-09T03:20:19+00:00,sapmachine-11.0.20.1,120580479,False,sapmachine-jdk-11.0.20.1_linux-aarch64_bin-symbols.tar.gz,linux,aarch64,jdk,2
2026-10-09T03:20:19+00:00,sapmachine-11.0.20.1,120580479,False,sapmachine-jdk-11.0.20.1_linux-ppc64le_bin.tar.gz,linux,ppc64,jdk,3318
2026-10-09T03:20:19+00:00,sapmachine-11.0.20.1,120580479,False,sapmachine-jre-11.0.20.1_linux-ppc64le_bin.tar.gz,linux,ppc64,jre,3298
2026-10-09T03:20:19+00:00,sapmachine-11.0.20.1,120580479,False,sapmachine-jdk-11.0.20.1_linux-ppc64le_bin-symbols.tar.gz,linux,ppc64,jdk,2
2026-10-09T03:20:19+00:00,sapmachine-11.0.20.1,120580479,False,sapmachine-jdk-11.0.20.1_windows-x64_bin.zip,windows,x64,jdk,4129
2026-10-09T03:20:19+00:00,sapmachine-11.0.20.1,120580479,False,sapmachine-jre-11.0.20.1_windows-x64_bin.zip,windows,x64,jre,3583
2026-10-09T03:20:19+00:00,sapmachine-11.0.20.1,120580479,False,sapmachine-jdk-11.0.20.1_windows-x64_bin-symbols.tar.gz,windows,x64,jdk,3
2026-10-09T03:20:19+00:00,sapmachine-11.0.20.1,120580479,False,sapmachine-jdk-11.0.20.1_windows-x64_bin.msi,windows,x64,jdk,3728
2026-10-09T03:20:19+00:00,sapmachine-11.0.20.1,120580479,False,sapmachine-jre-11.0.20.1_windows-x64_bin.msi,windows,x64,jre,3444
2026-10-09T03:20:19+00:00,sapmachine-11.0.20.1,120580479,False,sapmachine-jdk-11.0.20.1_macos-x64_bin.tar.gz,macos,x64,jdk,3629
2026-10-09T03:20:19+00:00,sapmachine-11.0.20.1,120580479,False,sapmachine-jdk-11.0.20.1_macos-x64_bin.dmg,macos,x64,jdk,3674
2026-10-09T03:20:19+00:00,sapmachine-11.0.20.1,120580479,False,sapmachine-jre-11.0.20.1_macos-x64_bin.tar.gz,macos,x64,jre,3402
2026-10-09T03:20:19+00:00,sapmachine-11.0.20.1,120580479,False,sapmachine-jre-11.0.20.1_macos-x64_bin.dmg,macos,x64,jre,3344
2026-10-09T03:20:19+00:00,sapmachine-11.0.20.1,120580479,False,sapmachine-jdk-11.0.20.1_macos-x64_bin-symbols.tar.gz,macos,x64,jdk,2
2026-10-09T03:20:19+00:00,sapmachine-11.0.20.1,120580479,False,sapmachine-jdk-11.0.20.1_macos-aarch64_bin.tar.gz,macos,aarch64,jdk,3731
2026-10-09T03:20:19+00:00,sapmachine-11.0.20.1,120580479,False,sapmachine-jdk-11.0.20.1_macos-aarch64_bin.dmg,macos,aarch64,jdk,3528
2026-10-09T03:20:19+00:00,sapmachine-11.0.20.1,120580479,False,sapmachine-jre-11.0.20.1_macos-aarch64_bin.tar.gz,macos,aarch64,jre,3420
2026-10-09T03:20:19+00:00,sapmachine-11.0.20.1,120580479,False,sapmachine-jre-11.0.20.1_macos-aarch64_bin.dmg,macos,aarch64,jre,3347
2026-10-09T03:20:19+00:00,sapmachine-11.0.20.1,120580479,False,sapmachine-jdk-11.0.20.1_macos-aarch64_bin-symbols.tar.gz,macos,aarch64,jdk,2
2026-10-09T03:20:19+00:00,sapmachine-17.0.8.1,120346785,False,sapmachine-jdk-17.0.8.1_linux-x64-musl_bin.tar.gz,alpine,x64,jdk,3520
2026-10-09T03:20:19+00:00,sapmachine-17.0.8.1,120346785,False,sapmachine-jre-17.0.8.1_linux-x64-musl_bin.tar.gz,alpine,x64,jre,3328
2026-10-09T03:20:19+00:00,sapmachine-17.0.8.1,120346785,False,sapmachine-jdk-17.0.8.1_linux-x64-musl_bin-symbols.tar.gz,alpine,x64,jdk,2
2026-10-09T03:20:19+00:00,sapmachine-17.0.8.1,120346785,False,sapmachine-jdk-17.0.8.1_linux-x64_bin.tar.gz,linux,x64,jdk,321400
2026-10-09T03:20:19+00:00,sapmachine-17.0.8.1,120346785,False,sapmachine-jre-17.0.8.1_linux-x64_bin.tar.gz,linux,x64,jre,55306
2026-10-09T03:20:19+00:00,sapmachine-17.0.8.1,120346785,False,sapmachine-jdk-17.0.8.1_linux-x64_bin-symbols.tar.gz,linux,x64,jdk,6
2026-10-09T03:20:19+00:00,sapmachine-17.0.8.1,120346785,False,sapmachine-jdk-17.0.8.1-1.x86_64.rpm,linux,x64,jdk,3872
2026-10-09T03:20:19+00:00,sapmachine-17.0.8.1,120346785,False,sapmachine-jdk-17.0.8.1_linux-aarch64_bin.tar.gz,linux,aarch64,jdk,3698
2026-10-09T03:20:19+00:00,sapmachine-17.0.8.1,120346785,False,sapmachine-jre-17.0.8.1_linux-aarch64_bin.tar.gz,linux,aarch64,jre,3346
2026-10-09T03:20:19+00:00,sapmachine-17.0.8.1,120346785,False,sapmachine-jdk-17.0.8.1_linux-aarch64_bin-symbols.tar.gz,linux,aarch64,jdk,5
2026-10-09T03:20:19+00:00,sapmachine-17.0.8.1,120346785,False,sapmachine-jdk-17.0.8.1_windows-x64_bin.zip,windows,x64,jdk,4772
2026-10-09T03:20:19+00:00,sapmachine-17.0.8.1,120346785,False,sapmachine-jre-17.0.8.1_windows-x64_bin.zip,windows,x64,jre,3562
2026-10-09T03:20:19+00:00,sapmachine-17.0.8.1,120346785,False,sapmachine-jdk-17.0.8.1_windows-x64_bin-symbols.tar.gz,windows,x64,jdk,2
2026-10-09T03:20:19+00:00,sapmachine-17.0.8.1,120346785,False,sapmachine-jdk-17.0.8.1_linux-ppc64le_bin.tar.gz,linux,ppc64,jdk,3403
2026-10-09T03:20:19+00:00,sapmachine-17.0.8.1,120346785,False,sapmachine-jre-17.0.8.1_linux-ppc64le_bin.tar.gz,linux,ppc64,jre,3332
2026-10-09T03:20:19+00:00,sapmachine-17.0.8.1,120346785,False,sapmachine-jdk-17.0.8.1_linux-ppc64le_bin-symbols.tar.gz,linux,ppc64,jdk,2
2026-10-09T03:20:19+00:00,sapmachine-17.0.8.1,120346785,False,sapmachine-jdk-17.0.8.1_windows-x64_bin.msi,windows,x64,jdk,4377
2026-10-09T03:20:19+00:00,sapmachine-17.0.8.1,120346785,False,sapmachine-jre-17.0.8.1_windows-x64_bin.msi,windows,x64,jre,3542
2026-10-09T03:20:19+00:00,sapmachine-17.0.8.1,120346785,False,sapmachine-jdk-17.0.8.1_macos-aarch64_bin.tar.gz,macos,aarch64,jdk,4011
2026-10-09T03:20:19+00:00,sapmachine-17.0.8.1,120346785,False,sapmachine-jdk-17.0.8.1_macos-aarch64_bin.dmg,macos,aarch64,jdk,3950
2026-10-09T03:20:19+00:00,sapmachine-17.0.8.1,120346785,False,sapmachine-jre-17.0.8.1_macos-aarch64_bin.tar.gz,macos,aarch64,jre,3396
2026-10-09T03:20:19+00:00,sapmachine-17.0.8.1,120346785,False,sapmachine-jre-17.0.8.1_macos-aarch64_bin.dmg,macos,aarch64,jre,3353
2026-10-09T03:20:19+00:00,sapmachine-17.0.8.1,120346785,False,sapmachine-jdk-17.0.8.1_macos-aarch64_bin-symbols.tar.gz,macos,aarch64,jdk,2
2026-10-09T03:20:19+00:00,sapmachine-17.0.8.1,120346785,False,sapmachine-jdk-17.0.8.1_macos-x64_bin.tar.gz,macos,x64,jdk,3831
2026-10-09T03:20:19+00:00,sapmachine-17.0.8.1,120346785,False,sapmachine-jdk-17.0.8.1_macos-x64_bin.dmg,macos,x64,jdk,4101
2026-10-09T03:20:19+00:00,sapmachine-17.0.8.1,120346785,False,sapmachine-jre-17.0.8.1_macos-x64_bin.tar.gz,macos,x64,jre,3429
2026-10-09T03:20:19+00:00,sapmachine-17.0.8.1,120346785,False,sapmachine-jre-17.0.8.1_macos-x64_bin.dmg,macos,x64,jre,3409
2026-10-09T03:20:19+00:00,sapmachine-17.0.8.1,120346785,False,sapmachine-jdk-17.0.8.1_macos-x64_bin-symbols.tar.gz,macos,x64,jdk,2
2026-10-09T03:20:19+00:00,sapmachine-20.0.2,112729405,False,sapmachine-jdk-20.0.2_linux-x64-musl_bin.tar.gz,alpine,x64,jdk,3500
2026-10-09T03:20:19+00:00,sapmachine-20.0.2,112729405,False,sapmachine-jre-20.0.2_linux-x64-musl_bin.tar.gz,alpine,x64,jre,3502
2026-10-09T03:20:19+00:00,sapmachine-20.0.2,112729405,False,sapmachine-jdk-20.0.2_linux-x64-musl_bin-symbols.tar.gz,alpine,x64,jdk,10
2026-10-09T03:20:19+00:00,sapmachine-20.0.2,112729405,False,sapmachine-jdk-20.0.2_linux-x64_bin.tar.gz,linux,x64,jdk,5652
2026-10-09T03:20:19+00:00,sapmachine-20.0.2,112729405,False,sapmachine-jre-20.0.2_linux-x64_bin.tar.gz,linux,x64,jre,22156
2026-10-09T03:20:19+00:00,sapmachine-20.0.2,112729405,False,sapmachine-jdk-20.0.2_linux-x64_bin-symbols.tar.gz,linux,x64,jdk,11
2026-10-09T03:20:19+00:00,sapmachine-20.0.2,112729405,False,sapmachine-jdk-20.0.2-1.x86_64.rpm,linux,x64,jdk,3538
2026-10-09T03:20:19+00:00,sapmachine-20.0.2,112729405,False,sapmachine-jdk-20.0.2_linux-aarch64_bin.tar.gz,linux,aarch64,jdk,3646
2026-10-09T03:20:19+00:00,sapmachine-20.0.2,112729405,False,sapmachine-jre-20.0.2_linux-aarch64_bin.tar.gz,linux,aarch64,jre,4597
2026-10-09T03:20:19+00:00,sapmachine-20.0.2,112729405,False,sapmachine-jdk-20.0.2_linux-aarch64_bin-symbols.tar.gz,linux,aarch64,jdk,15
2026-10-09T03:20:19+00:00,sapmachine-20.0.2,112729405,False,sapmachine-jdk-20.0.2_windows-x64_bin.zip,windows,x64,jdk,4630
2026-10-09T03:20:19+00:00,sapmachine-20.0.2,112729405,False,sapmachine-jre-20.0.2_windows-x64_bin.zip,windows,x64,jre,5351
2026-10-09T03:20:19+00:00,sapmachine-20.0.2,112729405,False,sapmachine-jdk-20.0.2_windows-x64_bin-symbols.tar.gz,windows,x64,jdk,9
2026-10-09T03:20:19+00:00,sapmachine-20.0.2,112729405,False,sapmachine-jdk-20.0.2_linux-ppc64le_bin.tar.gz,linux,ppc64,jdk,3552
2026-10-09T03:20:19+00:00,sapmachine-20.0.2,112729405,False,sapmachine-jre-20.0.2_linux-ppc64le_bin.tar.gz,linux,ppc64,jre,3420
2026-10-09T03:20:19+00:00,sapmachine-20.0.2,112729405,False,sapmachine-jdk-20.0.2_linux-ppc64le_bin-symbols.tar.gz,linux,ppc64,jdk,10
2026-10-09T03:20:19+00:00,sapmachine-20.0.2,112729405,False,sapmachine-jdk-20.0.2_macos-aarch64_bin.tar.gz,macos,aarch64,jdk,4134
2026-10-09T03:20:19+00:00,sapmachine-20.0.2,112729405,False,sapmachine-jdk-20.0.2_macos-aarch64_bin.dmg,macos,aarch64,jdk,4138
2026-10-09T03:20:19+00:00,sapmachine-20.0.2,112729405,False,sapmachine-jre-20.0.2_macos-aarch64_bin.tar.gz,macos,aarch64,jre,3580
2026-10-09T03:20:19+00:00,sapmachine-20.0.2,112729405,False,sapmachine-jre-20.0.2_macos-aarch64_bin.dmg,macos,aarch64,jre,3409
2026-10-09T03:20:19+00:00,sapmachine-20.0.2,112729405,False,sapmachine-jdk-20.0.2_macos-aarch64_bin-symbols.tar.gz,macos,aarch64,jdk,7
2026-10-09T03:20:19+00:00,sapmachine-20.0.2,112729405,False,sapmachine-jdk-20.0.2_macos-x64_bin.tar.gz,macos,x64,jdk,4032
2026-10-09T03:20:19+00:00,sapmachine-20.0.2,112729405,False,sapmachine-jdk-20.0.2_macos-x64_bin.dmg,macos,x64,jdk,4678
2026-10-09T03:20:19+00:00,sapmachine-20.0.2,112729405,False,sapmachine-jre-20.0.2_macos-x64_bin.tar.gz,macos,x64,jre,3545
2026-10-09T03:20:19+00:00,sapmachine-20.0.2,112729405,False,sapmachine-jre-20.0.2_macos-x64_bin.dmg,macos,x64,jre,3469
2026-10-09T03:20:19+00:00,sapmachine-20.0.2,112729405,False,sapmachine-jdk-20.0.2_macos-x64_bin-symbols.tar.gz,macos,x64,jdk,7
2026-10-09T03:20:19+00:00,sapmachine-20.0.2,112729405,False,sapmachine-jdk-20.0.2_windows-x64_bin.msi,windows,x64,jdk,5858
2026-10-09T03:20:19+00:00,sapmachine-20.0.2,112729405,False,sapmachine-jre-20.0.2_windows-x64_bin.msi,windows,x64,jre,3913
2026-10-09T03:20:19+00:00,sapmachine-17.0.8,112724516,False,sapmachine-jdk-17.0.8_linux-x64-musl_bin.tar.gz,alpine,x64,jdk,3570
2026-10-09T03:20:19+00:00,sapmachine-17.0.8,112724516,False,sapmachine-jre-17.0.8_linux-x64-musl_bin.tar.gz,alpine,x64,jre,3526
2026-10-09T03:20:19+00:00,sapmachine-17.0.8,112724516,False,sapmachine-jdk-17.0.8_linux-x64-musl_bin-symbols.tar.gz,alpine,x64,jdk,2
2026-10-09T03:20:19+00:00,sapmachine-17.0.8,112724516,False,sapmachine-jdk-17.0.8_linux-x64_bin.tar.gz,linux,x64,jdk,56947
2026-10-09T03:20:19+00:00,sapmachine-17.0.8,112724516,False,sapmachine-jre-17.0.8_linux-x64_bin.tar.gz,linux,x64,jre,58787
2026-10-09T03:20:19+00:00,sapmachine-17.0.8,112724516,False,sapmachine-jdk-17.0.8_linux-x64_bin-symbols.tar.gz,linux,x64,jdk,9
2026-10-09T03:20:19+00:00,sapmachine-17.0.8,112724516,False,sapmachine-jdk-17.0.8-1.x86_64.rpm,linux,x64,jdk,3802
2026-10-09T03:20:19+00:00,sapmachine-17.0.8,112724516,False,sapmachine-jdk-17.0.8_linux-aarch64_bin.tar.gz,linux,aarch64,jdk,4970
2026-10-09T03:20:19+00:00,sapmachine-17.0.8,112724516,False,sapmachine-jre-17.0.8_linux-aarch64_bin.tar.gz,linux,aarch64,jre,3484
2026-10-09T03:20:19+00:00,sapmachine-17.0.8,112724516,False,sapmachine-jdk-17.0.8_linux-aarch64_bin-symbols.tar.gz,linux,aarch64,jdk,4
2026-10-09T03:20:19+00:00,sapmachine-17.0.8,112724516,False,sapmachine-jdk-17.0.8_windows-x64_bin.zip,windows,x64,jdk,5111
2026-10-09T03:20:19+00:00,sapmachine-17.0.8,112724516,False,sapmachine-jre-17.0.8_windows-x64_bin.zip,windows,x64,jre,3818
2026-10-09T03:20:19+00:00,sapmachine-17.0.8,112724516,False,sapmachine-jdk-17.0.8_windows-x64_bin-symbols.tar.gz,windows,x64,jdk,5
2026-10-09T03:20:19+00:00,sapmachine-17.0.8,112724516,False,sapmachine-jdk-17.0.8_linux-ppc64le_bin.tar.gz,linux,ppc64,jdk,3593
2026-10-09T03:20:19+00:00,sapmachine-17.0.8,112724516,False,sapmachine-jre-17.0.8_linux-ppc64le_bin.tar.gz,linux,ppc64,jre,3493
2026-10-09T03:20:19+00:00,sapmachine-17.0.8,112724516,False,sapmachine-jdk-17.0.8_linux-ppc64le_bin-symbols.tar.gz,linux,ppc64,jdk,2
2026-10-09T03:20:19+00:00,sapmachine-17.0.8,112724516,False,sapmachine-jdk-17.0.8_macos-x64_bin.tar.gz,macos,x64,jdk,4323
2026-10-09T03:20:19+00:00,sapmachine-17.0.8,112724516,False,sapmachine-jdk-17.0.8_macos-x64_bin.dmg,macos,x64,jdk,6319
2026-10-09T03:20:19+00:00,sapmachine-17.0.8,112724516,False,sapmachine-jre-17.0.8_macos-x64_bin.tar.gz,macos,x64,jre,3552
2026-10-09T03:20:19+00:00,sapmachine-17.0.8,112724516,False,sapmachine-jre-17.0.8_macos-x64_bin.dmg,macos,x64,jre,3481
2026-10-09T03:20:19+00:00,sapmachine-17.0.8,112724516,False,sapmachine-jdk-17.0.8_macos-x64_bin-symbols.tar.gz,macos,x64,jdk,2
2026-10-09T03:20:19+00:00,sapmachine-17.0.8,112724516,False,sapmachine-jdk-17.0.8_macos-aarch64_bin.tar.gz,macos,aarch64,jdk,4403
2026-10-09T03:20:19+00:00,sapmachine-17.0.8,112724516,False,sapmachine-jdk-17.0.8_macos-aarch64_bin.dmg,macos,aarch64,jdk,5856
2026-10-09T03:20:19+00:00,sapmachine-17.0.8,112724516,False,sapmachine-jre-17.0.8_macos-aarch64_bin.tar.gz,macos,aarch64,jre,3497
2026-10-09T03:20:19+00:00,sapmachine-17.0.8,112724516,False,sapmachine-jre-17.0.8_macos-aarch64_bin.dmg,macos,aarch64,jre,3422
2026-10-09T03:20:19+00:00,sapmachine-17.0.8,112724516,False,sapmachine-jdk-17.0.8_macos-aarch64_bin-symbols.tar.gz,macos,aarch64,jdk,7
2026-10-09T03:20:19+00:00,sapmachine-17.0.8,112724516,False,sapmachine-jdk-17.0.8_windows-x64_bin.msi,windows,x64,jdk,5819
2026-10-09T03:20:19+00:00,sapmachine-17.0.8,112724516,False,sapmachine-jre-17.0.8_windows-x64_bin.msi,windows,x64,jre,3782
2026-10-09T03:20:19+00:00,sapmachine-11.0.20,112728811,False,sapmachine-jdk-11.0.20_linux-x64_bin.tar.gz,linux,x64,jdk,47092
2026-10-09T03:20:19+00:00,sapmachine-11.0.20,112728811,False,sapmachine-jre-11.0.20_linux-x64_bin.tar.gz,linux,x64,jre,16450
2026-10-09T03:20:19+00:00,sapmachine-11.0.20,112728811,False,sapmachine-jdk-11.0.20_linux-x64_bin-symbols.tar.gz,linux,x64,jdk,17
2026-10-09T03:20:19+00:00,sapmachine-11.0.20,112728811,False,sapmachine-jdk-11.0.20-1.x86_64.rpm,linux,x64,jdk,3626
2026-10-09T03:20:19+00:00,sapmachine-11.0.20,112728811,False,sapmachine-jdk-11.0.20_linux-aarch64_bin.tar.gz,linux,aarch64,jdk,3524
2026-10-09T03:20:19+00:00,sapmachine-11.0.20,112728811,False,sapmachine-jre-11.0.20_linux-aarch64_bin.tar.gz,linux,aarch64,jre,3568
2026-10-09T03:20:19+00:00,sapmachine-11.0.20,112728811,False,sapmachine-jdk-11.0.20_linux-aarch64_bin-symbols.tar.gz,linux,aarch64,jdk,4
2026-10-09T03:20:19+00:00,sapmachine-11.0.20,112728811,False,sapmachine-jdk-11.0.20_windows-x64_bin.zip,windows,x64,jdk,4545
2026-10-09T03:20:19+00:00,sapmachine-11.0.20,112728811,False,sapmachine-jre-11.0.20_windows-x64_bin.zip,windows,x64,jre,3653
2026-10-09T03:20:19+00:00,sapmachine-11.0.20,112728811,False,sapmachine-jdk-11.0.20_windows-x64_bin-symbols.tar.gz,windows,x64,jdk,6
2026-10-09T03:20:19+00:00,sapmachine-11.0.20,112728811,False,sapmachine-jdk-11.0.20_linux-ppc64le_bin.tar.gz,linux,ppc64,jdk,3495
2026-10-09T03:20:19+00:00,sapmachine-11.0.20,112728811,False,sapmachine-jre-11.0.20_linux-ppc64le_bin.tar.gz,linux,ppc64,jre,3426
2026-10-09T03:20:19+00:00,sapmachine-11.0.20,112728811,False,sapmachine-jdk-11.0.20_linux-ppc64le_bin-symbols.tar.gz,linux,ppc64,jdk,3
2026-10-09T03:20:19+00:00,sapmachine-11.0.20,112728811,False,sapmachine-jdk-11.0.20_macos-aarch64_bin.tar.gz,macos,aarch64,jdk,4207
2026-10-09T03:20:19+00:00,sapmachine-11.0.20,112728811,False,sapmachine-jdk-11.0.20_macos-aarch64_bin.dmg,macos,aarch64,jdk,5287
2026-10-09T03:20:19+00:00,sapmachine-11.0.20,112728811,False,sapmachine-jre-11.0.20_macos-aarch64_bin.tar.gz,macos,aarch64,jre,3506
2026-10-09T03:20:19+00:00,sapmachine-11.0.20,112728811,False,sapmachine-jdk-11.0.20_macos-x64_bin.tar.gz,macos,x64,jdk,4163
2026-10-09T03:20:19+00:00,sapmachine-11.0.20,112728811,False,sapmachine-jre-11.0.20_macos-aarch64_bin.dmg,macos,aarch64,jre,3500
2026-10-09T03:20:19+00:00,sapmachine-11.0.20,112728811,False,sapmachine-jdk-11.0.20_macos-aarch64_bin-symbols.tar.gz,macos,aarch64,jdk,3
2026-10-09T03:20:19+00:00,sapmachine-11.0.20,112728811,False,sapmachine-jdk-11.0.20_macos-x64_bin.dmg,macos,x64,jdk,5515
2026-10-09T03:20:19+00:00,sapmachine-11.0.20,112728811,False,sapmachine-jre-11.0.20_macos-x64_bin.tar.gz,macos,x64,jre,3570
2026-10-09T03:20:19+00:00,sapmachine-11.0.20,112728811,False,sapmachine-jre-11.0.20_macos-x64_bin.dmg,macos,x64,jre,3476
2026-10-09T03:20:19+00:00,sapmachine-11.0.20,112728811,False,sapmachine-jdk-11.0.20_macos-x64_bin-symbols.tar.gz,macos,x64,jdk,3
2026-10-09T03:20:19+00:00,sapmachine-11.0.20,112728811,False,sapmachine-jdk-11.0.20_windows-x64_bin.msi,windows,x64,jdk,4379
2026-10-09T03:20:19+00:00,sapmachine-11.0.20,112728811,False,sapmachine-jre-11.0.20_windows-x64_bin.msi,windows,x64,jre,3697
2026-10-09T03:20:19+00:00,sapmachine-11.0.19,99977831,False,sapmachine-jdk-11.0.19_linux-x64_bin.tar.gz,linux,x64,jdk,75185
2026-10-09T03:20:19+00:00,sapmachine-11.0.19,99977831,False,sapmachine-jre-11.0.19_linux-x64_bin.tar.gz,linux,x64,jre,38513
2026-10-09T03:20:19+00:00,sapmachine-11.0.19,99977831,False,sapmachine-jdk-11.0.19_linux-x64_bin-symbols.tar.gz,linux,x64,jdk,30
2026-10-09T03:20:19+00:00,sapmachine-11.0.19,99977831,False,sapmachine-jdk-11.0.19_linux-aarch64_bin.tar.gz,linux,aarch64,jdk,3697
2026-10-09T03:20:19+00:00,sapmachine-11.0.19,99977831,False,sapmachine-jre-11.0.19_linux-aarch64_bin.tar.gz,linux,aarch64,jre,3654
2026-10-09T03:20:19+00:00,sapmachine-11.0.19,99977831,False,sapmachine-jdk-11.0.19_linux-aarch64_bin-symbols.tar.gz,linux,aarch64,jdk,4
2026-10-09T03:20:19+00:00,sapmachine-11.0.19,99977831,False,sapmachine-jdk-11.0.19-1.x86_64.rpm,linux,x64,jdk,3694
2026-10-09T03:20:19+00:00,sapmachine-11.0.19,99977831,False,sapmachine-jdk-11.0.19_linux-ppc64le_bin.tar.gz,linux,ppc64,jdk,3560
2026-10-09T03:20:19+00:00,sapmachine-11.0.19,99977831,False,sapmachine-jre-11.0.19_linux-ppc64le_bin.tar.gz,linux,ppc64,jre,3533
2026-10-09T03:20:19+00:00,sapmachine-11.0.19,99977831,False,sapmachine-jdk-11.0.19_linux-ppc64le_bin-symbols.tar.gz,linux,ppc64,jdk,3
2026-10-09T03:20:19+00:00,sapmachine-11.0.19,99977831,False,sapmachine-jdk-11.0.19_windows-x64_bin.zip,windows,x64,jdk,5233
2026-10-09T03:20:19+00:00,sapmachine-11.0.19,99977831,False,sapmachine-jre-11.0.19_windows-x64_bin.zip,windows,x64,jre,3809
2026-10-09T03:20:19+00:00,sapmachine-11.0.19,99977831,False,sapmachine-jdk-11.0.19_windows-x64_bin-symbols.tar.gz,windows,x64,jdk,4
2026-10-09T03:20:19+00:00,sapmachine-11.0.19,99977831,False,sapmachine-jdk-11.0.19_macos-aarch64_bin.tar.gz,macos,aarch64,jdk,4530
2026-10-09T03:20:19+00:00,sapmachine-11.0.19,99977831,False,sapmachine-jdk-11.0.19_macos-aarch64_bin.dmg,macos,aarch64,jdk,6176
2026-10-09T03:20:19+00:00,sapmachine-11.0.19,99977831,False,sapmachine-jre-11.0.19_macos-aarch64_bin.tar.gz,macos,aarch64,jre,3609
2026-10-09T03:20:19+00:00,sapmachine-11.0.19,99977831,False,sapmachine-jre-11.0.19_macos-aarch64_bin.dmg,macos,aarch64,jre,3616
2026-10-09T03:20:19+00:00,sapmachine-11.0.19,99977831,False,sapmachine-jdk-11.0.19_macos-aarch64_bin-symbols.tar.gz,macos,aarch64,jdk,2
2026-10-09T03:20:19+00:00,sapmachine-11.0.19,99977831,False,sapmachine-jdk-11.0.19_macos-x64_bin.tar.gz,macos,x64,jdk,4619
2026-10-09T03:20:19+00:00,sapmachine-11.0.19,99977831,False,sapmachine-jdk-11.0.19_macos-x64_bin.dmg,macos,x64,jdk,6350
2026-10-09T03:20:19+00:00,sapmachine-11.0.19,99977831,False,sapmachine-jre-11.0.19_macos-x64_bin.tar.gz,macos,x64,jre,3604
2026-10-09T03:20:19+00:00,sapmachine-11.0.19,99977831,False,sapmachine-jre-11.0.19_macos-x64_bin.dmg,macos,x64,jre,3594
2026-10-09T03:20:19+00:00,sapmachine-11.0.19,99977831,False,sapmachine-jdk-11.0.19_macos-x64_bin-symbols.tar.gz,macos,x64,jdk,3
2026-10-09T03:20:19+00:00,sapmachine-11.0.19,99977831,False,sapmachine-jdk-11.0.19_windows-x64_bin.msi,windows,x64,jdk,4727
2026-10-09T03:20:19+00:00,sapmachine-11.0.19,99977831,False,sapmachine-jre-11.0.19_windows-x64_bin.msi,windows,x64,jre,3942
2026-10-09T03:20:19+00:00,sapmachine-17.0.7,99977377,False,sapmachine-jdk-17.0.7_linux-x64-musl_bin.tar.gz,alpine,x64,jdk,4577
2026-10-09T03:20:19+00:00,sapmachine-17.0.7,99977377,False,sapmachine-jre-17.0.7_linux-x64-musl_bin.tar.gz,alpine,x64,jre,3606
2026-10-09T03:20:19+00:00,sapmachine-17.0.7,99977377,False,sapmachine-jdk-17.0.7_linux-x64-musl_bin-symbols.tar.gz,alpine,x64,jdk,3
2026-10-09T03:20:19+00:00,sapmachine-17.0.7,99977377,False,sapmachine-jdk-17.0.7_linux-x64_bin.tar.gz,linux,x64,jdk,230707
2026-10-09T03:20:19+00:00,sapmachine-17.0.7,99977377,False,sapmachine-jre-17.0.7_linux-x64_bin.tar.gz,linux,x64,jre,62754
2026-10-09T03:20:19+00:00,sapmachine-17.0.7,99977377,False,sapmachine-jdk-17.0.7_linux-x64_bin-symbols.tar.gz,linux,x64,jdk,13
2026-10-09T03:20:19+00:00,sapmachine-17.0.7,99977377,False,sapmachine-jdk-17.0.7_linux-aarch64_bin.tar.gz,linux,aarch64,jdk,4041
2026-10-09T03:20:19+00:00,sapmachine-17.0.7,99977377,False,sapmachine-jre-17.0.7_linux-aarch64_bin.tar.gz,linux,aarch64,jre,3613
2026-10-09T03:20:19+00:00,sapmachine-17.0.7,99977377,False,sapmachine-jdk-17.0.7-1.x86_64.rpm,linux,x64,jdk,3910
2026-10-09T03:20:19+00:00,sapmachine-17.0.7,99977377,False,sapmachine-jdk-17.0.7_linux-aarch64_bin-symbols.tar.gz,linux,aarch64,jdk,4
2026-10-09T03:20:19+00:00,sapmachine-17.0.7,99977377,False,sapmachine-jdk-17.0.7_linux-ppc64le_bin.tar.gz,linux,ppc64,jdk,3688
2026-10-09T03:20:19+00:00,sapmachine-17.0.7,99977377,False,sapmachine-jre-17.0.7_linux-ppc64le_bin.tar.gz,linux,ppc64,jre,3626
2026-10-09T03:20:19+00:00,sapmachine-17.0.7,99977377,False,sapmachine-jdk-17.0.7_linux-ppc64le_bin-symbols.tar.gz,linux,ppc64,jdk,3
2026-10-09T03:20:19+00:00,sapmachine-17.0.7,99977377,False,sapmachine-jdk-17.0.7_windows-x64_bin.zip,windows,x64,jdk,5549
2026-10-09T03:20:19+00:00,sapmachine-17.0.7,99977377,False,sapmachine-jre-17.0.7_windows-x64_bin.zip,windows,x64,jre,3934
2026-10-09T03:20:19+00:00,sapmachine-17.0.7,99977377,False,sapmachine-jdk-17.0.7_windows-x64_bin-symbols.tar.gz,windows,x64,jdk,2
2026-10-09T03:20:19+00:00,sapmachine-17.0.7,99977377,False,sapmachine-jdk-17.0.7_macos-aarch64_bin.tar.gz,macos,aarch64,jdk,5442
2026-10-09T03:20:19+00:00,sapmachine-17.0.7,99977377,False,sapmachine-jdk-17.0.7_macos-aarch64_bin.dmg,macos,aarch64,jdk,7065
2026-10-09T03:20:19+00:00,sapmachine-17.0.7,99977377,False,sapmachine-jre-17.0.7_macos-aarch64_bin.tar.gz,macos,aarch64,jre,3662
2026-10-09T03:20:19+00:00,sapmachine-17.0.7,99977377,False,sapmachine-jre-17.0.7_macos-aarch64_bin.dmg,macos,aarch64,jre,3587
2026-10-09T03:20:19+00:00,sapmachine-17.0.7,99977377,False,sapmachine-jdk-17.0.7_macos-aarch64_bin-symbols.tar.gz,macos,aarch64,jdk,4
2026-10-09T03:20:19+00:00,sapmachine-17.0.7,99977377,False,sapmachine-jdk-17.0.7_macos-x64_bin.tar.gz,macos,x64,jdk,5174
2026-10-09T03:20:19+00:00,sapmachine-17.0.7,99977377,False,sapmachine-jdk-17.0.7_macos-x64_bin.dmg,macos,x64,jdk,7811
2026-10-09T03:20:19+00:00,sapmachine-17.0.7,99977377,False,sapmachine-jre-17.0.7_macos-x64_bin.tar.gz,macos,x64,jre,3595
2026-10-09T03:20:19+00:00,sapmachine-17.0.7,99977377,False,sapmachine-jre-17.0.7_macos-x64_bin.dmg,macos,x64,jre,3653
2026-10-09T03:20:19+00:00,sapmachine-17.0.7,99977377,False,sapmachine-jdk-17.0.7_macos-x64_bin-symbols.tar.gz,macos,x64,jdk,2
2026-10-09T03:20:19+00:00,sapmachine-17.0.7,99977377,False,sapmachine-jdk-17.0.7_windows-x64_bin.msi,windows,x64,jdk,6018
2026-10-09T03:20:19+00:00,sapmachine-17.0.7,99977377,False,sapmachine-jre-17.0.7_windows-x64_bin.msi,windows,x64,jre,4138
2026-10-09T03:20:19+00:00,sapmachine-20.0.1,99976902,False,sapmachine-jdk-20.0.1_linux-x64-musl_bin.tar.gz,alpine,x64,jdk,3656
2026-10-09T03:20:19+00:00,sapmachine-20.0.1,99976902,False,sapmachine-jre-20.0.1_linux-x64-musl_bin.tar.gz,alpine,x64,jre,3562
2026-10-09T03:20:19+00:00,sapmachine-20.0.1,99976902,False,sapmachine-jdk-20.0.1_linux-x64-musl_bin-symbols.tar.gz,alpine,x64,jdk,7
2026-10-09T03:20:19+00:00,sapmachine-20.0.1,99976902,False,sapmachine-jdk-20.0.1_linux-x64_bin.tar.gz,linux,x64,jdk,5136
2026-10-09T03:20:19+00:00,sapmachine-20.0.1,99976902,False,sapmachine-jre-20.0.1_linux-x64_bin.tar.gz,linux,x64,jre,5066
2026-10-09T03:20:19+00:00,sapmachine-20.0.1,99976902,False,sapmachine-jdk-20.0.1_linux-x64_bin-symbols.tar.gz,linux,x64,jdk,7
2026-10-09T03:20:19+00:00,sapmachine-20.0.1,99976902,False,sapmachine-jdk-20.0.1_linux-aarch64_bin.tar.gz,linux,aarch64,jdk,3779
2026-10-09T03:20:19+00:00,sapmachine-20.0.1,99976902,False,sapmachine-jre-20.0.1_linux-aarch64_bin.tar.gz,linux,aarch64,jre,3557
2026-10-09T03:20:19+00:00,sapmachine-20.0.1,99976902,False,sapmachine-jdk-20.0.1_linux-aarch64_bin-symbols.tar.gz,linux,aarch64,jdk,10
2026-10-09T03:20:19+00:00,sapmachine-20.0.1,99976902,False,sapmachine-jdk-20.0.1-1.x86_64.rpm,linux,x64,jdk,3649
2026-10-09T03:20:19+00:00,sapmachine-20.0.1,99976902,False,sapmachine-jdk-20.0.1_macos-aarch64_bin.tar.gz,macos,aarch64,jdk,4518
2026-10-09T03:20:19+00:00,sapmachine-20.0.1,99976902,False,sapmachine-jdk-20.0.1_macos-aarch64_bin.dmg,macos,aarch64,jdk,4364
2026-10-09T03:20:19+00:00,sapmachine-20.0.1,99976902,False,sapmachine-jre-20.0.1_macos-aarch64_bin.tar.gz,macos,aarch64,jre,3626
2026-10-09T03:20:19+00:00,sapmachine-20.0.1,99976902,False,sapmachine-jre-20.0.1_macos-aarch64_bin.dmg,macos,aarch64,jre,3539
2026-10-09T03:20:19+00:00,sapmachine-20.0.1,99976902,False,sapmachine-jdk-20.0.1_macos-aarch64_bin-symbols.tar.gz,macos,aarch64,jdk,10
2026-10-09T03:20:19+00:00,sapmachine-20.0.1,99976902,False,sapmachine-jdk-20.0.1_macos-x64_bin.tar.gz,macos,x64,jdk,4678
2026-10-09T03:20:19+00:00,sapmachine-20.0.1,99976902,False,sapmachine-jdk-20.0.1_macos-x64_bin.dmg,macos,x64,jdk,5241
2026-10-09T03:20:19+00:00,sapmachine-20.0.1,99976902,False,sapmachine-jdk-20.0.1_linux-ppc64le_bin.tar.gz,linux,ppc64,jdk,3674
2026-10-09T03:20:19+00:00,sapmachine-20.0.1,99976902,False,sapmachine-jre-20.0.1_linux-ppc64le_bin.tar.gz,linux,ppc64,jre,3597
2026-10-09T03:20:19+00:00,sapmachine-20.0.1,99976902,False,sapmachine-jre-20.0.1_macos-x64_bin.tar.gz,macos,x64,jre,3684
2026-10-09T03:20:19+00:00,sapmachine-20.0.1,99976902,False,sapmachine-jdk-20.0.1_linux-ppc64le_bin-symbols.tar.gz,linux,ppc64,jdk,10
2026-10-09T03:20:19+00:00,sapmachine-20.0.1,99976902,False,sapmachine-jre-20.0.1_macos-x64_bin.dmg,macos,x64,jre,3654
2026-10-09T03:20:19+00:00,sapmachine-20.0.1,99976902,False,sapmachine-jdk-20.0.1_macos-x64_bin-symbols.tar.gz,macos,x64,jdk,8
2026-10-09T03:20:19+00:00,sapmachine-20.0.1,99976902,False,sapmachine-jdk-20.0.1_windows-x64_bin.zip,windows,x64,jdk,5436
2026-10-09T03:20:19+00:00,sapmachine-20.0.1,99976902,False,sapmachine-jre-20.0.1_windows-x64_bin.zip,windows,x64,jre,3847
2026-10-09T03:20:19+00:00,sapmachine-20.0.1,99976902,False,sapmachine-jdk-20.0.1_windows-x64_bin-symbols.tar.gz,windows,x64,jdk,6
2026-10-09T03:20:19+00:00,sapmachine-20.0.1,99976902,False,sapmachine-jdk-20.0.1_windows-x64_bin.msi,windows,x64,jdk,6724
2026-10-09T03:20:19+00:00,sapmachine-20.0.1,99976902,False,sapmachine-jre-20.0.1_windows-x64_bin.msi,windows,x64,jre,4304
2026-10-09T03:20:19+00:00,sapmachine-20,95999882,False,sapmachine-jdk-20_linux-x64-musl_bin.tar.gz,alpine,x64,jdk,3668
2026-10-09T03:20:19+00:00,sapmachine-20,95999882,False,sapmachine-jre-20_linux-x64-musl_bin.tar.gz,alpine,x64,jre,3622
2026-10-09T03:20:19+00:00,sapmachine-20,95999882,False,sapmachine-jdk-20_linux-x64-musl_bin-symbols.tar.gz,alpine,x64,jdk,7
2026-10-09T03:20:19+00:00,sapmachine-20,95999882,False,sapmachine-jdk-20_linux-x64_bin.tar.gz,linux,x64,jdk,4776
2026-10-09T03:20:19+00:00,sapmachine-20,95999882,False,sapmachine-jre-20_linux-x64_bin.tar.gz,linux,x64,jre,4971
2026-10-09T03:20:19+00:00,sapmachine-20,95999882,False,sapmachine-jdk-20_linux-x64_bin-symbols.tar.gz,linux,x64,jdk,7
2026-10-09T03:20:19+00:00,sapmachine-20,95999882,False,sapmachine-jdk-20-1.x86_64.rpm,linux,x64,jdk,3639
2026-10-09T03:20:19+00:00,sapmachine-20,95999882,False,sapmachine-jdk-20_linux-aarch64_bin.tar.gz,linux,aarch64,jdk,3745
2026-10-09T03:20:19+00:00,sapmachine-20,95999882,False,sapmachine-jre-20_linux-aarch64_bin.tar.gz,linux,aarch64,jre,3624
2026-10-09T03:20:19+00:00,sapmachine-20,95999882,False,sapmachine-jdk-20_linux-aarch64_bin-symbols.tar.gz,linux,aarch64,jdk,10
2026-10-09T03:20:19+00:00,sapmachine-20,95999882,False,sapmachine-jdk-20_linux-ppc64le_bin.tar.gz,linux,ppc64,jdk,3647
2026-10-09T03:20:19+00:00,sapmachine-20,95999882,False,sapmachine-jre-20_linux-ppc64le_bin.tar.gz,linux,ppc64,jre,3603
2026-10-09T03:20:19+00:00,sapmachine-20,95999882,False,sapmachine-jdk-20_linux-ppc64le_bin-symbols.tar.gz,linux,ppc64,jdk,8
2026-10-09T03:20:19+00:00,sapmachine-20,95999882,False,sapmachine-jdk-20_windows-x64_bin.zip,windows,x64,jdk,4755
2026-10-09T03:20:19+00:00,sapmachine-20,95999882,False,sapmachine-jre-20_windows-x64_bin.zip,windows,x64,jre,3725
2026-10-09T03:20:19+00:00,sapmachine-20,95999882,False,sapmachine-jdk-20_windows-x64_bin-symbols.tar.gz,windows,x64,jdk,5
2026-10-09T03:20:19+00:00,sapmachine-20,95999882,False,sapmachine-jdk-20_macos-x64_bin.tar.gz,macos,x64,jdk,4029
2026-10-09T03:20:19+00:00,sapmachine-20,95999882,False,sapmachine-jre-20_macos-x64_bin.tar.gz,macos,x64,jre,3690
2026-10-09T03:20:19+00:00,sapmachine-20,95999882,False,sapmachine-jdk-20_macos-x64_bin-symbols.tar.gz,macos,x64,jdk,30
2026-10-09T03:20:19+00:00,sapmachine-20,95999882,False,sapmachine-jdk-20_macos-x64_bin.dmg,macos,x64,jdk,4166
2026-10-09T03:20:19+00:00,sapmachine-20,95999882,False,sapmachine-jre-20_macos-x64_bin.dmg,macos,x64,jre,3553
2026-10-09T03:20:19+00:00,sapmachine-20,95999882,False,sapmachine-jdk-20_macos-aarch64_bin.tar.gz,macos,aarch64,jdk,4090
2026-10-09T03:20:19+00:00,sapmachine-20,95999882,False,sapmachine-jre-20_macos-aarch64_bin.tar.gz,macos,aarch64,jre,3639
2026-10-09T03:20:19+00:00,sapmachine-20,95999882,False,sapmachine-jdk-20_macos-aarch64_bin-symbols.tar.gz,macos,aarch64,jdk,29
2026-10-09T03:20:19+00:00,sapmachine-20,95999882,False,sapmachine-jdk-20_macos-aarch64_bin.dmg,macos,aarch64,jdk,3819
2026-10-09T03:20:19+00:00,sapmachine-20,95999882,False,sapmachine-jre-20_macos-aarch64_bin.dmg,macos,aarch64,jre,3533
2026-10-09T03:20:19+00:00,sapmachine-20,95999882,False,sapmachine-jdk-20_windows-x64_bin.msi,windows,x64,jdk,4304
2026-10-09T03:20:19+00:00,sapmachine-20,95999882,False,sapmachine-jre-20_windows-x64_bin.msi,windows,x64,jre,3819
2026-10-09T03:20:19+00:00,sapmachine-19.0.2,89316748,False,sapmachine-jdk-19.0.2_linux-x64_bin.tar.gz,linux,x64,jdk,5129
2026-10-09T03:20:19+00:00,sapmachine-19.0.2,89316748,False,sapmachine-jre-19.0.2_linux-x64_bin.tar.gz,linux,x64,jre,5113
2026-10-09T03:20:19+00:00,sapmachine-19.0.2,89316748,False,sapmachine-jdk-19.0.2_linux-x64_bin-symbols.tar.gz,linux,x64,jdk,8
2026-10-09T03:20:19+00:00,sapmachine-19.0.2,89316748,False,sapmachine-jdk-19.0.2-beta_linux-x64-musl_bin.tar.gz,alpine,x64,jdk,3294
2026-10-09T03:20:19+00:00,sapmachine-19.0.2,89316748,False,sapmachine-jre-19.0.2-beta_linux-x64-musl_bin.tar.gz,alpine,x64,jre,3290
2026-10-09T03:20:19+00:00,sapmachine-19.0.2,89316748,False,sapmachine-jdk-19.0.2-beta_linux-x64-musl_bin-symbols.tar.gz,alpine,x64,jdk,8
2026-10-09T03:20:19+00:00,sapmachine-19.0.2,89316748,False,sapmachine-jdk-19.0.2-1.x86_64.rpm,linux,x64,jdk,4825
2026-10-09T03:20:19+00:00,sapmachine-19.0.2,89316748,False,sapmachine-jdk-19.0.2_linux-aarch64_bin.tar.gz,linux,aarch64,jdk,3928
2026-10-09T03:20:19+00:00,sapmachine-19.0.2,89316748,False,sapmachine-jre-19.0.2_linux-aarch64_bin.tar.gz,linux,aarch64,jre,3739
2026-10-09T03:20:19+00:00,sapmachine-19.0.2,89316748,False,sapmachine-jdk-19.0.2_linux-aarch64_bin-symbols.tar.gz,linux,aarch64,jdk,7
2026-10-09T03:20:19+00:00,sapmachine-19.0.2,89316748,False,sapmachine-jdk-19.0.2_windows-x64_bin.zip,windows,x64,jdk,5205
2026-10-09T03:20:19+00:00,sapmachine-19.0.2,89316748,False,sapmachine-jre-19.0.2_windows-x64_bin.zip,windows,x64,jre,3892
2026-10-09T03:20:19+00:00,sapmachine-19.0.2,89316748,False,sapmachine-jdk-19.0.2_windows-x64_bin-symbols.tar.gz,windows,x64,jdk,6
2026-10-09T03:20:19+00:00,sapmachine-19.0.2,89316748,False,sapmachine-jdk-19.0.2_windows-x64_bin.msi,windows,x64,jdk,6398
2026-10-09T03:20:19+00:00,sapmachine-19.0.2,89316748,False,sapmachine-jre-19.0.2_windows-x64_bin.msi,windows,x64,jre,4168
2026-10-09T03:20:19+00:00,sapmachine-19.0.2,89316748,False,sapmachine-jdk-19.0.2_linux-ppc64le_bin.tar.gz,linux,ppc64,jdk,3752
2026-10-09T03:20:19+00:00,sapmachine-19.0.2,89316748,False,sapmachine-jre-19.0.2_linux-ppc64le_bin.tar.gz,linux,ppc64,jre,3745
2026-10-09T03:20:19+00:00,sapmachine-19.0.2,89316748,False,sapmachine-jdk-19.0.2_linux-ppc64le_bin-symbols.tar.gz,linux,ppc64,jdk,7
2026-10-09T03:20:19+00:00,sapmachine-19.0.2,89316748,False,sapmachine-jdk-19.0.2_macos-x64_bin.tar.gz,macos,x64,jdk,4551
2026-10-09T03:20:19+00:00,sapmachine-19.0.2,89316748,False,sapmachine-jre-19.0.2_macos-x64_bin.tar.gz,macos,x64,jre,3736
2026-10-09T03:20:19+00:00,sapmachine-19.0.2,89316748,False,sapmachine-jdk-19.0.2_macos-x64_bin-symbols.tar.gz,macos,x64,jdk,3
2026-10-09T03:20:19+00:00,sapmachine-19.0.2,89316748,False,sapmachine-jdk-19.0.2_macos-x64_bin.dmg,macos,x64,jdk,5092
2026-10-09T03:20:19+00:00,sapmachine-19.0.2,89316748,False,sapmachine-jre-19.0.2_macos-x64_bin.dmg,macos,x64,jre,3645
2026-10-09T03:20:19+00:00,sapmachine-19.0.2,89316748,False,sapmachine-jdk-19.0.2_macos-aarch64_bin.tar.gz,macos,aarch64,jdk,4590
2026-10-09T03:20:19+00:00,sapmachine-19.0.2,89316748,False,sapmachine-jre-19.0.2_macos-aarch64_bin.tar.gz,macos,aarch64,jre,3724
2026-10-09T03:20:19+00:00,sapmachine-19.0.2,89316748,False,sapmachine-jdk-19.0.2_macos-aarch64_bin-symbols.tar.gz,macos,aarch64,jdk,6
2026-10-09T03:20:19+00:00,sapmachine-19.0.2,89316748,False,sapmachine-jdk-19.0.2_macos-aarch64_bin.dmg,macos,aarch64,jdk,4370
2026-10-09T03:20:19+00:00,sapmachine-19.0.2,89316748,False,sapmachine-jre-19.0.2_macos-aarch64_bin.dmg,macos,aarch64,jre,3731
2026-10-09T03:20:19+00:00,sapmachine-17.0.6,89420725,False,sapmachine-jdk-17.0.6_linux-x64_bin.tar.gz,linux,x64,jdk,705111
2026-10-09T03:20:19+00:00,sapmachine-17.0.6,89420725,False,sapmachine-jre-17.0.6_linux-x64_bin.tar.gz,linux,x64,jre,38997
2026-10-09T03:20:19+00:00,sapmachine-17.0.6,89420725,False,sapmachine-jdk-17.0.6_linux-x64_bin-symbols.tar.gz,linux,x64,jdk,2
2026-10-09T03:20:19+00:00,sapmachine-17.0.6,89420725,False,sapmachine-jdk-17.0.6-beta_linux-x64-musl_bin.tar.gz,alpine,x64,jdk,3300
2026-10-09T03:20:19+00:00,sapmachine-17.0.6,89420725,False,sapmachine-jre-17.0.6-beta_linux-x64-musl_bin.tar.gz,alpine,x64,jre,3277
2026-10-09T03:20:19+00:00,sapmachine-17.0.6,89420725,False,sapmachine-jdk-17.0.6-beta_linux-x64-musl_bin-symbols.tar.gz,alpine,x64,jdk,5
2026-10-09T03:20:19+00:00,sapmachine-17.0.6,89420725,False,sapmachine-jdk-17.0.6_linux-aarch64_bin.tar.gz,linux,aarch64,jdk,4233
2026-10-09T03:20:19+00:00,sapmachine-17.0.6,89420725,False,sapmachine-jre-17.0.6_linux-aarch64_bin.tar.gz,linux,aarch64,jre,3816
2026-10-09T03:20:19+00:00,sapmachine-17.0.6,89420725,False,sapmachine-jdk-17.0.6_linux-aarch64_bin-symbols.tar.gz,linux,aarch64,jdk,1
2026-10-09T03:20:19+00:00,sapmachine-17.0.6,89420725,False,sapmachine-jdk-17.0.6-1.x86_64.rpm,linux,x64,jdk,4491
2026-10-09T03:20:19+00:00,sapmachine-17.0.6,89420725,False,sapmachine-jdk-17.0.6_windows-x64_bin.zip,windows,x64,jdk,6152
2026-10-09T03:20:19+00:00,sapmachine-17.0.6,89420725,False,sapmachine-jre-17.0.6_windows-x64_bin.zip,windows,x64,jre,3967
2026-10-09T03:20:19+00:00,sapmachine-17.0.6,89420725,False,sapmachine-jdk-17.0.6_windows-x64_bin-symbols.tar.gz,windows,x64,jdk,3
2026-10-09T03:20:19+00:00,sapmachine-17.0.6,89420725,False,sapmachine-jdk-17.0.6_windows-x64_bin.msi,windows,x64,jdk,6675
2026-10-09T03:20:19+00:00,sapmachine-17.0.6,89420725,False,sapmachine-jre-17.0.6_windows-x64_bin.msi,windows,x64,jre,4427
2026-10-09T03:20:19+00:00,sapmachine-17.0.6,89420725,False,sapmachine-jdk-17.0.6_linux-ppc64le_bin.tar.gz,linux,ppc64,jdk,3805
2026-10-09T03:20:19+00:00,sapmachine-17.0.6,89420725,False,sapmachine-jre-17.0.6_linux-ppc64le_bin.tar.gz,linux,ppc64,jre,3649
2026-10-09T03:20:19+00:00,sapmachine-17.0.6,89420725,False,sapmachine-jdk-17.0.6_linux-ppc64le_bin-symbols.tar.gz,linux,ppc64,jdk,1
2026-10-09T03:20:19+00:00,sapmachine-17.0.6,89420725,False,sapmachine-jdk-17.0.6_macos-x64_bin.tar.gz,macos,x64,jdk,5558
2026-10-09T03:20:19+00:00,sapmachine-17.0.6,89420725,False,sapmachine-jre-17.0.6_macos-x64_bin.tar.gz,macos,x64,jre,3822
2026-10-09T03:20:19+00:00,sapmachine-17.0.6,89420725,False,sapmachine-jdk-17.0.6_macos-x64_bin-symbols.tar.gz,macos,x64,jdk,15
2026-10-09T03:20:19+00:00,sapmachine-17.0.6,89420725,False,sapmachine-jdk-17.0.6_macos-x64_bin.dmg,macos,x64,jdk,9877
2026-10-09T03:20:19+00:00,sapmachine-17.0.6,89420725,False,sapmachine-jre-17.0.6_macos-x64_bin.dmg,macos,x64,jre,3862
2026-10-09T03:20:19+00:00,sapmachine-17.0.6,89420725,False,sapmachine-jdk-17.0.6_macos-aarch64_bin.tar.gz,macos,aarch64,jdk,5478
2026-10-09T03:20:19+00:00,sapmachine-17.0.6,89420725,False,sapmachine-jre-17.0.6_macos-aarch64_bin.tar.gz,macos,aarch64,jre,3796
2026-10-09T03:20:19+00:00,sapmachine-17.0.6,89420725,False,sapmachine-jdk-17.0.6_macos-aarch64_bin-symbols.tar.gz,macos,aarch64,jdk,37
2026-10-09T03:20:19+00:00,sapmachine-17.0.6,89420725,False,sapmachine-jdk-17.0.6_macos-aarch64_bin.dmg,macos,aarch64,jdk,9279
2026-10-09T03:20:19+00:00,sapmachine-17.0.6,89420725,False,sapmachine-jre-17.0.6_macos-aarch64_bin.dmg,macos,aarch64,jre,3747
2026-10-09T03:20:19+00:00,sapmachine-11.0.18,89317781,False,sapmachine-jdk-11.0.18_linux-x64_bin.tar.gz,linux,x64,jdk,90559
2026-10-09T03:20:19+00:00,sapmachine-11.0.18,89317781,False,sapmachine-jre-11.0.18_linux-x64_bin.tar.gz,linux,x64,jre,35851
2026-10-09T03:20:19+00:00,sapmachine-11.0.18,89317781,False,sapmachine-jdk-11.0.18_linux-x64_bin-symbols.tar.gz,linux,x64,jdk,38
2026-10-09T03:20:19+00:00,sapmachine-11.0.18,89317781,False,sapmachine-jdk-11.0.18_linux-aarch64_bin.tar.gz,linux,aarch64,jdk,3895
2026-10-09T03:20:19+00:00,sapmachine-11.0.18,89317781,False,sapmachine-jre-11.0.18_linux-aarch64_bin.tar.gz,linux,aarch64,jre,3688
2026-10-09T03:20:19+00:00,sapmachine-11.0.18,89317781,False,sapmachine-jdk-11.0.18_linux-aarch64_bin-symbols.tar.gz,linux,aarch64,jdk,3
2026-10-09T03:20:19+00:00,sapmachine-11.0.18,89317781,False,sapmachine-jdk-11.0.18-1.x86_64.rpm,linux,x64,jdk,3897
2026-10-09T03:20:19+00:00,sapmachine-11.0.18,89317781,False,sapmachine-jdk-11.0.18_windows-x64_bin.zip,windows,x64,jdk,5747
2026-10-09T03:20:19+00:00,sapmachine-11.0.18,89317781,False,sapmachine-jre-11.0.18_windows-x64_bin.zip,windows,x64,jre,4073
2026-10-09T03:20:19+00:00,sapmachine-11.0.18,89317781,False,sapmachine-jdk-11.0.18_windows-x64_bin-symbols.tar.gz,windows,x64,jdk,4
2026-10-09T03:20:19+00:00,sapmachine-11.0.18,89317781,False,sapmachine-jdk-11.0.18_windows-x64_bin.msi,windows,x64,jdk,5531
2026-10-09T03:20:19+00:00,sapmachine-11.0.18,89317781,False,sapmachine-jre-11.0.18_windows-x64_bin.msi,windows,x64,jre,4171
2026-10-09T03:20:19+00:00,sapmachine-11.0.18,89317781,False,sapmachine-jdk-11.0.18_linux-ppc64le_bin.tar.gz,linux,ppc64,jdk,3706
2026-10-09T03:20:19+00:00,sapmachine-11.0.18,89317781,False,sapmachine-jre-11.0.18_linux-ppc64le_bin.tar.gz,linux,ppc64,jre,3752
2026-10-09T03:20:19+00:00,sapmachine-11.0.18,89317781,False,sapmachine-jdk-11.0.18_linux-ppc64le_bin-symbols.tar.gz,linux,ppc64,jdk,3
2026-10-09T03:20:19+00:00,sapmachine-11.0.18,89317781,False,sapmachine-jdk-11.0.18_macos-x64_bin.tar.gz,macos,x64,jdk,5149
2026-10-09T03:20:19+00:00,sapmachine-11.0.18,89317781,False,sapmachine-jre-11.0.18_macos-x64_bin.tar.gz,macos,x64,jre,3744
2026-10-09T03:20:19+00:00,sapmachine-11.0.18,89317781,False,sapmachine-jdk-11.0.18_macos-x64_bin-symbols.tar.gz,macos,x64,jdk,2
2026-10-09T03:20:19+00:00,sapmachine-11.0.18,89317781,False,sapmachine-jdk-11.0.18_macos-x64_bin.dmg,macos,x64,jdk,7009
2026-10-09T03:20:19+00:00,sapmachine-11.0.18,89317781,False,sapmachine-jre-11.0.18_macos-x64_bin.dmg,macos,x64,jre,3883
2026-10-09T03:20:19+00:00,sapmachine-11.0.18,89317781,False,sapmachine-jdk-11.0.18_macos-aarch64_bin.tar.gz,macos,aarch64,jdk,4840
2026-10-09T03:20:19+00:00,sapmachine-11.0.18,89317781,False,sapmachine-jre-11.0.18_macos-aarch64_bin.tar.gz,macos,aarch64,jre,3776
2026-10-09T03:20:19+00:00,sapmachine-11.0.18,89317781,False,sapmachine-jdk-11.0.18_macos-aarch64_bin-symbols.tar.gz,macos,aarch64,jdk,2
2026-10-09T03:20:19+00:00,sapmachine-11.0.18,89317781,False,sapmachine-jdk-11.0.18_macos-aarch64_bin.dmg,macos,aarch64,jdk,6685
2026-10-09T03:20:19+00:00,sapmachine-11.0.18,89317781,False,sapmachine-jre-11.0.18_macos-aarch64_bin.dmg,macos,aarch64,jre,3834
2026-10-09T03:20:19+00:00,sapmachine-19.0.1,80227193,False,sapmachine-jdk-19.0.1_linux-x64_bin.tar.gz,linux,x64,jdk,5020
2026-10-09T03:20:19+00:00,sapmachine-19.0.1,80227193,False,sapmachine-jre-19.0.1_linux-x64_bin.tar.gz,linux,x64,jre,5367
2026-10-09T03:20:19+00:00,sapmachine-19.0.1,80227193,False,sapmachine-jdk-19.0.1_linux-x64_bin-symbols.tar.gz,linux,x64,jdk,6
2026-10-09T03:20:19+00:00,sapmachine-19.0.1,80227193,False,sapmachine-jdk-19.0.1-beta_linux-x64-musl_bin.tar.gz,alpine,x64,jdk,3370
2026-10-09T03:20:19+00:00,sapmachine-19.0.1,80227193,False,sapmachine-jre-19.0.1-beta_linux-x64-musl_bin.tar.gz,alpine,x64,jre,3379
2026-10-09T03:20:19+00:00,sapmachine-19.0.1,80227193,False,sapmachine-jdk-19.0.1-beta_linux-x64-musl_bin-symbols.tar.gz,alpine,x64,jdk,6
2026-10-09T03:20:19+00:00,sapmachine-19.0.1,80227193,False,sapmachine-jdk-19.0.1_linux-aarch64_bin.tar.gz,linux,aarch64,jdk,4007
2026-10-09T03:20:19+00:00,sapmachine-19.0.1,80227193,False,sapmachine-jre-19.0.1_linux-aarch64_bin.tar.gz,linux,aarch64,jre,3841
2026-10-09T03:20:19+00:00,sapmachine-19.0.1,80227193,False,sapmachine-jdk-19.0.1_linux-aarch64_bin-symbols.tar.gz,linux,aarch64,jdk,5
2026-10-09T03:20:19+00:00,sapmachine-19.0.1,80227193,False,sapmachine-jdk-19.0.1_windows-x64_bin.zip,windows,x64,jdk,5235
2026-10-09T03:20:19+00:00,sapmachine-19.0.1,80227193,False,sapmachine-jre-19.0.1_windows-x64_bin.zip,windows,x64,jre,4002
2026-10-09T03:20:19+00:00,sapmachine-19.0.1,80227193,False,sapmachine-jdk-19.0.1_windows-x64_bin-symbols.tar.gz,windows,x64,jdk,3
2026-10-09T03:20:19+00:00,sapmachine-19.0.1,80227193,False,sapmachine-jdk-19.0.1_windows-x64_bin.msi,windows,x64,jdk,7865
2026-10-09T03:20:19+00:00,sapmachine-19.0.1,80227193,False,sapmachine-jre-19.0.1_windows-x64_bin.msi,windows,x64,jre,4494
2026-10-09T03:20:19+00:00,sapmachine-19.0.1,80227193,False,sapmachine-jdk-19.0.1_linux-ppc64le_bin.tar.gz,linux,ppc64,jdk,3887
2026-10-09T03:20:19+00:00,sapmachine-19.0.1,80227193,False,sapmachine-jre-19.0.1_linux-ppc64le_bin.tar.gz,linux,ppc64,jre,3793
2026-10-09T03:20:19+00:00,sapmachine-19.0.1,80227193,False,sapmachine-jdk-19.0.1_linux-ppc64le_bin-symbols.tar.gz,linux,ppc64,jdk,3
2026-10-09T03:20:19+00:00,sapmachine-19.0.1,80227193,False,sapmachine-jdk-19.0.1-1.x86_64.rpm,linux,x64,jdk,3815
2026-10-09T03:20:19+00:00,sapmachine-19.0.1,80227193,False,sapmachine-jdk-19.0.1_macos-x64_bin.tar.gz,macos,x64,jdk,4740
2026-10-09T03:20:19+00:00,sapmachine-19.0.1,80227193,False,sapmachine-jre-19.0.1_macos-x64_bin.tar.gz,macos,x64,jre,3874
2026-10-09T03:20:19+00:00,sapmachine-19.0.1,80227193,False,sapmachine-jdk-19.0.1_macos-x64_bin-symbols.tar.gz,macos,x64,jdk,4
2026-10-09T03:20:19+00:00,sapmachine-19.0.1,80227193,False,sapmachine-jdk-19.0.1_macos-x64_bin.dmg,macos,x64,jdk,6679
2026-10-09T03:20:19+00:00,sapmachine-19.0.1,80227193,False,sapmachine-jre-19.0.1_macos-x64_bin.dmg,macos,x64,jre,3841
2026-10-09T03:20:19+00:00,sapmachine-19.0.1,80227193,False,sapmachine-jdk-19.0.1_macos-aarch64_bin.tar.gz,macos,aarch64,jdk,4801
2026-10-09T03:20:19+00:00,sapmachine-19.0.1,80227193,False,sapmachine-jre-19.0.1_macos-aarch64_bin.tar.gz,macos,aarch64,jre,3906
2026-10-09T03:20:19+00:00,sapmachine-19.0.1,80227193,False,sapmachine-jdk-19.0.1_macos-aarch64_bin-symbols.tar.gz,macos,aarch64,jdk,6
2026-10-09T03:20:19+00:00,sapmachine-19.0.1,80227193,False,sapmachine-jdk-19.0.1_macos-aarch64_bin.dmg,macos,aarch64,jdk,4819
2026-10-09T03:20:19+00:00,sapmachine-19.0.1,80227193,False,sapmachine-jre-19.0.1_macos-aarch64_bin.dmg,macos,aarch64,jre,3813
2026-10-09T03:20:19+00:00,sapmachine-17.0.5,80227273,False,sapmachine-jdk-17.0.5_linux-x64_bin.tar.gz,linux,x64,jdk,136292
2026-10-09T03:20:19+00:00,sapmachine-17.0.5,80227273,False,sapmachine-jre-17.0.5_linux-x64_bin.tar.gz,linux,x64,jre,144307
2026-10-09T03:20:19+00:00,sapmachine-17.0.5,80227273,False,sapmachine-jdk-17.0.5_linux-x64_bin-symbols.tar.gz,linux,x64,jdk,7
2026-10-09T03:20:19+00:00,sapmachine-17.0.5,80227273,False,sapmachine-jdk-17.0.5-beta_linux-x64-musl_bin.tar.gz,alpine,x64,jdk,3388
2026-10-09T03:20:19+00:00,sapmachine-17.0.5,80227273,False,sapmachine-jre-17.0.5-beta_linux-x64-musl_bin.tar.gz,alpine,x64,jre,3381
2026-10-09T03:20:19+00:00,sapmachine-17.0.5,80227273,False,sapmachine-jdk-17.0.5-beta_linux-x64-musl_bin-symbols.tar.gz,alpine,x64,jdk,5
2026-10-09T03:20:19+00:00,sapmachine-17.0.5,80227273,False,sapmachine-jdk-17.0.5_linux-aarch64_bin.tar.gz,linux,aarch64,jdk,7925
2026-10-09T03:20:19+00:00,sapmachine-17.0.5,80227273,False,sapmachine-jre-17.0.5_linux-aarch64_bin.tar.gz,linux,aarch64,jre,3823
2026-10-09T03:20:19+00:00,sapmachine-17.0.5,80227273,False,sapmachine-jdk-17.0.5_linux-aarch64_bin-symbols.tar.gz,linux,aarch64,jdk,5
2026-10-09T03:20:19+00:00,sapmachine-17.0.5,80227273,False,sapmachine-jdk-17.0.5_windows-x64_bin.zip,windows,x64,jdk,5627
2026-10-09T03:20:19+00:00,sapmachine-17.0.5,80227273,False,sapmachine-jre-17.0.5_windows-x64_bin.zip,windows,x64,jre,4102
2026-10-09T03:20:19+00:00,sapmachine-17.0.5,80227273,False,sapmachine-jdk-17.0.5_windows-x64_bin-symbols.tar.gz,windows,x64,jdk,4
2026-10-09T03:20:19+00:00,sapmachine-17.0.5,80227273,False,sapmachine-jdk-17.0.5_windows-x64_bin.msi,windows,x64,jdk,6384
2026-10-09T03:20:19+00:00,sapmachine-17.0.5,80227273,False,sapmachine-jre-17.0.5_windows-x64_bin.msi,windows,x64,jre,4272
2026-10-09T03:20:19+00:00,sapmachine-17.0.5,80227273,False,sapmachine-jdk-17.0.5_linux-ppc64le_bin.tar.gz,linux,ppc64,jdk,3947
2026-10-09T03:20:19+00:00,sapmachine-17.0.5,80227273,False,sapmachine-jre-17.0.5_linux-ppc64le_bin.tar.gz,linux,ppc64,jre,3770
2026-10-09T03:20:19+00:00,sapmachine-17.0.5,80227273,False,sapmachine-jdk-17.0.5_linux-ppc64le_bin-symbols.tar.gz,linux,ppc64,jdk,4
2026-10-09T03:20:19+00:00,sapmachine-17.0.5,80227273,False,sapmachine-jdk-17.0.5-1.x86_64.rpm,linux,x64,jdk,9046
2026-10-09T03:20:19+00:00,sapmachine-17.0.5,80227273,False,sapmachine-jdk-17.0.5_macos-x64_bin.tar.gz,macos,x64,jdk,5271
2026-10-09T03:20:19+00:00,sapmachine-17.0.5,80227273,False,sapmachine-jre-17.0.5_macos-x64_bin.tar.gz,macos,x64,jre,3849
2026-10-09T03:20:19+00:00,sapmachine-17.0.5,80227273,False,sapmachine-jdk-17.0.5_macos-x64_bin-symbols.tar.gz,macos,x64,jdk,3
2026-10-09T03:20:19+00:00,sapmachine-17.0.5,80227273,False,sapmachine-jdk-17.0.5_macos-x64_bin.dmg,macos,x64,jdk,8907
2026-10-09T03:20:19+00:00,sapmachine-17.0.5,80227273,False,sapmachine-jre-17.0.5_macos-x64_bin.dmg,macos,x64,jre,3798
2026-10-09T03:20:19+00:00,sapmachine-17.0.5,80227273,False,sapmachine-jdk-17.0.5_macos-aarch64_bin.tar.gz,macos,aarch64,jdk,5150
2026-10-09T03:20:19+00:00,sapmachine-17.0.5,80227273,False,sapmachine-jre-17.0.5_macos-aarch64_bin.tar.gz,macos,aarch64,jre,3866
2026-10-09T03:20:19+00:00,sapmachine-17.0.5,80227273,False,sapmachine-jdk-17.0.5_macos-aarch64_bin-symbols.tar.gz,macos,aarch64,jdk,2
2026-10-09T03:20:19+00:00,sapmachine-17.0.5,80227273,False,sapmachine-jdk-17.0.5_macos-aarch64_bin.dmg,macos,aarch64,jdk,8333
2026-10-09T03:20:19+00:00,sapmachine-17.0.5,80227273,False,sapmachine-jre-17.0.5_macos-aarch64_bin.dmg,macos,aarch64,jre,3780
2026-10-09T03:20:19+00:00,sapmachine-11.0.17,80228007,False,sapmachine-jdk-11.0.17_linux-x64_bin.tar.gz,linux,x64,jdk,98959
2026-10-09T03:20:19+00:00,sapmachine-11.0.17,80228007,False,sapmachine-jre-11.0.17_linux-x64_bin.tar.gz,linux,x64,jre,39523
2026-10-09T03:20:19+00:00,sapmachine-11.0.17,80228007,False,sapmachine-jdk-11.0.17_linux-x64_bin-symbols.tar.gz,linux,x64,jdk,1
2026-10-09T03:20:19+00:00,sapmachine-11.0.17,80228007,False,sapmachine-jdk-11.0.17_linux-aarch64_bin.tar.gz,linux,aarch64,jdk,4361
2026-10-09T03:20:19+00:00,sapmachine-11.0.17,80228007,False,sapmachine-jre-11.0.17_linux-aarch64_bin.tar.gz,linux,aarch64,jre,3824
2026-10-09T03:20:19+00:00,sapmachine-11.0.17,80228007,False,sapmachine-jdk-11.0.17_linux-aarch64_bin-symbols.tar.gz,linux,aarch64,jdk,3
2026-10-09T03:20:19+00:00,sapmachine-11.0.17,80228007,False,sapmachine-jdk-11.0.17_windows-x64_bin.zip,windows,x64,jdk,5482
2026-10-09T03:20:19+00:00,sapmachine-11.0.17,80228007,False,sapmachine-jre-11.0.17_windows-x64_bin.zip,windows,x64,jre,4099
2026-10-09T03:20:19+00:00,sapmachine-11.0.17,80228007,False,sapmachine-jdk-11.0.17_windows-x64_bin-symbols.tar.gz,windows,x64,jdk,1
2026-10-09T03:20:19+00:00,sapmachine-11.0.17,80228007,False,sapmachine-jdk-11.0.17_windows-x64_bin.msi,windows,x64,jdk,5594
2026-10-09T03:20:19+00:00,sapmachine-11.0.17,80228007,False,sapmachine-jre-11.0.17_windows-x64_bin.msi,windows,x64,jre,4253
2026-10-09T03:20:19+00:00,sapmachine-11.0.17,80228007,False,sapmachine-jdk-11.0.17_linux-ppc64le_bin.tar.gz,linux,ppc64,jdk,3928
2026-10-09T03:20:19+00:00,sapmachine-11.0.17,80228007,False,sapmachine-jre-11.0.17_linux-ppc64le_bin.tar.gz,linux,ppc64,jre,3770
2026-10-09T03:20:19+00:00,sapmachine-11.0.17,80228007,False,sapmachine-jdk-11.0.17_linux-ppc64le_bin-symbols.tar.gz,linux,ppc64,jdk,1
2026-10-09T03:20:19+00:00,sapmachine-11.0.17,80228007,False,sapmachine-jdk-11.0.17-1.x86_64.rpm,linux,x64,jdk,4482
2026-10-09T03:20:19+00:00,sapmachine-11.0.17,80228007,False,sapmachine-jdk-11.0.17_macos-x64_bin.tar.gz,macos,x64,jdk,5049
2026-10-09T03:20:19+00:00,sapmachine-11.0.17,80228007,False,sapmachine-jre-11.0.17_macos-x64_bin.tar.gz,macos,x64,jre,3849
2026-10-09T03:20:19+00:00,sapmachine-11.0.17,80228007,False,sapmachine-jdk-11.0.17_macos-x64_bin-symbols.tar.gz,macos,x64,jdk,3
2026-10-09T03:20:19+00:00,sapmachine-11.0.17,80228007,False,sapmachine-jdk-11.0.17_macos-x64_bin.dmg,macos,x64,jdk,7003
2026-10-09T03:20:19+00:00,sapmachine-11.0.17,80228007,False,sapmachine-jre-11.0.17_macos-x64_bin.dmg,macos,x64,jre,3826
2026-10-09T03:20:19+00:00,sapmachine-11.0.17,80228007,False,sapmachine-jdk-11.0.17_macos-aarch64_bin.tar.gz,macos,aarch64,jdk,4860
2026-10-09T03:20:19+00:00,sapmachine-11.0.17,80228007,False,sapmachine-jre-11.0.17_macos-aarch64_bin.tar.gz,macos,aarch64,jre,3888
2026-10-09T03:20:19+00:00,sapmachine-11.0.17,80228007,False,sapmachine-jdk-11.0.17_macos-aarch64_bin-symbols.tar.gz,macos,aarch64,jdk,4
2026-10-09T03:20:19+00:00,sapmachine-11.0.17,80228007,False,sapmachine-jdk-11.0.17_macos-aarch64_bin.dmg,macos,aarch64,jdk,6503
2026-10-09T03:20:19+00:00,sapmachine-11.0.17,80228007,False,sapmachine-jre-11.0.17_macos-aarch64_bin.dmg,macos,aarch64,jre,3759
2026-10-09T03:20:19+00:00,sapmachine-19,77507122,False,sapmachine-jdk-19_linux-x64_bin.tar.gz,linux,x64,jdk,4571
2026-10-09T03:20:19+00:00,sapmachine-19,77507122,False,sapmachine-jre-19_linux-x64_bin.tar.gz,linux,x64,jre,5295
2026-10-09T03:20:19+00:00,sapmachine-19,77507122,False,sapmachine-jdk-19_linux-x64_bin-symbols.tar.gz,linux,x64,jdk,9
2026-10-09T03:20:19+00:00,sapmachine-19,77507122,False,sapmachine-jdk-19-beta_linux-x64-musl_bin.tar.gz,alpine,x64,jdk,3563
2026-10-09T03:20:19+00:00,sapmachine-19,77507122,False,sapmachine-jre-19-beta_linux-x64-musl_bin.tar.gz,alpine,x64,jre,3403
2026-10-09T03:20:19+00:00,sapmachine-19,77507122,False,sapmachine-jdk-19-beta_linux-x64-musl_bin-symbols.tar.gz,alpine,x64,jdk,8
2026-10-09T03:20:19+00:00,sapmachine-19,77507122,False,sapmachine-jdk-19_linux-aarch64_bin.tar.gz,linux,aarch64,jdk,4031
2026-10-09T03:20:19+00:00,sapmachine-19,77507122,False,sapmachine-jre-19_linux-aarch64_bin.tar.gz,linux,aarch64,jre,3864
2026-10-09T03:20:19+00:00,sapmachine-19,77507122,False,sapmachine-jdk-19_linux-aarch64_bin-symbols.tar.gz,linux,aarch64,jdk,9
2026-10-09T03:20:19+00:00,sapmachine-19,77507122,False,sapmachine-jdk-19-1.x86_64.rpm,linux,x64,jdk,3806
2026-10-09T03:20:19+00:00,sapmachine-19,77507122,False,sapmachine-jdk-19_windows-x64_bin.zip,windows,x64,jdk,4657
2026-10-09T03:20:19+00:00,sapmachine-19,77507122,False,sapmachine-jre-19_windows-x64_bin.zip,windows,x64,jre,3929
2026-10-09T03:20:19+00:00,sapmachine-19,77507122,False,sapmachine-jdk-19_windows-x64_bin-symbols.tar.gz,windows,x64,jdk,8
2026-10-09T03:20:19+00:00,sapmachine-19,77507122,False,sapmachine-jdk-19_windows-x64_bin.msi,windows,x64,jdk,5511
2026-10-09T03:20:19+00:00,sapmachine-19,77507122,False,sapmachine-jre-19_windows-x64_bin.msi,windows,x64,jre,4154
2026-10-09T03:20:19+00:00,sapmachine-19,77507122,False,sapmachine-jdk-19_linux-ppc64le_bin.tar.gz,linux,ppc64,jdk,3845
2026-10-09T03:20:19+00:00,sapmachine-19,77507122,False,sapmachine-jre-19_linux-ppc64le_bin.tar.gz,linux,ppc64,jre,3845
2026-10-09T03:20:19+00:00,sapmachine-19,77507122,False,sapmachine-jdk-19_linux-ppc64le_bin-symbols.tar.gz,linux,ppc64,jdk,8
2026-10-09T03:20:19+00:00,sapmachine-19,77507122,False,sapmachine-jdk-19_macos-x64_bin.tar.gz,macos,x64,jdk,4439
2026-10-09T03:20:19+00:00,sapmachine-19,77507122,False,sapmachine-jre-19_macos-x64_bin.tar.gz,macos,x64,jre,3856
2026-10-09T03:20:19+00:00,sapmachine-19,77507122,False,sapmachine-jdk-19_macos-x64_bin-symbols.tar.gz,macos,x64,jdk,3
2026-10-09T03:20:19+00:00,sapmachine-19,77507122,False,sapmachine-jdk-19_macos-x64_bin.dmg,macos,x64,jdk,4704
2026-10-09T03:20:19+00:00,sapmachine-19,77507122,False,sapmachine-jre-19_macos-x64_bin.dmg,macos,x64,jre,3779
2026-10-09T03:20:19+00:00,sapmachine-19,77507122,False,sapmachine-jdk-19_macos-aarch64_bin.tar.gz,macos,aarch64,jdk,4447
2026-10-09T03:20:19+00:00,sapmachine-19,77507122,False,sapmachine-jre-19_macos-aarch64_bin.tar.gz,macos,aarch64,jre,3894
2026-10-09T03:20:19+00:00,sapmachine-19,77507122,False,sapmachine-jdk-19_macos-aarch64_bin-symbols.tar.gz,macos,aarch64,jdk,4
2026-10-09T03:20:19+00:00,sapmachine-19,77507122,False,sapmachine-jdk-19_macos-aarch64_bin.dmg,macos,aarch64,jdk,4164
2026-10-09T03:20:19+00:00,sapmachine-19,77507122,False,sapmachine-jre-19_macos-aarch64_bin.dmg,macos,aarch64,jre,3816
2026-10-09T03:20:19+00:00,sapmachine-18.0.2.1,75143311,False,sapmachine-jdk-18.0.2.1_linux-x64_bin.tar.gz,linux,x64,jdk,13087
2026-10-09T03:20:19+00:00,sapmachine-18.0.2.1,75143311,False,sapmachine-jre-18.0.2.1_linux-x64_bin.tar.gz,linux,x64,jre,5521
2026-10-09T03:20:19+00:00,sapmachine-18.0.2.1,75143311,False,sapmachine-jdk-18.0.2.1_linux-x64_bin-symbols.tar.gz,linux,x64,jdk,5
2026-10-09T03:20:19+00:00,sapmachine-18.0.2.1,75143311,False,sapmachine-jdk-18.0.2.1-beta_linux-x64-musl_bin.tar.gz,alpine,x64,jdk,3430
2026-10-09T03:20:19+00:00,sapmachine-18.0.2.1,75143311,False,sapmachine-jre-18.0.2.1-beta_linux-x64-musl_bin.tar.gz,alpine,x64,jre,3434
2026-10-09T03:20:19+00:00,sapmachine-18.0.2.1,75143311,False,sapmachine-jdk-18.0.2.1-beta_linux-x64-musl_bin-symbols.tar.gz,alpine,x64,jdk,5
2026-10-09T03:20:19+00:00,sapmachine-18.0.2.1,75143311,False,sapmachine-jdk-18.0.2.1_linux-aarch64_bin.tar.gz,linux,aarch64,jdk,4000
2026-10-09T03:20:19+00:00,sapmachine-18.0.2.1,75143311,False,sapmachine-jre-18.0.2.1_linux-aarch64_bin.tar.gz,linux,aarch64,jre,3888
2026-10-09T03:20:19+00:00,sapmachine-18.0.2.1,75143311,False,sapmachine-jdk-18.0.2.1_linux-aarch64_bin-symbols.tar.gz,linux,aarch64,jdk,6
2026-10-09T03:20:19+00:00,sapmachine-18.0.2.1,75143311,False,sapmachine-jdk-18.0.2.1-1.x86_64.rpm,linux,x64,jdk,3867
2026-10-09T03:20:19+00:00,sapmachine-18.0.2.1,75143311,False,sapmachine-jdk-18.0.2.1_windows-x64_bin.zip,windows,x64,jdk,4702
2026-10-09T03:20:19+00:00,sapmachine-18.0.2.1,75143311,False,sapmachine-jre-18.0.2.1_windows-x64_bin.zip,windows,x64,jre,4004
2026-10-09T03:20:19+00:00,sapmachine-18.0.2.1,75143311,False,sapmachine-jdk-18.0.2.1_windows-x64_bin-symbols.tar.gz,windows,x64,jdk,3
2026-10-09T03:20:19+00:00,sapmachine-18.0.2.1,75143311,False,sapmachine-jdk-18.0.2.1_windows-x64_bin.msi,windows,x64,jdk,5029
2026-10-09T03:20:19+00:00,sapmachine-18.0.2.1,75143311,False,sapmachine-jre-18.0.2.1_windows-x64_bin.msi,windows,x64,jre,4185
2026-10-09T03:20:19+00:00,sapmachine-18.0.2.1,75143311,False,sapmachine-jdk-18.0.2.1_linux-ppc64le_bin.tar.gz,linux,ppc64,jdk,3826
2026-10-09T03:20:19+00:00,sapmachine-18.0.2.1,75143311,False,sapmachine-jre-18.0.2.1_linux-ppc64le_bin.tar.gz,linux,ppc64,jre,3936
2026-10-09T03:20:19+00:00,sapmachine-18.0.2.1,75143311,False,sapmachine-jdk-18.0.2.1_linux-ppc64le_bin-symbols.tar.gz,linux,ppc64,jdk,5
2026-10-09T03:20:19+00:00,sapmachine-18.0.2.1,75143311,False,sapmachine-jdk-18.0.2.1_macos-x64_bin.tar.gz,macos,x64,jdk,4446
2026-10-09T03:20:19+00:00,sapmachine-18.0.2.1,75143311,False,sapmachine-jre-18.0.2.1_macos-x64_bin.tar.gz,macos,x64,jre,3971
2026-10-09T03:20:19+00:00,sapmachine-18.0.2.1,75143311,False,sapmachine-jdk-18.0.2.1_macos-x64_bin-symbols.tar.gz,macos,x64,jdk,2
2026-10-09T03:20:19+00:00,sapmachine-18.0.2.1,75143311,False,sapmachine-jdk-18.0.2.1_macos-x64_bin.dmg,macos,x64,jdk,4429
2026-10-09T03:20:19+00:00,sapmachine-18.0.2.1,75143311,False,sapmachine-jre-18.0.2.1_macos-x64_bin.dmg,macos,x64,jre,3954
2026-10-09T03:20:19+00:00,sapmachine-18.0.2.1,75143311,False,sapmachine-jdk-18.0.2.1_macos-aarch64_bin.tar.gz,macos,aarch64,jdk,4384
2026-10-09T03:20:19+00:00,sapmachine-18.0.2.1,75143311,False,sapmachine-jre-18.0.2.1_macos-aarch64_bin.tar.gz,macos,aarch64,jre,3961
2026-10-09T03:20:19+00:00,sapmachine-18.0.2.1,75143311,False,sapmachine-jdk-18.0.2.1_macos-aarch64_bin-symbols.tar.gz,macos,aarch64,jdk,4
2026-10-09T03:20:19+00:00,sapmachine-18.0.2.1,75143311,False,sapmachine-jdk-18.0.2.1_macos-aarch64_bin.dmg,macos,aarch64,jdk,4025
2026-10-09T03:20:19+00:00,sapmachine-18.0.2.1,75143311,False,sapmachine-jre-18.0.2.1_macos-aarch64_bin.dmg,macos,aarch64,jre,3865
2026-10-09T03:20:19+00:00,sapmachine-17.0.4.1,75141647,False,sapmachine-jdk-17.0.4.1_linux-x64_bin.tar.gz,linux,x64,jdk,174827
2026-10-09T03:20:19+00:00,sapmachine-17.0.4.1,75141647,False,sapmachine-jre-17.0.4.1_linux-x64_bin.tar.gz,linux,x64,jre,39984
2026-10-09T03:20:19+00:00,sapmachine-17.0.4.1,75141647,False,sapmachine-jdk-17.0.4.1_linux-x64_bin-symbols.tar.gz,linux,x64,jdk,6
2026-10-09T03:20:19+00:00,sapmachine-17.0.4.1,75141647,False,sapmachine-jdk-17.0.4.1-beta_linux-x64-musl_bin.tar.gz,alpine,x64,jdk,3501
2026-10-09T03:20:19+00:00,sapmachine-17.0.4.1,75141647,False,sapmachine-jre-17.0.4.1-beta_linux-x64-musl_bin.tar.gz,alpine,x64,jre,3432
2026-10-09T03:20:19+00:00,sapmachine-17.0.4.1,75141647,False,sapmachine-jdk-17.0.4.1-beta_linux-x64-musl_bin-symbols.tar.gz,alpine,x64,jdk,4
2026-10-09T03:20:19+00:00,sapmachine-17.0.4.1,75141647,False,sapmachine-jdk-17.0.4.1_linux-aarch64_bin.tar.gz,linux,aarch64,jdk,4075
2026-10-09T03:20:19+00:00,sapmachine-17.0.4.1,75141647,False,sapmachine-jre-17.0.4.1_linux-aarch64_bin.tar.gz,linux,aarch64,jre,3934
2026-10-09T03:20:19+00:00,sapmachine-17.0.4.1,75141647,False,sapmachine-jdk-17.0.4.1_linux-aarch64_bin-symbols.tar.gz,linux,aarch64,jdk,4
2026-10-09T03:20:19+00:00,sapmachine-17.0.4.1,75141647,False,sapmachine-jdk-17.0.4.1-1.x86_64.rpm,linux,x64,jdk,3852
2026-10-09T03:20:19+00:00,sapmachine-17.0.4.1,75141647,False,sapmachine-jdk-17.0.4.1_windows-x64_bin.zip,windows,x64,jdk,5114
2026-10-09T03:20:19+00:00,sapmachine-17.0.4.1,75141647,False,sapmachine-jre-17.0.4.1_windows-x64_bin.zip,windows,x64,jre,3990
2026-10-09T03:20:19+00:00,sapmachine-17.0.4.1,75141647,False,sapmachine-jdk-17.0.4.1_windows-x64_bin-symbols.tar.gz,windows,x64,jdk,5
2026-10-09T03:20:19+00:00,sapmachine-17.0.4.1,75141647,False,sapmachine-jdk-17.0.4.1_windows-x64_bin.msi,windows,x64,jdk,4938
2026-10-09T03:20:19+00:00,sapmachine-17.0.4.1,75141647,False,sapmachine-jre-17.0.4.1_windows-x64_bin.msi,windows,x64,jre,4054
2026-10-09T03:20:19+00:00,sapmachine-17.0.4.1,75141647,False,sapmachine-jdk-17.0.4.1_linux-ppc64le_bin.tar.gz,linux,ppc64,jdk,3936
2026-10-09T03:20:19+00:00,sapmachine-17.0.4.1,75141647,False,sapmachine-jre-17.0.4.1_linux-ppc64le_bin.tar.gz,linux,ppc64,jre,3878
2026-10-09T03:20:19+00:00,sapmachine-17.0.4.1,75141647,False,sapmachine-jdk-17.0.4.1_linux-ppc64le_bin-symbols.tar.gz,linux,ppc64,jdk,5
2026-10-09T03:20:19+00:00,sapmachine-17.0.4.1,75141647,False,sapmachine-jdk-17.0.4.1_macos-x64_bin.tar.gz,macos,x64,jdk,4886
2026-10-09T03:20:19+00:00,sapmachine-17.0.4.1,75141647,False,sapmachine-jre-17.0.4.1_macos-x64_bin.tar.gz,macos,x64,jre,3958
2026-10-09T03:20:19+00:00,sapmachine-17.0.4.1,75141647,False,sapmachine-jdk-17.0.4.1_macos-x64_bin-symbols.tar.gz,macos,x64,jdk,2
2026-10-09T03:20:19+00:00,sapmachine-17.0.4.1,75141647,False,sapmachine-jdk-17.0.4.1_macos-x64_bin.dmg,macos,x64,jdk,7555
2026-10-09T03:20:19+00:00,sapmachine-17.0.4.1,75141647,False,sapmachine-jre-17.0.4.1_macos-x64_bin.dmg,macos,x64,jre,3846
2026-10-09T03:20:19+00:00,sapmachine-17.0.4.1,75141647,False,sapmachine-jdk-17.0.4.1_macos-aarch64_bin.tar.gz,macos,aarch64,jdk,4926
2026-10-09T03:20:19+00:00,sapmachine-17.0.4.1,75141647,False,sapmachine-jre-17.0.4.1_macos-aarch64_bin.tar.gz,macos,aarch64,jre,3952
2026-10-09T03:20:19+00:00,sapmachine-17.0.4.1,75141647,False,sapmachine-jdk-17.0.4.1_macos-aarch64_bin-symbols.tar.gz,macos,aarch64,jdk,2
2026-10-09T03:20:19+00:00,sapmachine-17.0.4.1,75141647,False,sapmachine-jdk-17.0.4.1_macos-aarch64_bin.dmg,macos,aarch64,jdk,7187
2026-10-09T03:20:19+00:00,sapmachine-17.0.4.1,75141647,False,sapmachine-jre-17.0.4.1_macos-aarch64_bin.dmg,macos,aarch64,jre,3892
2026-10-09T03:20:19+00:00,sapmachine-11.0.16.1,75103971,False,sapmachine-jdk-11.0.16.1_linux-x64_bin.tar.gz,linux,x64,jdk,46004
2026-10-09T03:20:19+00:00,sapmachine-11.0.16.1,75103971,False,sapmachine-jre-11.0.16.1_linux-x64_bin.tar.gz,linux,x64,jre,22822
2026-10-09T03:20:19+00:00,sapmachine-11.0.16.1,75103971,False,sapmachine-jdk-11.0.16.1_linux-x64_bin-symbols.tar.gz,linux,x64,jdk,12
2026-10-09T03:20:19+00:00,sapmachine-11.0.16.1,75103971,False,sapmachine-jdk-11.0.16.1_linux-aarch64_bin.tar.gz,linux,aarch64,jdk,4101
2026-10-09T03:20:19+00:00,sapmachine-11.0.16.1,75103971,False,sapmachine-jre-11.0.16.1_linux-aarch64_bin.tar.gz,linux,aarch64,jre,3888
2026-10-09T03:20:19+00:00,sapmachine-11.0.16.1,75103971,False,sapmachine-jdk-11.0.16.1_linux-aarch64_bin-symbols.tar.gz,linux,aarch64,jdk,10
2026-10-09T03:20:19+00:00,sapmachine-11.0.16.1,75103971,False,sapmachine-jdk-11.0.16.1-1.x86_64.rpm,linux,x64,jdk,3999
2026-10-09T03:20:19+00:00,sapmachine-11.0.16.1,75103971,False,sapmachine-jdk-11.0.16.1_windows-x64_bin.zip,windows,x64,jdk,5720
2026-10-09T03:20:19+00:00,sapmachine-11.0.16.1,75103971,False,sapmachine-jre-11.0.16.1_windows-x64_bin.zip,windows,x64,jre,4494
2026-10-09T03:20:19+00:00,sapmachine-11.0.16.1,75103971,False,sapmachine-jdk-11.0.16.1_windows-x64_bin-symbols.tar.gz,windows,x64,jdk,10
2026-10-09T03:20:19+00:00,sapmachine-11.0.16.1,75103971,False,sapmachine-jdk-11.0.16.1_windows-x64_bin.msi,windows,x64,jdk,4981
2026-10-09T03:20:19+00:00,sapmachine-11.0.16.1,75103971,False,sapmachine-jre-11.0.16.1_windows-x64_bin.msi,windows,x64,jre,4231
2026-10-09T03:20:19+00:00,sapmachine-11.0.16.1,75103971,False,sapmachine-jdk-11.0.16.1_linux-ppc64le_bin.tar.gz,linux,ppc64,jdk,3949
2026-10-09T03:20:19+00:00,sapmachine-11.0.16.1,75103971,False,sapmachine-jre-11.0.16.1_linux-ppc64le_bin.tar.gz,linux,ppc64,jre,3837
2026-10-09T03:20:19+00:00,sapmachine-11.0.16.1,75103971,False,sapmachine-jdk-11.0.16.1_linux-ppc64le_bin-symbols.tar.gz,linux,ppc64,jdk,8
2026-10-09T03:20:19+00:00,sapmachine-11.0.16.1,75103971,False,sapmachine-jdk-11.0.16.1_macos-x64_bin.tar.gz,macos,x64,jdk,4963
2026-10-09T03:20:19+00:00,sapmachine-11.0.16.1,75103971,False,sapmachine-jre-11.0.16.1_macos-x64_bin.tar.gz,macos,x64,jre,3954
2026-10-09T03:20:19+00:00,sapmachine-11.0.16.1,75103971,False,sapmachine-jdk-11.0.16.1_macos-x64_bin-symbols.tar.gz,macos,x64,jdk,4
2026-10-09T03:20:19+00:00,sapmachine-11.0.16.1,75103971,False,sapmachine-jdk-11.0.16.1_macos-x64_bin.dmg,macos,x64,jdk,6604
2026-10-09T03:20:19+00:00,sapmachine-11.0.16.1,75103971,False,sapmachine-jre-11.0.16.1_macos-x64_bin.dmg,macos,x64,jre,3862
2026-10-09T03:20:19+00:00,sapmachine-11.0.16.1,75103971,False,sapmachine-jdk-11.0.16.1_macos-aarch64_bin.tar.gz,macos,aarch64,jdk,4832
2026-10-09T03:20:19+00:00,sapmachine-11.0.16.1,75103971,False,sapmachine-jre-11.0.16.1_macos-aarch64_bin.tar.gz,macos,aarch64,jre,3935
2026-10-09T03:20:19+00:00,sapmachine-11.0.16.1,75103971,False,sapmachine-jdk-11.0.16.1_macos-aarch64_bin-symbols.tar.gz,macos,aarch64,jdk,4
2026-10-09T03:20:19+00:00,sapmachine-11.0.16.1,75103971,False,sapmachine-jdk-11.0.16.1_macos-aarch64_bin.dmg,macos,aarch64,jdk,6188
2026-10-09T03:20:19+00:00,sapmachine-11.0.16.1,75103971,False,sapmachine-jre-11.0.16.1_macos-aarch64_bin.dmg,macos,aarch64,jre,3945
2026-10-09T03:20:19+00:00,sapmachine-11.0.16,72372178,False,sapmachine-jdk-11.0.16_linux-x64_bin.tar.gz,linux,x64,jdk,22284
2026-10-09T03:20:19+00:00,sapmachine-11.0.16,72372178,False,sapmachine-jre-11.0.16_linux-x64_bin.tar.gz,linux,x64,jre,11238
2026-10-09T03:20:19+00:00,sapmachine-11.0.16,72372178,False,sapmachine-jdk-11.0.16_linux-x64_bin-symbols.tar.gz,linux,x64,jdk,14
2026-10-09T03:20:19+00:00,sapmachine-11.0.16,72372178,False,sapmachine-jdk-11.0.16_linux-aarch64_bin.tar.gz,linux,aarch64,jdk,4119
2026-10-09T03:20:19+00:00,sapmachine-11.0.16,72372178,False,sapmachine-jre-11.0.16_linux-aarch64_bin.tar.gz,linux,aarch64,jre,3897
2026-10-09T03:20:19+00:00,sapmachine-11.0.16,72372178,False,sapmachine-jdk-11.0.16_linux-aarch64_bin-symbols.tar.gz,linux,aarch64,jdk,16
2026-10-09T03:20:19+00:00,sapmachine-11.0.16,72372178,False,sapmachine-jdk-11.0.16-1.x86_64.rpm,linux,x64,jdk,3963
2026-10-09T03:20:19+00:00,sapmachine-11.0.16,72372178,False,sapmachine-jdk-11.0.16_windows-x64_bin.zip,windows,x64,jdk,5219
2026-10-09T03:20:19+00:00,sapmachine-11.0.16,72372178,False,sapmachine-jre-11.0.16_windows-x64_bin.zip,windows,x64,jre,4294
2026-10-09T03:20:19+00:00,sapmachine-11.0.16,72372178,False,sapmachine-jdk-11.0.16_windows-x64_bin-symbols.tar.gz,windows,x64,jdk,8
2026-10-09T03:20:19+00:00,sapmachine-11.0.16,72372178,False,sapmachine-jdk-11.0.16_windows-x64_bin.msi,windows,x64,jdk,42303
2026-10-09T03:20:19+00:00,sapmachine-11.0.16,72372178,False,sapmachine-jre-11.0.16_windows-x64_bin.msi,windows,x64,jre,41568
2026-10-09T03:20:19+00:00,sapmachine-11.0.16,72372178,False,sapmachine-jdk-11.0.16_linux-ppc64le_bin.tar.gz,linux,ppc64,jdk,3916
2026-10-09T03:20:19+00:00,sapmachine-11.0.16,72372178,False,sapmachine-jre-11.0.16_linux-ppc64le_bin.tar.gz,linux,ppc64,jre,3933
2026-10-09T03:20:19+00:00,sapmachine-11.0.16,72372178,False,sapmachine-jdk-11.0.16_linux-ppc64le_bin-symbols.tar.gz,linux,ppc64,jdk,13
2026-10-09T03:20:19+00:00,sapmachine-11.0.16,72372178,False,sapmachine-jdk-11.0.16_macos-x64_bin.tar.gz,macos,x64,jdk,4754
2026-10-09T03:20:19+00:00,sapmachine-11.0.16,72372178,False,sapmachine-jre-11.0.16_macos-x64_bin.tar.gz,macos,x64,jre,4029
2026-10-09T03:20:19+00:00,sapmachine-11.0.16,72372178,False,sapmachine-jdk-11.0.16_macos-x64_bin-symbols.tar.gz,macos,x64,jdk,8
2026-10-09T03:20:19+00:00,sapmachine-11.0.16,72372178,False,sapmachine-jdk-11.0.16_macos-x64_bin.dmg,macos,x64,jdk,5314
2026-10-09T03:20:19+00:00,sapmachine-11.0.16,72372178,False,sapmachine-jre-11.0.16_macos-x64_bin.dmg,macos,x64,jre,3915
2026-10-09T03:20:19+00:00,sapmachine-11.0.16,72372178,False,sapmachine-jdk-11.0.16_macos-aarch64_bin.tar.gz,macos,aarch64,jdk,4558
2026-10-09T03:20:19+00:00,sapmachine-11.0.16,72372178,False,sapmachine-jre-11.0.16_macos-aarch64_bin.tar.gz,macos,aarch64,jre,3970
2026-10-09T03:20:19+00:00,sapmachine-11.0.16,72372178,False,sapmachine-jdk-11.0.16_macos-aarch64_bin-symbols.tar.gz,macos,aarch64,jdk,11
2026-10-09T03:20:19+00:00,sapmachine-11.0.16,72372178,False,sapmachine-jdk-11.0.16_macos-aarch64_bin.dmg,macos,aarch64,jdk,4993
2026-10-09T03:20:19+00:00,sapmachine-11.0.16,72372178,False,sapmachine-jre-11.0.16_macos-aarch64_bin.dmg,macos,aarch64,jre,3905
2026-10-09T03:20:19+00:00,sapmachine-17.0.4,72368981,False,sapmachine-jdk-17.0.4_linux-x64_bin.tar.gz,linux,x64,jdk,5304
2026-10-09T03:20:19+00:00,sapmachine-17.0.4,72368981,False,sapmachine-jre-17.0.4_linux-x64_bin.tar.gz,linux,x64,jre,6634
2026-10-09T03:20:19+00:00,sapmachine-17.0.4,72368981,False,sapmachine-jdk-17.0.4_linux-x64_bin-symbols.tar.gz,linux,x64,jdk,5
2026-10-09T03:20:19+00:00,sapmachine-17.0.4,72368981,False,sapmachine-jdk-17.0.4-beta_linux-x64-musl_bin.tar.gz,alpine,x64,jdk,3504
2026-10-09T03:20:19+00:00,sapmachine-17.0.4,72368981,False,sapmachine-jre-17.0.4-beta_linux-x64-musl_bin.tar.gz,alpine,x64,jre,3458
2026-10-09T03:20:19+00:00,sapmachine-17.0.4,72368981,False,sapmachine-jdk-17.0.4-beta_linux-x64-musl_bin-symbols.tar.gz,alpine,x64,jdk,4
2026-10-09T03:20:19+00:00,sapmachine-17.0.4,72368981,False,sapmachine-jdk-17.0.4_linux-aarch64_bin.tar.gz,linux,aarch64,jdk,4109
2026-10-09T03:20:19+00:00,sapmachine-17.0.4,72368981,False,sapmachine-jre-17.0.4_linux-aarch64_bin.tar.gz,linux,aarch64,jre,3870
2026-10-09T03:20:19+00:00,sapmachine-17.0.4,72368981,False,sapmachine-jdk-17.0.4_linux-aarch64_bin-symbols.tar.gz,linux,aarch64,jdk,4
2026-10-09T03:20:19+00:00,sapmachine-17.0.4,72368981,False,sapmachine-jdk-17.0.4-1.x86_64.rpm,linux,x64,jdk,5777
2026-10-09T03:20:19+00:00,sapmachine-17.0.4,72368981,False,sapmachine-jdk-17.0.4_windows-x64_bin.zip,windows,x64,jdk,4694
2026-10-09T03:20:19+00:00,sapmachine-17.0.4,72368981,False,sapmachine-jre-17.0.4_windows-x64_bin.zip,windows,x64,jre,4073
2026-10-09T03:20:19+00:00,sapmachine-17.0.4,72368981,False,sapmachine-jdk-17.0.4_windows-x64_bin-symbols.tar.gz,windows,x64,jdk,2
2026-10-09T03:20:19+00:00,sapmachine-17.0.4,72368981,False,sapmachine-jdk-17.0.4_windows-x64_bin.msi,windows,x64,jdk,5982
2026-10-09T03:20:19+00:00,sapmachine-17.0.4,72368981,False,sapmachine-jre-17.0.4_windows-x64_bin.msi,windows,x64,jre,41359
2026-10-09T03:20:19+00:00,sapmachine-17.0.4,72368981,False,sapmachine-jdk-17.0.4_linux-ppc64le_bin.tar.gz,linux,ppc64,jdk,3922
2026-10-09T03:20:19+00:00,sapmachine-17.0.4,72368981,False,sapmachine-jre-17.0.4_linux-ppc64le_bin.tar.gz,linux,ppc64,jre,3884
2026-10-09T03:20:19+00:00,sapmachine-17.0.4,72368981,False,sapmachine-jdk-17.0.4_linux-ppc64le_bin-symbols.tar.gz,linux,ppc64,jdk,4
2026-10-09T03:20:19+00:00,sapmachine-17.0.4,72368981,False,sapmachine-jdk-17.0.4_macos-x64_bin.tar.gz,macos,x64,jdk,4560
2026-10-09T03:20:19+00:00,sapmachine-17.0.4,72368981,False,sapmachine-jre-17.0.4_macos-x64_bin.tar.gz,macos,x64,jre,3999
2026-10-09T03:20:19+00:00,sapmachine-17.0.4,72368981,False,sapmachine-jdk-17.0.4_macos-x64_bin-symbols.tar.gz,macos,x64,jdk,2
2026-10-09T03:20:19+00:00,sapmachine-17.0.4,72368981,False,sapmachine-jdk-17.0.4_macos-x64_bin.dmg,macos,x64,jdk,5271
2026-10-09T03:20:19+00:00,sapmachine-17.0.4,72368981,False,sapmachine-jre-17.0.4_macos-x64_bin.dmg,macos,x64,jre,3966
2026-10-09T03:20:19+00:00,sapmachine-17.0.4,72368981,False,sapmachine-jdk-17.0.4_macos-aarch64_bin.tar.gz,macos,aarch64,jdk,4549
2026-10-09T03:20:19+00:00,sapmachine-17.0.4,72368981,False,sapmachine-jre-17.0.4_macos-aarch64_bin.tar.gz,macos,aarch64,jre,3951
2026-10-09T03:20:19+00:00,sapmachine-17.0.4,72368981,False,sapmachine-jdk-17.0.4_macos-aarch64_bin-symbols.tar.gz,macos,aarch64,jdk,2
2026-10-09T03:20:19+00:00,sapmachine-17.0.4,72368981,False,sapmachine-jdk-17.0.4_macos-aarch64_bin.dmg,macos,aarch64,jdk,5198
2026-10-09T03:20:19+00:00,sapmachine-17.0.4,72368981,False,sapmachine-jre-17.0.4_macos-aarch64_bin.dmg,macos,aarch64,jre,3870
2026-10-09T03:20:19+00:00,sapmachine-18.0.2,72370892,False,sapmachine-jdk-18.0.2_linux-x64_bin.tar.gz,linux,x64,jdk,4524
2026-10-09T03:20:19+00:00,sapmachine-18.0.2,72370892,False,sapmachine-jre-18.0.2_linux-x64_bin.tar.gz,linux,x64,jre,5560
2026-10-09T03:20:19+00:00,sapmachine-18.0.2,72370892,False,sapmachine-jdk-18.0.2_linux-x64_bin-symbols.tar.gz,linux,x64,jdk,2
2026-10-09T03:20:19+00:00,sapmachine-18.0.2,72370892,False,sapmachine-jdk-18.0.2-beta_linux-x64-musl_bin.tar.gz,alpine,x64,jdk,3505
2026-10-09T03:20:19+00:00,sapmachine-18.0.2,72370892,False,sapmachine-jre-18.0.2-beta_linux-x64-musl_bin.tar.gz,alpine,x64,jre,3456
2026-10-09T03:20:19+00:00,sapmachine-18.0.2,72370892,False,sapmachine-jdk-18.0.2-beta_linux-x64-musl_bin-symbols.tar.gz,alpine,x64,jdk,2
2026-10-09T03:20:19+00:00,sapmachine-18.0.2,72370892,False,sapmachine-jdk-18.0.2_linux-aarch64_bin.tar.gz,linux,aarch64,jdk,4047
2026-10-09T03:20:19+00:00,sapmachine-18.0.2,72370892,False,sapmachine-jre-18.0.2_linux-aarch64_bin.tar.gz,linux,aarch64,jre,3931
2026-10-09T03:20:19+00:00,sapmachine-18.0.2,72370892,False,sapmachine-jdk-18.0.2_linux-aarch64_bin-symbols.tar.gz,linux,aarch64,jdk,1
2026-10-09T03:20:19+00:00,sapmachine-18.0.2,72370892,False,sapmachine-jdk-18.0.2-1.x86_64.rpm,linux,x64,jdk,3841
2026-10-09T03:20:19+00:00,sapmachine-18.0.2,72370892,False,sapmachine-jdk-18.0.2_windows-x64_bin.zip,windows,x64,jdk,4679
2026-10-09T03:20:19+00:00,sapmachine-18.0.2,72370892,False,sapmachine-jre-18.0.2_windows-x64_bin.zip,windows,x64,jre,4040
2026-10-09T03:20:19+00:00,sapmachine-18.0.2,72370892,False,sapmachine-jdk-18.0.2_windows-x64_bin-symbols.tar.gz,windows,x64,jdk,1
2026-10-09T03:20:19+00:00,sapmachine-18.0.2,72370892,False,sapmachine-jdk-18.0.2_windows-x64_bin.msi,windows,x64,jdk,7066
2026-10-09T03:20:19+00:00,sapmachine-18.0.2,72370892,False,sapmachine-jre-18.0.2_windows-x64_bin.msi,windows,x64,jre,6030
2026-10-09T03:20:19+00:00,sapmachine-18.0.2,72370892,False,sapmachine-jdk-18.0.2_linux-ppc64le_bin.tar.gz,linux,ppc64,jdk,3914
2026-10-09T03:20:19+00:00,sapmachine-18.0.2,72370892,False,sapmachine-jre-18.0.2_linux-ppc64le_bin.tar.gz,linux,ppc64,jre,3902
2026-10-09T03:20:19+00:00,sapmachine-18.0.2,72370892,False,sapmachine-jdk-18.0.2_linux-ppc64le_bin-symbols.tar.gz,linux,ppc64,jdk,1
2026-10-09T03:20:19+00:00,sapmachine-18.0.2,72370892,False,sapmachine-jdk-18.0.2_macos-x64_bin.tar.gz,macos,x64,jdk,4492
2026-10-09T03:20:19+00:00,sapmachine-18.0.2,72370892,False,sapmachine-jre-18.0.2_macos-x64_bin.tar.gz,macos,x64,jre,4013
2026-10-09T03:20:19+00:00,sapmachine-18.0.2,72370892,False,sapmachine-jdk-18.0.2_macos-x64_bin-symbols.tar.gz,macos,x64,jdk,2
2026-10-09T03:20:19+00:00,sapmachine-18.0.2,72370892,False,sapmachine-jdk-18.0.2_macos-x64_bin.dmg,macos,x64,jdk,4633
2026-10-09T03:20:19+00:00,sapmachine-18.0.2,72370892,False,sapmachine-jre-18.0.2_macos-x64_bin.dmg,macos,x64,jre,3899
2026-10-09T03:20:19+00:00,sapmachine-18.0.2,72370892,False,sapmachine-jdk-18.0.2_macos-aarch64_bin.tar.gz,macos,aarch64,jdk,4398
2026-10-09T03:20:19+00:00,sapmachine-18.0.2,72370892,False,sapmachine-jre-18.0.2_macos-aarch64_bin.tar.gz,macos,aarch64,jre,4021
2026-10-09T03:20:19+00:00,sapmachine-18.0.2,72370892,False,sapmachine-jdk-18.0.2_macos-aarch64_bin-symbols.tar.gz,macos,aarch64,jdk,2
2026-10-09T03:20:19+00:00,sapmachine-18.0.2,72370892,False,sapmachine-jdk-18.0.2_macos-aarch64_bin.dmg,macos,aarch64,jdk,4151
2026-10-09T03:20:19+00:00,sapmachine-18.0.2,72370892,False,sapmachine-jre-18.0.2_macos-aarch64_bin.dmg,macos,aarch64,jre,3898
2026-10-09T03:20:19+00:00,sapmachine-18.0.1.1,66160612,False,sapmachine-jdk-18.0.1.1-beta_linux-x64-musl_bin.tar.gz,alpine,x64,jdk,3545
2026-10-09T03:20:19+00:00,sapmachine-18.0.1.1,66160612,False,sapmachine-jre-18.0.1.1-beta_linux-x64-musl_bin.tar.gz,alpine,x64,jre,3546
2026-10-09T03:20:19+00:00,sapmachine-18.0.1.1,66160612,False,sapmachine-jdk-18.0.1.1-beta_linux-x64-musl_bin-symbols.tar.gz,alpine,x64,jdk,4
2026-10-09T03:20:19+00:00,sapmachine-18.0.1.1,66160612,False,sapmachine-jdk-18.0.1.1_linux-x64_bin.tar.gz,linux,x64,jdk,5378
2026-10-09T03:20:19+00:00,sapmachine-18.0.1.1,66160612,False,sapmachine-jre-18.0.1.1_linux-x64_bin.tar.gz,linux,x64,jre,5568
2026-10-09T03:20:19+00:00,sapmachine-18.0.1.1,66160612,False,sapmachine-jdk-18.0.1.1_linux-x64_bin-symbols.tar.gz,linux,x64,jdk,46
2026-10-09T03:20:19+00:00,sapmachine-18.0.1.1,66160612,False,sapmachine-jdk-18.0.1.1-beta_linux-aarch64_bin.tar.gz,linux,aarch64,jdk,3539
2026-10-09T03:20:19+00:00,sapmachine-18.0.1.1,66160612,False,sapmachine-jre-18.0.1.1-beta_linux-aarch64_bin.tar.gz,linux,aarch64,jre,3542
2026-10-09T03:20:19+00:00,sapmachine-18.0.1.1,66160612,False,sapmachine-jdk-18.0.1.1-beta_linux-aarch64_bin-symbols.tar.gz,linux,aarch64,jdk,4
2026-10-09T03:20:19+00:00,sapmachine-18.0.1.1,66160612,False,sapmachine-jdk-18.0.1.1-1.x86_64.rpm,linux,x64,jdk,3964
2026-10-09T03:20:19+00:00,sapmachine-18.0.1.1,66160612,False,sapmachine-jdk-18.0.1.1_windows-x64_bin.zip,windows,x64,jdk,5629
2026-10-09T03:20:19+00:00,sapmachine-18.0.1.1,66160612,False,sapmachine-jre-18.0.1.1_windows-x64_bin.zip,windows,x64,jre,4277
2026-10-09T03:20:19+00:00,sapmachine-18.0.1.1,66160612,False,sapmachine-jdk-18.0.1.1_windows-x64_bin-symbols.tar.gz,windows,x64,jdk,5
2026-10-09T03:20:19+00:00,sapmachine-18.0.1.1,66160612,False,sapmachine-jdk-18.0.1.1_windows-x64_bin.msi,windows,x64,jdk,6821
2026-10-09T03:20:19+00:00,sapmachine-18.0.1.1,66160612,False,sapmachine-jre-18.0.1.1_windows-x64_bin.msi,windows,x64,jre,4550
2026-10-09T03:20:19+00:00,sapmachine-18.0.1.1,66160612,False,sapmachine-jdk-18.0.1.1_linux-ppc64le_bin.tar.gz,linux,ppc64,jdk,4205
2026-10-09T03:20:19+00:00,sapmachine-18.0.1.1,66160612,False,sapmachine-jre-18.0.1.1_linux-ppc64le_bin.tar.gz,linux,ppc64,jre,4067
2026-10-09T03:20:19+00:00,sapmachine-18.0.1.1,66160612,False,sapmachine-jdk-18.0.1.1_linux-ppc64le_bin-symbols.tar.gz,linux,ppc64,jdk,4
2026-10-09T03:20:19+00:00,sapmachine-18.0.1.1,66160612,False,sapmachine-jdk-18.0.1.1_macos-x64_bin.tar.gz,macos,x64,jdk,4975
2026-10-09T03:20:19+00:00,sapmachine-18.0.1.1,66160612,False,sapmachine-jre-18.0.1.1_macos-x64_bin.tar.gz,macos,x64,jre,4072
2026-10-09T03:20:19+00:00,sapmachine-18.0.1.1,66160612,False,sapmachine-jdk-18.0.1.1_macos-x64_bin-symbols.tar.gz,macos,x64,jdk,4
2026-10-09T03:20:19+00:00,sapmachine-18.0.1.1,66160612,False,sapmachine-jdk-18.0.1.1_macos-x64_bin.dmg,macos,x64,jdk,5497
2026-10-09T03:20:19+00:00,sapmachine-18.0.1.1,66160612,False,sapmachine-jre-18.0.1.1_macos-x64_bin.dmg,macos,x64,jre,4102
2026-10-09T03:20:19+00:00,sapmachine-18.0.1.1,66160612,False,sapmachine-jdk-18.0.1.1_macos-aarch64_bin.tar.gz,macos,aarch64,jdk,4897
2026-10-09T03:20:19+00:00,sapmachine-18.0.1.1,66160612,False,sapmachine-jre-18.0.1.1_macos-aarch64_bin.tar.gz,macos,aarch64,jre,4132
2026-10-09T03:20:19+00:00,sapmachine-18.0.1.1,66160612,False,sapmachine-jdk-18.0.1.1_macos-aarch64_bin-symbols.tar.gz,macos,aarch64,jdk,9
2026-10-09T03:20:19+00:00,sapmachine-18.0.1.1,66160612,False,sapmachine-jdk-18.0.1.1_macos-aarch64_bin.dmg,macos,aarch64,jdk,4443
2026-10-09T03:20:19+00:00,sapmachine-18.0.1.1,66160612,False,sapmachine-jre-18.0.1.1_macos-aarch64_bin.dmg,macos,aarch64,jre,4060
2026-10-09T03:20:19+00:00,sapmachine-11.0.15.0.1,65565426,False,sapmachine-jdk-11.0.15.0.1_linux-x64_bin.tar.gz,linux,x64,jdk,59732
2026-10-09T03:20:19+00:00,sapmachine-11.0.15.0.1,65565426,False,sapmachine-jre-11.0.15.0.1_linux-x64_bin.tar.gz,linux,x64,jre,28483
2026-10-09T03:20:19+00:00,sapmachine-11.0.15.0.1,65565426,False,sapmachine-jdk-11.0.15.0.1_linux-x64_bin-symbols.tar.gz,linux,x64,jdk,8
2026-10-09T03:20:19+00:00,sapmachine-11.0.15.0.1,65565426,False,sapmachine-jdk-11.0.15.0.1-beta_linux-aarch64_bin.tar.gz,linux,aarch64,jdk,3703
2026-10-09T03:20:19+00:00,sapmachine-11.0.15.0.1,65565426,False,sapmachine-jre-11.0.15.0.1-beta_linux-aarch64_bin.tar.gz,linux,aarch64,jre,3550
2026-10-09T03:20:19+00:00,sapmachine-11.0.15.0.1,65565426,False,sapmachine-jdk-11.0.15.0.1-beta_linux-aarch64_bin-symbols.tar.gz,linux,aarch64,jdk,14
2026-10-09T03:20:19+00:00,sapmachine-11.0.15.0.1,65565426,False,sapmachine-jdk-11.0.15.0.1-1.x86_64.rpm,linux,x64,jdk,4167
2026-10-09T03:20:19+00:00,sapmachine-11.0.15.0.1,65565426,False,sapmachine-jdk-11.0.15.0.1_windows-x64_bin.zip,windows,x64,jdk,6113
2026-10-09T03:20:19+00:00,sapmachine-11.0.15.0.1,65565426,False,sapmachine-jre-11.0.15.0.1_windows-x64_bin.zip,windows,x64,jre,4424
2026-10-09T03:20:19+00:00,sapmachine-11.0.15.0.1,65565426,False,sapmachine-jdk-11.0.15.0.1_windows-x64_bin-symbols.tar.gz,windows,x64,jdk,13
2026-10-09T03:20:19+00:00,sapmachine-11.0.15.0.1,65565426,False,sapmachine-jdk-11.0.15.0.1_windows-x64_bin.msi,windows,x64,jdk,5960
2026-10-09T03:20:19+00:00,sapmachine-11.0.15.0.1,65565426,False,sapmachine-jre-11.0.15.0.1_windows-x64_bin.msi,windows,x64,jre,4589
2026-10-09T03:20:19+00:00,sapmachine-11.0.15.0.1,65565426,False,sapmachine-jdk-11.0.15.0.1_linux-ppc64le_bin.tar.gz,linux,ppc64,jdk,4062
2026-10-09T03:20:19+00:00,sapmachine-11.0.15.0.1,65565426,False,sapmachine-jre-11.0.15.0.1_linux-ppc64le_bin.tar.gz,linux,ppc64,jre,4090
2026-10-09T03:20:19+00:00,sapmachine-11.0.15.0.1,65565426,False,sapmachine-jdk-11.0.15.0.1_linux-ppc64le_bin-symbols.tar.gz,linux,ppc64,jdk,8
2026-10-09T03:20:19+00:00,sapmachine-11.0.15.0.1,65565426,False,sapmachine-jdk-11.0.15.0.1_osx-x64_bin.tar.gz,macos,x64,jdk,5455
2026-10-09T03:20:19+00:00,sapmachine-11.0.15.0.1,65565426,False,sapmachine-jre-11.0.15.0.1_osx-x64_bin.tar.gz,macos,x64,jre,4121
2026-10-09T03:20:19+00:00,sapmachine-11.0.15.0.1,65565426,False,sapmachine-jdk-11.0.15.0.1_osx-x64_bin-symbols.tar.gz,macos,x64,jdk,4
2026-10-09T03:20:19+00:00,sapmachine-11.0.15.0.1,65565426,False,sapmachine-jdk-11.0.15.0.1_osx-x64_bin.dmg,macos,x64,jdk,7091
2026-10-09T03:20:19+00:00,sapmachine-11.0.15.0.1,65565426,False,sapmachine-jre-11.0.15.0.1_osx-x64_bin.dmg,macos,x64,jre,4240
2026-10-09T03:20:19+00:00,sapmachine-17.0.3.0.1,65560463,False,sapmachine-jdk-17.0.3.0.1_linux-x64_bin.tar.gz,linux,x64,jdk,135983
2026-10-09T03:20:19+00:00,sapmachine-17.0.3.0.1,65560463,False,sapmachine-jre-17.0.3.0.1_linux-x64_bin.tar.gz,linux,x64,jre,9163
2026-10-09T03:20:19+00:00,sapmachine-17.0.3.0.1,65560463,False,sapmachine-jdk-17.0.3.0.1_linux-x64_bin-symbols.tar.gz,linux,x64,jdk,9
2026-10-09T03:20:19+00:00,sapmachine-17.0.3.0.1,65560463,False,sapmachine-jdk-17.0.3.0.1-beta_linux-aarch64_bin.tar.gz,linux,aarch64,jdk,3693
2026-10-09T03:20:19+00:00,sapmachine-17.0.3.0.1,65560463,False,sapmachine-jre-17.0.3.0.1-beta_linux-aarch64_bin.tar.gz,linux,aarch64,jre,3552
2026-10-09T03:20:19+00:00,sapmachine-17.0.3.0.1,65560463,False,sapmachine-jdk-17.0.3.0.1-beta_linux-aarch64_bin-symbols.tar.gz,linux,aarch64,jdk,6
2026-10-09T03:20:19+00:00,sapmachine-17.0.3.0.1,65560463,False,sapmachine-jdk-17.0.3.0.1-1.x86_64.rpm,linux,x64,jdk,3999
2026-10-09T03:20:19+00:00,sapmachine-17.0.3.0.1,65560463,False,sapmachine-jdk-17.0.3.0.1_windows-x64_bin.zip,windows,x64,jdk,5450
2026-10-09T03:20:19+00:00,sapmachine-17.0.3.0.1,65560463,False,sapmachine-jre-17.0.3.0.1_windows-x64_bin.zip,windows,x64,jre,4245
2026-10-09T03:20:19+00:00,sapmachine-17.0.3.0.1,65560463,False,sapmachine-jdk-17.0.3.0.1_windows-x64_bin-symbols.tar.gz,windows,x64,jdk,7
2026-10-09T03:20:19+00:00,sapmachine-17.0.3.0.1,65560463,False,sapmachine-jdk-17.0.3.0.1_windows-x64_bin.msi,windows,x64,jdk,4643
2026-10-09T03:20:19+00:00,sapmachine-17.0.3.0.1,65560463,False,sapmachine-jre-17.0.3.0.1_windows-x64_bin.msi,windows,x64,jre,4190
2026-10-09T03:20:19+00:00,sapmachine-17.0.3.0.1,65560463,False,sapmachine-jdk-17.0.3.0.1_linux-ppc64le_bin.tar.gz,linux,ppc64,jdk,4190
2026-10-09T03:20:19+00:00,sapmachine-17.0.3.0.1,65560463,False,sapmachine-jre-17.0.3.0.1_linux-ppc64le_bin.tar.gz,linux,ppc64,jre,4019
2026-10-09T03:20:19+00:00,sapmachine-17.0.3.0.1,65560463,False,sapmachine-jdk-17.0.3.0.1_linux-ppc64le_bin-symbols.tar.gz,linux,ppc64,jdk,6
2026-10-09T03:20:19+00:00,sapmachine-17.0.3.0.1,65560463,False,sapmachine-jdk-17.0.3.0.1_macos-x64_bin.tar.gz,macos,x64,jdk,4967
2026-10-09T03:20:19+00:00,sapmachine-17.0.3.0.1,65560463,False,sapmachine-jre-17.0.3.0.1_macos-x64_bin.tar.gz,macos,x64,jre,4189
2026-10-09T03:20:19+00:00,sapmachine-17.0.3.0.1,65560463,False,sapmachine-jdk-17.0.3.0.1_macos-x64_bin-symbols.tar.gz,macos,x64,jdk,4
2026-10-09T03:20:19+00:00,sapmachine-17.0.3.0.1,65560463,False,sapmachine-jdk-17.0.3.0.1_macos-x64_bin.dmg,macos,x64,jdk,6560
2026-10-09T03:20:19+00:00,sapmachine-17.0.3.0.1,65560463,False,sapmachine-jre-17.0.3.0.1_macos-x64_bin.dmg,macos,x64,jre,4065
2026-10-09T03:20:19+00:00,sapmachine-17.0.3.0.1,65560463,False,sapmachine-jdk-17.0.3.0.1_macos-aarch64_bin.tar.gz,macos,aarch64,jdk,5037
2026-10-09T03:20:19+00:00,sapmachine-17.0.3.0.1,65560463,False,sapmachine-jre-17.0.3.0.1_macos-aarch64_bin.tar.gz,macos,aarch64,jre,4142
2026-10-09T03:20:19+00:00,sapmachine-17.0.3.0.1,65560463,False,sapmachine-jdk-17.0.3.0.1_macos-aarch64_bin-symbols.tar.gz,macos,aarch64,jdk,4
2026-10-09T03:20:19+00:00,sapmachine-17.0.3.0.1,65560463,False,sapmachine-jdk-17.0.3.0.1_macos-aarch64_bin.dmg,macos,aarch64,jdk,6224
2026-10-09T03:20:19+00:00,sapmachine-17.0.3.0.1,65560463,False,sapmachine-jre-17.0.3.0.1_macos-aarch64_bin.dmg,macos,aarch64,jre,4044
2026-10-09T03:20:19+00:00,sapmachine-17.0.3,64783616,False,sapmachine-jdk-17.0.3_linux-x64_bin.tar.gz,linux,x64,jdk,4721
2026-10-09T03:20:19+00:00,sapmachine-17.0.3,64783616,False,sapmachine-jre-17.0.3_linux-x64_bin.tar.gz,linux,x64,jre,6391
2026-10-09T03:20:19+00:00,sapmachine-17.0.3,64783616,False,sapmachine-jdk-17.0.3_linux-x64_bin-symbols.tar.gz,linux,x64,jdk,6
2026-10-09T03:20:19+00:00,sapmachine-17.0.3,64783616,False,sapmachine-jdk-17.0.3-beta_linux-aarch64_bin.tar.gz,linux,aarch64,jdk,3717
2026-10-09T03:20:19+00:00,sapmachine-17.0.3,64783616,False,sapmachine-jre-17.0.3-beta_linux-aarch64_bin.tar.gz,linux,aarch64,jre,3563
2026-10-09T03:20:19+00:00,sapmachine-17.0.3,64783616,False,sapmachine-jdk-17.0.3-beta_linux-aarch64_bin-symbols.tar.gz,linux,aarch64,jdk,8
2026-10-09T03:20:19+00:00,sapmachine-17.0.3,64783616,False,sapmachine-jdk-17.0.3_windows-x64_bin.zip,windows,x64,jdk,4461
2026-10-09T03:20:19+00:00,sapmachine-17.0.3,64783616,False,sapmachine-jre-17.0.3_windows-x64_bin.zip,windows,x64,jre,4163
2026-10-09T03:20:19+00:00,sapmachine-17.0.3,64783616,False,sapmachine-jdk-17.0.3_windows-x64_bin-symbols.tar.gz,windows,x64,jdk,6
2026-10-09T03:20:19+00:00,sapmachine-17.0.3,64783616,False,sapmachine-jdk-17.0.3_windows-x64_bin.msi,windows,x64,jdk,4251
2026-10-09T03:20:19+00:00,sapmachine-17.0.3,64783616,False,sapmachine-jre-17.0.3_windows-x64_bin.msi,windows,x64,jre,6346
2026-10-09T03:20:19+00:00,sapmachine-17.0.3,64783616,False,sapmachine-jdk-17.0.3_linux-ppc64le_bin.tar.gz,linux,ppc64,jdk,4087
2026-10-09T03:20:19+00:00,sapmachine-17.0.3,64783616,False,sapmachine-jre-17.0.3_linux-ppc64le_bin.tar.gz,linux,ppc64,jre,4074
2026-10-09T03:20:19+00:00,sapmachine-17.0.3,64783616,False,sapmachine-jdk-17.0.3_linux-ppc64le_bin-symbols.tar.gz,linux,ppc64,jdk,6
2026-10-09T03:20:19+00:00,sapmachine-17.0.3,64783616,False,sapmachine-jdk-17.0.3-1.x86_64.rpm,linux,x64,jdk,3943
2026-10-09T03:20:19+00:00,sapmachine-17.0.3,64783616,False,sapmachine-jdk-17.0.3_macos-x64_bin.tar.gz,macos,x64,jdk,4395
2026-10-09T03:20:19+00:00,sapmachine-17.0.3,64783616,False,sapmachine-jre-17.0.3_macos-x64_bin.tar.gz,macos,x64,jre,4131
2026-10-09T03:20:19+00:00,sapmachine-17.0.3,64783616,False,sapmachine-jdk-17.0.3_macos-x64_bin-symbols.tar.gz,macos,x64,jdk,5
2026-10-09T03:20:19+00:00,sapmachine-17.0.3,64783616,False,sapmachine-jdk-17.0.3_macos-x64_bin.dmg,macos,x64,jdk,4484
2026-10-09T03:20:19+00:00,sapmachine-17.0.3,64783616,False,sapmachine-jre-17.0.3_macos-x64_bin.dmg,macos,x64,jre,4099
2026-10-09T03:20:19+00:00,sapmachine-17.0.3,64783616,False,sapmachine-jdk-17.0.3_macos-aarch64_bin.tar.gz,macos,aarch64,jdk,4401
2026-10-09T03:20:19+00:00,sapmachine-17.0.3,64783616,False,sapmachine-jre-17.0.3_macos-aarch64_bin.tar.gz,macos,aarch64,jre,4135
2026-10-09T03:20:19+00:00,sapmachine-17.0.3,64783616,False,sapmachine-jdk-17.0.3_macos-aarch64_bin-symbols.tar.gz,macos,aarch64,jdk,7
2026-10-09T03:20:19+00:00,sapmachine-17.0.3,64783616,False,sapmachine-jdk-17.0.3_macos-aarch64_bin.dmg,macos,aarch64,jdk,4391
2026-10-09T03:20:19+00:00,sapmachine-17.0.3,64783616,False,sapmachine-jre-17.0.3_macos-aarch64_bin.dmg,macos,aarch64,jre,4040
2026-10-09T03:20:19+00:00,sapmachine-18.0.1,64782703,False,sapmachine-jdk-18.0.1_linux-x64_bin.tar.gz,linux,x64,jdk,4719
2026-10-09T03:20:19+00:00,sapmachine-18.0.1,64782703,False,sapmachine-jre-18.0.1_linux-x64_bin.tar.gz,linux,x64,jre,5815
2026-10-09T03:20:19+00:00,sapmachine-18.0.1,64782703,False,sapmachine-jdk-18.0.1_linux-x64_bin-symbols.tar.gz,linux,x64,jdk,4
2026-10-09T03:20:19+00:00,sapmachine-18.0.1,64782703,False,sapmachine-jdk-18.0.1-beta_linux-aarch64_bin.tar.gz,linux,aarch64,jdk,3549
2026-10-09T03:20:19+00:00,sapmachine-18.0.1,64782703,False,sapmachine-jre-18.0.1-beta_linux-aarch64_bin.tar.gz,linux,aarch64,jre,3565
2026-10-09T03:20:19+00:00,sapmachine-18.0.1,64782703,False,sapmachine-jdk-18.0.1-beta_linux-aarch64_bin-symbols.tar.gz,linux,aarch64,jdk,7
2026-10-09T03:20:19+00:00,sapmachine-18.0.1,64782703,False,sapmachine-jdk-18.0.1_windows-x64_bin.zip,windows,x64,jdk,4593
2026-10-09T03:20:19+00:00,sapmachine-18.0.1,64782703,False,sapmachine-jre-18.0.1_windows-x64_bin.zip,windows,x64,jre,4188
2026-10-09T03:20:19+00:00,sapmachine-18.0.1,64782703,False,sapmachine-jdk-18.0.1_windows-x64_bin-symbols.tar.gz,windows,x64,jdk,6
2026-10-09T03:20:19+00:00,sapmachine-18.0.1,64782703,False,sapmachine-jdk-18.0.1_windows-x64_bin.msi,windows,x64,jdk,5192
2026-10-09T03:20:19+00:00,sapmachine-18.0.1,64782703,False,sapmachine-jre-18.0.1_windows-x64_bin.msi,windows,x64,jre,4500
2026-10-09T03:20:19+00:00,sapmachine-18.0.1,64782703,False,sapmachine-jdk-18.0.1_linux-ppc64le_bin.tar.gz,linux,ppc64,jdk,4079
2026-10-09T03:20:19+00:00,sapmachine-18.0.1,64782703,False,sapmachine-jre-18.0.1_linux-ppc64le_bin.tar.gz,linux,ppc64,jre,4082
2026-10-09T03:20:19+00:00,sapmachine-18.0.1,64782703,False,sapmachine-jdk-18.0.1_linux-ppc64le_bin-symbols.tar.gz,linux,ppc64,jdk,6
2026-10-09T03:20:19+00:00,sapmachine-18.0.1,64782703,False,sapmachine-jdk-18.0.1-1.x86_64.rpm,linux,x64,jdk,3955
2026-10-09T03:20:19+00:00,sapmachine-18.0.1,64782703,False,sapmachine-jdk-18.0.1_macos-x64_bin.tar.gz,macos,x64,jdk,4538
2026-10-09T03:20:19+00:00,sapmachine-18.0.1,64782703,False,sapmachine-jre-18.0.1_macos-x64_bin.tar.gz,macos,x64,jre,4177
2026-10-09T03:20:19+00:00,sapmachine-18.0.1,64782703,False,sapmachine-jdk-18.0.1_macos-x64_bin-symbols.tar.gz,macos,x64,jdk,7
2026-10-09T03:20:19+00:00,sapmachine-18.0.1,64782703,False,sapmachine-jdk-18.0.1_macos-x64_bin.dmg,macos,x64,jdk,4444
2026-10-09T03:20:19+00:00,sapmachine-18.0.1,64782703,False,sapmachine-jre-18.0.1_macos-x64_bin.dmg,macos,x64,jre,4085
2026-10-09T03:20:19+00:00,sapmachine-18.0.1,64782703,False,sapmachine-jdk-18.0.1_macos-aarch64_bin.tar.gz,macos,aarch64,jdk,4520
2026-10-09T03:20:19+00:00,sapmachine-18.0.1,64782703,False,sapmachine-jre-18.0.1_macos-aarch64_bin.tar.gz,macos,aarch64,jre,4199
2026-10-09T03:20:19+00:00,sapmachine-18.0.1,64782703,False,sapmachine-jdk-18.0.1_macos-aarch64_bin-symbols.tar.gz,macos,aarch64,jdk,7
2026-10-09T03:20:19+00:00,sapmachine-18.0.1,64782703,False,sapmachine-jdk-18.0.1_macos-aarch64_bin.dmg,macos,aarch64,jdk,4184
2026-10-09T03:20:19+00:00,sapmachine-18.0.1,64782703,False,sapmachine-jre-18.0.1_macos-aarch64_bin.dmg,macos,aarch64,jre,4098
2026-10-09T03:20:19+00:00,sapmachine-11.0.15,64783940,False,sapmachine-jdk-11.0.15_linux-x64_bin.tar.gz,linux,x64,jdk,10658
2026-10-09T03:20:19+00:00,sapmachine-11.0.15,64783940,False,sapmachine-jre-11.0.15_linux-x64_bin.tar.gz,linux,x64,jre,8957
2026-10-09T03:20:19+00:00,sapmachine-11.0.15,64783940,False,sapmachine-jdk-11.0.15_linux-x64_bin-symbols.tar.gz,linux,x64,jdk,6
2026-10-09T03:20:19+00:00,sapmachine-11.0.15,64783940,False,sapmachine-jdk-11.0.15-beta_linux-aarch64_bin.tar.gz,linux,aarch64,jdk,3711
2026-10-09T03:20:19+00:00,sapmachine-11.0.15,64783940,False,sapmachine-jre-11.0.15-beta_linux-aarch64_bin.tar.gz,linux,aarch64,jre,3558
2026-10-09T03:20:19+00:00,sapmachine-11.0.15,64783940,False,sapmachine-jdk-11.0.15-beta_linux-aarch64_bin-symbols.tar.gz,linux,aarch64,jdk,7
2026-10-09T03:20:19+00:00,sapmachine-11.0.15,64783940,False,sapmachine-jdk-11.0.15_windows-x64_bin.zip,windows,x64,jdk,4615
2026-10-09T03:20:19+00:00,sapmachine-11.0.15,64783940,False,sapmachine-jre-11.0.15_windows-x64_bin.zip,windows,x64,jre,4186
2026-10-09T03:20:19+00:00,sapmachine-11.0.15,64783940,False,sapmachine-jdk-11.0.15_windows-x64_bin-symbols.tar.gz,windows,x64,jdk,6
2026-10-09T03:20:19+00:00,sapmachine-11.0.15,64783940,False,sapmachine-jdk-11.0.15_windows-x64_bin.msi,windows,x64,jdk,6621
2026-10-09T03:20:19+00:00,sapmachine-11.0.15,64783940,False,sapmachine-jre-11.0.15_windows-x64_bin.msi,windows,x64,jre,6398
2026-10-09T03:20:19+00:00,sapmachine-11.0.15,64783940,False,sapmachine-jdk-11.0.15_linux-ppc64le_bin.tar.gz,linux,ppc64,jdk,4153
2026-10-09T03:20:19+00:00,sapmachine-11.0.15,64783940,False,sapmachine-jre-11.0.15_linux-ppc64le_bin.tar.gz,linux,ppc64,jre,4168
2026-10-09T03:20:19+00:00,sapmachine-11.0.15,64783940,False,sapmachine-jdk-11.0.15_linux-ppc64le_bin-symbols.tar.gz,linux,ppc64,jdk,6
2026-10-09T03:20:19+00:00,sapmachine-11.0.15,64783940,False,sapmachine-jdk-11.0.15-1.x86_64.rpm,linux,x64,jdk,3977
2026-10-09T03:20:19+00:00,sapmachine-11.0.15,64783940,False,sapmachine-jdk-11.0.15_osx-x64_bin.tar.gz,macos,x64,jdk,4607
2026-10-09T03:20:19+00:00,sapmachine-11.0.15,64783940,False,sapmachine-jre-11.0.15_osx-x64_bin.tar.gz,macos,x64,jre,4147
2026-10-09T03:20:19+00:00,sapmachine-11.0.15,64783940,False,sapmachine-jdk-11.0.15_osx-x64_bin-symbols.tar.gz,macos,x64,jdk,8
2026-10-09T03:20:19+00:00,sapmachine-11.0.15,64783940,False,sapmachine-jdk-11.0.15_osx-x64_bin.dmg,macos,x64,jdk,4535
2026-10-09T03:20:19+00:00,sapmachine-11.0.15,64783940,False,sapmachine-jre-11.0.15_osx-x64_bin.dmg,macos,x64,jre,4068
2026-10-09T03:20:19+00:00,sapmachine-18,62373994,False,sapmachine-jdk-18_linux-x64_bin.tar.gz,linux,x64,jdk,9871
2026-10-09T03:20:19+00:00,sapmachine-18,62373994,False,sapmachine-jre-18_linux-x64_bin.tar.gz,linux,x64,jre,6329
2026-10-09T03:20:19+00:00,sapmachine-18,62373994,False,sapmachine-jdk-18_linux-x64_bin-symbols.tar.gz,linux,x64,jdk,5
2026-10-09T03:20:19+00:00,sapmachine-18,62373994,False,sapmachine-jdk-18-beta_linux-aarch64_bin.tar.gz,linux,aarch64,jdk,3715
2026-10-09T03:20:19+00:00,sapmachine-18,62373994,False,sapmachine-jre-18-beta_linux-aarch64_bin.tar.gz,linux,aarch64,jre,3592
2026-10-09T03:20:19+00:00,sapmachine-18,62373994,False,sapmachine-jdk-18-beta_linux-aarch64_bin-symbols.tar.gz,linux,aarch64,jdk,5
2026-10-09T03:20:19+00:00,sapmachine-18,62373994,False,sapmachine-jdk-18-1.x86_64.rpm,linux,x64,jdk,4029
2026-10-09T03:20:19+00:00,sapmachine-18,62373994,False,sapmachine-jdk-18_windows-x64_bin.zip,windows,x64,jdk,5668
2026-10-09T03:20:19+00:00,sapmachine-18,62373994,False,sapmachine-jre-18_windows-x64_bin.zip,windows,x64,jre,4791
2026-10-09T03:20:19+00:00,sapmachine-18,62373994,False,sapmachine-jdk-18_windows-x64_bin-symbols.tar.gz,windows,x64,jdk,5
2026-10-09T03:20:19+00:00,sapmachine-18,62373994,False,sapmachine-jdk-18_windows-x64_bin.msi,windows,x64,jdk,5649
2026-10-09T03:20:19+00:00,sapmachine-18,62373994,False,sapmachine-jre-18_windows-x64_bin.msi,windows,x64,jre,4534
2026-10-09T03:20:19+00:00,sapmachine-18,62373994,False,sapmachine-jdk-18_linux-ppc64le_bin.tar.gz,linux,ppc64,jdk,4111
2026-10-09T03:20:19+00:00,sapmachine-18,62373994,False,sapmachine-jre-18_linux-ppc64le_bin.tar.gz,linux,ppc64,jre,4151
2026-10-09T03:20:19+00:00,sapmachine-18,62373994,False,sapmachine-jdk-18_linux-ppc64le_bin-symbols.tar.gz,linux,ppc64,jdk,5
2026-10-09T03:20:19+00:00,sapmachine-18,62373994,False,sapmachine-jdk-18_macos-x64_bin.tar.gz,macos,x64,jdk,4965
2026-10-09T03:20:19+00:00,sapmachine-18,62373994,False,sapmachine-jre-18_macos-x64_bin.tar.gz,macos,x64,jre,4198
2026-10-09T03:20:19+00:00,sapmachine-18,62373994,False,sapmachine-jdk-18_macos-x64_bin-symbols.tar.gz,macos,x64,jdk,6
2026-10-09T03:20:19+00:00,sapmachine-18,62373994,False,sapmachine-jdk-18_macos-x64_bin.dmg,macos,x64,jdk,4876
2026-10-09T03:20:19+00:00,sapmachine-18,62373994,False,sapmachine-jre-18_macos-x64_bin.dmg,macos,x64,jre,4221
2026-10-09T03:20:19+00:00,sapmachine-18,62373994,False,sapmachine-jdk-18_macos-aarch64_bin.tar.gz,macos,aarch64,jdk,4749
2026-10-09T03:20:19+00:00,sapmachine-18,62373994,False,sapmachine-jre-18_macos-aarch64_bin.tar.gz,macos,aarch64,jre,4256
2026-10-09T03:20:19+00:00,sapmachine-18,62373994,False,sapmachine-jdk-18_macos-aarch64_bin-symbols.tar.gz,macos,aarch64,jdk,6
2026-10-09T03:20:19+00:00,sapmachine-18,62373994,False,sapmachine-jdk-18_macos-aarch64_bin.dmg,macos,aarch64,jdk,4295
2026-10-09T03:20:19+00:00,sapmachine-18,62373994,False,sapmachine-jre-18_macos-aarch64_bin.dmg,macos,aarch64,jre,4157
2026-10-09T03:20:19+00:00,sapmachine-11.0.14.1,58939848,False,sapmachine-jdk-11.0.14.1-beta_linux-aarch64_bin.tar.gz,linux,aarch64,jdk,3876
2026-10-09T03:20:19+00:00,sapmachine-11.0.14.1,58939848,False,sapmachine-jre-11.0.14.1-beta_linux-aarch64_bin.tar.gz,linux,aarch64,jre,3629
2026-10-09T03:20:19+00:00,sapmachine-11.0.14.1,58939848,False,sapmachine-jdk-11.0.14.1-beta_linux-aarch64_bin-symbols.tar.gz,linux,aarch64,jdk,9
2026-10-09T03:20:19+00:00,sapmachine-11.0.14.1,58939848,False,sapmachine-jdk-11.0.14.1_linux-x64_bin.tar.gz,linux,x64,jdk,68477
2026-10-09T03:20:19+00:00,sapmachine-11.0.14.1,58939848,False,sapmachine-jre-11.0.14.1_linux-x64_bin.tar.gz,linux,x64,jre,20189
2026-10-09T03:20:19+00:00,sapmachine-11.0.14.1,58939848,False,sapmachine-jdk-11.0.14.1_linux-x64_bin-symbols.tar.gz,linux,x64,jdk,10
2026-10-09T03:20:19+00:00,sapmachine-11.0.14.1,58939848,False,sapmachine-jdk-11.0.14.1_windows-x64_bin.zip,windows,x64,jdk,6624
2026-10-09T03:20:19+00:00,sapmachine-11.0.14.1,58939848,False,sapmachine-jre-11.0.14.1_windows-x64_bin.zip,windows,x64,jre,4700
2026-10-09T03:20:19+00:00,sapmachine-11.0.14.1,58939848,False,sapmachine-jdk-11.0.14.1_windows-x64_bin-symbols.tar.gz,windows,x64,jdk,8
2026-10-09T03:20:19+00:00,sapmachine-11.0.14.1,58939848,False,sapmachine-jdk-11.0.14.1_windows-x64_bin.msi,windows,x64,jdk,5685
2026-10-09T03:20:19+00:00,sapmachine-11.0.14.1,58939848,False,sapmachine-jre-11.0.14.1_windows-x64_bin.msi,windows,x64,jre,4745
2026-10-09T03:20:19+00:00,sapmachine-11.0.14.1,58939848,False,sapmachine-jdk-11.0.14.1_linux-ppc64le_bin.tar.gz,linux,ppc64,jdk,4329
2026-10-09T03:20:19+00:00,sapmachine-11.0.14.1,58939848,False,sapmachine-jre-11.0.14.1_linux-ppc64le_bin.tar.gz,linux,ppc64,jre,4184
2026-10-09T03:20:19+00:00,sapmachine-11.0.14.1,58939848,False,sapmachine-jdk-11.0.14.1_linux-ppc64le_bin-symbols.tar.gz,linux,ppc64,jdk,7
2026-10-09T03:20:19+00:00,sapmachine-11.0.14.1,58939848,False,sapmachine-jdk-11.0.14.1-1.x86_64.rpm,linux,x64,jdk,4457
2026-10-09T03:20:19+00:00,sapmachine-11.0.14.1,58939848,False,sapmachine-jdk-11.0.14.1_osx-x64_bin.tar.gz,macos,x64,jdk,5947
2026-10-09T03:20:19+00:00,sapmachine-11.0.14.1,58939848,False,sapmachine-jre-11.0.14.1_osx-x64_bin.tar.gz,macos,x64,jre,4289
2026-10-09T03:20:19+00:00,sapmachine-11.0.14.1,58939848,False,sapmachine-jdk-11.0.14.1_osx-x64_bin-symbols.tar.gz,macos,x64,jdk,5
2026-10-09T03:20:19+00:00,sapmachine-11.0.14.1,58939848,False,sapmachine-jdk-11.0.14.1_osx-x64_bin.dmg,macos,x64,jdk,8170
2026-10-09T03:20:19+00:00,sapmachine-11.0.14.1,58939848,False,sapmachine-jre-11.0.14.1_osx-x64_bin.dmg,macos,x64,jre,4309
2026-10-09T03:20:19+00:00,sapmachine-17.0.2,57405100,False,sapmachine-jdk-17.0.2-beta_linux-aarch64_bin.tar.gz,linux,aarch64,jdk,3954
2026-10-09T03:20:19+00:00,sapmachine-17.0.2,57405100,False,sapmachine-jre-17.0.2-beta_linux-aarch64_bin.tar.gz,linux,aarch64,jre,3654
2026-10-09T03:20:19+00:00,sapmachine-17.0.2,57405100,False,sapmachine-jdk-17.0.2-beta_linux-aarch64_bin-symbols.tar.gz,linux,aarch64,jdk,6
2026-10-09T03:20:19+00:00,sapmachine-17.0.2,57405100,False,sapmachine-jdk-17.0.2_linux-x64_bin.tar.gz,linux,x64,jdk,14348
2026-10-09T03:20:19+00:00,sapmachine-17.0.2,57405100,False,sapmachine-jre-17.0.2_linux-x64_bin.tar.gz,linux,x64,jre,9859
2026-10-09T03:20:19+00:00,sapmachine-17.0.2,57405100,False,sapmachine-jdk-17.0.2_linux-x64_bin-symbols.tar.gz,linux,x64,jdk,8
2026-10-09T03:20:19+00:00,sapmachine-17.0.2,57405100,False,sapmachine-jdk-17.0.2_windows-x64_bin.zip,windows,x64,jdk,20465
2026-10-09T03:20:19+00:00,sapmachine-17.0.2,57405100,False,sapmachine-jre-17.0.2_windows-x64_bin.zip,windows,x64,jre,4972
2026-10-09T03:20:19+00:00,sapmachine-17.0.2,57405100,False,sapmachine-jdk-17.0.2_windows-x64_bin-symbols.tar.gz,windows,x64,jdk,6
2026-10-09T03:20:19+00:00,sapmachine-17.0.2,57405100,False,sapmachine-jdk-17.0.2_windows-x64_bin.msi,windows,x64,jdk,6731
2026-10-09T03:20:19+00:00,sapmachine-17.0.2,57405100,False,sapmachine-jre-17.0.2_windows-x64_bin.msi,windows,x64,jre,5069
2026-10-09T03:20:19+00:00,sapmachine-17.0.2,57405100,False,sapmachine-jdk-17.0.2_macos-x64_bin.tar.gz,macos,x64,jdk,5833
2026-10-09T03:20:19+00:00,sapmachine-17.0.2,57405100,False,sapmachine-jre-17.0.2_macos-x64_bin.tar.gz,macos,x64,jre,4401
2026-10-09T03:20:19+00:00,sapmachine-17.0.2,57405100,False,sapmachine-jdk-17.0.2_macos-x64_bin-symbols.tar.gz,macos,x64,jdk,9
2026-10-09T03:20:19+00:00,sapmachine-17.0.2,57405100,False,sapmachine-jdk-17.0.2_macos-x64_bin.dmg,macos,x64,jdk,9305
2026-10-09T03:20:19+00:00,sapmachine-17.0.2,57405100,False,sapmachine-jre-17.0.2_macos-x64_bin.dmg,macos,x64,jre,4457
2026-10-09T03:20:19+00:00,sapmachine-17.0.2,57405100,False,sapmachine-jdk-17.0.2_macos-aarch64_bin.tar.gz,macos,aarch64,jdk,5849
2026-10-09T03:20:19+00:00,sapmachine-17.0.2,57405100,False,sapmachine-jre-17.0.2_macos-aarch64_bin.tar.gz,macos,aarch64,jre,4414
2026-10-09T03:20:19+00:00,sapmachine-17.0.2,57405100,False,sapmachine-jdk-17.0.2_macos-aarch64_bin-symbols.tar.gz,macos,aarch64,jdk,6
2026-10-09T03:20:19+00:00,sapmachine-17.0.2,57405100,False,sapmachine-jdk-17.0.2_macos-aarch64_bin.dmg,macos,aarch64,jdk,8123
2026-10-09T03:20:19+00:00,sapmachine-17.0.2,57405100,False,sapmachine-jre-17.0.2_macos-aarch64_bin.dmg,macos,aarch64,jre,4402
2026-10-09T03:20:19+00:00,sapmachine-17.0.2,57405100,False,sapmachine-jdk-17.0.2_linux-ppc64le_bin.tar.gz,linux,ppc64,jdk,4472
2026-10-09T03:20:19+00:00,sapmachine-17.0.2,57405100,False,sapmachine-jre-17.0.2_linux-ppc64le_bin.tar.gz,linux,ppc64,jre,4330
2026-10-09T03:20:19+00:00,sapmachine-17.0.2,57405100,False,sapmachine-jdk-17.0.2_linux-ppc64le_bin-symbols.tar.gz,linux,ppc64,jdk,5
2026-10-09T03:20:19+00:00,sapmachine-17.0.2,57405100,False,sapmachine-jdk-17.0.2-1.x86_64.rpm,linux,x64,jdk,17409
2026-10-09T03:20:19+00:00,sapmachine-11.0.14,57403970,False,sapmachine-jdk-11.0.14-beta_linux-aarch64_bin.tar.gz,linux,aarch64,jdk,3861
2026-10-09T03:20:19+00:00,sapmachine-11.0.14,57403970,False,sapmachine-jre-11.0.14-beta_linux-aarch64_bin.tar.gz,linux,aarch64,jre,3650
2026-10-09T03:20:19+00:00,sapmachine-11.0.14,57403970,False,sapmachine-jdk-11.0.14-beta_linux-aarch64_bin-symbols.tar.gz,linux,aarch64,jdk,3
2026-10-09T03:20:19+00:00,sapmachine-11.0.14,57403970,False,sapmachine-jdk-11.0.14_linux-x64_bin.tar.gz,linux,x64,jdk,15976
2026-10-09T03:20:19+00:00,sapmachine-11.0.14,57403970,False,sapmachine-jre-11.0.14_linux-x64_bin.tar.gz,linux,x64,jre,13897
2026-10-09T03:20:19+00:00,sapmachine-11.0.14,57403970,False,sapmachine-jdk-11.0.14_linux-x64_bin-symbols.tar.gz,linux,x64,jdk,6
2026-10-09T03:20:19+00:00,sapmachine-11.0.14,57403970,False,sapmachine-jdk-11.0.14_windows-x64_bin.zip,windows,x64,jdk,5420
2026-10-09T03:20:19+00:00,sapmachine-11.0.14,57403970,False,sapmachine-jre-11.0.14_windows-x64_bin.zip,windows,x64,jre,4649
2026-10-09T03:20:19+00:00,sapmachine-11.0.14,57403970,False,sapmachine-jdk-11.0.14_windows-x64_bin-symbols.tar.gz,windows,x64,jdk,7
2026-10-09T03:20:19+00:00,sapmachine-11.0.14,57403970,False,sapmachine-jdk-11.0.14_windows-x64_bin.msi,windows,x64,jdk,4658
2026-10-09T03:20:19+00:00,sapmachine-11.0.14,57403970,False,sapmachine-jre-11.0.14_windows-x64_bin.msi,windows,x64,jre,4505
2026-10-09T03:20:19+00:00,sapmachine-11.0.14,57403970,False,sapmachine-jdk-11.0.14_linux-ppc64le_bin.tar.gz,linux,ppc64,jdk,4418
2026-10-09T03:20:19+00:00,sapmachine-11.0.14,57403970,False,sapmachine-jre-11.0.14_linux-ppc64le_bin.tar.gz,linux,ppc64,jre,4392
2026-10-09T03:20:19+00:00,sapmachine-11.0.14,57403970,False,sapmachine-jdk-11.0.14_linux-ppc64le_bin-symbols.tar.gz,linux,ppc64,jdk,5
2026-10-09T03:20:19+00:00,sapmachine-11.0.14,57403970,False,sapmachine-jdk-11.0.14_osx-x64_bin.tar.gz,macos,x64,jdk,5062
2026-10-09T03:20:19+00:00,sapmachine-11.0.14,57403970,False,sapmachine-jre-11.0.14_osx-x64_bin.tar.gz,macos,x64,jre,4353
2026-10-09T03:20:19+00:00,sapmachine-11.0.14,57403970,False,sapmachine-jdk-11.0.14_osx-x64_bin-symbols.tar.gz,macos,x64,jdk,7
2026-10-09T03:20:19+00:00,sapmachine-11.0.14,57403970,False,sapmachine-jdk-11.0.14_osx-x64_bin.dmg,macos,x64,jdk,5499
2026-10-09T03:20:19+00:00,sapmachine-11.0.14,57403970,False,sapmachine-jre-11.0.14_osx-x64_bin.dmg,macos,x64,jre,4396
2026-10-09T03:20:19+00:00,sapmachine-11.0.14,57403970,False,sapmachine-jdk-11.0.14-1.x86_64.rpm,linux,x64,jdk,6084
2026-10-09T03:20:19+00:00,sapmachine-17.0.1,51804980,False,sapmachine-jdk-17.0.1_linux-x64_bin.tar.gz,linux,x64,jdk,8259
2026-10-09T03:20:19+00:00,sapmachine-17.0.1,51804980,False,sapmachine-jre-17.0.1_linux-x64_bin.tar.gz,linux,x64,jre,115318
2026-10-09T03:20:19+00:00,sapmachine-17.0.1,51804980,False,sapmachine-jdk-17.0.1_linux-x64_bin-symbols.tar.gz,linux,x64,jdk,4
2026-10-09T03:20:19+00:00,sapmachine-17.0.1,51804980,False,sapmachine-jdk-17.0.1_windows-x64_bin.zip,windows,x64,jdk,10350
2026-10-09T03:20:19+00:00,sapmachine-17.0.1,51804980,False,sapmachine-jre-17.0.1_windows-x64_bin.zip,windows,x64,jre,20648
2026-10-09T03:20:19+00:00,sapmachine-17.0.1,51804980,False,sapmachine-jdk-17.0.1_windows-x64_bin-symbols.tar.gz,windows,x64,jdk,6
2026-10-09T03:20:19+00:00,sapmachine-17.0.1,51804980,False,sapmachine-jdk-17.0.1_windows-x64_bin.msi,windows,x64,jdk,5439
2026-10-09T03:20:19+00:00,sapmachine-17.0.1,51804980,False,sapmachine-jre-17.0.1_windows-x64_bin.msi,windows,x64,jre,4899
2026-10-09T03:20:19+00:00,sapmachine-17.0.1,51804980,False,sapmachine-jdk-17.0.1_linux-ppc64le_bin.tar.gz,linux,ppc64,jdk,4664
2026-10-09T03:20:19+00:00,sapmachine-17.0.1,51804980,False,sapmachine-jre-17.0.1_linux-ppc64le_bin.tar.gz,linux,ppc64,jre,4471
2026-10-09T03:20:19+00:00,sapmachine-17.0.1,51804980,False,sapmachine-jdk-17.0.1_linux-ppc64le_bin-symbols.tar.gz,linux,ppc64,jdk,5
2026-10-09T03:20:19+00:00,sapmachine-17.0.1,51804980,False,sapmachine-jdk-17.0.1-1.x86_64.rpm,linux,x64,jdk,4155
2026-10-09T03:20:19+00:00,sapmachine-17.0.1,51804980,False,sapmachine-jdk-17.0.1-beta_linux-aarch64_bin.tar.gz,linux,aarch64,jdk,3990
2026-10-09T03:20:19+00:00,sapmachine-17.0.1,51804980,False,sapmachine-jre-17.0.1-beta_linux-aarch64_bin.tar.gz,linux,aarch64,jre,3737
2026-10-09T03:20:19+00:00,sapmachine-17.0.1,51804980,False,sapmachine-jdk-17.0.1-beta_linux-aarch64_bin-symbols.tar.gz,linux,aarch64,jdk,5
2026-10-09T03:20:19+00:00,sapmachine-17.0.1,51804980,False,sapmachine-jdk-17.0.1_macos-x64_bin.tar.gz,macos,x64,jdk,5856
2026-10-09T03:20:19+00:00,sapmachine-17.0.1,51804980,False,sapmachine-jre-17.0.1_macos-x64_bin.tar.gz,macos,x64,jre,4995
2026-10-09T03:20:19+00:00,sapmachine-17.0.1,51804980,False,sapmachine-jdk-17.0.1_macos-x64_bin-symbols.tar.gz,macos,x64,jdk,5
2026-10-09T03:20:19+00:00,sapmachine-17.0.1,51804980,False,sapmachine-jdk-17.0.1_macos-x64_bin.dmg,macos,x64,jdk,8791
2026-10-09T03:20:19+00:00,sapmachine-17.0.1,51804980,False,sapmachine-jre-17.0.1_macos-x64_bin.dmg,macos,x64,jre,4605
2026-10-09T03:20:19+00:00,sapmachine-17.0.1,51804980,False,sapmachine-jdk-17.0.1_macos-aarch64_bin.tar.gz,macos,aarch64,jdk,5311
2026-10-09T03:20:19+00:00,sapmachine-17.0.1,51804980,False,sapmachine-jre-17.0.1_macos-aarch64_bin.tar.gz,macos,aarch64,jre,4548
2026-10-09T03:20:19+00:00,sapmachine-17.0.1,51804980,False,sapmachine-jdk-17.0.1_macos-aarch64_bin-symbols.tar.gz,macos,aarch64,jdk,5
2026-10-09T03:20:19+00:00,sapmachine-17.0.1,51804980,False,sapmachine-jdk-17.0.1_macos-aarch64_bin.dmg,macos,aarch64,jdk,7578
2026-10-09T03:20:19+00:00,sapmachine-17.0.1,51804980,False,sapmachine-jre-17.0.1_macos-aarch64_bin.dmg,macos,aarch64,jre,4599
2026-10-09T03:20:19+00:00,sapmachine-11.0.13,51636996,False,sapmachine-jdk-11.0.13-beta_linux-aarch64_bin.tar.gz,linux,aarch64,jdk,4010
2026-10-09T03:20:19+00:00,sapmachine-11.0.13,51636996,False,sapmachine-jre-11.0.13-beta_linux-aarch64_bin.tar.gz,linux,aarch64,jre,3738
2026-10-09T03:20:19+00:00,sapmachine-11.0.13,51636996,False,sapmachine-jdk-11.0.13-beta_linux-aarch64_bin-symbols.tar.gz,linux,aarch64,jdk,3
2026-10-09T03:20:19+00:00,sapmachine-11.0.13,51636996,False,sapmachine-jdk-11.0.13_windows-x64_bin.zip,windows,x64,jdk,8903
2026-10-09T03:20:19+00:00,sapmachine-11.0.13,51636996,False,sapmachine-jre-11.0.13_windows-x64_bin.zip,windows,x64,jre,5792
2026-10-09T03:20:19+00:00,sapmachine-11.0.13,51636996,False,sapmachine-jdk-11.0.13_windows-x64_bin-symbols.tar.gz,windows,x64,jdk,6
2026-10-09T03:20:19+00:00,sapmachine-11.0.13,51636996,False,sapmachine-jdk-11.0.13_windows-x64_bin.msi,windows,x64,jdk,5568
2026-10-09T03:20:19+00:00,sapmachine-11.0.13,51636996,False,sapmachine-jre-11.0.13_windows-x64_bin.msi,windows,x64,jre,4837
2026-10-09T03:20:19+00:00,sapmachine-11.0.13,51636996,False,sapmachine-jdk-11.0.13_linux-ppc64le_bin.tar.gz,linux,ppc64,jdk,4628
2026-10-09T03:20:19+00:00,sapmachine-11.0.13,51636996,False,sapmachine-jre-11.0.13_linux-ppc64le_bin.tar.gz,linux,ppc64,jre,4517
2026-10-09T03:20:19+00:00,sapmachine-11.0.13,51636996,False,sapmachine-jdk-11.0.13_linux-ppc64le_bin-symbols.tar.gz,linux,ppc64,jdk,3
2026-10-09T03:20:19+00:00,sapmachine-11.0.13,51636996,False,sapmachine-jdk-11.0.13_linux-x64_bin.tar.gz,linux,x64,jdk,378681
2026-10-09T03:20:19+00:00,sapmachine-11.0.13,51636996,False,sapmachine-jre-11.0.13_linux-x64_bin.tar.gz,linux,x64,jre,24011
2026-10-09T03:20:19+00:00,sapmachine-11.0.13,51636996,False,sapmachine-jdk-11.0.13_linux-x64_bin-symbols.tar.gz,linux,x64,jdk,3
2026-10-09T03:20:19+00:00,sapmachine-11.0.13,51636996,False,sapmachine-jdk-11.0.13-1.x86_64.rpm,linux,x64,jdk,4319
2026-10-09T03:20:19+00:00,sapmachine-11.0.13,51636996,False,sapmachine-jdk-11.0.13_osx-x64_bin.tar.gz,macos,x64,jdk,6145
2026-10-09T03:20:19+00:00,sapmachine-11.0.13,51636996,False,sapmachine-jdk-11.0.13_osx-x64_bin-symbols.tar.gz,macos,x64,jdk,6
2026-10-09T03:20:19+00:00,sapmachine-11.0.13,51636996,False,sapmachine-jdk-11.0.13_osx-x64_bin.dmg,macos,x64,jdk,8115
2026-10-09T03:20:19+00:00,sapmachine-11.0.13,51636996,False,sapmachine-jre-11.0.13_osx-x64_bin.dmg,macos,x64,jre,4632
2026-10-09T03:20:19+00:00,sapmachine-11.0.13,51636996,False,sapmachine-jre-11.0.13_osx-x64_bin.tar.gz,macos,x64,jre,4527
2026-10-09T03:20:19+00:00,sapmachine-17,49519526,False,sapmachine-jdk-17_macos-x64_bin.tar.gz,macos,x64,jdk,5756
2026-10-09T03:20:19+00:00,sapmachine-17,49519526,False,sapmachine-jre-17_macos-x64_bin.tar.gz,macos,x64,jre,5254
2026-10-09T03:20:19+00:00,sapmachine-17,49519526,False,sapmachine-jdk-17_macos-x64_bin-symbols.tar.gz,macos,x64,jdk,12
2026-10-09T03:20:19+00:00,sapmachine-17,49519526,False,sapmachine-jdk-17_macos-x64_bin.dmg,macos,x64,jdk,6493
2026-10-09T03:20:19+00:00,sapmachine-17,49519526,False,sapmachine-jre-17_macos-x64_bin.dmg,macos,x64,jre,4567
2026-10-09T03:20:19+00:00,sapmachine-17,49519526,False,sapmachine-jdk-17_macos-aarch64_bin.tar.gz,macos,aarch64,jdk,5000
2026-10-09T03:20:19+00:00,sapmachine-17,49519526,False,sapmachine-jre-17_macos-aarch64_bin.tar.gz,macos,aarch64,jre,4618
2026-10-09T03:20:19+00:00,sapmachine-17,49519526,False,sapmachine-jdk-17_macos-aarch64_bin-symbols.tar.gz,macos,aarch64,jdk,16
2026-10-09T03:20:19+00:00,sapmachine-17,49519526,False,sapmachine-jdk-17_macos-aarch64_bin.dmg,macos,aarch64,jdk,5571
2026-10-09T03:20:19+00:00,sapmachine-17,49519526,False,sapmachine-jre-17_macos-aarch64_bin.dmg,macos,aarch64,jre,4565
2026-10-09T03:20:19+00:00,sapmachine-17,49519526,False,sapmachine-jdk-17-beta_linux-aarch64_bin.tar.gz,linux,aarch64,jdk,4187
2026-10-09T03:20:19+00:00,sapmachine-17,49519526,False,sapmachine-jre-17-beta_linux-aarch64_bin.tar.gz,linux,aarch64,jre,3777
2026-10-09T03:20:19+00:00,sapmachine-17,49519526,False,sapmachine-jdk-17-beta_linux-aarch64_bin-symbols.tar.gz,linux,aarch64,jdk,10
2026-10-09T03:20:19+00:00,sapmachine-17,49519526,False,sapmachine-jdk-17_windows-x64_bin.zip,windows,x64,jdk,8500
2026-10-09T03:20:19+00:00,sapmachine-17,49519526,False,sapmachine-jre-17_windows-x64_bin.zip,windows,x64,jre,5660
2026-10-09T03:20:19+00:00,sapmachine-17,49519526,False,sapmachine-jdk-17_windows-x64_bin-symbols.tar.gz,windows,x64,jdk,11
2026-10-09T03:20:19+00:00,sapmachine-17,49519526,False,sapmachine-jdk-17_windows-x64_bin.msi,windows,x64,jdk,5189
2026-10-09T03:20:19+00:00,sapmachine-17,49519526,False,sapmachine-jre-17_windows-x64_bin.msi,windows,x64,jre,9909
2026-10-09T03:20:19+00:00,sapmachine-17,49519526,False,sapmachine-jdk-17_linux-x64_bin.tar.gz,linux,x64,jdk,9053
2026-10-09T03:20:19+00:00,sapmachine-17,49519526,False,sapmachine-jre-17_linux-x64_bin.tar.gz,linux,x64,jre,32391
2026-10-09T03:20:19+00:00,sapmachine-17,49519526,False,sapmachine-jdk-17_linux-x64_bin-symbols.tar.gz,linux,x64,jdk,12
2026-10-09T03:20:19+00:00,sapmachine-17,49519526,False,sapmachine-jdk-17_linux-ppc64le_bin.tar.gz,linux,ppc64,jdk,4573
2026-10-09T03:20:19+00:00,sapmachine-17,49519526,False,sapmachine-jre-17_linux-ppc64le_bin.tar.gz,linux,ppc64,jre,4512
2026-10-09T03:20:19+00:00,sapmachine-17,49519526,False,sapmachine-jdk-17_linux-ppc64le_bin-symbols.tar.gz,linux,ppc64,jdk,9
2026-10-09T03:20:19+00:00,sapmachine-17,49519526,False,sapmachine-jdk-17-1.x86_64.rpm,linux,x64,jdk,4295
2026-10-09T03:20:19+00:00,sapmachine-16.0.2,46612324,False,sapmachine-jdk-16.0.2_linux-x64_bin.tar.gz,linux,x64,jdk,7788
2026-10-09T03:20:19+00:00,sapmachine-16.0.2,46612324,False,sapmachine-jre-16.0.2_linux-x64_bin.tar.gz,linux,x64,jre,9077
2026-10-09T03:20:19+00:00,sapmachine-16.0.2,46612324,False,sapmachine-jdk-16.0.2_linux-x64_bin-symbols.tar.gz,linux,x64,jdk,8
2026-10-09T03:20:19+00:00,sapmachine-16.0.2,46612324,False,sapmachine-jdk-16.0.2-beta_linux-aarch64_bin.tar.gz,linux,aarch64,jdk,4271
2026-10-09T03:20:19+00:00,sapmachine-16.0.2,46612324,False,sapmachine-jre-16.0.2-beta_linux-aarch64_bin.tar.gz,linux,aarch64,jre,3827
2026-10-09T03:20:19+00:00,sapmachine-16.0.2,46612324,False,sapmachine-jdk-16.0.2-beta_linux-aarch64_bin-symbols.tar.gz,linux,aarch64,jdk,8
2026-10-09T03:20:19+00:00,sapmachine-16.0.2,46612324,False,sapmachine-jdk-16.0.2-1.x86_64.rpm,linux,x64,jdk,4254
2026-10-09T03:20:19+00:00,sapmachine-16.0.2,46612324,False,sapmachine-jdk-16.0.2_windows-x64_bin.zip,windows,x64,jdk,6801
2026-10-09T03:20:19+00:00,sapmachine-16.0.2,46612324,False,sapmachine-jre-16.0.2_windows-x64_bin.zip,windows,x64,jre,5490
2026-10-09T03:20:19+00:00,sapmachine-16.0.2,46612324,False,sapmachine-jdk-16.0.2_windows-x64_bin-symbols.tar.gz,windows,x64,jdk,8
2026-10-09T03:20:19+00:00,sapmachine-16.0.2,46612324,False,sapmachine-jdk-16.0.2_windows-x64_bin.msi,windows,x64,jdk,50756
2026-10-09T03:20:19+00:00,sapmachine-16.0.2,46612324,False,sapmachine-jre-16.0.2_windows-x64_bin.msi,windows,x64,jre,50756
2026-10-09T03:20:19+00:00,sapmachine-16.0.2,46612324,False,sapmachine-jdk-16.0.2_linux-ppc64_bin.tar.gz,linux,ppc64,jdk,4468
2026-10-09T03:20:19+00:00,sapmachine-16.0.2,46612324,False,sapmachine-jre-16.0.2_linux-ppc64_bin.tar.gz,linux,ppc64,jre,4483
2026-10-09T03:20:19+00:00,sapmachine-16.0.2,46612324,False,sapmachine-jdk-16.0.2_linux-ppc64_bin-symbols.tar.gz,linux,ppc64,jdk,7
2026-10-09T03:20:19+00:00,sapmachine-16.0.2,46612324,False,sapmachine-jdk-16.0.2_linux-ppc64le_bin.tar.gz,linux,ppc64,jdk,4560
2026-10-09T03:20:19+00:00,sapmachine-16.0.2,46612324,False,sapmachine-jre-16.0.2_linux-ppc64le_bin.tar.gz,linux,ppc64,jre,4509
2026-10-09T03:20:19+00:00,sapmachine-16.0.2,46612324,False,sapmachine-jdk-16.0.2_linux-ppc64le_bin-symbols.tar.gz,linux,ppc64,jdk,6
2026-10-09T03:20:19+00:00,sapmachine-16.0.2,46612324,False,sapmachine-jdk-16.0.2_osx-x64_bin.tar.gz,macos,x64,jdk,6327
2026-10-09T03:20:19+00:00,sapmachine-16.0.2,46612324,False,sapmachine-jre-16.0.2_osx-x64_bin.tar.gz,macos,x64,jre,5351
2026-10-09T03:20:19+00:00,sapmachine-16.0.2,46612324,False,sapmachine-jdk-16.0.2_osx-x64_bin-symbols.tar.gz,macos,x64,jdk,4
2026-10-09T03:20:19+00:00,sapmachine-16.0.2,46612324,False,sapmachine-jdk-16.0.2_osx-x64_bin.dmg,macos,x64,jdk,5108
2026-10-09T03:20:19+00:00,sapmachine-16.0.2,46612324,False,sapmachine-jre-16.0.2_osx-x64_bin.dmg,macos,x64,jre,4604
2026-10-09T03:20:19+00:00,sapmachine-11.0.12,46498867,False,sapmachine-jdk-11.0.12_linux-x64_bin.tar.gz,linux,x64,jdk,327818
2026-10-09T03:20:19+00:00,sapmachine-11.0.12,46498867,False,sapmachine-jre-11.0.12_linux-x64_bin.tar.gz,linux,x64,jre,33835
2026-10-09T03:20:19+00:00,sapmachine-11.0.12,46498867,False,sapmachine-jdk-11.0.12_linux-x64_bin-symbols.tar.gz,linux,x64,jdk,10
2026-10-09T03:20:19+00:00,sapmachine-11.0.12,46498867,False,sapmachine-jdk-11.0.12-beta_linux-aarch64_bin.tar.gz,linux,aarch64,jdk,4233
2026-10-09T03:20:19+00:00,sapmachine-11.0.12,46498867,False,sapmachine-jre-11.0.12-beta_linux-aarch64_bin.tar.gz,linux,aarch64,jre,3835
2026-10-09T03:20:19+00:00,sapmachine-11.0.12,46498867,False,sapmachine-jdk-11.0.12-beta_linux-aarch64_bin-symbols.tar.gz,linux,aarch64,jdk,10
2026-10-09T03:20:19+00:00,sapmachine-11.0.12,46498867,False,sapmachine-jdk-11.0.12_windows-x64_bin.zip,windows,x64,jdk,92598
2026-10-09T03:20:19+00:00,sapmachine-11.0.12,46498867,False,sapmachine-jre-11.0.12_windows-x64_bin.zip,windows,x64,jre,9175
2026-10-09T03:20:19+00:00,sapmachine-11.0.12,46498867,False,sapmachine-jdk-11.0.12_windows-x64_bin-symbols.tar.gz,windows,x64,jdk,11
2026-10-09T03:20:19+00:00,sapmachine-11.0.12,46498867,False,sapmachine-jdk-11.0.12_windows-x64_bin.msi,windows,x64,jdk,5725
2026-10-09T03:20:19+00:00,sapmachine-11.0.12,46498867,False,sapmachine-jre-11.0.12_windows-x64_bin.msi,windows,x64,jre,4938
2026-10-09T03:20:19+00:00,sapmachine-11.0.12,46498867,False,sapmachine-jdk-11.0.12_osx-x64_bin.tar.gz,macos,x64,jdk,5953
2026-10-09T03:20:19+00:00,sapmachine-11.0.12,46498867,False,sapmachine-jre-11.0.12_osx-x64_bin.tar.gz,macos,x64,jre,4554
2026-10-09T03:20:19+00:00,sapmachine-11.0.12,46498867,False,sapmachine-jdk-11.0.12_osx-x64_bin-symbols.tar.gz,macos,x64,jdk,12
2026-10-09T03:20:19+00:00,sapmachine-11.0.12,46498867,False,sapmachine-jdk-11.0.12_osx-x64_bin.dmg,macos,x64,jdk,8951
2026-10-09T03:20:19+00:00,sapmachine-11.0.12,46498867,False,sapmachine-jre-11.0.12_osx-x64_bin.dmg,macos,x64,jre,4607
2026-10-09T03:20:19+00:00,sapmachine-11.0.12,46498867,False,sapmachine-jdk-11.0.12-1.x86_64.rpm,linux,x64,jdk,5560
2026-10-09T03:20:19+00:00,sapmachine-11.0.12,46498867,False,sapmachine-jdk-11.0.12_linux-ppc64_bin.tar.gz,linux,ppc64,jdk,4506
2026-10-09T03:20:19+00:00,sapmachine-11.0.12,46498867,False,sapmachine-jdk-11.0.12_linux-ppc64le_bin.tar.gz,linux,ppc64,jdk,4596
2026-10-09T03:20:19+00:00,sapmachine-11.0.12,46498867,False,sapmachine-jre-11.0.12_linux-ppc64_bin.tar.gz,linux,ppc64,jre,4501
2026-10-09T03:20:19+00:00,sapmachine-11.0.12,46498867,False,sapmachine-jre-11.0.12_linux-ppc64le_bin.tar.gz,linux,ppc64,jre,4464
2026-10-09T03:20:19+00:00,sapmachine-11.0.12,46498867,False,sapmachine-jdk-11.0.12_linux-ppc64le_bin-symbols.tar.gz,linux,ppc64,jdk,8
2026-10-09T03:20:19+00:00,sapmachine-11.0.12,46498867,False,sapmachine-jdk-11.0.12_linux-ppc64_bin-symbols.tar.gz,linux,ppc64,jdk,8
2026-10-09T03:20:19+00:00,sapmachine-16.0.1,41759412,False,sapmachine-jdk-16.0.1_linux-x64_bin.tar.gz,linux,x64,jdk,7527
2026-10-09T03:20:19+00:00,sapmachine-16.0.1,41759412,False,sapmachine-jre-16.0.1_linux-x64_bin.tar.gz,linux,x64,jre,8859
2026-10-09T03:20:19+00:00,sapmachine-16.0.1,41759412,False,sapmachine-jdk-16.0.1_linux-x64_bin-symbols.tar.gz,linux,x64,jdk,10
2026-10-09T03:20:19+00:00,sapmachine-16.0.1,41759412,False,sapmachine-jdk-16.0.1-1.x86_64.rpm,linux,x64,jdk,4378
2026-10-09T03:20:19+00:00,sapmachine-16.0.1,41759412,False,sapmachine-jdk-16.0.1_windows-x64_bin.zip,windows,x64,jdk,7481
2026-10-09T03:20:19+00:00,sapmachine-16.0.1,41759412,False,sapmachine-jre-16.0.1_windows-x64_bin.zip,windows,x64,jre,6149
2026-10-09T03:20:19+00:00,sapmachine-16.0.1,41759412,False,sapmachine-jdk-16.0.1_windows-x64_bin-symbols.tar.gz,windows,x64,jdk,7
2026-10-09T03:20:19+00:00,sapmachine-16.0.1,41759412,False,sapmachine-jdk-16.0.1_windows-x64_bin.msi,windows,x64,jdk,7060
2026-10-09T03:20:19+00:00,sapmachine-16.0.1,41759412,False,sapmachine-jre-16.0.1_windows-x64_bin.msi,windows,x64,jre,7040
2026-10-09T03:20:19+00:00,sapmachine-16.0.1,41759412,False,sapmachine-jdk-16.0.1_linux-ppc64_bin.tar.gz,linux,ppc64,jdk,4595
2026-10-09T03:20:19+00:00,sapmachine-16.0.1,41759412,False,sapmachine-jre-16.0.1_linux-ppc64_bin.tar.gz,linux,ppc64,jre,4527
2026-10-09T03:20:19+00:00,sapmachine-16.0.1,41759412,False,sapmachine-jdk-16.0.1_linux-ppc64_bin-symbols.tar.gz,linux,ppc64,jdk,11
2026-10-09T03:20:19+00:00,sapmachine-16.0.1,41759412,False,sapmachine-jdk-16.0.1_linux-ppc64le_bin.tar.gz,linux,ppc64,jdk,4733
2026-10-09T03:20:19+00:00,sapmachine-16.0.1,41759412,False,sapmachine-jre-16.0.1_linux-ppc64le_bin.tar.gz,linux,ppc64,jre,4670
2026-10-09T03:20:19+00:00,sapmachine-16.0.1,41759412,False,sapmachine-jdk-16.0.1_linux-ppc64le_bin-symbols.tar.gz,linux,ppc64,jdk,7
2026-10-09T03:20:19+00:00,sapmachine-16.0.1,41759412,False,sapmachine-jdk-16.0.1-beta_linux-aarch64_bin.tar.gz,linux,aarch64,jdk,4364
2026-10-09T03:20:19+00:00,sapmachine-16.0.1,41759412,False,sapmachine-jre-16.0.1-beta_linux-aarch64_bin.tar.gz,linux,aarch64,jre,3923
2026-10-09T03:20:19+00:00,sapmachine-16.0.1,41759412,False,sapmachine-jdk-16.0.1-beta_linux-aarch64_bin-symbols.tar.gz,linux,aarch64,jdk,7
2026-10-09T03:20:19+00:00,sapmachine-16.0.1,41759412,False,sapmachine-jdk-16.0.1_osx-x64_bin.tar.gz,macos,x64,jdk,6969
2026-10-09T03:20:19+00:00,sapmachine-16.0.1,41759412,False,sapmachine-jre-16.0.1_osx-x64_bin.tar.gz,macos,x64,jre,6029
2026-10-09T03:20:19+00:00,sapmachine-16.0.1,41759412,False,sapmachine-jdk-16.0.1_osx-x64_bin-symbols.tar.gz,macos,x64,jdk,9
2026-10-09T03:20:19+00:00,sapmachine-16.0.1,41759412,False,sapmachine-jdk-16.0.1_osx-x64_bin.dmg,macos,x64,jdk,5478
2026-10-09T03:20:19+00:00,sapmachine-16.0.1,41759412,False,sapmachine-jre-16.0.1_osx-x64_bin.dmg,macos,x64,jre,4616
2026-10-09T03:20:19+00:00,sapmachine-11.0.11,41730420,False,sapmachine-jdk-11.0.11_linux-x64_bin.tar.gz,linux,x64,jdk,103594
2026-10-09T03:20:19+00:00,sapmachine-11.0.11,41730420,False,sapmachine-jre-11.0.11_linux-x64_bin.tar.gz,linux,x64,jre,31719
2026-10-09T03:20:19+00:00,sapmachine-11.0.11,41730420,False,sapmachine-jdk-11.0.11_linux-x64_bin-symbols.tar.gz,linux,x64,jdk,8
2026-10-09T03:20:19+00:00,sapmachine-11.0.11,41730420,False,sapmachine-jdk-11.0.11-1.x86_64.rpm,linux,x64,jdk,8273
2026-10-09T03:20:19+00:00,sapmachine-11.0.11,41730420,False,sapmachine-jdk-11.0.11_windows-x64_bin.zip,windows,x64,jdk,14592
2026-10-09T03:20:19+00:00,sapmachine-11.0.11,41730420,False,sapmachine-jre-11.0.11_windows-x64_bin.zip,windows,x64,jre,8885
2026-10-09T03:20:19+00:00,sapmachine-11.0.11,41730420,False,sapmachine-jdk-11.0.11_windows-x64_bin-symbols.tar.gz,windows,x64,jdk,13
2026-10-09T03:20:19+00:00,sapmachine-11.0.11,41730420,False,sapmachine-jdk-11.0.11_windows-x64_bin.msi,windows,x64,jdk,14783
2026-10-09T03:20:19+00:00,sapmachine-11.0.11,41730420,False,sapmachine-jre-11.0.11_windows-x64_bin.msi,windows,x64,jre,13884
2026-10-09T03:20:19+00:00,sapmachine-11.0.11,41730420,False,sapmachine-jdk-11.0.11_osx-x64_bin.tar.gz,macos,x64,jdk,5816
2026-10-09T03:20:19+00:00,sapmachine-11.0.11,41730420,False,sapmachine-jre-11.0.11_osx-x64_bin.tar.gz,macos,x64,jre,4681
2026-10-09T03:20:19+00:00,sapmachine-11.0.11,41730420,False,sapmachine-jdk-11.0.11_osx-x64_bin-symbols.tar.gz,macos,x64,jdk,8
2026-10-09T03:20:19+00:00,sapmachine-11.0.11,41730420,False,sapmachine-jdk-11.0.11_osx-x64_bin.dmg,macos,x64,jdk,8898
2026-10-09T03:20:19+00:00,sapmachine-11.0.11,41730420,False,sapmachine-jre-11.0.11_osx-x64_bin.dmg,macos,x64,jre,4696
2026-10-09T03:20:19+00:00,sapmachine-11.0.11,41730420,False,sapmachine-jdk-11.0.11_linux-ppc64_bin.tar.gz,linux,ppc64,jdk,4581
2026-10-09T03:20:19+00:00,sapmachine-11.0.11,41730420,False,sapmachine-jre-11.0.11_linux-ppc64_bin.tar.gz,linux,ppc64,jre,4530
2026-10-09T03:20:19+00:00,sapmachine-11.0.11,41730420,False,sapmachine-jdk-11.0.11_linux-ppc64_bin-symbols.tar.gz,linux,ppc64,jdk,8
2026-10-09T03:20:19+00:00,sapmachine-11.0.11,41730420,False,sapmachine-jdk-11.0.11_linux-ppc64le_bin.tar.gz,linux,ppc64,jdk,4604
2026-10-09T03:20:19+00:00,sapmachine-11.0.11,41730420,False,sapmachine-jre-11.0.11_linux-ppc64le_bin.tar.gz,linux,ppc64,jre,4575
2026-10-09T03:20:19+00:00,sapmachine-11.0.11,41730420,False,sapmachine-jdk-11.0.11_linux-ppc64le_bin-symbols.tar.gz,linux,ppc64,jdk,10
2026-10-09T03:20:19+00:00,sapmachine-11.0.11,41730420,False,sapmachine-jdk-11.0.11-beta_linux-aarch64_bin.tar.gz,linux,aarch64,jdk,4309
2026-10-09T03:20:19+00:00,sapmachine-11.0.11,41730420,False,sapmachine-jre-11.0.11-beta_linux-aarch64_bin.tar.gz,linux,aarch64,jre,3922
2026-10-09T03:20:19+00:00,sapmachine-11.0.11,41730420,False,sapmachine-jdk-11.0.11-beta_linux-aarch64_bin-symbols.tar.gz,linux,aarch64,jdk,17
2026-10-09T03:20:19+00:00,sapmachine-16,39844832,False,sapmachine-jdk-16_linux-x64_bin.tar.gz,linux,x64,jdk,7474
2026-10-09T03:20:19+00:00,sapmachine-16,39844832,False,sapmachine-jre-16_linux-x64_bin.tar.gz,linux,x64,jre,8720
2026-10-09T03:20:19+00:00,sapmachine-16,39844832,False,sapmachine-jdk-16_linux-x64_bin-symbols.tar.gz,linux,x64,jdk,3
2026-10-09T03:20:19+00:00,sapmachine-16,39844832,False,sapmachine-jdk-16-beta_linux-aarch64_bin.tar.gz,linux,aarch64,jdk,4379
2026-10-09T03:20:19+00:00,sapmachine-16,39844832,False,sapmachine-jre-16-beta_linux-aarch64_bin.tar.gz,linux,aarch64,jre,3973
2026-10-09T03:20:19+00:00,sapmachine-16,39844832,False,sapmachine-jdk-16-beta_linux-aarch64_bin-symbols.tar.gz,linux,aarch64,jdk,4
2026-10-09T03:20:19+00:00,sapmachine-16,39844832,False,sapmachine-jdk-16-1.x86_64.rpm,linux,x64,jdk,4414
2026-10-09T03:20:19+00:00,sapmachine-16,39844832,False,sapmachine-jdk-16_windows-x64_bin.zip,windows,x64,jdk,7653
2026-10-09T03:20:19+00:00,sapmachine-16,39844832,False,sapmachine-jre-16_windows-x64_bin.zip,windows,x64,jre,6835
2026-10-09T03:20:19+00:00,sapmachine-16,39844832,False,sapmachine-jdk-16_windows-x64_bin-symbols.tar.gz,windows,x64,jdk,3
2026-10-09T03:20:19+00:00,sapmachine-16,39844832,False,sapmachine-jdk-16_windows-x64_bin.msi,windows,x64,jdk,4783
2026-10-09T03:20:19+00:00,sapmachine-16,39844832,False,sapmachine-jre-16_windows-x64_bin.msi,windows,x64,jre,4610
2026-10-09T03:20:19+00:00,sapmachine-16,39844832,False,sapmachine-jdk-16_linux-ppc64le_bin.tar.gz,linux,ppc64,jdk,4489
2026-10-09T03:20:19+00:00,sapmachine-16,39844832,False,sapmachine-jre-16_linux-ppc64le_bin.tar.gz,linux,ppc64,jre,4514
2026-10-09T03:20:19+00:00,sapmachine-16,39844832,False,sapmachine-jdk-16_linux-ppc64le_bin-symbols.tar.gz,linux,ppc64,jdk,3
2026-10-09T03:20:19+00:00,sapmachine-16,39844832,False,sapmachine-jdk-16_linux-ppc64_bin.tar.gz,linux,ppc64,jdk,4504
2026-10-09T03:20:19+00:00,sapmachine-16,39844832,False,sapmachine-jre-16_linux-ppc64_bin.tar.gz,linux,ppc64,jre,4495
2026-10-09T03:20:19+00:00,sapmachine-16,39844832,False,sapmachine-jdk-16_linux-ppc64_bin-symbols.tar.gz,linux,ppc64,jdk,3
2026-10-09T03:20:19+00:00,sapmachine-16,39844832,False,sapmachine-jdk-16_osx-x64_bin.tar.gz,macos,x64,jdk,7379
2026-10-09T03:20:19+00:00,sapmachine-16,39844832,False,sapmachine-jre-16_osx-x64_bin.tar.gz,macos,x64,jre,2922
2026-10-09T03:20:19+00:00,sapmachine-16,39844832,False,sapmachine-jdk-16_osx-x64_bin-symbols.tar.gz,macos,x64,jdk,4
2026-10-09T03:20:19+00:00,sapmachine-16,39844832,False,sapmachine-jdk-16_osx-x64_bin.dmg,macos,x64,jdk,5149
2026-10-09T03:20:19+00:00,sapmachine-16,39844832,False,sapmachine-jre-16_osx-x64_bin.dmg,macos,x64,jre,4568
2026-10-09T03:20:19+00:00,sapmachine-15.0.2,36751903,False,sapmachine-jdk-15.0.2_linux-x64_bin.tar.gz,linux,x64,jdk,13624
2026-10-09T03:20:19+00:00,sapmachine-15.0.2,36751903,False,sapmachine-jre-15.0.2_linux-x64_bin.tar.gz,linux,x64,jre,13397
2026-10-09T03:20:19+00:00,sapmachine-15.0.2,36751903,False,sapmachine-jdk-15.0.2_linux-x64_bin-symbols.tar.gz,linux,x64,jdk,5
2026-10-09T03:20:19+00:00,sapmachine-15.0.2,36751903,False,sapmachine-jdk-15.0.2-beta_linux-aarch64_bin.tar.gz,linux,aarch64,jdk,4512
2026-10-09T03:20:19+00:00,sapmachine-15.0.2,36751903,False,sapmachine-jre-15.0.2-beta_linux-aarch64_bin.tar.gz,linux,aarch64,jre,4017
2026-10-09T03:20:19+00:00,sapmachine-15.0.2,36751903,False,sapmachine-jdk-15.0.2-beta_linux-aarch64_bin-symbols.tar.gz,linux,aarch64,jdk,6
2026-10-09T03:20:19+00:00,sapmachine-15.0.2,36751903,False,sapmachine-jdk-15.0.2-1.x86_64.rpm,linux,x64,jdk,4433
2026-10-09T03:20:19+00:00,sapmachine-15.0.2,36751903,False,sapmachine-jdk-15.0.2_windows-x64_bin.zip,windows,x64,jdk,13359
2026-10-09T03:20:19+00:00,sapmachine-15.0.2,36751903,False,sapmachine-jre-15.0.2_windows-x64_bin.zip,windows,x64,jre,7987
2026-10-09T03:20:19+00:00,sapmachine-15.0.2,36751903,False,sapmachine-jdk-15.0.2_windows-x64_bin-symbols.tar.gz,windows,x64,jdk,8
2026-10-09T03:20:19+00:00,sapmachine-15.0.2,36751903,False,sapmachine-jdk-15.0.2_windows-x64_bin.msi,windows,x64,jdk,4752
2026-10-09T03:20:19+00:00,sapmachine-15.0.2,36751903,False,sapmachine-jre-15.0.2_windows-x64_bin.msi,windows,x64,jre,4685
2026-10-09T03:20:19+00:00,sapmachine-15.0.2,36751903,False,sapmachine-jdk-15.0.2_linux-ppc64_bin.tar.gz,linux,ppc64,jdk,4543
2026-10-09T03:20:19+00:00,sapmachine-15.0.2,36751903,False,sapmachine-jre-15.0.2_linux-ppc64_bin.tar.gz,linux,ppc64,jre,4494
2026-10-09T03:20:19+00:00,sapmachine-15.0.2,36751903,False,sapmachine-jdk-15.0.2_linux-ppc64_bin-symbols.tar.gz,linux,ppc64,jdk,6
2026-10-09T03:20:19+00:00,sapmachine-15.0.2,36751903,False,sapmachine-jdk-15.0.2_linux-ppc64le_bin.tar.gz,linux,ppc64,jdk,4512
2026-10-09T03:20:19+00:00,sapmachine-15.0.2,36751903,False,sapmachine-jre-15.0.2_linux-ppc64le_bin.tar.gz,linux,ppc64,jre,4522
2026-10-09T03:20:19+00:00,sapmachine-15.0.2,36751903,False,sapmachine-jdk-15.0.2_linux-ppc64le_bin-symbols.tar.gz,linux,ppc64,jdk,5
2026-10-09T03:20:19+00:00,sapmachine-15.0.2,36751903,False,sapmachine-jdk-15.0.2_osx-x64_bin.tar.gz,macos,x64,jdk,13539
2026-10-09T03:20:19+00:00,sapmachine-15.0.2,36751903,False,sapmachine-jre-15.0.2_osx-x64_bin.tar.gz,macos,x64,jre,7804
2026-10-09T03:20:19+00:00,sapmachine-15.0.2,36751903,False,sapmachine-jdk-15.0.2_osx-x64_bin-symbols.tar.gz,macos,x64,jdk,8
2026-10-09T03:20:19+00:00,sapmachine-15.0.2,36751903,False,sapmachine-jdk-15.0.2_osx-x64_bin.dmg,macos,x64,jdk,5500
2026-10-09T03:20:19+00:00,sapmachine-15.0.2,36751903,False,sapmachine-jre-15.0.2_osx-x64_bin.dmg,macos,x64,jre,4553
2026-10-09T03:20:19+00:00,sapmachine-11.0.10,36625952,False,sapmachine-jdk-11.0.10_linux-x64_bin.tar.gz,linux,x64,jdk,105896
2026-10-09T03:20:19+00:00,sapmachine-11.0.10,36625952,False,sapmachine-jre-11.0.10_linux-x64_bin.tar.gz,linux,x64,jre,32964
2026-10-09T03:20:19+00:00,sapmachine-11.0.10,36625952,False,sapmachine-jdk-11.0.10_linux-x64_bin-symbols.tar.gz,linux,x64,jdk,7
2026-10-09T03:20:19+00:00,sapmachine-11.0.10,36625952,False,sapmachine-jdk-11.0.10-beta_linux-aarch64_bin.tar.gz,linux,aarch64,jdk,4822
2026-10-09T03:20:19+00:00,sapmachine-11.0.10,36625952,False,sapmachine-jre-11.0.10-beta_linux-aarch64_bin.tar.gz,linux,aarch64,jre,4018
2026-10-09T03:20:19+00:00,sapmachine-11.0.10,36625952,False,sapmachine-jdk-11.0.10-beta_linux-aarch64_bin-symbols.tar.gz,linux,aarch64,jdk,7
2026-10-09T03:20:19+00:00,sapmachine-11.0.10,36625952,False,sapmachine-jdk-11.0.10-1.x86_64.rpm,linux,x64,jdk,4669
2026-10-09T03:20:19+00:00,sapmachine-11.0.10,36625952,False,sapmachine-jdk-11.0.10_windows-x64_bin.zip,windows,x64,jdk,15390
2026-10-09T03:20:19+00:00,sapmachine-11.0.10,36625952,False,sapmachine-jre-11.0.10_windows-x64_bin.zip,windows,x64,jre,9558
2026-10-09T03:20:19+00:00,sapmachine-11.0.10,36625952,False,sapmachine-jdk-11.0.10_windows-x64_bin-symbols.tar.gz,windows,x64,jdk,7
2026-10-09T03:20:19+00:00,sapmachine-11.0.10,36625952,False,sapmachine-jdk-11.0.10_windows-x64_bin.msi,windows,x64,jdk,6026
2026-10-09T03:20:19+00:00,sapmachine-11.0.10,36625952,False,sapmachine-jre-11.0.10_windows-x64_bin.msi,windows,x64,jre,5331
2026-10-09T03:20:19+00:00,sapmachine-11.0.10,36625952,False,sapmachine-jdk-11.0.10_linux-ppc64_bin.tar.gz,linux,ppc64,jdk,4607
2026-10-09T03:20:19+00:00,sapmachine-11.0.10,36625952,False,sapmachine-jre-11.0.10_linux-ppc64_bin.tar.gz,linux,ppc64,jre,4477
2026-10-09T03:20:19+00:00,sapmachine-11.0.10,36625952,False,sapmachine-jdk-11.0.10_linux-ppc64_bin-symbols.tar.gz,linux,ppc64,jdk,7
2026-10-09T03:20:19+00:00,sapmachine-11.0.10,36625952,False,sapmachine-jdk-11.0.10_linux-ppc64le_bin.tar.gz,linux,ppc64,jdk,4580
2026-10-09T03:20:19+00:00,sapmachine-11.0.10,36625952,False,sapmachine-jre-11.0.10_linux-ppc64le_bin.tar.gz,linux,ppc64,jre,4498
2026-10-09T03:20:19+00:00,sapmachine-11.0.10,36625952,False,sapmachine-jdk-11.0.10_linux-ppc64le_bin-symbols.tar.gz,linux,ppc64,jdk,6
2026-10-09T03:20:19+00:00,sapmachine-11.0.10,36625952,False,sapmachine-jdk-11.0.10_osx-x64_bin.tar.gz,macos,x64,jdk,6018
2026-10-09T03:20:19+00:00,sapmachine-11.0.10,36625952,False,sapmachine-jre-11.0.10_osx-x64_bin.tar.gz,macos,x64,jre,4571
2026-10-09T03:20:19+00:00,sapmachine-11.0.10,36625952,False,sapmachine-jdk-11.0.10_osx-x64_bin-symbols.tar.gz,macos,x64,jdk,9
2026-10-09T03:20:19+00:00,sapmachine-11.0.10,36625952,False,sapmachine-jdk-11.0.10_osx-x64_bin.dmg,macos,x64,jdk,8051
2026-10-09T03:20:19+00:00,sapmachine-11.0.10,36625952,False,sapmachine-jre-11.0.10_osx-x64_bin.dmg,macos,x64,jre,4671
2026-10-09T03:20:19+00:00,sapmachine-11.0.9.1,33496967,False,sapmachine-jdk-11.0.9.1_linux-x64_bin.tar.gz,linux,x64,jdk,83724
2026-10-09T03:20:19+00:00,sapmachine-11.0.9.1,33496967,False,sapmachine-jre-11.0.9.1_linux-x64_bin.tar.gz,linux,x64,jre,6821
2026-10-09T03:20:19+00:00,sapmachine-11.0.9.1,33496967,False,sapmachine-jdk-11.0.9.1_linux-x64_bin-symbols.tar.gz,linux,x64,jdk,4
2026-10-09T03:20:19+00:00,sapmachine-11.0.9.1,33496967,False,sapmachine-jdk-11.0.9.1-beta_linux-aarch64_bin.tar.gz,linux,aarch64,jdk,4558
2026-10-09T03:20:19+00:00,sapmachine-11.0.9.1,33496967,False,sapmachine-jre-11.0.9.1-beta_linux-aarch64_bin.tar.gz,linux,aarch64,jre,4093
2026-10-09T03:20:19+00:00,sapmachine-11.0.9.1,33496967,False,sapmachine-jdk-11.0.9.1-beta_linux-aarch64_bin-symbols.tar.gz,linux,aarch64,jdk,7
2026-10-09T03:20:19+00:00,sapmachine-11.0.9.1,33496967,False,sapmachine-jdk-11.0.9.1_windows-x64_bin.zip,windows,x64,jdk,11222
2026-10-09T03:20:19+00:00,sapmachine-11.0.9.1,33496967,False,sapmachine-jre-11.0.9.1_windows-x64_bin.zip,windows,x64,jre,5819
2026-10-09T03:20:19+00:00,sapmachine-11.0.9.1,33496967,False,sapmachine-jdk-11.0.9.1_windows-x64_bin-symbols.tar.gz,windows,x64,jdk,5
2026-10-09T03:20:19+00:00,sapmachine-11.0.9.1,33496967,False,sapmachine-jdk-11.0.9.1_linux-ppc64_bin.tar.gz,linux,ppc64,jdk,4597
2026-10-09T03:20:19+00:00,sapmachine-11.0.9.1,33496967,False,sapmachine-jre-11.0.9.1_linux-ppc64_bin.tar.gz,linux,ppc64,jre,4647
2026-10-09T03:20:19+00:00,sapmachine-11.0.9.1,33496967,False,sapmachine-jdk-11.0.9.1_linux-ppc64_bin-symbols.tar.gz,linux,ppc64,jdk,4
2026-10-09T03:20:19+00:00,sapmachine-11.0.9.1,33496967,False,sapmachine-jdk-11.0.9.1_linux-ppc64le_bin.tar.gz,linux,ppc64,jdk,4636
2026-10-09T03:20:19+00:00,sapmachine-11.0.9.1,33496967,False,sapmachine-jre-11.0.9.1_linux-ppc64le_bin.tar.gz,linux,ppc64,jre,4548
2026-10-09T03:20:19+00:00,sapmachine-11.0.9.1,33496967,False,sapmachine-jdk-11.0.9.1_linux-ppc64le_bin-symbols.tar.gz,linux,ppc64,jdk,5
2026-10-09T03:20:19+00:00,sapmachine-11.0.9.1,33496967,False,sapmachine-jdk-11.0.9.1-1.x86_64.rpm,linux,x64,jdk,4763
2026-10-09T03:20:19+00:00,sapmachine-11.0.9.1,33496967,False,sapmachine-jdk-11.0.9.1_osx-x64_bin.tar.gz,macos,x64,jdk,6478
2026-10-09T03:20:19+00:00,sapmachine-11.0.9.1,33496967,False,sapmachine-jre-11.0.9.1_osx-x64_bin.tar.gz,macos,x64,jre,4603
2026-10-09T03:20:19+00:00,sapmachine-11.0.9.1,33496967,False,sapmachine-jdk-11.0.9.1_osx-x64_bin-symbols.tar.gz,macos,x64,jdk,14
2026-10-09T03:20:19+00:00,sapmachine-11.0.9.1,33496967,False,sapmachine-jdk-11.0.9.1_osx-x64_bin.dmg,macos,x64,jdk,7618
2026-10-09T03:20:19+00:00,sapmachine-11.0.9.1,33496967,False,sapmachine-jre-11.0.9.1_osx-x64_bin.dmg,macos,x64,jre,4822
2026-10-09T03:20:19+00:00,sapmachine-11.0.9.1,33496967,False,sapmachine-jdk-11.0.9.1_windows-x64_bin.msi,windows,x64,jdk,9105
2026-10-09T03:20:19+00:00,sapmachine-11.0.9.1,33496967,False,sapmachine-jre-11.0.9.1_windows-x64_bin.msi,windows,x64,jre,8326
2026-10-09T03:20:19+00:00,sapmachine-11.0.9,32898755,False,sapmachine-jdk-11.0.9_linux-x64_bin.tar.gz,linux,x64,jdk,57535
2026-10-09T03:20:19+00:00,sapmachine-11.0.9,32898755,False,sapmachine-jre-11.0.9_linux-x64_bin.tar.gz,linux,x64,jre,15909
2026-10-09T03:20:19+00:00,sapmachine-11.0.9,32898755,False,sapmachine-jdk-11.0.9_linux-x64_bin-symbols.tar.gz,linux,x64,jdk,4
2026-10-09T03:20:19+00:00,sapmachine-11.0.9,32898755,False,sapmachine-jdk-11.0.9-beta_linux-aarch64_bin.tar.gz,linux,aarch64,jdk,4099
2026-10-09T03:20:19+00:00,sapmachine-11.0.9,32898755,False,sapmachine-jre-11.0.9-beta_linux-aarch64_bin.tar.gz,linux,aarch64,jre,4108
2026-10-09T03:20:19+00:00,sapmachine-11.0.9,32898755,False,sapmachine-jdk-11.0.9-beta_linux-aarch64_bin-symbols.tar.gz,linux,aarch64,jdk,9
2026-10-09T03:20:19+00:00,sapmachine-11.0.9,32898755,False,sapmachine-jdk-11.0.9_windows-x64_bin.zip,windows,x64,jdk,10221
2026-10-09T03:20:19+00:00,sapmachine-11.0.9,32898755,False,sapmachine-jre-11.0.9_windows-x64_bin.zip,windows,x64,jre,8226
2026-10-09T03:20:19+00:00,sapmachine-11.0.9,32898755,False,sapmachine-jdk-11.0.9_windows-x64_bin-symbols.tar.gz,windows,x64,jdk,4
2026-10-09T03:20:19+00:00,sapmachine-11.0.9,32898755,False,sapmachine-jdk-11.0.9_windows-x64_bin.msi,windows,x64,jdk,5048
2026-10-09T03:20:19+00:00,sapmachine-11.0.9,32898755,False,sapmachine-jre-11.0.9_windows-x64_bin.msi,windows,x64,jre,4717
2026-10-09T03:20:19+00:00,sapmachine-11.0.9,32898755,False,sapmachine-jdk-11.0.9_linux-ppc64_bin.tar.gz,linux,ppc64,jdk,4608
2026-10-09T03:20:19+00:00,sapmachine-11.0.9,32898755,False,sapmachine-jre-11.0.9_linux-ppc64_bin.tar.gz,linux,ppc64,jre,4663
2026-10-09T03:20:19+00:00,sapmachine-11.0.9,32898755,False,sapmachine-jdk-11.0.9_linux-ppc64_bin-symbols.tar.gz,linux,ppc64,jdk,5
2026-10-09T03:20:19+00:00,sapmachine-11.0.9,32898755,False,sapmachine-jdk-11.0.9_linux-ppc64le_bin.tar.gz,linux,ppc64,jdk,4608
2026-10-09T03:20:19+00:00,sapmachine-11.0.9,32898755,False,sapmachine-jre-11.0.9_linux-ppc64le_bin.tar.gz,linux,ppc64,jre,4556
2026-10-09T03:20:19+00:00,sapmachine-11.0.9,32898755,False,sapmachine-jdk-11.0.9_linux-ppc64le_bin-symbols.tar.gz,linux,ppc64,jdk,4
2026-10-09T03:20:19+00:00,sapmachine-11.0.9,32898755,False,sapmachine-jdk-11.0.9_osx-x64_bin.tar.gz,macos,x64,jdk,5392
2026-10-09T03:20:19+00:00,sapmachine-11.0.9,32898755,False,sapmachine-jre-11.0.9_osx-x64_bin.tar.gz,macos,x64,jre,4690
2026-10-09T03:20:19+00:00,sapmachine-11.0.9,32898755,False,sapmachine-jdk-11.0.9_osx-x64_bin-symbols.tar.gz,macos,x64,jdk,6
2026-10-09T03:20:19+00:00,sapmachine-11.0.9,32898755,False,sapmachine-jdk-11.0.9_osx-x64_bin.dmg,macos,x64,jdk,4884
2026-10-09T03:20:19+00:00,sapmachine-11.0.9,32898755,False,sapmachine-jre-11.0.9_osx-x64_bin.dmg,macos,x64,jre,4568
2026-10-09T03:20:19+00:00,sapmachine-11.0.9,32898755,False,sapmachine-jdk-11.0.9-1.x86_64.rpm,linux,x64,jdk,4596
2026-10-09T03:20:19+00:00,sapmachine-15.0.1,32898848,False,sapmachine-jdk-15.0.1_linux-x64_bin.tar.gz,linux,x64,jdk,10402
2026-10-09T03:20:19+00:00,sapmachine-15.0.1,32898848,False,sapmachine-jre-15.0.1_linux-x64_bin.tar.gz,linux,x64,jre,10411
2026-10-09T03:20:19+00:00,sapmachine-15.0.1,32898848,False,sapmachine-jdk-15.0.1_linux-x64_bin-symbols.tar.gz,linux,x64,jdk,4
2026-10-09T03:20:19+00:00,sapmachine-15.0.1,32898848,False,sapmachine-jdk-15.0.1_windows-x64_bin.zip,windows,x64,jdk,10151
2026-10-09T03:20:19+00:00,sapmachine-15.0.1,32898848,False,sapmachine-jre-15.0.1_windows-x64_bin.zip,windows,x64,jre,7984
2026-10-09T03:20:19+00:00,sapmachine-15.0.1,32898848,False,sapmachine-jdk-15.0.1_windows-x64_bin-symbols.tar.gz,windows,x64,jdk,4
2026-10-09T03:20:19+00:00,sapmachine-15.0.1,32898848,False,sapmachine-jdk-15.0.1_windows-x64_bin.msi,windows,x64,jdk,4900
2026-10-09T03:20:19+00:00,sapmachine-15.0.1,32898848,False,sapmachine-jre-15.0.1_windows-x64_bin.msi,windows,x64,jre,4766
2026-10-09T03:20:19+00:00,sapmachine-15.0.1,32898848,False,sapmachine-jdk-15.0.1-beta_linux-aarch64_bin.tar.gz,linux,aarch64,jdk,4711
2026-10-09T03:20:19+00:00,sapmachine-15.0.1,32898848,False,sapmachine-jre-15.0.1-beta_linux-aarch64_bin.tar.gz,linux,aarch64,jre,4103
2026-10-09T03:20:19+00:00,sapmachine-15.0.1,32898848,False,sapmachine-jdk-15.0.1-beta_linux-aarch64_bin-symbols.tar.gz,linux,aarch64,jdk,4
2026-10-09T03:20:19+00:00,sapmachine-15.0.1,32898848,False,sapmachine-jdk-15.0.1_linux-ppc64_bin.tar.gz,linux,ppc64,jdk,4676
2026-10-09T03:20:19+00:00,sapmachine-15.0.1,32898848,False,sapmachine-jre-15.0.1_linux-ppc64_bin.tar.gz,linux,ppc64,jre,4600
2026-10-09T03:20:19+00:00,sapmachine-15.0.1,32898848,False,sapmachine-jdk-15.0.1_linux-ppc64_bin-symbols.tar.gz,linux,ppc64,jdk,5
2026-10-09T03:20:19+00:00,sapmachine-15.0.1,32898848,False,sapmachine-jdk-15.0.1_linux-ppc64le_bin.tar.gz,linux,ppc64,jdk,4625
2026-10-09T03:20:19+00:00,sapmachine-15.0.1,32898848,False,sapmachine-jre-15.0.1_linux-ppc64le_bin.tar.gz,linux,ppc64,jre,4654
2026-10-09T03:20:19+00:00,sapmachine-15.0.1,32898848,False,sapmachine-jdk-15.0.1_linux-ppc64le_bin-symbols.tar.gz,linux,ppc64,jdk,4
2026-10-09T03:20:19+00:00,sapmachine-15.0.1,32898848,False,sapmachine-jdk-15.0.1_osx-x64_bin.tar.gz,macos,x64,jdk,9550
2026-10-09T03:20:19+00:00,sapmachine-15.0.1,32898848,False,sapmachine-jre-15.0.1_osx-x64_bin.tar.gz,macos,x64,jre,7869
2026-10-09T03:20:19+00:00,sapmachine-15.0.1,32898848,False,sapmachine-jdk-15.0.1_osx-x64_bin-symbols.tar.gz,macos,x64,jdk,6
2026-10-09T03:20:19+00:00,sapmachine-15.0.1,32898848,False,sapmachine-jdk-15.0.1_osx-x64_bin.dmg,macos,x64,jdk,5675
2026-10-09T03:20:19+00:00,sapmachine-15.0.1,32898848,False,sapmachine-jre-15.0.1_osx-x64_bin.dmg,macos,x64,jre,4615
2026-10-09T03:20:19+00:00,sapmachine-15.0.1,32898848,False,sapmachine-jdk-15.0.1-1.x86_64.rpm,linux,x64,jdk,4509
2026-10-09T03:20:19+00:00,sapmachine-15,31379215,False,sapmachine-jdk-15_linux-x64_bin.tar.gz,linux,x64,jdk,11396
2026-10-09T03:20:19+00:00,sapmachine-15,31379215,False,sapmachine-jre-15_linux-x64_bin.tar.gz,linux,x64,jre,13106
2026-10-09T03:20:19+00:00,sapmachine-15,31379215,False,sapmachine-jdk-15_linux-x64_bin-symbols.tar.gz,linux,x64,jdk,7
2026-10-09T03:20:19+00:00,sapmachine-15,31379215,False,sapmachine-jdk-15_linux-ppc64_bin.tar.gz,linux,ppc64,jdk,4625
2026-10-09T03:20:19+00:00,sapmachine-15,31379215,False,sapmachine-jre-15_linux-ppc64_bin.tar.gz,linux,ppc64,jre,4638
2026-10-09T03:20:19+00:00,sapmachine-15,31379215,False,sapmachine-jdk-15_linux-ppc64_bin-symbols.tar.gz,linux,ppc64,jdk,5
2026-10-09T03:20:19+00:00,sapmachine-15,31379215,False,sapmachine-jdk-15_windows-x64_bin.zip,windows,x64,jdk,11143
2026-10-09T03:20:19+00:00,sapmachine-15,31379215,False,sapmachine-jre-15_windows-x64_bin.zip,windows,x64,jre,10698
2026-10-09T03:20:19+00:00,sapmachine-15,31379215,False,sapmachine-jdk-15_windows-x64_bin-symbols.tar.gz,windows,x64,jdk,6
2026-10-09T03:20:19+00:00,sapmachine-15,31379215,False,sapmachine-jdk-15_windows-x64_bin.msi,windows,x64,jdk,4766
2026-10-09T03:20:19+00:00,sapmachine-15,31379215,False,sapmachine-jre-15_windows-x64_bin.msi,windows,x64,jre,4633
2026-10-09T03:20:19+00:00,sapmachine-15,31379215,False,sapmachine-jdk-15_linux-ppc64le_bin.tar.gz,linux,ppc64,jdk,4730
2026-10-09T03:20:19+00:00,sapmachine-15,31379215,False,sapmachine-jre-15_linux-ppc64le_bin.tar.gz,linux,ppc64,jre,4688
2026-10-09T03:20:19+00:00,sapmachine-15,31379215,False,sapmachine-jdk-15_linux-ppc64le_bin-symbols.tar.gz,linux,ppc64,jdk,6
2026-10-09T03:20:19+00:00,sapmachine-15,31379215,False,sapmachine-jdk-15-beta_linux-aarch64_bin.tar.gz,linux,aarch64,jdk,4156
2026-10-09T03:20:19+00:00,sapmachine-15,31379215,False,sapmachine-jre-15-beta_linux-aarch64_bin.tar.gz,linux,aarch64,jre,4144
2026-10-09T03:20:19+00:00,sapmachine-15,31379215,False,sapmachine-jdk-15-beta_linux-aarch64_bin-symbols.tar.gz,linux,aarch64,jdk,6
2026-10-09T03:20:19+00:00,sapmachine-15,31379215,False,sapmachine-jdk-15_osx-x64_bin.tar.gz,macos,x64,jdk,11251
2026-10-09T03:20:19+00:00,sapmachine-15,31379215,False,sapmachine-jre-15_osx-x64_bin.tar.gz,macos,x64,jre,11023
2026-10-09T03:20:19+00:00,sapmachine-15,31379215,False,sapmachine-jdk-15_osx-x64_bin-symbols.tar.gz,macos,x64,jdk,8
2026-10-09T03:20:19+00:00,sapmachine-15,31379215,False,sapmachine-jdk-15_osx-x64_bin.dmg,macos,x64,jdk,5136
2026-10-09T03:20:19+00:00,sapmachine-15,31379215,False,sapmachine-jre-15_osx-x64_bin.dmg,macos,x64,jre,4723
2026-10-09T03:20:19+00:00,sapmachine-15,31379215,False,sapmachine-jdk-15-1.x86_64.rpm,linux,x64,jdk,4519
2026-10-09T03:20:19+00:00,sapmachine-11.0.8,28580678,False,sapmachine-jdk-11.0.8_linux-x64_bin.tar.gz,linux,x64,jdk,1889470
2026-10-09T03:20:19+00:00,sapmachine-11.0.8,28580678,False,sapmachine-jre-11.0.8_linux-x64_bin.tar.gz,linux,x64,jre,16466
2026-10-09T03:20:19+00:00,sapmachine-11.0.8,28580678,False,sapmachine-jdk-11.0.8_linux-x64_bin-symbols.tar.gz,linux,x64,jdk,9
2026-10-09T03:20:19+00:00,sapmachine-11.0.8,28580678,False,sapmachine-jdk-11.0.8_windows-x64_bin.zip,windows,x64,jdk,15505
2026-10-09T03:20:19+00:00,sapmachine-11.0.8,28580678,False,sapmachine-jre-11.0.8_windows-x64_bin.zip,windows,x64,jre,8992
2026-10-09T03:20:19+00:00,sapmachine-11.0.8,28580678,False,sapmachine-jdk-11.0.8_windows-x64_bin-symbols.tar.gz,windows,x64,jdk,11
2026-10-09T03:20:19+00:00,sapmachine-11.0.8,28580678,False,sapmachine-jdk-11.0.8_windows-x64_bin.msi,windows,x64,jdk,6035
2026-10-09T03:20:19+00:00,sapmachine-11.0.8,28580678,False,sapmachine-jre-11.0.8_windows-x64_bin.msi,windows,x64,jre,5139
2026-10-09T03:20:19+00:00,sapmachine-11.0.8,28580678,False,sapmachine-jdk-11.0.8_linux-ppc64le_bin.tar.gz,linux,ppc64,jdk,4741
2026-10-09T03:20:19+00:00,sapmachine-11.0.8,28580678,False,sapmachine-jre-11.0.8_linux-ppc64le_bin.tar.gz,linux,ppc64,jre,4709
2026-10-09T03:20:19+00:00,sapmachine-11.0.8,28580678,False,sapmachine-jdk-11.0.8_linux-ppc64le_bin-symbols.tar.gz,linux,ppc64,jdk,6
2026-10-09T03:20:19+00:00,sapmachine-11.0.8,28580678,False,sapmachine-jdk-11.0.8-1.x86_64.rpm,linux,x64,jdk,4759
2026-10-09T03:20:19+00:00,sapmachine-11.0.8,28580678,False,sapmachine-jdk-11.0.8_linux-ppc64_bin.tar.gz,linux,ppc64,jdk,4718
2026-10-09T03:20:19+00:00,sapmachine-11.0.8,28580678,False,sapmachine-jre-11.0.8_linux-ppc64_bin.tar.gz,linux,ppc64,jre,4666
2026-10-09T03:20:19+00:00,sapmachine-11.0.8,28580678,False,sapmachine-jdk-11.0.8_linux-ppc64_bin-symbols.tar.gz,linux,ppc64,jdk,7
2026-10-09T03:20:19+00:00,sapmachine-11.0.8,28580678,False,sapmachine-jdk-11.0.8_osx-x64_bin.tar.gz,macos,x64,jdk,6027
2026-10-09T03:20:19+00:00,sapmachine-11.0.8,28580678,False,sapmachine-jre-11.0.8_osx-x64_bin.tar.gz,macos,x64,jre,4764
2026-10-09T03:20:19+00:00,sapmachine-11.0.8,28580678,False,sapmachine-jdk-11.0.8_osx-x64_bin-symbols.tar.gz,macos,x64,jdk,18
2026-10-09T03:20:19+00:00,sapmachine-11.0.8,28580678,False,sapmachine-jre-11.0.8_osx-x64_bin.dmg,macos,x64,jre,4801
2026-10-09T03:20:19+00:00,sapmachine-11.0.8,28580678,False,sapmachine-jdk-11.0.8_osx-x64_bin.dmg,macos,x64,jdk,7979
2026-10-09T03:20:19+00:00,sapmachine-14.0.2,28622206,False,sapmachine-jdk-14.0.2_linux-x64_bin.tar.gz,linux,x64,jdk,10401
2026-10-09T03:20:19+00:00,sapmachine-14.0.2,28622206,False,sapmachine-jre-14.0.2_linux-x64_bin.tar.gz,linux,x64,jre,10841
2026-10-09T03:20:19+00:00,sapmachine-14.0.2,28622206,False,sapmachine-jdk-14.0.2_linux-x64_bin-symbols.tar.gz,linux,x64,jdk,6
2026-10-09T03:20:19+00:00,sapmachine-14.0.2,28622206,False,sapmachine-jdk-14.0.2_windows-x64_bin.zip,windows,x64,jdk,9971
2026-10-09T03:20:19+00:00,sapmachine-14.0.2,28622206,False,sapmachine-jre-14.0.2_windows-x64_bin.zip,windows,x64,jre,8130
2026-10-09T03:20:19+00:00,sapmachine-14.0.2,28622206,False,sapmachine-jdk-14.0.2_windows-x64_bin-symbols.tar.gz,windows,x64,jdk,6
2026-10-09T03:20:19+00:00,sapmachine-14.0.2,28622206,False,sapmachine-jdk-14.0.2_windows-x64_bin.msi,windows,x64,jdk,4835
2026-10-09T03:20:19+00:00,sapmachine-14.0.2,28622206,False,sapmachine-jre-14.0.2_windows-x64_bin.msi,windows,x64,jre,4709
2026-10-09T03:20:19+00:00,sapmachine-14.0.2,28622206,False,sapmachine-jdk-14.0.2_linux-ppc64_bin.tar.gz,linux,ppc64,jdk,4824
2026-10-09T03:20:19+00:00,sapmachine-14.0.2,28622206,False,sapmachine-jre-14.0.2_linux-ppc64_bin.tar.gz,linux,ppc64,jre,4746
2026-10-09T03:20:19+00:00,sapmachine-14.0.2,28622206,False,sapmachine-jdk-14.0.2_linux-ppc64_bin-symbols.tar.gz,linux,ppc64,jdk,5
2026-10-09T03:20:19+00:00,sapmachine-14.0.2,28622206,False,sapmachine-jdk-14.0.2_linux-ppc64le_bin.tar.gz,linux,ppc64,jdk,4755
2026-10-09T03:20:19+00:00,sapmachine-14.0.2,28622206,False,sapmachine-jre-14.0.2_linux-ppc64le_bin.tar.gz,linux,ppc64,jre,4674
2026-10-09T03:20:19+00:00,sapmachine-14.0.2,28622206,False,sapmachine-jdk-14.0.2_linux-ppc64le_bin-symbols.tar.gz,linux,ppc64,jdk,5
2026-10-09T03:20:19+00:00,sapmachine-14.0.2,28622206,False,sapmachine-jdk-14.0.2_osx-x64_bin.tar.gz,macos,x64,jdk,6480
2026-10-09T03:20:19+00:00,sapmachine-14.0.2,28622206,False,sapmachine-jre-14.0.2_osx-x64_bin.tar.gz,macos,x64,jre,4793
2026-10-09T03:20:19+00:00,sapmachine-14.0.2,28622206,False,sapmachine-jdk-14.0.2_osx-x64_bin-symbols.tar.gz,macos,x64,jdk,10
2026-10-09T03:20:19+00:00,sapmachine-14.0.2,28622206,False,sapmachine-jdk-14.0.2_osx-x64_bin.dmg,macos,x64,jdk,5521
2026-10-09T03:20:19+00:00,sapmachine-14.0.2,28622206,False,sapmachine-jre-14.0.2_osx-x64_bin.dmg,macos,x64,jre,4696
2026-10-09T03:20:19+00:00,sapmachine-14.0.2,28622206,False,sapmachine-jdk-14.0.2-1.x86_64.rpm,linux,x64,jdk,4622
2026-10-09T03:20:19+00:00,sapmachine-14.0.1,25562726,False,sapmachine-jdk-14.0.1_linux-x64_bin.tar.gz,linux,x64,jdk,5297
2026-10-09T03:20:19+00:00,sapmachine-14.0.1,25562726,False,sapmachine-jre-14.0.1_linux-x64_bin.tar.gz,linux,x64,jre,7200
2026-10-09T03:20:19+00:00,sapmachine-14.0.1,25562726,False,sapmachine-jdk-14.0.1_linux-x64_bin-symbols.tar.gz,linux,x64,jdk,9
2026-10-09T03:20:19+00:00,sapmachine-14.0.1,25562726,False,sapmachine-jdk-14.0.1_linux-ppc64le_bin.tar.gz,linux,ppc64,jdk,4771
2026-10-09T03:20:19+00:00,sapmachine-14.0.1,25562726,False,sapmachine-jre-14.0.1_linux-ppc64le_bin.tar.gz,linux,ppc64,jre,4688
2026-10-09T03:20:19+00:00,sapmachine-14.0.1,25562726,False,sapmachine-jdk-14.0.1_linux-ppc64le_bin-symbols.tar.gz,linux,ppc64,jdk,8
2026-10-09T03:20:19+00:00,sapmachine-14.0.1,25562726,False,sapmachine-jdk-14.0.1_linux-ppc64_bin.tar.gz,linux,ppc64,jdk,4765
2026-10-09T03:20:19+00:00,sapmachine-14.0.1,25562726,False,sapmachine-jre-14.0.1_linux-ppc64_bin.tar.gz,linux,ppc64,jre,4737
2026-10-09T03:20:19+00:00,sapmachine-14.0.1,25562726,False,sapmachine-jdk-14.0.1_linux-ppc64_bin-symbols.tar.gz,linux,ppc64,jdk,9
2026-10-09T03:20:19+00:00,sapmachine-14.0.1,25562726,False,sapmachine-jdk-14.0.1-1.x86_64.rpm,linux,x64,jdk,4624
2026-10-09T03:20:19+00:00,sapmachine-14.0.1,25562726,False,sapmachine-jdk-14.0.1_osx-x64_bin.tar.gz,macos,x64,jdk,5028
2026-10-09T03:20:19+00:00,sapmachine-14.0.1,25562726,False,sapmachine-jre-14.0.1_osx-x64_bin.tar.gz,macos,x64,jre,4822
2026-10-09T03:20:19+00:00,sapmachine-14.0.1,25562726,False,sapmachine-jdk-14.0.1_osx-x64_bin-symbols.tar.gz,macos,x64,jdk,13
2026-10-09T03:20:19+00:00,sapmachine-14.0.1,25562726,False,sapmachine-jdk-14.0.1_osx-x64_bin.dmg,macos,x64,jdk,5537
2026-10-09T03:20:19+00:00,sapmachine-14.0.1,25562726,False,sapmachine-jre-14.0.1_osx-x64_bin.dmg,macos,x64,jre,4748
2026-10-09T03:20:19+00:00,sapmachine-14.0.1,25562726,False,sapmachine-jdk-14.0.1_windows-x64_bin.zip,windows,x64,jdk,5241
2026-10-09T03:20:19+00:00,sapmachine-14.0.1,25562726,False,sapmachine-jre-14.0.1_windows-x64_bin.zip,windows,x64,jre,4766
2026-10-09T03:20:19+00:00,sapmachine-14.0.1,25562726,False,sapmachine-jdk-14.0.1_windows-x64_bin-symbols.tar.gz,windows,x64,jdk,9
2026-10-09T03:20:19+00:00,sapmachine-14.0.1,25562726,False,sapmachine-jdk-14.0.1_windows-x64_bin.msi,windows,x64,jdk,4833
2026-10-09T03:20:19+00:00,sapmachine-14.0.1,25562726,False,sapmachine-jre-14.0.1_windows-x64_bin.msi,windows,x64,jre,4812
2026-10-09T03:20:19+00:00,sapmachine-11.0.7,25525566,False,sapmachine-jdk-11.0.7_linux-x64_bin.tar.gz,linux,x64,jdk,708066
2026-10-09T03:20:19+00:00,sapmachine-11.0.7,25525566,False,sapmachine-jre-11.0.7_linux-x64_bin.tar.gz,linux,x64,jre,16596
2026-10-09T03:20:19+00:00,sapmachine-11.0.7,25525566,False,sapmachine-jdk-11.0.7_linux-x64_bin-symbols.tar.gz,linux,x64,jdk,12
2026-10-09T03:20:19+00:00,sapmachine-11.0.7,25525566,False,sapmachine-jdk-11.0.7_linux-ppc64le_bin.tar.gz,linux,ppc64,jdk,4684
2026-10-09T03:20:19+00:00,sapmachine-11.0.7,25525566,False,sapmachine-jre-11.0.7_linux-ppc64le_bin.tar.gz,linux,ppc64,jre,4631
2026-10-09T03:20:19+00:00,sapmachine-11.0.7,25525566,False,sapmachine-jdk-11.0.7_linux-ppc64le_bin-symbols.tar.gz,linux,ppc64,jdk,9
2026-10-09T03:20:19+00:00,sapmachine-11.0.7,25525566,False,sapmachine-jdk-11.0.7_linux-ppc64_bin.tar.gz,linux,ppc64,jdk,4664
2026-10-09T03:20:19+00:00,sapmachine-11.0.7,25525566,False,sapmachine-jre-11.0.7_linux-ppc64_bin.tar.gz,linux,ppc64,jre,4638
2026-10-09T03:20:19+00:00,sapmachine-11.0.7,25525566,False,sapmachine-jdk-11.0.7_linux-ppc64_bin-symbols.tar.gz,linux,ppc64,jdk,9
2026-10-09T03:20:19+00:00,sapmachine-11.0.7,25525566,False,sapmachine-jdk-11.0.7_windows-x64_bin.zip,windows,x64,jdk,9360
2026-10-09T03:20:19+00:00,sapmachine-11.0.7,25525566,False,sapmachine-jre-11.0.7_windows-x64_bin.zip,windows,x64,jre,5246
2026-10-09T03:20:19+00:00,sapmachine-11.0.7,25525566,False,sapmachine-jdk-11.0.7_windows-x64_bin-symbols.tar.gz,windows,x64,jdk,10
2026-10-09T03:20:19+00:00,sapmachine-11.0.7,25525566,False,sapmachine-jdk-11.0.7_windows-x64_bin.msi,windows,x64,jdk,5592
2026-10-09T03:20:19+00:00,sapmachine-11.0.7,25525566,False,sapmachine-jre-11.0.7_windows-x64_bin.msi,windows,x64,jre,4924
2026-10-09T03:20:19+00:00,sapmachine-11.0.7,25525566,False,sapmachine-jdk-11.0.7_osx-x64_bin.tar.gz,macos,x64,jdk,5081
2026-10-09T03:20:19+00:00,sapmachine-11.0.7,25525566,False,sapmachine-jre-11.0.7_osx-x64_bin.tar.gz,macos,x64,jre,4829
2026-10-09T03:20:19+00:00,sapmachine-11.0.7,25525566,False,sapmachine-jdk-11.0.7_osx-x64_bin-symbols.tar.gz,macos,x64,jdk,11
2026-10-09T03:20:19+00:00,sapmachine-11.0.7,25525566,False,sapmachine-jdk-11.0.7_osx-x64_bin.dmg,macos,x64,jdk,7107
2026-10-09T03:20:19+00:00,sapmachine-11.0.7,25525566,False,sapmachine-jre-11.0.7_osx-x64_bin.dmg,macos,x64,jre,4758
2026-10-09T03:20:19+00:00,sapmachine-11.0.7,25525566,False,sapmachine-jdk-11.0.7-1.x86_64.rpm,linux,x64,jdk,4669
2026-10-09T03:20:19+00:00,sapmachine-14,24646923,False,sapmachine-jdk-14_linux-x64_bin.tar.gz,linux,x64,jdk,4848
2026-10-09T03:20:19+00:00,sapmachine-14,24646923,False,sapmachine-jre-14_linux-x64_bin.tar.gz,linux,x64,jre,7144
2026-10-09T03:20:19+00:00,sapmachine-14,24646923,False,sapmachine-jdk-14_linux-x64_bin-symbols.tar.gz,linux,x64,jdk,8
2026-10-09T03:20:19+00:00,sapmachine-14,24646923,False,sapmachine-jdk-14_linux-ppc64le_bin.tar.gz,linux,ppc64,jdk,4655
2026-10-09T03:20:19+00:00,sapmachine-14,24646923,False,sapmachine-jre-14_linux-ppc64le_bin.tar.gz,linux,ppc64,jre,4620
2026-10-09T03:20:19+00:00,sapmachine-14,24646923,False,sapmachine-jdk-14_linux-ppc64le_bin-symbols.tar.gz,linux,ppc64,jdk,10
2026-10-09T03:20:19+00:00,sapmachine-14,24646923,False,sapmachine-jdk-14_windows-x64_bin.zip,windows,x64,jdk,4868
2026-10-09T03:20:19+00:00,sapmachine-14,24646923,False,sapmachine-jre-14_windows-x64_bin.zip,windows,x64,jre,4745
2026-10-09T03:20:19+00:00,sapmachine-14,24646923,False,sapmachine-jdk-14_windows-x64_bin-symbols.tar.gz,windows,x64,jdk,9
2026-10-09T03:20:19+00:00,sapmachine-14,24646923,False,sapmachine-jdk-14_windows-x64_bin.msi,windows,x64,jdk,4786
2026-10-09T03:20:19+00:00,sapmachine-14,24646923,False,sapmachine-jre-14_windows-x64_bin.msi,windows,x64,jre,4771
2026-10-09T03:20:19+00:00,sapmachine-14,24646923,False,sapmachine-jdk-14_linux-ppc64_bin.tar.gz,linux,ppc64,jdk,4657
2026-10-09T03:20:19+00:00,sapmachine-14,24646923,False,sapmachine-jre-14_linux-ppc64_bin.tar.gz,linux,ppc64,jre,4661
2026-10-09T03:20:19+00:00,sapmachine-14,24646923,False,sapmachine-jdk-14_linux-ppc64_bin-symbols.tar.gz,linux,ppc64,jdk,8
2026-10-09T03:20:19+00:00,sapmachine-14,24646923,False,sapmachine-jdk-14_osx-x64_bin.tar.gz,macos,x64,jdk,4730
2026-10-09T03:20:19+00:00,sapmachine-14,24646923,False,sapmachine-jre-14_osx-x64_bin.tar.gz,macos,x64,jre,4659
2026-10-09T03:20:19+00:00,sapmachine-14,24646923,False,sapmachine-jdk-14_osx-x64_bin-symbols.tar.gz,macos,x64,jdk,9
2026-10-09T03:20:19+00:00,sapmachine-14,24646923,False,sapmachine-jdk-14_osx-x64_bin.dmg,macos,x64,jdk,5084
2026-10-09T03:20:19+00:00,sapmachine-14,24646923,False,sapmachine-jre-14_osx-x64_bin.dmg,macos,x64,jre,4739
2026-10-09T03:20:19+00:00,sapmachine-14,24646923,False,sapmachine-jdk-14-1.x86_64.rpm,linux,x64,jdk,4623
2026-10-09T03:20:19+00:00,sapmachine-11.0.6.0.1,23610957,False,sapmachine-jdk-11.0.6.0.1_linux-x64_bin.tar.gz,linux,x64,jdk,10754
2026-10-09T03:20:19+00:00,sapmachine-11.0.6.0.1,23610957,False,sapmachine-jre-11.0.6.0.1_linux-x64_bin.tar.gz,linux,x64,jre,10762
2026-10-09T03:20:19+00:00,sapmachine-11.0.6.0.1,23610957,False,sapmachine-jdk-11.0.6.0.1_linux-x64_bin-symbols.tar.gz,linux,x64,jdk,10
2026-10-09T03:20:19+00:00,sapmachine-11.0.6.0.1,23610957,False,sapmachine-jdk-11.0.6.0.1_linux-ppc64_bin.tar.gz,linux,ppc64,jdk,4735
2026-10-09T03:20:19+00:00,sapmachine-11.0.6.0.1,23610957,False,sapmachine-jre-11.0.6.0.1_linux-ppc64_bin.tar.gz,linux,ppc64,jre,4678
2026-10-09T03:20:19+00:00,sapmachine-11.0.6.0.1,23610957,False,sapmachine-jdk-11.0.6.0.1_linux-ppc64_bin-symbols.tar.gz,linux,ppc64,jdk,10
2026-10-09T03:20:19+00:00,sapmachine-11.0.6.0.1,23610957,False,sapmachine-jdk-11.0.6.0.1_linux-ppc64le_bin.tar.gz,linux,ppc64,jdk,4758
2026-10-09T03:20:19+00:00,sapmachine-11.0.6.0.1,23610957,False,sapmachine-jre-11.0.6.0.1_linux-ppc64le_bin.tar.gz,linux,ppc64,jre,4679
2026-10-09T03:20:19+00:00,sapmachine-11.0.6.0.1,23610957,False,sapmachine-jdk-11.0.6.0.1_linux-ppc64le_bin-symbols.tar.gz,linux,ppc64,jdk,17
2026-10-09T03:20:19+00:00,sapmachine-11.0.6.0.1,23610957,False,sapmachine-jdk-11.0.6.0.1_osx-x64_bin.tar.gz,macos,x64,jdk,4748
2026-10-09T03:20:19+00:00,sapmachine-11.0.6.0.1,23610957,False,sapmachine-jre-11.0.6.0.1_osx-x64_bin.tar.gz,macos,x64,jre,4673
2026-10-09T03:20:19+00:00,sapmachine-11.0.6.0.1,23610957,False,sapmachine-jdk-11.0.6.0.1_osx-x64_bin-symbols.tar.gz,macos,x64,jdk,15
2026-10-09T03:20:19+00:00,sapmachine-11.0.6.0.1,23610957,False,sapmachine-jdk-11.0.6.0.1_osx-x64_bin.dmg,macos,x64,jdk,6963
2026-10-09T03:20:19+00:00,sapmachine-11.0.6.0.1,23610957,False,sapmachine-jre-11.0.6.0.1_osx-x64_bin.dmg,macos,x64,jre,4825
2026-10-09T03:20:19+00:00,sapmachine-11.0.6.0.1,23610957,False,sapmachine-jdk-11.0.6.0.1_windows-x64_bin.zip,windows,x64,jdk,7270
2026-10-09T03:20:19+00:00,sapmachine-11.0.6.0.1,23610957,False,sapmachine-jre-11.0.6.0.1_windows-x64_bin.zip,windows,x64,jre,4994
2026-10-09T03:20:19+00:00,sapmachine-11.0.6.0.1,23610957,False,sapmachine-jdk-11.0.6.0.1_windows-x64_bin-symbols.tar.gz,windows,x64,jdk,15
2026-10-09T03:20:19+00:00,sapmachine-11.0.6.0.1,23610957,False,sapmachine-jdk-11.0.6.0.1_windows-x64_bin.msi,windows,x64,jdk,5186
2026-10-09T03:20:19+00:00,sapmachine-11.0.6.0.1,23610957,False,sapmachine-jre-11.0.6.0.1_windows-x64_bin.msi,windows,x64,jre,4946
2026-10-09T03:20:19+00:00,sapmachine-13.0.2,22893880,False,sapmachine-jdk-13.0.2_linux-x64_bin.tar.gz,linux,x64,jdk,8962
2026-10-09T03:20:19+00:00,sapmachine-13.0.2,22893880,False,sapmachine-jre-13.0.2_linux-x64_bin.tar.gz,linux,x64,jre,10628
2026-10-09T03:20:19+00:00,sapmachine-13.0.2,22893880,False,sapmachine-jdk-13.0.2_linux-x64_bin-symbols.tar.gz,linux,x64,jdk,1570
2026-10-09T03:20:19+00:00,sapmachine-13.0.2,22893880,False,sapmachine-jdk-13.0.2_linux-ppc64le_bin.tar.gz,linux,ppc64,jdk,4907
2026-10-09T03:20:19+00:00,sapmachine-13.0.2,22893880,False,sapmachine-jre-13.0.2_linux-ppc64le_bin.tar.gz,linux,ppc64,jre,4808
2026-10-09T03:20:19+00:00,sapmachine-13.0.2,22893880,False,sapmachine-jdk-13.0.2_linux-ppc64le_bin-symbols.tar.gz,linux,ppc64,jdk,30
2026-10-09T03:20:19+00:00,sapmachine-13.0.2,22893880,False,sapmachine-jdk-13.0.2_linux-ppc64_bin.tar.gz,linux,ppc64,jdk,4917
2026-10-09T03:20:19+00:00,sapmachine-13.0.2,22893880,False,sapmachine-jre-13.0.2_linux-ppc64_bin.tar.gz,linux,ppc64,jre,4864
2026-10-09T03:20:19+00:00,sapmachine-13.0.2,22893880,False,sapmachine-jdk-13.0.2_linux-ppc64_bin-symbols.tar.gz,linux,ppc64,jdk,23
2026-10-09T03:20:19+00:00,sapmachine-13.0.2,22893880,False,sapmachine-jdk-13.0.2-1.x86_64.rpm,linux,x64,jdk,4583
2026-10-09T03:20:19+00:00,sapmachine-13.0.2,22893880,False,sapmachine-jdk-13.0.2_windows-x64_bin.zip,windows,x64,jdk,9766
2026-10-09T03:20:19+00:00,sapmachine-13.0.2,22893880,False,sapmachine-jre-13.0.2_windows-x64_bin.zip,windows,x64,jre,8305
2026-10-09T03:20:19+00:00,sapmachine-13.0.2,22893880,False,sapmachine-jdk-13.0.2_windows-x64_bin-symbols.tar.gz,windows,x64,jdk,22
2026-10-09T03:20:19+00:00,sapmachine-13.0.2,22893880,False,sapmachine-jdk-13.0.2_windows-x64_bin.msi,windows,x64,jdk,6438
2026-10-09T03:20:19+00:00,sapmachine-13.0.2,22893880,False,sapmachine-jre-13.0.2_windows-x64_bin.msi,windows,x64,jre,4909
2026-10-09T03:20:19+00:00,sapmachine-13.0.2,22893880,False,sapmachine-jdk-13.0.2_osx-x64_bin.tar.gz,macos,x64,jdk,6323
2026-10-09T03:20:19+00:00,sapmachine-13.0.2,22893880,False,sapmachine-jre-13.0.2_osx-x64_bin.tar.gz,macos,x64,jre,4843
2026-10-09T03:20:19+00:00,sapmachine-13.0.2,22893880,False,sapmachine-jdk-13.0.2_osx-x64_bin-symbols.tar.gz,macos,x64,jdk,33
2026-10-09T03:20:19+00:00,sapmachine-13.0.2,22893880,False,sapmachine-jdk-13.0.2_osx-x64_bin.dmg,macos,x64,jdk,5603
2026-10-09T03:20:19+00:00,sapmachine-13.0.2,22893880,False,sapmachine-jre-13.0.2_osx-x64_bin.dmg,macos,x64,jre,4891
2026-10-09T03:20:19+00:00,sapmachine-11.0.6,22865328,False,sapmachine-jdk-11.0.6_linux-x64_bin.tar.gz,linux,x64,jdk,16726
2026-10-09T03:20:19+00:00,sapmachine-11.0.6,22865328,False,sapmachine-jre-11.0.6_linux-x64_bin.tar.gz,linux,x64,jre,8324
2026-10-09T03:20:19+00:00,sapmachine-11.0.6,22865328,False,sapmachine-jdk-11.0.6_linux-x64_bin-symbols.tar.gz,linux,x64,jdk,9
2026-10-09T03:20:19+00:00,sapmachine-11.0.6,22865328,False,sapmachine-jdk-11.0.6_linux-ppc64le_bin.tar.gz,linux,ppc64,jdk,4670
2026-10-09T03:20:19+00:00,sapmachine-11.0.6,22865328,False,sapmachine-jre-11.0.6_linux-ppc64le_bin.tar.gz,linux,ppc64,jre,4688
2026-10-09T03:20:19+00:00,sapmachine-11.0.6,22865328,False,sapmachine-jdk-11.0.6_linux-ppc64le_bin-symbols.tar.gz,linux,ppc64,jdk,8
2026-10-09T03:20:19+00:00,sapmachine-11.0.6,22865328,False,sapmachine-jdk-11.0.6_linux-ppc64_bin.tar.gz,linux,ppc64,jdk,4739
2026-10-09T03:20:19+00:00,sapmachine-11.0.6,22865328,False,sapmachine-jre-11.0.6_linux-ppc64_bin.tar.gz,linux,ppc64,jre,4655
2026-10-09T03:20:19+00:00,sapmachine-11.0.6,22865328,False,sapmachine-jdk-11.0.6_linux-ppc64_bin-symbols.tar.gz,linux,ppc64,jdk,8
2026-10-09T03:20:19+00:00,sapmachine-11.0.6,22865328,False,sapmachine-jdk-11.0.6_windows-x64_bin.zip,windows,x64,jdk,6128
2026-10-09T03:20:19+00:00,sapmachine-11.0.6,22865328,False,sapmachine-jre-11.0.6_windows-x64_bin.zip,windows,x64,jre,4850
2026-10-09T03:20:19+00:00,sapmachine-11.0.6,22865328,False,sapmachine-jdk-11.0.6_windows-x64_bin-symbols.tar.gz,windows,x64,jdk,10
2026-10-09T03:20:19+00:00,sapmachine-11.0.6,22865328,False,sapmachine-jdk-11.0.6_windows-x64_bin.msi,windows,x64,jdk,5098
2026-10-09T03:20:19+00:00,sapmachine-11.0.6,22865328,False,sapmachine-jre-11.0.6_windows-x64_bin.msi,windows,x64,jre,4821
2026-10-09T03:20:19+00:00,sapmachine-11.0.6,22865328,False,sapmachine-jdk-11.0.6_osx-x64_bin.tar.gz,macos,x64,jdk,4998
2026-10-09T03:20:19+00:00,sapmachine-11.0.6,22865328,False,sapmachine-jre-11.0.6_osx-x64_bin.tar.gz,macos,x64,jre,4780
2026-10-09T03:20:19+00:00,sapmachine-11.0.6,22865328,False,sapmachine-jdk-11.0.6_osx-x64_bin-symbols.tar.gz,macos,x64,jdk,12
2026-10-09T03:20:19+00:00,sapmachine-11.0.6,22865328,False,sapmachine-jdk-11.0.6_osx-x64_bin.dmg,macos,x64,jdk,6498
2026-10-09T03:20:19+00:00,sapmachine-11.0.6,22865328,False,sapmachine-jre-11.0.6_osx-x64_bin.dmg,macos,x64,jre,4798
2026-10-09T03:20:19+00:00,sapmachine-11.0.6,22865328,False,sapmachine-jdk-11.0.6-1.x86_64.rpm,linux,x64,jdk,4605
2026-10-09T03:20:19+00:00,sapmachine-13.0.1,20769204,False,sapmachine-jdk-13.0.1_linux-x64_bin.tar.gz,linux,x64,jdk,1111
2026-10-09T03:20:19+00:00,sapmachine-13.0.1,20769204,False,sapmachine-jre-13.0.1_linux-x64_bin.tar.gz,linux,x64,jre,3233
2026-10-09T03:20:19+00:00,sapmachine-13.0.1,20769204,False,sapmachine-jdk-13.0.1_osx-x64_bin.tar.gz,macos,x64,jdk,707
2026-10-09T03:20:19+00:00,sapmachine-13.0.1,20769204,False,sapmachine-jre-13.0.1_osx-x64_bin.tar.gz,macos,x64,jre,547
2026-10-09T03:20:19+00:00,sapmachine-13.0.1,20769204,False,sapmachine-jdk-13.0.1_osx-x64_bin.dmg,macos,x64,jdk,1464
2026-10-09T03:20:19+00:00,sapmachine-13.0.1,20769204,False,sapmachine-jre-13.0.1_osx-x64_bin.dmg,macos,x64,jre,644
2026-10-09T03:20:19+00:00,sapmachine-13.0.1,20769204,False,sapmachine-jdk-13.0.1_linux-ppc64_bin.tar.gz,linux,ppc64,jdk,708
2026-10-09T03:20:19+00:00,sapmachine-13.0.1,20769204,False,sapmachine-jre-13.0.1_linux-ppc64_bin.tar.gz,linux,ppc64,jre,529
2026-10-09T03:20:19+00:00,sapmachine-13.0.1,20769204,False,sapmachine-jdk-13.0.1-1.x86_64.rpm,linux,x64,jdk,478
2026-10-09T03:20:19+00:00,sapmachine-13.0.1,20769204,False,sapmachine-jdk-13.0.1_linux-ppc64le_bin.tar.gz,linux,ppc64,jdk,630
2026-10-09T03:20:19+00:00,sapmachine-13.0.1,20769204,False,sapmachine-jre-13.0.1_linux-ppc64le_bin.tar.gz,linux,ppc64,jre,534
2026-10-09T03:20:19+00:00,sapmachine-13.0.1,20769204,False,sapmachine-jdk-13.0.1_windows-x64_bin.zip,windows,x64,jdk,735
2026-10-09T03:20:19+00:00,sapmachine-13.0.1,20769204,False,sapmachine-jre-13.0.1_windows-x64_bin.zip,windows,x64,jre,642
2026-10-09T03:20:19+00:00,sapmachine-13.0.1,20769204,False,sapmachine-jdk-13.0.1_windows-x64_bin.msi,windows,x64,jdk,821
2026-10-09T03:20:19+00:00,sapmachine-13.0.1,20769204,False,sapmachine-jre-13.0.1_windows-x64_bin.msi,windows,x64,jre,667
2026-10-09T03:20:19+00:00,sapmachine-11.0.5,20734889,False,sapmachine-jdk-11.0.5_linux-ppc64_bin.tar.gz,linux,ppc64,jdk,662
2026-10-09T03:20:19+00:00,sapmachine-11.0.5,20734889,False,sapmachine-jre-11.0.5_linux-ppc64_bin.tar.gz,linux,ppc64,jre,472
2026-10-09T03:20:19+00:00,sapmachine-11.0.5,20734889,False,sapmachine-jdk-11.0.5_linux-ppc64le_bin.tar.gz,linux,ppc64,jdk,615
2026-10-09T03:20:19+00:00,sapmachine-11.0.5,20734889,False,sapmachine-jre-11.0.5_linux-ppc64le_bin.tar.gz,linux,ppc64,jre,594
2026-10-09T03:20:19+00:00,sapmachine-11.0.5,20734889,False,sapmachine-jdk-11.0.5_osx-x64_bin.tar.gz,macos,x64,jdk,713
2026-10-09T03:20:19+00:00,sapmachine-11.0.5,20734889,False,sapmachine-jre-11.0.5_osx-x64_bin.tar.gz,macos,x64,jre,568
2026-10-09T03:20:19+00:00,sapmachine-11.0.5,20734889,False,sapmachine-jdk-11.0.5_osx-x64_bin.dmg,macos,x64,jdk,4383
2026-10-09T03:20:19+00:00,sapmachine-11.0.5,20734889,False,sapmachine-jre-11.0.5_osx-x64_bin.dmg,macos,x64,jre,610
2026-10-09T03:20:19+00:00,sapmachine-11.0.5,20734889,False,sapmachine-jdk-11.0.5_linux-x64_bin.tar.gz,linux,x64,jdk,112944
2026-10-09T03:20:19+00:00,sapmachine-11.0.5,20734889,False,sapmachine-jre-11.0.5_linux-x64_bin.tar.gz,linux,x64,jre,16348
2026-10-09T03:20:19+00:00,sapmachine-11.0.5,20734889,False,sapmachine-jdk-11.0.5-1.x86_64.rpm,linux,x64,jdk,766
2026-10-09T03:20:19+00:00,sapmachine-11.0.5,20734889,False,sapmachine-jdk-11.0.5_windows-x64_bin.zip,windows,x64,jdk,1855
2026-10-09T03:20:19+00:00,sapmachine-11.0.5,20734889,False,sapmachine-jre-11.0.5_windows-x64_bin.zip,windows,x64,jre,760
2026-10-09T03:20:19+00:00,sapmachine-11.0.5,20734889,False,sapmachine-jdk-11.0.5_windows-x64_bin.msi,windows,x64,jdk,915
2026-10-09T03:20:19+00:00,sapmachine-11.0.5,20734889,False,sapmachine-jre-11.0.5_windows-x64_bin.msi,windows,x64,jre,711
2026-10-09T03:20:19+00:00,sapmachine-13,20069372,False,sapmachine-jdk-13_linux-x64_bin.tar.gz,linux,x64,jdk,588
2026-10-09T03:20:19+00:00,sapmachine-13,20069372,False,sapmachine-jre-13_linux-x64_bin.tar.gz,linux,x64,jre,3099
2026-10-09T03:20:19+00:00,sapmachine-13,20069372,False,sapmachine-jdk-13_linux-ppc64le_bin.tar.gz,linux,ppc64,jdk,518
2026-10-09T03:20:19+00:00,sapmachine-13,20069372,False,sapmachine-jre-13_linux-ppc64le_bin.tar.gz,linux,ppc64,jre,546
2026-10-09T03:20:19+00:00,sapmachine-13,20069372,False,sapmachine-jdk-13_linux-ppc64_bin.tar.gz,linux,ppc64,jdk,528
2026-10-09T03:20:19+00:00,sapmachine-13,20069372,False,sapmachine-jre-13_linux-ppc64_bin.tar.gz,linux,ppc64,jre,525
2026-10-09T03:20:19+00:00,sapmachine-13,20069372,False,sapmachine-jdk-13_windows-x64_bin.zip,windows,x64,jdk,671
2026-10-09T03:20:19+00:00,sapmachine-13,20069372,False,sapmachine-jre-13_windows-x64_bin.zip,windows,x64,jre,623
2026-10-09T03:20:19+00:00,sapmachine-13,20069372,False,sapmachine-jdk-13_windows-x64_bin.msi,windows,x64,jdk,1065
2026-10-09T03:20:19+00:00,sapmachine-13,20069372,False,sapmachine-jdk-13_osx-x64_bin.tar.gz,macos,x64,jdk,566
2026-10-09T03:20:19+00:00,sapmachine-13,20069372,False,sapmachine-jre-13_osx-x64_bin.tar.gz,macos,x64,jre,502
2026-10-09T03:20:19+00:00,sapmachine-13,20069372,False,sapmachine-jdk-13_osx-x64_bin.dmg,macos,x64,jdk,924
2026-10-09T03:20:19+00:00,sapmachine-13,20069372,False,sapmachine-jre-13_osx-x64_bin.dmg,macos,x64,jre,584
2026-10-09T03:20:19+00:00,sapmachine-13,20069372,False,sapmachine-jdk-13-1.x86_64.rpm,linux,x64,jdk,428
2026-10-09T03:20:19+00:00,sapmachine-12.0.2,18677178,False,sapmachine-jdk-12.0.2_linux-x64_bin.tar.gz,linux,x64,jdk,3587
2026-10-09T03:20:19+00:00,sapmachine-12.0.2,18677178,False,sapmachine-jre-12.0.2_linux-x64_bin.tar.gz,linux,x64,jre,4086
2026-10-09T03:20:19+00:00,sapmachine-12.0.2,18677178,False,sapmachine-jdk-12.0.2_linux-ppc64_bin.tar.gz,linux,ppc64,jdk,717
2026-10-09T03:20:19+00:00,sapmachine-12.0.2,18677178,False,sapmachine-jre-12.0.2_linux-ppc64_bin.tar.gz,linux,ppc64,jre,747
2026-10-09T03:20:19+00:00,sapmachine-12.0.2,18677178,False,sapmachine-jdk-12.0.2_linux-ppc64le_bin.tar.gz,linux,ppc64,jdk,719
2026-10-09T03:20:19+00:00,sapmachine-12.0.2,18677178,False,sapmachine-jre-12.0.2_linux-ppc64le_bin.tar.gz,linux,ppc64,jre,714
2026-10-09T03:20:19+00:00,sapmachine-12.0.2,18677178,False,sapmachine-jdk-12.0.2_osx-x64_bin.tar.gz,macos,x64,jdk,3016
2026-10-09T03:20:19+00:00,sapmachine-12.0.2,18677178,False,sapmachine-jre-12.0.2_osx-x64_bin.tar.gz,macos,x64,jre,721
2026-10-09T03:20:19+00:00,sapmachine-12.0.2,18677178,False,sapmachine-jdk-12.0.2_windows-x64_bin.zip,windows,x64,jdk,3024
2026-10-09T03:20:19+00:00,sapmachine-12.0.2,18677178,False,sapmachine-jre-12.0.2_windows-x64_bin.zip,windows,x64,jre,1225
2026-10-09T03:20:19+00:00,sapmachine-12.0.2,18677178,False,sapmachine-jdk-12.0.2_windows-x64_bin.msi,windows,x64,jdk,941
2026-10-09T03:20:19+00:00,sapmachine-11.0.4,18662772,False,sapmachine-jdk-11.0.4_linux-x64_bin.tar.gz,linux,x64,jdk,54396
2026-10-09T03:20:19+00:00,sapmachine-11.0.4,18662772,False,sapmachine-jre-11.0.4_linux-x64_bin.tar.gz,linux,x64,jre,6200
2026-10-09T03:20:19+00:00,sapmachine-11.0.4,18662772,False,sapmachine-jdk-11.0.4_linux-ppc64le_bin.tar.gz,linux,ppc64,jdk,554
2026-10-09T03:20:19+00:00,sapmachine-11.0.4,18662772,False,sapmachine-jre-11.0.4_linux-ppc64le_bin.tar.gz,linux,ppc64,jre,536
2026-10-09T03:20:19+00:00,sapmachine-11.0.4,18662772,False,sapmachine-jdk-11.0.4_linux-ppc64_bin.tar.gz,linux,ppc64,jdk,574
2026-10-09T03:20:19+00:00,sapmachine-11.0.4,18662772,False,sapmachine-jre-11.0.4_linux-ppc64_bin.tar.gz,linux,ppc64,jre,530
2026-10-09T03:20:19+00:00,sapmachine-11.0.4,18662772,False,sapmachine-jdk-11.0.4_windows-x64_bin.zip,windows,x64,jdk,5007
2026-10-09T03:20:19+00:00,sapmachine-11.0.4,18662772,False,sapmachine-jre-11.0.4_windows-x64_bin.zip,windows,x64,jre,505
2026-10-09T03:20:19+00:00,sapmachine-11.0.4,18662772,False,sapmachine-jdk-11.0.4_windows-x64_bin.msi,windows,x64,jdk,1221
2026-10-09T03:20:19+00:00,sapmachine-11.0.4,18662772,False,sapmachine-jdk-11.0.4_osx-x64_bin.tar.gz,macos,x64,jdk,1309
2026-10-09T03:20:19+00:00,sapmachine-11.0.4,18662772,False,sapmachine-jre-11.0.4_osx-x64_bin.tar.gz,macos,x64,jre,561
2026-10-09T03:20:19+00:00,sapmachine-11.0.4,18662772,False,sapmachine-jdk-11.0.4_osx-x64_bin.dmg,macos,x64,jdk,2096
2026-10-09T03:20:19+00:00,sapmachine-11.0.4,18662772,False,sapmachine-jre-11.0.4_osx-x64_bin.dmg,macos,x64,jre,589
2026-10-09T03:20:19+00:00,sapmachine-11.0.4,18662772,False,sapmachine-jdk-11.0.4-1.x86_64.rpm,linux,x64,jdk,5401
2026-10-09T03:20:19+00:00,sapmachine-11.0.3,16817222,False,sapmachine-jdk-11.0.3_linux-x64_bin.tar.gz,linux,x64,jdk,162537
2026-10-09T03:20:19+00:00,sapmachine-11.0.3,16817222,False,sapmachine-jre-11.0.3_linux-x64_bin.tar.gz,linux,x64,jre,4416
2026-10-09T03:20:19+00:00,sapmachine-11.0.3,16817222,False,sapmachine-jdk-11.0.3_linux-ppc64_bin.tar.gz,linux,ppc64,jdk,581
2026-10-09T03:20:19+00:00,sapmachine-11.0.3,16817222,False,sapmachine-jre-11.0.3_linux-ppc64_bin.tar.gz,linux,ppc64,jre,547
2026-10-09T03:20:19+00:00,sapmachine-11.0.3,16817222,False,sapmachine-jdk-11.0.3_linux-ppc64le_bin.tar.gz,linux,ppc64,jdk,653
2026-10-09T03:20:19+00:00,sapmachine-11.0.3,16817222,False,sapmachine-jre-11.0.3_linux-ppc64le_bin.tar.gz,linux,ppc64,jre,504
2026-10-09T03:20:19+00:00,sapmachine-11.0.3,16817222,False,sapmachine-jdk-11.0.3_osx-x64_bin.tar.gz,macos,x64,jdk,2703
2026-10-09T03:20:19+00:00,sapmachine-11.0.3,16817222,False,sapmachine-jre-11.0.3_osx-x64_bin.tar.gz,macos,x64,jre,624
2026-10-09T03:20:19+00:00,sapmachine-11.0.3,16817222,False,sapmachine-jdk-11.0.3_windows-x64_bin.zip,windows,x64,jdk,3040
2026-10-09T03:20:19+00:00,sapmachine-11.0.3,16817222,False,sapmachine-jre-11.0.3_windows-x64_bin.zip,windows,x64,jre,575
2026-10-09T03:20:19+00:00,sapmachine-11.0.3,16817222,False,sapmachine-jdk-11.0.3_windows-x64_bin.msi,windows,x64,jdk,1110
2026-10-09T03:20:19+00:00,sapmachine-12.0.1,16817523,False,sapmachine-jdk-12.0.1_linux-x64_bin.tar.gz,linux,x64,jdk,191931
2026-10-09T03:20:19+00:00,sapmachine-12.0.1,16817523,False,sapmachine-jre-12.0.1_linux-x64_bin.tar.gz,linux,x64,jre,3263
2026-10-09T03:20:19+00:00,sapmachine-12.0.1,16817523,False,sapmachine-jdk-12.0.1_osx-x64_bin.tar.gz,macos,x64,jdk,1790
2026-10-09T03:20:19+00:00,sapmachine-12.0.1,16817523,False,sapmachine-jre-12.0.1_osx-x64_bin.tar.gz,macos,x64,jre,525
2026-10-09T03:20:19+00:00,sapmachine-12.0.1,16817523,False,sapmachine-jdk-12.0.1_linux-ppc64_bin.tar.gz,linux,ppc64,jdk,599
2026-10-09T03:20:19+00:00,sapmachine-12.0.1,16817523,False,sapmachine-jre-12.0.1_linux-ppc64_bin.tar.gz,linux,ppc64,jre,528
2026-10-09T03:20:19+00:00,sapmachine-12.0.1,16817523,False,sapmachine-jdk-12.0.1_linux-ppc64le_bin.tar.gz,linux,ppc64,jdk,610
2026-10-09T03:20:19+00:00,sapmachine-12.0.1,16817523,False,sapmachine-jre-12.0.1_linux-ppc64le_bin.tar.gz,linux,ppc64,jre,532
2026-10-09T03:20:19+00:00,sapmachine-12.0.1,16817523,False,sapmachine-jdk-12.0.1_windows-x64_bin.zip,windows,x64,jdk,1858
2026-10-09T03:20:19+00:00,sapmachine-12.0.1,16817523,False,sapmachine-jre-12.0.1_windows-x64_bin.zip,windows,x64,jre,490
2026-10-09T03:20:19+00:00,sapmachine-12.0.1,16817523,False,sapmachine-jdk-12.0.1_windows-x64_bin.msi,windows,x64,jdk,701
2026-10-09T03:20:19+00:00,sapmachine-12,16255922,False,sapmachine-jdk-12_linux-x64_bin.tar.gz,linux,x64,jdk,574
2026-10-09T03:20:19+00:00,sapmachine-12,16255922,False,sapmachine-jre-12_linux-x64_bin.tar.gz,linux,x64,jre,3183
2026-10-09T03:20:19+00:00,sapmachine-12,16255922,False,sapmachine-jdk-12_linux-ppc64le_bin.tar.gz,linux,ppc64,jdk,566
2026-10-09T03:20:19+00:00,sapmachine-12,16255922,False,sapmachine-jre-12_linux-ppc64le_bin.tar.gz,linux,ppc64,jre,551
2026-10-09T03:20:19+00:00,sapmachine-12,16255922,False,sapmachine-jdk-12_osx-x64_bin.tar.gz,macos,x64,jdk,680
2026-10-09T03:20:19+00:00,sapmachine-12,16255922,False,sapmachine-jre-12_osx-x64_bin.tar.gz,macos,x64,jre,497
2026-10-09T03:20:19+00:00,sapmachine-12,16255922,False,sapmachine-jdk-12_linux-ppc64_bin.tar.gz,linux,ppc64,jdk,629
2026-10-09T03:20:19+00:00,sapmachine-12,16255922,False,sapmachine-jre-12_linux-ppc64_bin.tar.gz,linux,ppc64,jre,582
2026-10-09T03:20:19+00:00,sapmachine-12,16255922,False,sapmachine-jdk-12_windows-x64_bin.zip,windows,x64,jdk,596
2026-10-09T03:20:19+00:00,sapmachine-12,16255922,False,sapmachine-jre-12_windows-x64_bin.zip,windows,x64,jre,533
2026-10-09T03:20:19+00:00,sapmachine-12,16255922,False,sapmachine-jdk-12_windows-x64_bin.msi,windows,x64,jdk,539
2026-10-09T03:20:19+00:00,sapmachine-11.0.2,15006958,False,sapmachine-jdk-11.0.2_linux-x64_bin.tar.gz,linux,x64,jdk,535781
2026-10-09T03:20:19+00:00,sapmachine-11.0.2,15006958,False,sapmachine-jre-11.0.2_linux-x64_bin.tar.gz,linux,x64,jre,1434438
2026-10-09T03:20:19+00:00,sapmachine-11.0.2,15006958,False,sapmachine-jdk-11.0.2_linux-ppc64le_bin.tar.gz,linux,ppc64,jdk,573
2026-10-09T03:20:19+00:00,sapmachine-11.0.2,15006958,False,sapmachine-jre-11.0.2_linux-ppc64le_bin.tar.gz,linux,ppc64,jre,533
2026-10-09T03:20:19+00:00,sapmachine-11.0.2,15006958,False,sapmachine-jdk-11.0.2_linux-ppc64_bin.tar.gz,linux,ppc64,jdk,623
2026-10-09T03:20:19+00:00,sapmachine-11.0.2,15006958,False,sapmachine-jre-11.0.2_linux-ppc64_bin.tar.gz,linux,ppc64,jre,505
2026-10-09T03:20:19+00:00,sapmachine-11.0.2,15006958,False,sapmachine-jdk-11.0.2_windows-x64_bin.zip,windows,x64,jdk,1577
2026-10-09T03:20:19+00:00,sapmachine-11.0.2,15006958,False,sapmachine-jre-11.0.2_windows-x64_bin.zip,windows,x64,jre,646
2026-10-09T03:20:19+00:00,sapmachine-11.0.2,15006958,False,sapmachine-jdk-11.0.2_osx-x64_bin.tar.gz,macos,x64,jdk,2120
2026-10-09T03:20:19+00:00,sapmachine-11.0.2,15006958,False,sapmachine-jre-11.0.2_osx-x64_bin.tar.gz,macos,x64,jre,587
2026-10-09T03:20:19+00:00,sapmachine-11.0.2,15006958,False,sapmachine-jdk-11.0.2_windows-x64_bin.msi,windows,x64,jdk,712
2026-10-09T03:20:19+00:00,sapmachine10_linux-x64_snapshot-20180123_12_34_01,9347530,True,sapmachine-jdk-10-snapshot.47_linux-x64_bin.tar.gz,linux,x64,jdk,0
2026-10-09T03:20:19+00:00,sapmachine10_linux-x64_snapshot-20180123_12_34_01,9347530,True,sapmachine-jre-10-snapshot.47_linux-x64_bin.tar.gz,linux,x64,jre,0
